user_level,region,category,express,holiday,account_status,amount,legacy_output
gold,domestic,fragile,False,False,active,-1.0,ERR ValueError: amount must be non-negative
gold,domestic,fragile,False,False,active,0.0,OK 0.00
gold,domestic,fragile,False,False,active,50.0,OK 12.60
gold,domestic,fragile,False,False,active,499.99,OK 12.60
gold,domestic,fragile,False,False,active,500.0,OK 0.00
gold,domestic,fragile,False,False,active,1000.0,OK 0.00
gold,domestic,fragile,False,False,banned,-1.0,ERR ValueError: amount must be non-negative
gold,domestic,fragile,False,False,banned,0.0,OK 0.00
gold,domestic,fragile,False,False,banned,50.0,ERR PermissionError: account is banned
gold,domestic,fragile,False,False,banned,499.99,ERR PermissionError: account is banned
gold,domestic,fragile,False,False,banned,500.0,ERR PermissionError: account is banned
gold,domestic,fragile,False,False,banned,1000.0,ERR PermissionError: account is banned
gold,domestic,fragile,False,False,frozen,-1.0,ERR ValueError: amount must be non-negative
gold,domestic,fragile,False,False,frozen,0.0,OK 0.00
gold,domestic,fragile,False,False,frozen,50.0,OK 14.00
gold,domestic,fragile,False,False,frozen,499.99,OK 14.00
gold,domestic,fragile,False,False,frozen,500.0,OK 14.00
gold,domestic,fragile,False,False,frozen,1000.0,OK 14.00
gold,domestic,fragile,False,True,active,-1.0,ERR ValueError: amount must be non-negative
gold,domestic,fragile,False,True,active,0.0,OK 0.00
gold,domestic,fragile,False,True,active,50.0,OK 12.60
gold,domestic,fragile,False,True,active,499.99,OK 12.60
gold,domestic,fragile,False,True,active,500.0,OK 0.00
gold,domestic,fragile,False,True,active,1000.0,OK 0.00
gold,domestic,fragile,False,True,banned,-1.0,ERR ValueError: amount must be non-negative
gold,domestic,fragile,False,True,banned,0.0,OK 0.00
gold,domestic,fragile,False,True,banned,50.0,ERR PermissionError: account is banned
gold,domestic,fragile,False,True,banned,499.99,ERR PermissionError: account is banned
gold,domestic,fragile,False,True,banned,500.0,ERR PermissionError: account is banned
gold,domestic,fragile,False,True,banned,1000.0,ERR PermissionError: account is banned
gold,domestic,fragile,False,True,frozen,-1.0,ERR ValueError: amount must be non-negative
gold,domestic,fragile,False,True,frozen,0.0,OK 0.00
gold,domestic,fragile,False,True,frozen,50.0,OK 14.00
gold,domestic,fragile,False,True,frozen,499.99,OK 14.00
gold,domestic,fragile,False,True,frozen,500.0,OK 14.00
gold,domestic,fragile,False,True,frozen,1000.0,OK 14.00
gold,domestic,fragile,True,False,active,-1.0,ERR ValueError: amount must be non-negative
gold,domestic,fragile,True,False,active,0.0,OK 0.00
gold,domestic,fragile,True,False,active,50.0,OK 21.60
gold,domestic,fragile,True,False,active,499.99,OK 21.60
gold,domestic,fragile,True,False,active,500.0,OK 9.00
gold,domestic,fragile,True,False,active,1000.0,OK 9.00
gold,domestic,fragile,True,False,banned,-1.0,ERR ValueError: amount must be non-negative
gold,domestic,fragile,True,False,banned,0.0,OK 0.00
gold,domestic,fragile,True,False,banned,50.0,ERR PermissionError: account is banned
gold,domestic,fragile,True,False,banned,499.99,ERR PermissionError: account is banned
gold,domestic,fragile,True,False,banned,500.0,ERR PermissionError: account is banned
gold,domestic,fragile,True,False,banned,1000.0,ERR PermissionError: account is banned
gold,domestic,fragile,True,False,frozen,-1.0,ERR ValueError: amount must be non-negative
gold,domestic,fragile,True,False,frozen,0.0,OK 0.00
gold,domestic,fragile,True,False,frozen,50.0,ERR RuntimeError: frozen account cannot use express
gold,domestic,fragile,True,False,frozen,499.99,ERR RuntimeError: frozen account cannot use express
gold,domestic,fragile,True,False,frozen,500.0,ERR RuntimeError: frozen account cannot use express
gold,domestic,fragile,True,False,frozen,1000.0,ERR RuntimeError: frozen account cannot use express
gold,domestic,fragile,True,True,active,-1.0,ERR ValueError: amount must be non-negative
gold,domestic,fragile,True,True,active,0.0,OK 0.00
gold,domestic,fragile,True,True,active,50.0,OK 26.10
gold,domestic,fragile,True,True,active,499.99,OK 26.10
gold,domestic,fragile,True,True,active,500.0,OK 13.50
gold,domestic,fragile,True,True,active,1000.0,OK 13.50
gold,domestic,fragile,True,True,banned,-1.0,ERR ValueError: amount must be non-negative
gold,domestic,fragile,True,True,banned,0.0,OK 0.00
gold,domestic,fragile,True,True,banned,50.0,ERR PermissionError: account is banned
gold,domestic,fragile,True,True,banned,499.99,ERR PermissionError: account is banned
gold,domestic,fragile,True,True,banned,500.0,ERR PermissionError: account is banned
gold,domestic,fragile,True,True,banned,1000.0,ERR PermissionError: account is banned
gold,domestic,fragile,True,True,frozen,-1.0,ERR ValueError: amount must be non-negative
gold,domestic,fragile,True,True,frozen,0.0,OK 0.00
gold,domestic,fragile,True,True,frozen,50.0,ERR RuntimeError: frozen account cannot use express
gold,domestic,fragile,True,True,frozen,499.99,ERR RuntimeError: frozen account cannot use express
gold,domestic,fragile,True,True,frozen,500.0,ERR RuntimeError: frozen account cannot use express
gold,domestic,fragile,True,True,frozen,1000.0,ERR RuntimeError: frozen account cannot use express
gold,domestic,frozen,False,False,active,-1.0,ERR ValueError: amount must be non-negative
gold,domestic,frozen,False,False,active,0.0,OK 0.00
gold,domestic,frozen,False,False,active,50.0,OK 16.20
gold,domestic,frozen,False,False,active,499.99,OK 16.20
gold,domestic,frozen,False,False,active,500.0,OK 0.00
gold,domestic,frozen,False,False,active,1000.0,OK 0.00
gold,domestic,frozen,False,False,banned,-1.0,ERR ValueError: amount must be non-negative
gold,domestic,frozen,False,False,banned,0.0,OK 0.00
gold,domestic,frozen,False,False,banned,50.0,ERR PermissionError: account is banned
gold,domestic,frozen,False,False,banned,499.99,ERR PermissionError: account is banned
gold,domestic,frozen,False,False,banned,500.0,ERR PermissionError: account is banned
gold,domestic,frozen,False,False,banned,1000.0,ERR PermissionError: account is banned
gold,domestic,frozen,False,False,frozen,-1.0,ERR ValueError: amount must be non-negative
gold,domestic,frozen,False,False,frozen,0.0,OK 0.00
gold,domestic,frozen,False,False,frozen,50.0,OK 18.00
gold,domestic,frozen,False,False,frozen,499.99,OK 18.00
gold,domestic,frozen,False,False,frozen,500.0,OK 18.00
gold,domestic,frozen,False,False,frozen,1000.0,OK 18.00
gold,domestic,frozen,False,True,active,-1.0,ERR ValueError: amount must be non-negative
gold,domestic,frozen,False,True,active,0.0,OK 0.00
gold,domestic,frozen,False,True,active,50.0,OK 16.20
gold,domestic,frozen,False,True,active,499.99,OK 16.20
gold,domestic,frozen,False,True,active,500.0,OK 0.00
gold,domestic,frozen,False,True,active,1000.0,OK 0.00
gold,domestic,frozen,False,True,banned,-1.0,ERR ValueError: amount must be non-negative
gold,domestic,frozen,False,True,banned,0.0,OK 0.00
gold,domestic,frozen,False,True,banned,50.0,ERR PermissionError: account is banned
gold,domestic,frozen,False,True,banned,499.99,ERR PermissionError: account is banned
gold,domestic,frozen,False,True,banned,500.0,ERR PermissionError: account is banned
gold,domestic,frozen,False,True,banned,1000.0,ERR PermissionError: account is banned
gold,domestic,frozen,False,True,frozen,-1.0,ERR ValueError: amount must be non-negative
gold,domestic,frozen,False,True,frozen,0.0,OK 0.00
gold,domestic,frozen,False,True,frozen,50.0,OK 18.00
gold,domestic,frozen,False,True,frozen,499.99,OK 18.00
gold,domestic,frozen,False,True,frozen,500.0,OK 18.00
gold,domestic,frozen,False,True,frozen,1000.0,OK 18.00
gold,domestic,frozen,True,False,active,-1.0,ERR ValueError: amount must be non-negative
gold,domestic,frozen,True,False,active,0.0,OK 0.00
gold,domestic,frozen,True,False,active,50.0,OK 25.20
gold,domestic,frozen,True,False,active,499.99,OK 25.20
gold,domestic,frozen,True,False,active,500.0,OK 9.00
gold,domestic,frozen,True,False,active,1000.0,OK 9.00
gold,domestic,frozen,True,False,banned,-1.0,ERR ValueError: amount must be non-negative
gold,domestic,frozen,True,False,banned,0.0,OK 0.00
gold,domestic,frozen,True,False,banned,50.0,ERR PermissionError: account is banned
gold,domestic,frozen,True,False,banned,499.99,ERR PermissionError: account is banned
gold,domestic,frozen,True,False,banned,500.0,ERR PermissionError: account is banned
gold,domestic,frozen,True,False,banned,1000.0,ERR PermissionError: account is banned
gold,domestic,frozen,True,False,frozen,-1.0,ERR ValueError: amount must be non-negative
gold,domestic,frozen,True,False,frozen,0.0,OK 0.00
gold,domestic,frozen,True,False,frozen,50.0,ERR RuntimeError: frozen account cannot use express
gold,domestic,frozen,True,False,frozen,499.99,ERR RuntimeError: frozen account cannot use express
gold,domestic,frozen,True,False,frozen,500.0,ERR RuntimeError: frozen account cannot use express
gold,domestic,frozen,True,False,frozen,1000.0,ERR RuntimeError: frozen account cannot use express
gold,domestic,frozen,True,True,active,-1.0,ERR ValueError: amount must be non-negative
gold,domestic,frozen,True,True,active,0.0,OK 0.00
gold,domestic,frozen,True,True,active,50.0,OK 29.70
gold,domestic,frozen,True,True,active,499.99,OK 29.70
gold,domestic,frozen,True,True,active,500.0,OK 13.50
gold,domestic,frozen,True,True,active,1000.0,OK 13.50
gold,domestic,frozen,True,True,banned,-1.0,ERR ValueError: amount must be non-negative
gold,domestic,frozen,True,True,banned,0.0,OK 0.00
gold,domestic,frozen,True,True,banned,50.0,ERR PermissionError: account is banned
gold,domestic,frozen,True,True,banned,499.99,ERR PermissionError: account is banned
gold,domestic,frozen,True,True,banned,500.0,ERR PermissionError: account is banned
gold,domestic,frozen,True,True,banned,1000.0,ERR PermissionError: account is banned
gold,domestic,frozen,True,True,frozen,-1.0,ERR ValueError: amount must be non-negative
gold,domestic,frozen,True,True,frozen,0.0,OK 0.00
gold,domestic,frozen,True,True,frozen,50.0,ERR RuntimeError: frozen account cannot use express
gold,domestic,frozen,True,True,frozen,499.99,ERR RuntimeError: frozen account cannot use express
gold,domestic,frozen,True,True,frozen,500.0,ERR RuntimeError: frozen account cannot use express
gold,domestic,frozen,True,True,frozen,1000.0,ERR RuntimeError: frozen account cannot use express
gold,domestic,normal,False,False,active,-1.0,ERR ValueError: amount must be non-negative
gold,domestic,normal,False,False,active,0.0,OK 0.00
gold,domestic,normal,False,False,active,50.0,OK 5.40
gold,domestic,normal,False,False,active,499.99,OK 5.40
gold,domestic,normal,False,False,active,500.0,OK 0.00
gold,domestic,normal,False,False,active,1000.0,OK 0.00
gold,domestic,normal,False,False,banned,-1.0,ERR ValueError: amount must be non-negative
gold,domestic,normal,False,False,banned,0.0,OK 0.00
gold,domestic,normal,False,False,banned,50.0,ERR PermissionError: account is banned
gold,domestic,normal,False,False,banned,499.99,ERR PermissionError: account is banned
gold,domestic,normal,False,False,banned,500.0,ERR PermissionError: account is banned
gold,domestic,normal,False,False,banned,1000.0,ERR PermissionError: account is banned
gold,domestic,normal,False,False,frozen,-1.0,ERR ValueError: amount must be non-negative
gold,domestic,normal,False,False,frozen,0.0,OK 0.00
gold,domestic,normal,False,False,frozen,50.0,OK 6.00
gold,domestic,normal,False,False,frozen,499.99,OK 6.00
gold,domestic,normal,False,False,frozen,500.0,OK 6.00
gold,domestic,normal,False,False,frozen,1000.0,OK 6.00
gold,domestic,normal,False,True,active,-1.0,ERR ValueError: amount must be non-negative
gold,domestic,normal,False,True,active,0.0,OK 0.00
gold,domestic,normal,False,True,active,50.0,OK 5.40
gold,domestic,normal,False,True,active,499.99,OK 5.40
gold,domestic,normal,False,True,active,500.0,OK 0.00
gold,domestic,normal,False,True,active,1000.0,OK 0.00
gold,domestic,normal,False,True,banned,-1.0,ERR ValueError: amount must be non-negative
gold,domestic,normal,False,True,banned,0.0,OK 0.00
gold,domestic,normal,False,True,banned,50.0,ERR PermissionError: account is banned
gold,domestic,normal,False,True,banned,499.99,ERR PermissionError: account is banned
gold,domestic,normal,False,True,banned,500.0,ERR PermissionError: account is banned
gold,domestic,normal,False,True,banned,1000.0,ERR PermissionError: account is banned
gold,domestic,normal,False,True,frozen,-1.0,ERR ValueError: amount must be non-negative
gold,domestic,normal,False,True,frozen,0.0,OK 0.00
gold,domestic,normal,False,True,frozen,50.0,OK 6.00
gold,domestic,normal,False,True,frozen,499.99,OK 6.00
gold,domestic,normal,False,True,frozen,500.0,OK 6.00
gold,domestic,normal,False,True,frozen,1000.0,OK 6.00
gold,domestic,normal,True,False,active,-1.0,ERR ValueError: amount must be non-negative
gold,domestic,normal,True,False,active,0.0,OK 0.00
gold,domestic,normal,True,False,active,50.0,OK 14.40
gold,domestic,normal,True,False,active,499.99,OK 14.40
gold,domestic,normal,True,False,active,500.0,OK 9.00
gold,domestic,normal,True,False,active,1000.0,OK 9.00
gold,domestic,normal,True,False,banned,-1.0,ERR ValueError: amount must be non-negative
gold,domestic,normal,True,False,banned,0.0,OK 0.00
gold,domestic,normal,True,False,banned,50.0,ERR PermissionError: account is banned
gold,domestic,normal,True,False,banned,499.99,ERR PermissionError: account is banned
gold,domestic,normal,True,False,banned,500.0,ERR PermissionError: account is banned
gold,domestic,normal,True,False,banned,1000.0,ERR PermissionError: account is banned
gold,domestic,normal,True,False,frozen,-1.0,ERR ValueError: amount must be non-negative
gold,domestic,normal,True,False,frozen,0.0,OK 0.00
gold,domestic,normal,True,False,frozen,50.0,ERR RuntimeError: frozen account cannot use express
gold,domestic,normal,True,False,frozen,499.99,ERR RuntimeError: frozen account cannot use express
gold,domestic,normal,True,False,frozen,500.0,ERR RuntimeError: frozen account cannot use express
gold,domestic,normal,True,False,frozen,1000.0,ERR RuntimeError: frozen account cannot use express
gold,domestic,normal,True,True,active,-1.0,ERR ValueError: amount must be non-negative
gold,domestic,normal,True,True,active,0.0,OK 0.00
gold,domestic,normal,True,True,active,50.0,OK 18.90
gold,domestic,normal,True,True,active,499.99,OK 18.90
gold,domestic,normal,True,True,active,500.0,OK 13.50
gold,domestic,normal,True,True,active,1000.0,OK 13.50
gold,domestic,normal,True,True,banned,-1.0,ERR ValueError: amount must be non-negative
gold,domestic,normal,True,True,banned,0.0,OK 0.00
gold,domestic,normal,True,True,banned,50.0,ERR PermissionError: account is banned
gold,domestic,normal,True,True,banned,499.99,ERR PermissionError: account is banned
gold,domestic,normal,True,True,banned,500.0,ERR PermissionError: account is banned
gold,domestic,normal,True,True,banned,1000.0,ERR PermissionError: account is banned
gold,domestic,normal,True,True,frozen,-1.0,ERR ValueError: amount must be non-negative
gold,domestic,normal,True,True,frozen,0.0,OK 0.00
gold,domestic,normal,True,True,frozen,50.0,ERR RuntimeError: frozen account cannot use express
gold,domestic,normal,True,True,frozen,499.99,ERR RuntimeError: frozen account cannot use express
gold,domestic,normal,True,True,frozen,500.0,ERR RuntimeError: frozen account cannot use express
gold,domestic,normal,True,True,frozen,1000.0,ERR RuntimeError: frozen account cannot use express
gold,overseas,fragile,False,False,active,-1.0,ERR ValueError: amount must be non-negative
gold,overseas,fragile,False,False,active,0.0,OK 0.00
gold,overseas,fragile,False,False,active,50.0,OK 43.20
gold,overseas,fragile,False,False,active,499.99,OK 43.20
gold,overseas,fragile,False,False,active,500.0,OK 43.20
gold,overseas,fragile,False,False,active,1000.0,OK 43.20
gold,overseas,fragile,False,False,banned,-1.0,ERR ValueError: amount must be non-negative
gold,overseas,fragile,False,False,banned,0.0,OK 0.00
gold,overseas,fragile,False,False,banned,50.0,ERR PermissionError: account is banned
gold,overseas,fragile,False,False,banned,499.99,ERR PermissionError: account is banned
gold,overseas,fragile,False,False,banned,500.0,ERR PermissionError: account is banned
gold,overseas,fragile,False,False,banned,1000.0,ERR PermissionError: account is banned
gold,overseas,fragile,False,False,frozen,-1.0,ERR ValueError: amount must be non-negative
gold,overseas,fragile,False,False,frozen,0.0,OK 0.00
gold,overseas,fragile,False,False,frozen,50.0,ERR PermissionError: frozen account cannot ship overseas
gold,overseas,fragile,False,False,frozen,499.99,ERR PermissionError: frozen account cannot ship overseas
gold,overseas,fragile,False,False,frozen,500.0,ERR PermissionError: frozen account cannot ship overseas
gold,overseas,fragile,False,False,frozen,1000.0,ERR PermissionError: frozen account cannot ship overseas
gold,overseas,fragile,False,True,active,-1.0,ERR ValueError: amount must be non-negative
gold,overseas,fragile,False,True,active,0.0,OK 0.00
gold,overseas,fragile,False,True,active,50.0,OK 43.20
gold,overseas,fragile,False,True,active,499.99,OK 43.20
gold,overseas,fragile,False,True,active,500.0,OK 43.20
gold,overseas,fragile,False,True,active,1000.0,OK 43.20
gold,overseas,fragile,False,True,banned,-1.0,ERR ValueError: amount must be non-negative
gold,overseas,fragile,False,True,banned,0.0,OK 0.00
gold,overseas,fragile,False,True,banned,50.0,ERR PermissionError: account is banned
gold,overseas,fragile,False,True,banned,499.99,ERR PermissionError: account is banned
gold,overseas,fragile,False,True,banned,500.0,ERR PermissionError: account is banned
gold,overseas,fragile,False,True,banned,1000.0,ERR PermissionError: account is banned
gold,overseas,fragile,False,True,frozen,-1.0,ERR ValueError: amount must be non-negative
gold,overseas,fragile,False,True,frozen,0.0,OK 0.00
gold,overseas,fragile,False,True,frozen,50.0,ERR PermissionError: frozen account cannot ship overseas
gold,overseas,fragile,False,True,frozen,499.99,ERR PermissionError: frozen account cannot ship overseas
gold,overseas,fragile,False,True,frozen,500.0,ERR PermissionError: frozen account cannot ship overseas
gold,overseas,fragile,False,True,frozen,1000.0,ERR PermissionError: frozen account cannot ship overseas
gold,overseas,fragile,True,False,active,-1.0,ERR ValueError: amount must be non-negative
gold,overseas,fragile,True,False,active,0.0,OK 0.00
gold,overseas,fragile,True,False,active,50.0,ERR RuntimeError: express not available for overseas orders
gold,overseas,fragile,True,False,active,499.99,ERR RuntimeError: express not available for overseas orders
gold,overseas,fragile,True,False,active,500.0,ERR RuntimeError: express not available for overseas orders
gold,overseas,fragile,True,False,active,1000.0,ERR RuntimeError: express not available for overseas orders
gold,overseas,fragile,True,False,banned,-1.0,ERR ValueError: amount must be non-negative
gold,overseas,fragile,True,False,banned,0.0,OK 0.00
gold,overseas,fragile,True,False,banned,50.0,ERR PermissionError: account is banned
gold,overseas,fragile,True,False,banned,499.99,ERR PermissionError: account is banned
gold,overseas,fragile,True,False,banned,500.0,ERR PermissionError: account is banned
gold,overseas,fragile,True,False,banned,1000.0,ERR PermissionError: account is banned
gold,overseas,fragile,True,False,frozen,-1.0,ERR ValueError: amount must be non-negative
gold,overseas,fragile,True,False,frozen,0.0,OK 0.00
gold,overseas,fragile,True,False,frozen,50.0,ERR PermissionError: frozen account cannot ship overseas
gold,overseas,fragile,True,False,frozen,499.99,ERR PermissionError: frozen account cannot ship overseas
gold,overseas,fragile,True,False,frozen,500.0,ERR PermissionError: frozen account cannot ship overseas
gold,overseas,fragile,True,False,frozen,1000.0,ERR PermissionError: frozen account cannot ship overseas
gold,overseas,fragile,True,True,active,-1.0,ERR ValueError: amount must be non-negative
gold,overseas,fragile,True,True,active,0.0,OK 0.00
gold,overseas,fragile,True,True,active,50.0,ERR RuntimeError: express not available for overseas orders
gold,overseas,fragile,True,True,active,499.99,ERR RuntimeError: express not available for overseas orders
gold,overseas,fragile,True,True,active,500.0,ERR RuntimeError: express not available for overseas orders
gold,overseas,fragile,True,True,active,1000.0,ERR RuntimeError: express not available for overseas orders
gold,overseas,fragile,True,True,banned,-1.0,ERR ValueError: amount must be non-negative
gold,overseas,fragile,True,True,banned,0.0,OK 0.00
gold,overseas,fragile,True,True,banned,50.0,ERR PermissionError: account is banned
gold,overseas,fragile,True,True,banned,499.99,ERR PermissionError: account is banned
gold,overseas,fragile,True,True,banned,500.0,ERR PermissionError: account is banned
gold,overseas,fragile,True,True,banned,1000.0,ERR PermissionError: account is banned
gold,overseas,fragile,True,True,frozen,-1.0,ERR ValueError: amount must be non-negative
gold,overseas,fragile,True,True,frozen,0.0,OK 0.00
gold,overseas,fragile,True,True,frozen,50.0,ERR PermissionError: frozen account cannot ship overseas
gold,overseas,fragile,True,True,frozen,499.99,ERR PermissionError: frozen account cannot ship overseas
gold,overseas,fragile,True,True,frozen,500.0,ERR PermissionError: frozen account cannot ship overseas
gold,overseas,fragile,True,True,frozen,1000.0,ERR PermissionError: frozen account cannot ship overseas
gold,overseas,frozen,False,False,active,-1.0,ERR ValueError: amount must be non-negative
gold,overseas,frozen,False,False,active,0.0,OK 0.00
gold,overseas,frozen,False,False,active,50.0,ERR ValueError: frozen goods cannot be shipped overseas
gold,overseas,frozen,False,False,active,499.99,ERR ValueError: frozen goods cannot be shipped overseas
gold,overseas,frozen,False,False,active,500.0,ERR ValueError: frozen goods cannot be shipped overseas
gold,overseas,frozen,False,False,active,1000.0,ERR ValueError: frozen goods cannot be shipped overseas
gold,overseas,frozen,False,False,banned,-1.0,ERR ValueError: amount must be non-negative
gold,overseas,frozen,False,False,banned,0.0,OK 0.00
gold,overseas,frozen,False,False,banned,50.0,ERR PermissionError: account is banned
gold,overseas,frozen,False,False,banned,499.99,ERR PermissionError: account is banned
gold,overseas,frozen,False,False,banned,500.0,ERR PermissionError: account is banned
gold,overseas,frozen,False,False,banned,1000.0,ERR PermissionError: account is banned
gold,overseas,frozen,False,False,frozen,-1.0,ERR ValueError: amount must be non-negative
gold,overseas,frozen,False,False,frozen,0.0,OK 0.00
gold,overseas,frozen,False,False,frozen,50.0,ERR PermissionError: frozen account cannot ship overseas
gold,overseas,frozen,False,False,frozen,499.99,ERR PermissionError: frozen account cannot ship overseas
gold,overseas,frozen,False,False,frozen,500.0,ERR PermissionError: frozen account cannot ship overseas
gold,overseas,frozen,False,False,frozen,1000.0,ERR PermissionError: frozen account cannot ship overseas
gold,overseas,frozen,False,True,active,-1.0,ERR ValueError: amount must be non-negative
gold,overseas,frozen,False,True,active,0.0,OK 0.00
gold,overseas,frozen,False,True,active,50.0,ERR ValueError: frozen goods cannot be shipped overseas
gold,overseas,frozen,False,True,active,499.99,ERR ValueError: frozen goods cannot be shipped overseas
gold,overseas,frozen,False,True,active,500.0,ERR ValueError: frozen goods cannot be shipped overseas
gold,overseas,frozen,False,True,active,1000.0,ERR ValueError: frozen goods cannot be shipped overseas
gold,overseas,frozen,False,True,banned,-1.0,ERR ValueError: amount must be non-negative
gold,overseas,frozen,False,True,banned,0.0,OK 0.00
gold,overseas,frozen,False,True,banned,50.0,ERR PermissionError: account is banned
gold,overseas,frozen,False,True,banned,499.99,ERR PermissionError: account is banned
gold,overseas,frozen,False,True,banned,500.0,ERR PermissionError: account is banned
gold,overseas,frozen,False,True,banned,1000.0,ERR PermissionError: account is banned
gold,overseas,frozen,False,True,frozen,-1.0,ERR ValueError: amount must be non-negative
gold,overseas,frozen,False,True,frozen,0.0,OK 0.00
gold,overseas,frozen,False,True,frozen,50.0,ERR PermissionError: frozen account cannot ship overseas
gold,overseas,frozen,False,True,frozen,499.99,ERR PermissionError: frozen account cannot ship overseas
gold,overseas,frozen,False,True,frozen,500.0,ERR PermissionError: frozen account cannot ship overseas
gold,overseas,frozen,False,True,frozen,1000.0,ERR PermissionError: frozen account cannot ship overseas
gold,overseas,frozen,True,False,active,-1.0,ERR ValueError: amount must be non-negative
gold,overseas,frozen,True,False,active,0.0,OK 0.00
gold,overseas,frozen,True,False,active,50.0,ERR ValueError: frozen goods cannot be shipped overseas
gold,overseas,frozen,True,False,active,499.99,ERR ValueError: frozen goods cannot be shipped overseas
gold,overseas,frozen,True,False,active,500.0,ERR ValueError: frozen goods cannot be shipped overseas
gold,overseas,frozen,True,False,active,1000.0,ERR ValueError: frozen goods cannot be shipped overseas
gold,overseas,frozen,True,False,banned,-1.0,ERR ValueError: amount must be non-negative
gold,overseas,frozen,True,False,banned,0.0,OK 0.00
gold,overseas,frozen,True,False,banned,50.0,ERR PermissionError: account is banned
gold,overseas,frozen,True,False,banned,499.99,ERR PermissionError: account is banned
gold,overseas,frozen,True,False,banned,500.0,ERR PermissionError: account is banned
gold,overseas,frozen,True,False,banned,1000.0,ERR PermissionError: account is banned
gold,overseas,frozen,True,False,frozen,-1.0,ERR ValueError: amount must be non-negative
gold,overseas,frozen,True,False,frozen,0.0,OK 0.00
gold,overseas,frozen,True,False,frozen,50.0,ERR PermissionError: frozen account cannot ship overseas
gold,overseas,frozen,True,False,frozen,499.99,ERR PermissionError: frozen account cannot ship overseas
gold,overseas,frozen,True,False,frozen,500.0,ERR PermissionError: frozen account cannot ship overseas
gold,overseas,frozen,True,False,frozen,1000.0,ERR PermissionError: frozen account cannot ship overseas
gold,overseas,frozen,True,True,active,-1.0,ERR ValueError: amount must be non-negative
gold,overseas,frozen,True,True,active,0.0,OK 0.00
gold,overseas,frozen,True,True,active,50.0,ERR ValueError: frozen goods cannot be shipped overseas
gold,overseas,frozen,True,True,active,499.99,ERR ValueError: frozen goods cannot be shipped overseas
gold,overseas,frozen,True,True,active,500.0,ERR ValueError: frozen goods cannot be shipped overseas
gold,overseas,frozen,True,True,active,1000.0,ERR ValueError: frozen goods cannot be shipped overseas
gold,overseas,frozen,True,True,banned,-1.0,ERR ValueError: amount must be non-negative
gold,overseas,frozen,True,True,banned,0.0,OK 0.00
gold,overseas,frozen,True,True,banned,50.0,ERR PermissionError: account is banned
gold,overseas,frozen,True,True,banned,499.99,ERR PermissionError: account is banned
gold,overseas,frozen,True,True,banned,500.0,ERR PermissionError: account is banned
gold,overseas,frozen,True,True,banned,1000.0,ERR PermissionError: account is banned
gold,overseas,frozen,True,True,frozen,-1.0,ERR ValueError: amount must be non-negative
gold,overseas,frozen,True,True,frozen,0.0,OK 0.00
gold,overseas,frozen,True,True,frozen,50.0,ERR PermissionError: frozen account cannot ship overseas
gold,overseas,frozen,True,True,frozen,499.99,ERR PermissionError: frozen account cannot ship overseas
gold,overseas,frozen,True,True,frozen,500.0,ERR PermissionError: frozen account cannot ship overseas
gold,overseas,frozen,True,True,frozen,1000.0,ERR PermissionError: frozen account cannot ship overseas
gold,overseas,normal,False,False,active,-1.0,ERR ValueError: amount must be non-negative
gold,overseas,normal,False,False,active,0.0,OK 0.00
gold,overseas,normal,False,False,active,50.0,OK 36.00
gold,overseas,normal,False,False,active,499.99,OK 36.00
gold,overseas,normal,False,False,active,500.0,OK 36.00
gold,overseas,normal,False,False,active,1000.0,OK 36.00
gold,overseas,normal,False,False,banned,-1.0,ERR ValueError: amount must be non-negative
gold,overseas,normal,False,False,banned,0.0,OK 0.00
gold,overseas,normal,False,False,banned,50.0,ERR PermissionError: account is banned
gold,overseas,normal,False,False,banned,499.99,ERR PermissionError: account is banned
gold,overseas,normal,False,False,banned,500.0,ERR PermissionError: account is banned
gold,overseas,normal,False,False,banned,1000.0,ERR PermissionError: account is banned
gold,overseas,normal,False,False,frozen,-1.0,ERR ValueError: amount must be non-negative
gold,overseas,normal,False,False,frozen,0.0,OK 0.00
gold,overseas,normal,False,False,frozen,50.0,ERR PermissionError: frozen account cannot ship overseas
gold,overseas,normal,False,False,frozen,499.99,ERR PermissionError: frozen account cannot ship overseas
gold,overseas,normal,False,False,frozen,500.0,ERR PermissionError: frozen account cannot ship overseas
gold,overseas,normal,False,False,frozen,1000.0,ERR PermissionError: frozen account cannot ship overseas
gold,overseas,normal,False,True,active,-1.0,ERR ValueError: amount must be non-negative
gold,overseas,normal,False,True,active,0.0,OK 0.00
gold,overseas,normal,False,True,active,50.0,OK 36.00
gold,overseas,normal,False,True,active,499.99,OK 36.00
gold,overseas,normal,False,True,active,500.0,OK 36.00
gold,overseas,normal,False,True,active,1000.0,OK 36.00
gold,overseas,normal,False,True,banned,-1.0,ERR ValueError: amount must be non-negative
gold,overseas,normal,False,True,banned,0.0,OK 0.00
gold,overseas,normal,False,True,banned,50.0,ERR PermissionError: account is banned
gold,overseas,normal,False,True,banned,499.99,ERR PermissionError: account is banned
gold,overseas,normal,False,True,banned,500.0,ERR PermissionError: account is banned
gold,overseas,normal,False,True,banned,1000.0,ERR PermissionError: account is banned
gold,overseas,normal,False,True,frozen,-1.0,ERR ValueError: amount must be non-negative
gold,overseas,normal,False,True,frozen,0.0,OK 0.00
gold,overseas,normal,False,True,frozen,50.0,ERR PermissionError: frozen account cannot ship overseas
gold,overseas,normal,False,True,frozen,499.99,ERR PermissionError: frozen account cannot ship overseas
gold,overseas,normal,False,True,frozen,500.0,ERR PermissionError: frozen account cannot ship overseas
gold,overseas,normal,False,True,frozen,1000.0,ERR PermissionError: frozen account cannot ship overseas
gold,overseas,normal,True,False,active,-1.0,ERR ValueError: amount must be non-negative
gold,overseas,normal,True,False,active,0.0,OK 0.00
gold,overseas,normal,True,False,active,50.0,ERR RuntimeError: express not available for overseas orders
gold,overseas,normal,True,False,active,499.99,ERR RuntimeError: express not available for overseas orders
gold,overseas,normal,True,False,active,500.0,ERR RuntimeError: express not available for overseas orders
gold,overseas,normal,True,False,active,1000.0,ERR RuntimeError: express not available for overseas orders
gold,overseas,normal,True,False,banned,-1.0,ERR ValueError: amount must be non-negative
gold,overseas,normal,True,False,banned,0.0,OK 0.00
gold,overseas,normal,True,False,banned,50.0,ERR PermissionError: account is banned
gold,overseas,normal,True,False,banned,499.99,ERR PermissionError: account is banned
gold,overseas,normal,True,False,banned,500.0,ERR PermissionError: account is banned
gold,overseas,normal,True,False,banned,1000.0,ERR PermissionError: account is banned
gold,overseas,normal,True,False,frozen,-1.0,ERR ValueError: amount must be non-negative
gold,overseas,normal,True,False,frozen,0.0,OK 0.00
gold,overseas,normal,True,False,frozen,50.0,ERR PermissionError: frozen account cannot ship overseas
gold,overseas,normal,True,False,frozen,499.99,ERR PermissionError: frozen account cannot ship overseas
gold,overseas,normal,True,False,frozen,500.0,ERR PermissionError: frozen account cannot ship overseas
gold,overseas,normal,True,False,frozen,1000.0,ERR PermissionError: frozen account cannot ship overseas
gold,overseas,normal,True,True,active,-1.0,ERR ValueError: amount must be non-negative
gold,overseas,normal,True,True,active,0.0,OK 0.00
gold,overseas,normal,True,True,active,50.0,ERR RuntimeError: express not available for overseas orders
gold,overseas,normal,True,True,active,499.99,ERR RuntimeError: express not available for overseas orders
gold,overseas,normal,True,True,active,500.0,ERR RuntimeError: express not available for overseas orders
gold,overseas,normal,True,True,active,1000.0,ERR RuntimeError: express not available for overseas orders
gold,overseas,normal,True,True,banned,-1.0,ERR ValueError: amount must be non-negative
gold,overseas,normal,True,True,banned,0.0,OK 0.00
gold,overseas,normal,True,True,banned,50.0,ERR PermissionError: account is banned
gold,overseas,normal,True,True,banned,499.99,ERR PermissionError: account is banned
gold,overseas,normal,True,True,banned,500.0,ERR PermissionError: account is banned
gold,overseas,normal,True,True,banned,1000.0,ERR PermissionError: account is banned
gold,overseas,normal,True,True,frozen,-1.0,ERR ValueError: amount must be non-negative
gold,overseas,normal,True,True,frozen,0.0,OK 0.00
gold,overseas,normal,True,True,frozen,50.0,ERR PermissionError: frozen account cannot ship overseas
gold,overseas,normal,True,True,frozen,499.99,ERR PermissionError: frozen account cannot ship overseas
gold,overseas,normal,True,True,frozen,500.0,ERR PermissionError: frozen account cannot ship overseas
gold,overseas,normal,True,True,frozen,1000.0,ERR PermissionError: frozen account cannot ship overseas
gold,remote,fragile,False,False,active,-1.0,ERR ValueError: amount must be non-negative
gold,remote,fragile,False,False,active,0.0,OK 0.00
gold,remote,fragile,False,False,active,50.0,OK 20.70
gold,remote,fragile,False,False,active,499.99,OK 20.70
gold,remote,fragile,False,False,active,500.0,OK 0.00
gold,remote,fragile,False,False,active,1000.0,OK 0.00
gold,remote,fragile,False,False,banned,-1.0,ERR ValueError: amount must be non-negative
gold,remote,fragile,False,False,banned,0.0,OK 0.00
gold,remote,fragile,False,False,banned,50.0,ERR PermissionError: account is banned
gold,remote,fragile,False,False,banned,499.99,ERR PermissionError: account is banned
gold,remote,fragile,False,False,banned,500.0,ERR PermissionError: account is banned
gold,remote,fragile,False,False,banned,1000.0,ERR PermissionError: account is banned
gold,remote,fragile,False,False,frozen,-1.0,ERR ValueError: amount must be non-negative
gold,remote,fragile,False,False,frozen,0.0,OK 0.00
gold,remote,fragile,False,False,frozen,50.0,OK 23.00
gold,remote,fragile,False,False,frozen,499.99,OK 23.00
gold,remote,fragile,False,False,frozen,500.0,OK 23.00
gold,remote,fragile,False,False,frozen,1000.0,OK 23.00
gold,remote,fragile,False,True,active,-1.0,ERR ValueError: amount must be non-negative
gold,remote,fragile,False,True,active,0.0,OK 0.00
gold,remote,fragile,False,True,active,50.0,OK 20.70
gold,remote,fragile,False,True,active,499.99,OK 20.70
gold,remote,fragile,False,True,active,500.0,OK 0.00
gold,remote,fragile,False,True,active,1000.0,OK 0.00
gold,remote,fragile,False,True,banned,-1.0,ERR ValueError: amount must be non-negative
gold,remote,fragile,False,True,banned,0.0,OK 0.00
gold,remote,fragile,False,True,banned,50.0,ERR PermissionError: account is banned
gold,remote,fragile,False,True,banned,499.99,ERR PermissionError: account is banned
gold,remote,fragile,False,True,banned,500.0,ERR PermissionError: account is banned
gold,remote,fragile,False,True,banned,1000.0,ERR PermissionError: account is banned
gold,remote,fragile,False,True,frozen,-1.0,ERR ValueError: amount must be non-negative
gold,remote,fragile,False,True,frozen,0.0,OK 0.00
gold,remote,fragile,False,True,frozen,50.0,OK 23.00
gold,remote,fragile,False,True,frozen,499.99,OK 23.00
gold,remote,fragile,False,True,frozen,500.0,OK 23.00
gold,remote,fragile,False,True,frozen,1000.0,OK 23.00
gold,remote,fragile,True,False,active,-1.0,ERR ValueError: amount must be non-negative
gold,remote,fragile,True,False,active,0.0,OK 0.00
gold,remote,fragile,True,False,active,50.0,OK 43.20
gold,remote,fragile,True,False,active,499.99,OK 43.20
gold,remote,fragile,True,False,active,500.0,OK 22.50
gold,remote,fragile,True,False,active,1000.0,OK 22.50
gold,remote,fragile,True,False,banned,-1.0,ERR ValueError: amount must be non-negative
gold,remote,fragile,True,False,banned,0.0,OK 0.00
gold,remote,fragile,True,False,banned,50.0,ERR PermissionError: account is banned
gold,remote,fragile,True,False,banned,499.99,ERR PermissionError: account is banned
gold,remote,fragile,True,False,banned,500.0,ERR PermissionError: account is banned
gold,remote,fragile,True,False,banned,1000.0,ERR PermissionError: account is banned
gold,remote,fragile,True,False,frozen,-1.0,ERR ValueError: amount must be non-negative
gold,remote,fragile,True,False,frozen,0.0,OK 0.00
gold,remote,fragile,True,False,frozen,50.0,ERR RuntimeError: frozen account cannot use express
gold,remote,fragile,True,False,frozen,499.99,ERR RuntimeError: frozen account cannot use express
gold,remote,fragile,True,False,frozen,500.0,ERR RuntimeError: frozen account cannot use express
gold,remote,fragile,True,False,frozen,1000.0,ERR RuntimeError: frozen account cannot use express
gold,remote,fragile,True,True,active,-1.0,ERR ValueError: amount must be non-negative
gold,remote,fragile,True,True,active,0.0,OK 0.00
gold,remote,fragile,True,True,active,50.0,OK 47.70
gold,remote,fragile,True,True,active,499.99,OK 47.70
gold,remote,fragile,True,True,active,500.0,OK 27.00
gold,remote,fragile,True,True,active,1000.0,OK 27.00
gold,remote,fragile,True,True,banned,-1.0,ERR ValueError: amount must be non-negative
gold,remote,fragile,True,True,banned,0.0,OK 0.00
gold,remote,fragile,True,True,banned,50.0,ERR PermissionError: account is banned
gold,remote,fragile,True,True,banned,499.99,ERR PermissionError: account is banned
gold,remote,fragile,True,True,banned,500.0,ERR PermissionError: account is banned
gold,remote,fragile,True,True,banned,1000.0,ERR PermissionError: account is banned
gold,remote,fragile,True,True,frozen,-1.0,ERR ValueError: amount must be non-negative
gold,remote,fragile,True,True,frozen,0.0,OK 0.00
gold,remote,fragile,True,True,frozen,50.0,ERR RuntimeError: frozen account cannot use express
gold,remote,fragile,True,True,frozen,499.99,ERR RuntimeError: frozen account cannot use express
gold,remote,fragile,True,True,frozen,500.0,ERR RuntimeError: frozen account cannot use express
gold,remote,fragile,True,True,frozen,1000.0,ERR RuntimeError: frozen account cannot use express
gold,remote,frozen,False,False,active,-1.0,ERR ValueError: amount must be non-negative
gold,remote,frozen,False,False,active,0.0,OK 0.00
gold,remote,frozen,False,False,active,50.0,ERR ValueError: frozen goods cannot be shipped to remote area
gold,remote,frozen,False,False,active,499.99,ERR ValueError: frozen goods cannot be shipped to remote area
gold,remote,frozen,False,False,active,500.0,ERR ValueError: frozen goods cannot be shipped to remote area
gold,remote,frozen,False,False,active,1000.0,ERR ValueError: frozen goods cannot be shipped to remote area
gold,remote,frozen,False,False,banned,-1.0,ERR ValueError: amount must be non-negative
gold,remote,frozen,False,False,banned,0.0,OK 0.00
gold,remote,frozen,False,False,banned,50.0,ERR PermissionError: account is banned
gold,remote,frozen,False,False,banned,499.99,ERR PermissionError: account is banned
gold,remote,frozen,False,False,banned,500.0,ERR PermissionError: account is banned
gold,remote,frozen,False,False,banned,1000.0,ERR PermissionError: account is banned
gold,remote,frozen,False,False,frozen,-1.0,ERR ValueError: amount must be non-negative
gold,remote,frozen,False,False,frozen,0.0,OK 0.00
gold,remote,frozen,False,False,frozen,50.0,ERR ValueError: frozen goods cannot be shipped to remote area
gold,remote,frozen,False,False,frozen,499.99,ERR ValueError: frozen goods cannot be shipped to remote area
gold,remote,frozen,False,False,frozen,500.0,ERR ValueError: frozen goods cannot be shipped to remote area
gold,remote,frozen,False,False,frozen,1000.0,ERR ValueError: frozen goods cannot be shipped to remote area
gold,remote,frozen,False,True,active,-1.0,ERR ValueError: amount must be non-negative
gold,remote,frozen,False,True,active,0.0,OK 0.00
gold,remote,frozen,False,True,active,50.0,ERR ValueError: frozen goods cannot be shipped to remote area
gold,remote,frozen,False,True,active,499.99,ERR ValueError: frozen goods cannot be shipped to remote area
gold,remote,frozen,False,True,active,500.0,ERR ValueError: frozen goods cannot be shipped to remote area
gold,remote,frozen,False,True,active,1000.0,ERR ValueError: frozen goods cannot be shipped to remote area
gold,remote,frozen,False,True,banned,-1.0,ERR ValueError: amount must be non-negative
gold,remote,frozen,False,True,banned,0.0,OK 0.00
gold,remote,frozen,False,True,banned,50.0,ERR PermissionError: account is banned
gold,remote,frozen,False,True,banned,499.99,ERR PermissionError: account is banned
gold,remote,frozen,False,True,banned,500.0,ERR PermissionError: account is banned
gold,remote,frozen,False,True,banned,1000.0,ERR PermissionError: account is banned
gold,remote,frozen,False,True,frozen,-1.0,ERR ValueError: amount must be non-negative
gold,remote,frozen,False,True,frozen,0.0,OK 0.00
gold,remote,frozen,False,True,frozen,50.0,ERR ValueError: frozen goods cannot be shipped to remote area
gold,remote,frozen,False,True,frozen,499.99,ERR ValueError: frozen goods cannot be shipped to remote area
gold,remote,frozen,False,True,frozen,500.0,ERR ValueError: frozen goods cannot be shipped to remote area
gold,remote,frozen,False,True,frozen,1000.0,ERR ValueError: frozen goods cannot be shipped to remote area
gold,remote,frozen,True,False,active,-1.0,ERR ValueError: amount must be non-negative
gold,remote,frozen,True,False,active,0.0,OK 0.00
gold,remote,frozen,True,False,active,50.0,ERR ValueError: frozen goods cannot be shipped to remote area
gold,remote,frozen,True,False,active,499.99,ERR ValueError: frozen goods cannot be shipped to remote area
gold,remote,frozen,True,False,active,500.0,ERR ValueError: frozen goods cannot be shipped to remote area
gold,remote,frozen,True,False,active,1000.0,ERR ValueError: frozen goods cannot be shipped to remote area
gold,remote,frozen,True,False,banned,-1.0,ERR ValueError: amount must be non-negative
gold,remote,frozen,True,False,banned,0.0,OK 0.00
gold,remote,frozen,True,False,banned,50.0,ERR PermissionError: account is banned
gold,remote,frozen,True,False,banned,499.99,ERR PermissionError: account is banned
gold,remote,frozen,True,False,banned,500.0,ERR PermissionError: account is banned
gold,remote,frozen,True,False,banned,1000.0,ERR PermissionError: account is banned
gold,remote,frozen,True,False,frozen,-1.0,ERR ValueError: amount must be non-negative
gold,remote,frozen,True,False,frozen,0.0,OK 0.00
gold,remote,frozen,True,False,frozen,50.0,ERR RuntimeError: frozen account cannot use express
gold,remote,frozen,True,False,frozen,499.99,ERR RuntimeError: frozen account cannot use express
gold,remote,frozen,True,False,frozen,500.0,ERR RuntimeError: frozen account cannot use express
gold,remote,frozen,True,False,frozen,1000.0,ERR RuntimeError: frozen account cannot use express
gold,remote,frozen,True,True,active,-1.0,ERR ValueError: amount must be non-negative
gold,remote,frozen,True,True,active,0.0,OK 0.00
gold,remote,frozen,True,True,active,50.0,ERR ValueError: frozen goods cannot be shipped to remote area
gold,remote,frozen,True,True,active,499.99,ERR ValueError: frozen goods cannot be shipped to remote area
gold,remote,frozen,True,True,active,500.0,ERR ValueError: frozen goods cannot be shipped to remote area
gold,remote,frozen,True,True,active,1000.0,ERR ValueError: frozen goods cannot be shipped to remote area
gold,remote,frozen,True,True,banned,-1.0,ERR ValueError: amount must be non-negative
gold,remote,frozen,True,True,banned,0.0,OK 0.00
gold,remote,frozen,True,True,banned,50.0,ERR PermissionError: account is banned
gold,remote,frozen,True,True,banned,499.99,ERR PermissionError: account is banned
gold,remote,frozen,True,True,banned,500.0,ERR PermissionError: account is banned
gold,remote,frozen,True,True,banned,1000.0,ERR PermissionError: account is banned
gold,remote,frozen,True,True,frozen,-1.0,ERR ValueError: amount must be non-negative
gold,remote,frozen,True,True,frozen,0.0,OK 0.00
gold,remote,frozen,True,True,frozen,50.0,ERR RuntimeError: frozen account cannot use express
gold,remote,frozen,True,True,frozen,499.99,ERR RuntimeError: frozen account cannot use express
gold,remote,frozen,True,True,frozen,500.0,ERR RuntimeError: frozen account cannot use express
gold,remote,frozen,True,True,frozen,1000.0,ERR RuntimeError: frozen account cannot use express
gold,remote,normal,False,False,active,-1.0,ERR ValueError: amount must be non-negative
gold,remote,normal,False,False,active,0.0,OK 0.00
gold,remote,normal,False,False,active,50.0,OK 13.50
gold,remote,normal,False,False,active,499.99,OK 13.50
gold,remote,normal,False,False,active,500.0,OK 0.00
gold,remote,normal,False,False,active,1000.0,OK 0.00
gold,remote,normal,False,False,banned,-1.0,ERR ValueError: amount must be non-negative
gold,remote,normal,False,False,banned,0.0,OK 0.00
gold,remote,normal,False,False,banned,50.0,ERR PermissionError: account is banned
gold,remote,normal,False,False,banned,499.99,ERR PermissionError: account is banned
gold,remote,normal,False,False,banned,500.0,ERR PermissionError: account is banned
gold,remote,normal,False,False,banned,1000.0,ERR PermissionError: account is banned
gold,remote,normal,False,False,frozen,-1.0,ERR ValueError: amount must be non-negative
gold,remote,normal,False,False,frozen,0.0,OK 0.00
gold,remote,normal,False,False,frozen,50.0,OK 15.00
gold,remote,normal,False,False,frozen,499.99,OK 15.00
gold,remote,normal,False,False,frozen,500.0,OK 15.00
gold,remote,normal,False,False,frozen,1000.0,OK 15.00
gold,remote,normal,False,True,active,-1.0,ERR ValueError: amount must be non-negative
gold,remote,normal,False,True,active,0.0,OK 0.00
gold,remote,normal,False,True,active,50.0,OK 13.50
gold,remote,normal,False,True,active,499.99,OK 13.50
gold,remote,normal,False,True,active,500.0,OK 0.00
gold,remote,normal,False,True,active,1000.0,OK 0.00
gold,remote,normal,False,True,banned,-1.0,ERR ValueError: amount must be non-negative
gold,remote,normal,False,True,banned,0.0,OK 0.00
gold,remote,normal,False,True,banned,50.0,ERR PermissionError: account is banned
gold,remote,normal,False,True,banned,499.99,ERR PermissionError: account is banned
gold,remote,normal,False,True,banned,500.0,ERR PermissionError: account is banned
gold,remote,normal,False,True,banned,1000.0,ERR PermissionError: account is banned
gold,remote,normal,False,True,frozen,-1.0,ERR ValueError: amount must be non-negative
gold,remote,normal,False,True,frozen,0.0,OK 0.00
gold,remote,normal,False,True,frozen,50.0,OK 15.00
gold,remote,normal,False,True,frozen,499.99,OK 15.00
gold,remote,normal,False,True,frozen,500.0,OK 15.00
gold,remote,normal,False,True,frozen,1000.0,OK 15.00
gold,remote,normal,True,False,active,-1.0,ERR ValueError: amount must be non-negative
gold,remote,normal,True,False,active,0.0,OK 0.00
gold,remote,normal,True,False,active,50.0,OK 36.00
gold,remote,normal,True,False,active,499.99,OK 36.00
gold,remote,normal,True,False,active,500.0,OK 22.50
gold,remote,normal,True,False,active,1000.0,OK 22.50
gold,remote,normal,True,False,banned,-1.0,ERR ValueError: amount must be non-negative
gold,remote,normal,True,False,banned,0.0,OK 0.00
gold,remote,normal,True,False,banned,50.0,ERR PermissionError: account is banned
gold,remote,normal,True,False,banned,499.99,ERR PermissionError: account is banned
gold,remote,normal,True,False,banned,500.0,ERR PermissionError: account is banned
gold,remote,normal,True,False,banned,1000.0,ERR PermissionError: account is banned
gold,remote,normal,True,False,frozen,-1.0,ERR ValueError: amount must be non-negative
gold,remote,normal,True,False,frozen,0.0,OK 0.00
gold,remote,normal,True,False,frozen,50.0,ERR RuntimeError: frozen account cannot use express
gold,remote,normal,True,False,frozen,499.99,ERR RuntimeError: frozen account cannot use express
gold,remote,normal,True,False,frozen,500.0,ERR RuntimeError: frozen account cannot use express
gold,remote,normal,True,False,frozen,1000.0,ERR RuntimeError: frozen account cannot use express
gold,remote,normal,True,True,active,-1.0,ERR ValueError: amount must be non-negative
gold,remote,normal,True,True,active,0.0,OK 0.00
gold,remote,normal,True,True,active,50.0,OK 40.50
gold,remote,normal,True,True,active,499.99,OK 40.50
gold,remote,normal,True,True,active,500.0,OK 27.00
gold,remote,normal,True,True,active,1000.0,OK 27.00
gold,remote,normal,True,True,banned,-1.0,ERR ValueError: amount must be non-negative
gold,remote,normal,True,True,banned,0.0,OK 0.00
gold,remote,normal,True,True,banned,50.0,ERR PermissionError: account is banned
gold,remote,normal,True,True,banned,499.99,ERR PermissionError: account is banned
gold,remote,normal,True,True,banned,500.0,ERR PermissionError: account is banned
gold,remote,normal,True,True,banned,1000.0,ERR PermissionError: account is banned
gold,remote,normal,True,True,frozen,-1.0,ERR ValueError: amount must be non-negative
gold,remote,normal,True,True,frozen,0.0,OK 0.00
gold,remote,normal,True,True,frozen,50.0,ERR RuntimeError: frozen account cannot use express
gold,remote,normal,True,True,frozen,499.99,ERR RuntimeError: frozen account cannot use express
gold,remote,normal,True,True,frozen,500.0,ERR RuntimeError: frozen account cannot use express
gold,remote,normal,True,True,frozen,1000.0,ERR RuntimeError: frozen account cannot use express
normal,domestic,fragile,False,False,active,-1.0,ERR ValueError: amount must be non-negative
normal,domestic,fragile,False,False,active,0.0,OK 0.00
normal,domestic,fragile,False,False,active,50.0,OK 14.00
normal,domestic,fragile,False,False,active,499.99,OK 14.00
normal,domestic,fragile,False,False,active,500.0,OK 0.00
normal,domestic,fragile,False,False,active,1000.0,OK 0.00
normal,domestic,fragile,False,False,banned,-1.0,ERR ValueError: amount must be non-negative
normal,domestic,fragile,False,False,banned,0.0,OK 0.00
normal,domestic,fragile,False,False,banned,50.0,ERR PermissionError: account is banned
normal,domestic,fragile,False,False,banned,499.99,ERR PermissionError: account is banned
normal,domestic,fragile,False,False,banned,500.0,ERR PermissionError: account is banned
normal,domestic,fragile,False,False,banned,1000.0,ERR PermissionError: account is banned
normal,domestic,fragile,False,False,frozen,-1.0,ERR ValueError: amount must be non-negative
normal,domestic,fragile,False,False,frozen,0.0,OK 0.00
normal,domestic,fragile,False,False,frozen,50.0,OK 14.00
normal,domestic,fragile,False,False,frozen,499.99,OK 14.00
normal,domestic,fragile,False,False,frozen,500.0,OK 14.00
normal,domestic,fragile,False,False,frozen,1000.0,OK 14.00
normal,domestic,fragile,False,True,active,-1.0,ERR ValueError: amount must be non-negative
normal,domestic,fragile,False,True,active,0.0,OK 0.00
normal,domestic,fragile,False,True,active,50.0,OK 14.00
normal,domestic,fragile,False,True,active,499.99,OK 14.00
normal,domestic,fragile,False,True,active,500.0,OK 0.00
normal,domestic,fragile,False,True,active,1000.0,OK 0.00
normal,domestic,fragile,False,True,banned,-1.0,ERR ValueError: amount must be non-negative
normal,domestic,fragile,False,True,banned,0.0,OK 0.00
normal,domestic,fragile,False,True,banned,50.0,ERR PermissionError: account is banned
normal,domestic,fragile,False,True,banned,499.99,ERR PermissionError: account is banned
normal,domestic,fragile,False,True,banned,500.0,ERR PermissionError: account is banned
normal,domestic,fragile,False,True,banned,1000.0,ERR PermissionError: account is banned
normal,domestic,fragile,False,True,frozen,-1.0,ERR ValueError: amount must be non-negative
normal,domestic,fragile,False,True,frozen,0.0,OK 0.00
normal,domestic,fragile,False,True,frozen,50.0,OK 14.00
normal,domestic,fragile,False,True,frozen,499.99,OK 14.00
normal,domestic,fragile,False,True,frozen,500.0,OK 14.00
normal,domestic,fragile,False,True,frozen,1000.0,OK 14.00
normal,domestic,fragile,True,False,active,-1.0,ERR ValueError: amount must be non-negative
normal,domestic,fragile,True,False,active,0.0,OK 0.00
normal,domestic,fragile,True,False,active,50.0,OK 24.00
normal,domestic,fragile,True,False,active,499.99,OK 24.00
normal,domestic,fragile,True,False,active,500.0,OK 10.00
normal,domestic,fragile,True,False,active,1000.0,OK 10.00
normal,domestic,fragile,True,False,banned,-1.0,ERR ValueError: amount must be non-negative
normal,domestic,fragile,True,False,banned,0.0,OK 0.00
normal,domestic,fragile,True,False,banned,50.0,ERR PermissionError: account is banned
normal,domestic,fragile,True,False,banned,499.99,ERR PermissionError: account is banned
normal,domestic,fragile,True,False,banned,500.0,ERR PermissionError: account is banned
normal,domestic,fragile,True,False,banned,1000.0,ERR PermissionError: account is banned
normal,domestic,fragile,True,False,frozen,-1.0,ERR ValueError: amount must be non-negative
normal,domestic,fragile,True,False,frozen,0.0,OK 0.00
normal,domestic,fragile,True,False,frozen,50.0,ERR RuntimeError: frozen account cannot use express
normal,domestic,fragile,True,False,frozen,499.99,ERR RuntimeError: frozen account cannot use express
normal,domestic,fragile,True,False,frozen,500.0,ERR RuntimeError: frozen account cannot use express
normal,domestic,fragile,True,False,frozen,1000.0,ERR RuntimeError: frozen account cannot use express
normal,domestic,fragile,True,True,active,-1.0,ERR ValueError: amount must be non-negative
normal,domestic,fragile,True,True,active,0.0,OK 0.00
normal,domestic,fragile,True,True,active,50.0,OK 29.00
normal,domestic,fragile,True,True,active,499.99,OK 29.00
normal,domestic,fragile,True,True,active,500.0,OK 15.00
normal,domestic,fragile,True,True,active,1000.0,OK 15.00
normal,domestic,fragile,True,True,banned,-1.0,ERR ValueError: amount must be non-negative
normal,domestic,fragile,True,True,banned,0.0,OK 0.00
normal,domestic,fragile,True,True,banned,50.0,ERR PermissionError: account is banned
normal,domestic,fragile,True,True,banned,499.99,ERR PermissionError: account is banned
normal,domestic,fragile,True,True,banned,500.0,ERR PermissionError: account is banned
normal,domestic,fragile,True,True,banned,1000.0,ERR PermissionError: account is banned
normal,domestic,fragile,True,True,frozen,-1.0,ERR ValueError: amount must be non-negative
normal,domestic,fragile,True,True,frozen,0.0,OK 0.00
normal,domestic,fragile,True,True,frozen,50.0,ERR RuntimeError: frozen account cannot use express
normal,domestic,fragile,True,True,frozen,499.99,ERR RuntimeError: frozen account cannot use express
normal,domestic,fragile,True,True,frozen,500.0,ERR RuntimeError: frozen account cannot use express
normal,domestic,fragile,True,True,frozen,1000.0,ERR RuntimeError: frozen account cannot use express
normal,domestic,frozen,False,False,active,-1.0,ERR ValueError: amount must be non-negative
normal,domestic,frozen,False,False,active,0.0,OK 0.00
normal,domestic,frozen,False,False,active,50.0,OK 18.00
normal,domestic,frozen,False,False,active,499.99,OK 18.00
normal,domestic,frozen,False,False,active,500.0,OK 0.00
normal,domestic,frozen,False,False,active,1000.0,OK 0.00
normal,domestic,frozen,False,False,banned,-1.0,ERR ValueError: amount must be non-negative
normal,domestic,frozen,False,False,banned,0.0,OK 0.00
normal,domestic,frozen,False,False,banned,50.0,ERR PermissionError: account is banned
normal,domestic,frozen,False,False,banned,499.99,ERR PermissionError: account is banned
normal,domestic,frozen,False,False,banned,500.0,ERR PermissionError: account is banned
normal,domestic,frozen,False,False,banned,1000.0,ERR PermissionError: account is banned
normal,domestic,frozen,False,False,frozen,-1.0,ERR ValueError: amount must be non-negative
normal,domestic,frozen,False,False,frozen,0.0,OK 0.00
normal,domestic,frozen,False,False,frozen,50.0,OK 18.00
normal,domestic,frozen,False,False,frozen,499.99,OK 18.00
normal,domestic,frozen,False,False,frozen,500.0,OK 18.00
normal,domestic,frozen,False,False,frozen,1000.0,OK 18.00
normal,domestic,frozen,False,True,active,-1.0,ERR ValueError: amount must be non-negative
normal,domestic,frozen,False,True,active,0.0,OK 0.00
normal,domestic,frozen,False,True,active,50.0,OK 18.00
normal,domestic,frozen,False,True,active,499.99,OK 18.00
normal,domestic,frozen,False,True,active,500.0,OK 0.00
normal,domestic,frozen,False,True,active,1000.0,OK 0.00
normal,domestic,frozen,False,True,banned,-1.0,ERR ValueError: amount must be non-negative
normal,domestic,frozen,False,True,banned,0.0,OK 0.00
normal,domestic,frozen,False,True,banned,50.0,ERR PermissionError: account is banned
normal,domestic,frozen,False,True,banned,499.99,ERR PermissionError: account is banned
normal,domestic,frozen,False,True,banned,500.0,ERR PermissionError: account is banned
normal,domestic,frozen,False,True,banned,1000.0,ERR PermissionError: account is banned
normal,domestic,frozen,False,True,frozen,-1.0,ERR ValueError: amount must be non-negative
normal,domestic,frozen,False,True,frozen,0.0,OK 0.00
normal,domestic,frozen,False,True,frozen,50.0,OK 18.00
normal,domestic,frozen,False,True,frozen,499.99,OK 18.00
normal,domestic,frozen,False,True,frozen,500.0,OK 18.00
normal,domestic,frozen,False,True,frozen,1000.0,OK 18.00
normal,domestic,frozen,True,False,active,-1.0,ERR ValueError: amount must be non-negative
normal,domestic,frozen,True,False,active,0.0,OK 0.00
normal,domestic,frozen,True,False,active,50.0,OK 28.00
normal,domestic,frozen,True,False,active,499.99,OK 28.00
normal,domestic,frozen,True,False,active,500.0,OK 10.00
normal,domestic,frozen,True,False,active,1000.0,OK 10.00
normal,domestic,frozen,True,False,banned,-1.0,ERR ValueError: amount must be non-negative
normal,domestic,frozen,True,False,banned,0.0,OK 0.00
normal,domestic,frozen,True,False,banned,50.0,ERR PermissionError: account is banned
normal,domestic,frozen,True,False,banned,499.99,ERR PermissionError: account is banned
normal,domestic,frozen,True,False,banned,500.0,ERR PermissionError: account is banned
normal,domestic,frozen,True,False,banned,1000.0,ERR PermissionError: account is banned
normal,domestic,frozen,True,False,frozen,-1.0,ERR ValueError: amount must be non-negative
normal,domestic,frozen,True,False,frozen,0.0,OK 0.00
normal,domestic,frozen,True,False,frozen,50.0,ERR RuntimeError: frozen account cannot use express
normal,domestic,frozen,True,False,frozen,499.99,ERR RuntimeError: frozen account cannot use express
normal,domestic,frozen,True,False,frozen,500.0,ERR RuntimeError: frozen account cannot use express
normal,domestic,frozen,True,False,frozen,1000.0,ERR RuntimeError: frozen account cannot use express
normal,domestic,frozen,True,True,active,-1.0,ERR ValueError: amount must be non-negative
normal,domestic,frozen,True,True,active,0.0,OK 0.00
normal,domestic,frozen,True,True,active,50.0,OK 33.00
normal,domestic,frozen,True,True,active,499.99,OK 33.00
normal,domestic,frozen,True,True,active,500.0,OK 15.00
normal,domestic,frozen,True,True,active,1000.0,OK 15.00
normal,domestic,frozen,True,True,banned,-1.0,ERR ValueError: amount must be non-negative
normal,domestic,frozen,True,True,banned,0.0,OK 0.00
normal,domestic,frozen,True,True,banned,50.0,ERR PermissionError: account is banned
normal,domestic,frozen,True,True,banned,499.99,ERR PermissionError: account is banned
normal,domestic,frozen,True,True,banned,500.0,ERR PermissionError: account is banned
normal,domestic,frozen,True,True,banned,1000.0,ERR PermissionError: account is banned
normal,domestic,frozen,True,True,frozen,-1.0,ERR ValueError: amount must be non-negative
normal,domestic,frozen,True,True,frozen,0.0,OK 0.00
normal,domestic,frozen,True,True,frozen,50.0,ERR RuntimeError: frozen account cannot use express
normal,domestic,frozen,True,True,frozen,499.99,ERR RuntimeError: frozen account cannot use express
normal,domestic,frozen,True,True,frozen,500.0,ERR RuntimeError: frozen account cannot use express
normal,domestic,frozen,True,True,frozen,1000.0,ERR RuntimeError: frozen account cannot use express
normal,domestic,normal,False,False,active,-1.0,ERR ValueError: amount must be non-negative
normal,domestic,normal,False,False,active,0.0,OK 0.00
normal,domestic,normal,False,False,active,50.0,OK 6.00
normal,domestic,normal,False,False,active,499.99,OK 6.00
normal,domestic,normal,False,False,active,500.0,OK 0.00
normal,domestic,normal,False,False,active,1000.0,OK 0.00
normal,domestic,normal,False,False,banned,-1.0,ERR ValueError: amount must be non-negative
normal,domestic,normal,False,False,banned,0.0,OK 0.00
normal,domestic,normal,False,False,banned,50.0,ERR PermissionError: account is banned
normal,domestic,normal,False,False,banned,499.99,ERR PermissionError: account is banned
normal,domestic,normal,False,False,banned,500.0,ERR PermissionError: account is banned
normal,domestic,normal,False,False,banned,1000.0,ERR PermissionError: account is banned
normal,domestic,normal,False,False,frozen,-1.0,ERR ValueError: amount must be non-negative
normal,domestic,normal,False,False,frozen,0.0,OK 0.00
normal,domestic,normal,False,False,frozen,50.0,OK 6.00
normal,domestic,normal,False,False,frozen,499.99,OK 6.00
normal,domestic,normal,False,False,frozen,500.0,OK 6.00
normal,domestic,normal,False,False,frozen,1000.0,OK 6.00
normal,domestic,normal,False,True,active,-1.0,ERR ValueError: amount must be non-negative
normal,domestic,normal,False,True,active,0.0,OK 0.00
normal,domestic,normal,False,True,active,50.0,OK 6.00
normal,domestic,normal,False,True,active,499.99,OK 6.00
normal,domestic,normal,False,True,active,500.0,OK 0.00
normal,domestic,normal,False,True,active,1000.0,OK 0.00
normal,domestic,normal,False,True,banned,-1.0,ERR ValueError: amount must be non-negative
normal,domestic,normal,False,True,banned,0.0,OK 0.00
normal,domestic,normal,False,True,banned,50.0,ERR PermissionError: account is banned
normal,domestic,normal,False,True,banned,499.99,ERR PermissionError: account is banned
normal,domestic,normal,False,True,banned,500.0,ERR PermissionError: account is banned
normal,domestic,normal,False,True,banned,1000.0,ERR PermissionError: account is banned
normal,domestic,normal,False,True,frozen,-1.0,ERR ValueError: amount must be non-negative
normal,domestic,normal,False,True,frozen,0.0,OK 0.00
normal,domestic,normal,False,True,frozen,50.0,OK 6.00
normal,domestic,normal,False,True,frozen,499.99,OK 6.00
normal,domestic,normal,False,True,frozen,500.0,OK 6.00
normal,domestic,normal,False,True,frozen,1000.0,OK 6.00
normal,domestic,normal,True,False,active,-1.0,ERR ValueError: amount must be non-negative
normal,domestic,normal,True,False,active,0.0,OK 0.00
normal,domestic,normal,True,False,active,50.0,OK 16.00
normal,domestic,normal,True,False,active,499.99,OK 16.00
normal,domestic,normal,True,False,active,500.0,OK 10.00
normal,domestic,normal,True,False,active,1000.0,OK 10.00
normal,domestic,normal,True,False,banned,-1.0,ERR ValueError: amount must be non-negative
normal,domestic,normal,True,False,banned,0.0,OK 0.00
normal,domestic,normal,True,False,banned,50.0,ERR PermissionError: account is banned
normal,domestic,normal,True,False,banned,499.99,ERR PermissionError: account is banned
normal,domestic,normal,True,False,banned,500.0,ERR PermissionError: account is banned
normal,domestic,normal,True,False,banned,1000.0,ERR PermissionError: account is banned
normal,domestic,normal,True,False,frozen,-1.0,ERR ValueError: amount must be non-negative
normal,domestic,normal,True,False,frozen,0.0,OK 0.00
normal,domestic,normal,True,False,frozen,50.0,ERR RuntimeError: frozen account cannot use express
normal,domestic,normal,True,False,frozen,499.99,ERR RuntimeError: frozen account cannot use express
normal,domestic,normal,True,False,frozen,500.0,ERR RuntimeError: frozen account cannot use express
normal,domestic,normal,True,False,frozen,1000.0,ERR RuntimeError: frozen account cannot use express
normal,domestic,normal,True,True,active,-1.0,ERR ValueError: amount must be non-negative
normal,domestic,normal,True,True,active,0.0,OK 0.00
normal,domestic,normal,True,True,active,50.0,OK 21.00
normal,domestic,normal,True,True,active,499.99,OK 21.00
normal,domestic,normal,True,True,active,500.0,OK 15.00
normal,domestic,normal,True,True,active,1000.0,OK 15.00
normal,domestic,normal,True,True,banned,-1.0,ERR ValueError: amount must be non-negative
normal,domestic,normal,True,True,banned,0.0,OK 0.00
normal,domestic,normal,True,True,banned,50.0,ERR PermissionError: account is banned
normal,domestic,normal,True,True,banned,499.99,ERR PermissionError: account is banned
normal,domestic,normal,True,True,banned,500.0,ERR PermissionError: account is banned
normal,domestic,normal,True,True,banned,1000.0,ERR PermissionError: account is banned
normal,domestic,normal,True,True,frozen,-1.0,ERR ValueError: amount must be non-negative
normal,domestic,normal,True,True,frozen,0.0,OK 0.00
normal,domestic,normal,True,True,frozen,50.0,ERR RuntimeError: frozen account cannot use express
normal,domestic,normal,True,True,frozen,499.99,ERR RuntimeError: frozen account cannot use express
normal,domestic,normal,True,True,frozen,500.0,ERR RuntimeError: frozen account cannot use express
normal,domestic,normal,True,True,frozen,1000.0,ERR RuntimeError: frozen account cannot use express
normal,overseas,fragile,False,False,active,-1.0,ERR ValueError: amount must be non-negative
normal,overseas,fragile,False,False,active,0.0,OK 0.00
normal,overseas,fragile,False,False,active,50.0,OK 48.00
normal,overseas,fragile,False,False,active,499.99,OK 48.00
normal,overseas,fragile,False,False,active,500.0,OK 48.00
normal,overseas,fragile,False,False,active,1000.0,OK 48.00
normal,overseas,fragile,False,False,banned,-1.0,ERR ValueError: amount must be non-negative
normal,overseas,fragile,False,False,banned,0.0,OK 0.00
normal,overseas,fragile,False,False,banned,50.0,ERR PermissionError: account is banned
normal,overseas,fragile,False,False,banned,499.99,ERR PermissionError: account is banned
normal,overseas,fragile,False,False,banned,500.0,ERR PermissionError: account is banned
normal,overseas,fragile,False,False,banned,1000.0,ERR PermissionError: account is banned
normal,overseas,fragile,False,False,frozen,-1.0,ERR ValueError: amount must be non-negative
normal,overseas,fragile,False,False,frozen,0.0,OK 0.00
normal,overseas,fragile,False,False,frozen,50.0,ERR PermissionError: frozen account cannot ship overseas
normal,overseas,fragile,False,False,frozen,499.99,ERR PermissionError: frozen account cannot ship overseas
normal,overseas,fragile,False,False,frozen,500.0,ERR PermissionError: frozen account cannot ship overseas
normal,overseas,fragile,False,False,frozen,1000.0,ERR PermissionError: frozen account cannot ship overseas
normal,overseas,fragile,False,True,active,-1.0,ERR ValueError: amount must be non-negative
normal,overseas,fragile,False,True,active,0.0,OK 0.00
normal,overseas,fragile,False,True,active,50.0,OK 48.00
normal,overseas,fragile,False,True,active,499.99,OK 48.00
normal,overseas,fragile,False,True,active,500.0,OK 48.00
normal,overseas,fragile,False,True,active,1000.0,OK 48.00
normal,overseas,fragile,False,True,banned,-1.0,ERR ValueError: amount must be non-negative
normal,overseas,fragile,False,True,banned,0.0,OK 0.00
normal,overseas,fragile,False,True,banned,50.0,ERR PermissionError: account is banned
normal,overseas,fragile,False,True,banned,499.99,ERR PermissionError: account is banned
normal,overseas,fragile,False,True,banned,500.0,ERR PermissionError: account is banned
normal,overseas,fragile,False,True,banned,1000.0,ERR PermissionError: account is banned
normal,overseas,fragile,False,True,frozen,-1.0,ERR ValueError: amount must be non-negative
normal,overseas,fragile,False,True,frozen,0.0,OK 0.00
normal,overseas,fragile,False,True,frozen,50.0,ERR PermissionError: frozen account cannot ship overseas
normal,overseas,fragile,False,True,frozen,499.99,ERR PermissionError: frozen account cannot ship overseas
normal,overseas,fragile,False,True,frozen,500.0,ERR PermissionError: frozen account cannot ship overseas
normal,overseas,fragile,False,True,frozen,1000.0,ERR PermissionError: frozen account cannot ship overseas
normal,overseas,fragile,True,False,active,-1.0,ERR ValueError: amount must be non-negative
normal,overseas,fragile,True,False,active,0.0,OK 0.00
normal,overseas,fragile,True,False,active,50.0,ERR RuntimeError: express not available for overseas orders
normal,overseas,fragile,True,False,active,499.99,ERR RuntimeError: express not available for overseas orders
normal,overseas,fragile,True,False,active,500.0,ERR RuntimeError: express not available for overseas orders
normal,overseas,fragile,True,False,active,1000.0,ERR RuntimeError: express not available for overseas orders
normal,overseas,fragile,True,False,banned,-1.0,ERR ValueError: amount must be non-negative
normal,overseas,fragile,True,False,banned,0.0,OK 0.00
normal,overseas,fragile,True,False,banned,50.0,ERR PermissionError: account is banned
normal,overseas,fragile,True,False,banned,499.99,ERR PermissionError: account is banned
normal,overseas,fragile,True,False,banned,500.0,ERR PermissionError: account is banned
normal,overseas,fragile,True,False,banned,1000.0,ERR PermissionError: account is banned
normal,overseas,fragile,True,False,frozen,-1.0,ERR ValueError: amount must be non-negative
normal,overseas,fragile,True,False,frozen,0.0,OK 0.00
normal,overseas,fragile,True,False,frozen,50.0,ERR PermissionError: frozen account cannot ship overseas
normal,overseas,fragile,True,False,frozen,499.99,ERR PermissionError: frozen account cannot ship overseas
normal,overseas,fragile,True,False,frozen,500.0,ERR PermissionError: frozen account cannot ship overseas
normal,overseas,fragile,True,False,frozen,1000.0,ERR PermissionError: frozen account cannot ship overseas
normal,overseas,fragile,True,True,active,-1.0,ERR ValueError: amount must be non-negative
normal,overseas,fragile,True,True,active,0.0,OK 0.00
normal,overseas,fragile,True,True,active,50.0,ERR RuntimeError: express not available for overseas orders
normal,overseas,fragile,True,True,active,499.99,ERR RuntimeError: express not available for overseas orders
normal,overseas,fragile,True,True,active,500.0,ERR RuntimeError: express not available for overseas orders
normal,overseas,fragile,True,True,active,1000.0,ERR RuntimeError: express not available for overseas orders
normal,overseas,fragile,True,True,banned,-1.0,ERR ValueError: amount must be non-negative
normal,overseas,fragile,True,True,banned,0.0,OK 0.00
normal,overseas,fragile,True,True,banned,50.0,ERR PermissionError: account is banned
normal,overseas,fragile,True,True,banned,499.99,ERR PermissionError: account is banned
normal,overseas,fragile,True,True,banned,500.0,ERR PermissionError: account is banned
normal,overseas,fragile,True,True,banned,1000.0,ERR PermissionError: account is banned
normal,overseas,fragile,True,True,frozen,-1.0,ERR ValueError: amount must be non-negative
normal,overseas,fragile,True,True,frozen,0.0,OK 0.00
normal,overseas,fragile,True,True,frozen,50.0,ERR PermissionError: frozen account cannot ship overseas
normal,overseas,fragile,True,True,frozen,499.99,ERR PermissionError: frozen account cannot ship overseas
normal,overseas,fragile,True,True,frozen,500.0,ERR PermissionError: frozen account cannot ship overseas
normal,overseas,fragile,True,True,frozen,1000.0,ERR PermissionError: frozen account cannot ship overseas
normal,overseas,frozen,False,False,active,-1.0,ERR ValueError: amount must be non-negative
normal,overseas,frozen,False,False,active,0.0,OK 0.00
normal,overseas,frozen,False,False,active,50.0,ERR ValueError: frozen goods cannot be shipped overseas
normal,overseas,frozen,False,False,active,499.99,ERR ValueError: frozen goods cannot be shipped overseas
normal,overseas,frozen,False,False,active,500.0,ERR ValueError: frozen goods cannot be shipped overseas
normal,overseas,frozen,False,False,active,1000.0,ERR ValueError: frozen goods cannot be shipped overseas
normal,overseas,frozen,False,False,banned,-1.0,ERR ValueError: amount must be non-negative
normal,overseas,frozen,False,False,banned,0.0,OK 0.00
normal,overseas,frozen,False,False,banned,50.0,ERR PermissionError: account is banned
normal,overseas,frozen,False,False,banned,499.99,ERR PermissionError: account is banned
normal,overseas,frozen,False,False,banned,500.0,ERR PermissionError: account is banned
normal,overseas,frozen,False,False,banned,1000.0,ERR PermissionError: account is banned
normal,overseas,frozen,False,False,frozen,-1.0,ERR ValueError: amount must be non-negative
normal,overseas,frozen,False,False,frozen,0.0,OK 0.00
normal,overseas,frozen,False,False,frozen,50.0,ERR PermissionError: frozen account cannot ship overseas
normal,overseas,frozen,False,False,frozen,499.99,ERR PermissionError: frozen account cannot ship overseas
normal,overseas,frozen,False,False,frozen,500.0,ERR PermissionError: frozen account cannot ship overseas
normal,overseas,frozen,False,False,frozen,1000.0,ERR PermissionError: frozen account cannot ship overseas
normal,overseas,frozen,False,True,active,-1.0,ERR ValueError: amount must be non-negative
normal,overseas,frozen,False,True,active,0.0,OK 0.00
normal,overseas,frozen,False,True,active,50.0,ERR ValueError: frozen goods cannot be shipped overseas
normal,overseas,frozen,False,True,active,499.99,ERR ValueError: frozen goods cannot be shipped overseas
normal,overseas,frozen,False,True,active,500.0,ERR ValueError: frozen goods cannot be shipped overseas
normal,overseas,frozen,False,True,active,1000.0,ERR ValueError: frozen goods cannot be shipped overseas
normal,overseas,frozen,False,True,banned,-1.0,ERR ValueError: amount must be non-negative
normal,overseas,frozen,False,True,banned,0.0,OK 0.00
normal,overseas,frozen,False,True,banned,50.0,ERR PermissionError: account is banned
normal,overseas,frozen,False,True,banned,499.99,ERR PermissionError: account is banned
normal,overseas,frozen,False,True,banned,500.0,ERR PermissionError: account is banned
normal,overseas,frozen,False,True,banned,1000.0,ERR PermissionError: account is banned
normal,overseas,frozen,False,True,frozen,-1.0,ERR ValueError: amount must be non-negative
normal,overseas,frozen,False,True,frozen,0.0,OK 0.00
normal,overseas,frozen,False,True,frozen,50.0,ERR PermissionError: frozen account cannot ship overseas
normal,overseas,frozen,False,True,frozen,499.99,ERR PermissionError: frozen account cannot ship overseas
normal,overseas,frozen,False,True,frozen,500.0,ERR PermissionError: frozen account cannot ship overseas
normal,overseas,frozen,False,True,frozen,1000.0,ERR PermissionError: frozen account cannot ship overseas
normal,overseas,frozen,True,False,active,-1.0,ERR ValueError: amount must be non-negative
normal,overseas,frozen,True,False,active,0.0,OK 0.00
normal,overseas,frozen,True,False,active,50.0,ERR ValueError: frozen goods cannot be shipped overseas
normal,overseas,frozen,True,False,active,499.99,ERR ValueError: frozen goods cannot be shipped overseas
normal,overseas,frozen,True,False,active,500.0,ERR ValueError: frozen goods cannot be shipped overseas
normal,overseas,frozen,True,False,active,1000.0,ERR ValueError: frozen goods cannot be shipped overseas
normal,overseas,frozen,True,False,banned,-1.0,ERR ValueError: amount must be non-negative
normal,overseas,frozen,True,False,banned,0.0,OK 0.00
normal,overseas,frozen,True,False,banned,50.0,ERR PermissionError: account is banned
normal,overseas,frozen,True,False,banned,499.99,ERR PermissionError: account is banned
normal,overseas,frozen,True,False,banned,500.0,ERR PermissionError: account is banned
normal,overseas,frozen,True,False,banned,1000.0,ERR PermissionError: account is banned
normal,overseas,frozen,True,False,frozen,-1.0,ERR ValueError: amount must be non-negative
normal,overseas,frozen,True,False,frozen,0.0,OK 0.00
normal,overseas,frozen,True,False,frozen,50.0,ERR PermissionError: frozen account cannot ship overseas
normal,overseas,frozen,True,False,frozen,499.99,ERR PermissionError: frozen account cannot ship overseas
normal,overseas,frozen,True,False,frozen,500.0,ERR PermissionError: frozen account cannot ship overseas
normal,overseas,frozen,True,False,frozen,1000.0,ERR PermissionError: frozen account cannot ship overseas
normal,overseas,frozen,True,True,active,-1.0,ERR ValueError: amount must be non-negative
normal,overseas,frozen,True,True,active,0.0,OK 0.00
normal,overseas,frozen,True,True,active,50.0,ERR ValueError: frozen goods cannot be shipped overseas
normal,overseas,frozen,True,True,active,499.99,ERR ValueError: frozen goods cannot be shipped overseas
normal,overseas,frozen,True,True,active,500.0,ERR ValueError: frozen goods cannot be shipped overseas
normal,overseas,frozen,True,True,active,1000.0,ERR ValueError: frozen goods cannot be shipped overseas
normal,overseas,frozen,True,True,banned,-1.0,ERR ValueError: amount must be non-negative
normal,overseas,frozen,True,True,banned,0.0,OK 0.00
normal,overseas,frozen,True,True,banned,50.0,ERR PermissionError: account is banned
normal,overseas,frozen,True,True,banned,499.99,ERR PermissionError: account is banned
normal,overseas,frozen,True,True,banned,500.0,ERR PermissionError: account is banned
normal,overseas,frozen,True,True,banned,1000.0,ERR PermissionError: account is banned
normal,overseas,frozen,True,True,frozen,-1.0,ERR ValueError: amount must be non-negative
normal,overseas,frozen,True,True,frozen,0.0,OK 0.00
normal,overseas,frozen,True,True,frozen,50.0,ERR PermissionError: frozen account cannot ship overseas
normal,overseas,frozen,True,True,frozen,499.99,ERR PermissionError: frozen account cannot ship overseas
normal,overseas,frozen,True,True,frozen,500.0,ERR PermissionError: frozen account cannot ship overseas
normal,overseas,frozen,True,True,frozen,1000.0,ERR PermissionError: frozen account cannot ship overseas
normal,overseas,normal,False,False,active,-1.0,ERR ValueError: amount must be non-negative
normal,overseas,normal,False,False,active,0.0,OK 0.00
normal,overseas,normal,False,False,active,50.0,OK 40.00
normal,overseas,normal,False,False,active,499.99,OK 40.00
normal,overseas,normal,False,False,active,500.0,OK 40.00
normal,overseas,normal,False,False,active,1000.0,OK 40.00
normal,overseas,normal,False,False,banned,-1.0,ERR ValueError: amount must be non-negative
normal,overseas,normal,False,False,banned,0.0,OK 0.00
normal,overseas,normal,False,False,banned,50.0,ERR PermissionError: account is banned
normal,overseas,normal,False,False,banned,499.99,ERR PermissionError: account is banned
normal,overseas,normal,False,False,banned,500.0,ERR PermissionError: account is banned
normal,overseas,normal,False,False,banned,1000.0,ERR PermissionError: account is banned
normal,overseas,normal,False,False,frozen,-1.0,ERR ValueError: amount must be non-negative
normal,overseas,normal,False,False,frozen,0.0,OK 0.00
normal,overseas,normal,False,False,frozen,50.0,ERR PermissionError: frozen account cannot ship overseas
normal,overseas,normal,False,False,frozen,499.99,ERR PermissionError: frozen account cannot ship overseas
normal,overseas,normal,False,False,frozen,500.0,ERR PermissionError: frozen account cannot ship overseas
normal,overseas,normal,False,False,frozen,1000.0,ERR PermissionError: frozen account cannot ship overseas
normal,overseas,normal,False,True,active,-1.0,ERR ValueError: amount must be non-negative
normal,overseas,normal,False,True,active,0.0,OK 0.00
normal,overseas,normal,False,True,active,50.0,OK 40.00
normal,overseas,normal,False,True,active,499.99,OK 40.00
normal,overseas,normal,False,True,active,500.0,OK 40.00
normal,overseas,normal,False,True,active,1000.0,OK 40.00
normal,overseas,normal,False,True,banned,-1.0,ERR ValueError: amount must be non-negative
normal,overseas,normal,False,True,banned,0.0,OK 0.00
normal,overseas,normal,False,True,banned,50.0,ERR PermissionError: account is banned
normal,overseas,normal,False,True,banned,499.99,ERR PermissionError: account is banned
normal,overseas,normal,False,True,banned,500.0,ERR PermissionError: account is banned
normal,overseas,normal,False,True,banned,1000.0,ERR PermissionError: account is banned
normal,overseas,normal,False,True,frozen,-1.0,ERR ValueError: amount must be non-negative
normal,overseas,normal,False,True,frozen,0.0,OK 0.00
normal,overseas,normal,False,True,frozen,50.0,ERR PermissionError: frozen account cannot ship overseas
normal,overseas,normal,False,True,frozen,499.99,ERR PermissionError: frozen account cannot ship overseas
normal,overseas,normal,False,True,frozen,500.0,ERR PermissionError: frozen account cannot ship overseas
normal,overseas,normal,False,True,frozen,1000.0,ERR PermissionError: frozen account cannot ship overseas
normal,overseas,normal,True,False,active,-1.0,ERR ValueError: amount must be non-negative
normal,overseas,normal,True,False,active,0.0,OK 0.00
normal,overseas,normal,True,False,active,50.0,ERR RuntimeError: express not available for overseas orders
normal,overseas,normal,True,False,active,499.99,ERR RuntimeError: express not available for overseas orders
normal,overseas,normal,True,False,active,500.0,ERR RuntimeError: express not available for overseas orders
normal,overseas,normal,True,False,active,1000.0,ERR RuntimeError: express not available for overseas orders
normal,overseas,normal,True,False,banned,-1.0,ERR ValueError: amount must be non-negative
normal,overseas,normal,True,False,banned,0.0,OK 0.00
normal,overseas,normal,True,False,banned,50.0,ERR PermissionError: account is banned
normal,overseas,normal,True,False,banned,499.99,ERR PermissionError: account is banned
normal,overseas,normal,True,False,banned,500.0,ERR PermissionError: account is banned
normal,overseas,normal,True,False,banned,1000.0,ERR PermissionError: account is banned
normal,overseas,normal,True,False,frozen,-1.0,ERR ValueError: amount must be non-negative
normal,overseas,normal,True,False,frozen,0.0,OK 0.00
normal,overseas,normal,True,False,frozen,50.0,ERR PermissionError: frozen account cannot ship overseas
normal,overseas,normal,True,False,frozen,499.99,ERR PermissionError: frozen account cannot ship overseas
normal,overseas,normal,True,False,frozen,500.0,ERR PermissionError: frozen account cannot ship overseas
normal,overseas,normal,True,False,frozen,1000.0,ERR PermissionError: frozen account cannot ship overseas
normal,overseas,normal,True,True,active,-1.0,ERR ValueError: amount must be non-negative
normal,overseas,normal,True,True,active,0.0,OK 0.00
normal,overseas,normal,True,True,active,50.0,ERR RuntimeError: express not available for overseas orders
normal,overseas,normal,True,True,active,499.99,ERR RuntimeError: express not available for overseas orders
normal,overseas,normal,True,True,active,500.0,ERR RuntimeError: express not available for overseas orders
normal,overseas,normal,True,True,active,1000.0,ERR RuntimeError: express not available for overseas orders
normal,overseas,normal,True,True,banned,-1.0,ERR ValueError: amount must be non-negative
normal,overseas,normal,True,True,banned,0.0,OK 0.00
normal,overseas,normal,True,True,banned,50.0,ERR PermissionError: account is banned
normal,overseas,normal,True,True,banned,499.99,ERR PermissionError: account is banned
normal,overseas,normal,True,True,banned,500.0,ERR PermissionError: account is banned
normal,overseas,normal,True,True,banned,1000.0,ERR PermissionError: account is banned
normal,overseas,normal,True,True,frozen,-1.0,ERR ValueError: amount must be non-negative
normal,overseas,normal,True,True,frozen,0.0,OK 0.00
normal,overseas,normal,True,True,frozen,50.0,ERR PermissionError: frozen account cannot ship overseas
normal,overseas,normal,True,True,frozen,499.99,ERR PermissionError: frozen account cannot ship overseas
normal,overseas,normal,True,True,frozen,500.0,ERR PermissionError: frozen account cannot ship overseas
normal,overseas,normal,True,True,frozen,1000.0,ERR PermissionError: frozen account cannot ship overseas
normal,remote,fragile,False,False,active,-1.0,ERR ValueError: amount must be non-negative
normal,remote,fragile,False,False,active,0.0,OK 0.00
normal,remote,fragile,False,False,active,50.0,OK 23.00
normal,remote,fragile,False,False,active,499.99,OK 23.00
normal,remote,fragile,False,False,active,500.0,OK 0.00
normal,remote,fragile,False,False,active,1000.0,OK 0.00
normal,remote,fragile,False,False,banned,-1.0,ERR ValueError: amount must be non-negative
normal,remote,fragile,False,False,banned,0.0,OK 0.00
normal,remote,fragile,False,False,banned,50.0,ERR PermissionError: account is banned
normal,remote,fragile,False,False,banned,499.99,ERR PermissionError: account is banned
normal,remote,fragile,False,False,banned,500.0,ERR PermissionError: account is banned
normal,remote,fragile,False,False,banned,1000.0,ERR PermissionError: account is banned
normal,remote,fragile,False,False,frozen,-1.0,ERR ValueError: amount must be non-negative
normal,remote,fragile,False,False,frozen,0.0,OK 0.00
normal,remote,fragile,False,False,frozen,50.0,OK 23.00
normal,remote,fragile,False,False,frozen,499.99,OK 23.00
normal,remote,fragile,False,False,frozen,500.0,OK 23.00
normal,remote,fragile,False,False,frozen,1000.0,OK 23.00
normal,remote,fragile,False,True,active,-1.0,ERR ValueError: amount must be non-negative
normal,remote,fragile,False,True,active,0.0,OK 0.00
normal,remote,fragile,False,True,active,50.0,OK 23.00
normal,remote,fragile,False,True,active,499.99,OK 23.00
normal,remote,fragile,False,True,active,500.0,OK 0.00
normal,remote,fragile,False,True,active,1000.0,OK 0.00
normal,remote,fragile,False,True,banned,-1.0,ERR ValueError: amount must be non-negative
normal,remote,fragile,False,True,banned,0.0,OK 0.00
normal,remote,fragile,False,True,banned,50.0,ERR PermissionError: account is banned
normal,remote,fragile,False,True,banned,499.99,ERR PermissionError: account is banned
normal,remote,fragile,False,True,banned,500.0,ERR PermissionError: account is banned
normal,remote,fragile,False,True,banned,1000.0,ERR PermissionError: account is banned
normal,remote,fragile,False,True,frozen,-1.0,ERR ValueError: amount must be non-negative
normal,remote,fragile,False,True,frozen,0.0,OK 0.00
normal,remote,fragile,False,True,frozen,50.0,OK 23.00
normal,remote,fragile,False,True,frozen,499.99,OK 23.00
normal,remote,fragile,False,True,frozen,500.0,OK 23.00
normal,remote,fragile,False,True,frozen,1000.0,OK 23.00
normal,remote,fragile,True,False,active,-1.0,ERR ValueError: amount must be non-negative
normal,remote,fragile,True,False,active,0.0,OK 0.00
normal,remote,fragile,True,False,active,50.0,OK 48.00
normal,remote,fragile,True,False,active,499.99,OK 48.00
normal,remote,fragile,True,False,active,500.0,OK 25.00
normal,remote,fragile,True,False,active,1000.0,OK 25.00
normal,remote,fragile,True,False,banned,-1.0,ERR ValueError: amount must be non-negative
normal,remote,fragile,True,False,banned,0.0,OK 0.00
normal,remote,fragile,True,False,banned,50.0,ERR PermissionError: account is banned
normal,remote,fragile,True,False,banned,499.99,ERR PermissionError: account is banned
normal,remote,fragile,True,False,banned,500.0,ERR PermissionError: account is banned
normal,remote,fragile,True,False,banned,1000.0,ERR PermissionError: account is banned
normal,remote,fragile,True,False,frozen,-1.0,ERR ValueError: amount must be non-negative
normal,remote,fragile,True,False,frozen,0.0,OK 0.00
normal,remote,fragile,True,False,frozen,50.0,ERR RuntimeError: frozen account cannot use express
normal,remote,fragile,True,False,frozen,499.99,ERR RuntimeError: frozen account cannot use express
normal,remote,fragile,True,False,frozen,500.0,ERR RuntimeError: frozen account cannot use express
normal,remote,fragile,True,False,frozen,1000.0,ERR RuntimeError: frozen account cannot use express
normal,remote,fragile,True,True,active,-1.0,ERR ValueError: amount must be non-negative
normal,remote,fragile,True,True,active,0.0,OK 0.00
normal,remote,fragile,True,True,active,50.0,OK 53.00
normal,remote,fragile,True,True,active,499.99,OK 53.00
normal,remote,fragile,True,True,active,500.0,OK 30.00
normal,remote,fragile,True,True,active,1000.0,OK 30.00
normal,remote,fragile,True,True,banned,-1.0,ERR ValueError: amount must be non-negative
normal,remote,fragile,True,True,banned,0.0,OK 0.00
normal,remote,fragile,True,True,banned,50.0,ERR PermissionError: account is banned
normal,remote,fragile,True,True,banned,499.99,ERR PermissionError: account is banned
normal,remote,fragile,True,True,banned,500.0,ERR PermissionError: account is banned
normal,remote,fragile,True,True,banned,1000.0,ERR PermissionError: account is banned
normal,remote,fragile,True,True,frozen,-1.0,ERR ValueError: amount must be non-negative
normal,remote,fragile,True,True,frozen,0.0,OK 0.00
normal,remote,fragile,True,True,frozen,50.0,ERR RuntimeError: frozen account cannot use express
normal,remote,fragile,True,True,frozen,499.99,ERR RuntimeError: frozen account cannot use express
normal,remote,fragile,True,True,frozen,500.0,ERR RuntimeError: frozen account cannot use express
normal,remote,fragile,True,True,frozen,1000.0,ERR RuntimeError: frozen account cannot use express
normal,remote,frozen,False,False,active,-1.0,ERR ValueError: amount must be non-negative
normal,remote,frozen,False,False,active,0.0,OK 0.00
normal,remote,frozen,False,False,active,50.0,ERR ValueError: frozen goods cannot be shipped to remote area
normal,remote,frozen,False,False,active,499.99,ERR ValueError: frozen goods cannot be shipped to remote area
normal,remote,frozen,False,False,active,500.0,ERR ValueError: frozen goods cannot be shipped to remote area
normal,remote,frozen,False,False,active,1000.0,ERR ValueError: frozen goods cannot be shipped to remote area
normal,remote,frozen,False,False,banned,-1.0,ERR ValueError: amount must be non-negative
normal,remote,frozen,False,False,banned,0.0,OK 0.00
normal,remote,frozen,False,False,banned,50.0,ERR PermissionError: account is banned
normal,remote,frozen,False,False,banned,499.99,ERR PermissionError: account is banned
normal,remote,frozen,False,False,banned,500.0,ERR PermissionError: account is banned
normal,remote,frozen,False,False,banned,1000.0,ERR PermissionError: account is banned
normal,remote,frozen,False,False,frozen,-1.0,ERR ValueError: amount must be non-negative
normal,remote,frozen,False,False,frozen,0.0,OK 0.00
normal,remote,frozen,False,False,frozen,50.0,ERR ValueError: frozen goods cannot be shipped to remote area
normal,remote,frozen,False,False,frozen,499.99,ERR ValueError: frozen goods cannot be shipped to remote area
normal,remote,frozen,False,False,frozen,500.0,ERR ValueError: frozen goods cannot be shipped to remote area
normal,remote,frozen,False,False,frozen,1000.0,ERR ValueError: frozen goods cannot be shipped to remote area
normal,remote,frozen,False,True,active,-1.0,ERR ValueError: amount must be non-negative
normal,remote,frozen,False,True,active,0.0,OK 0.00
normal,remote,frozen,False,True,active,50.0,ERR ValueError: frozen goods cannot be shipped to remote area
normal,remote,frozen,False,True,active,499.99,ERR ValueError: frozen goods cannot be shipped to remote area
normal,remote,frozen,False,True,active,500.0,ERR ValueError: frozen goods cannot be shipped to remote area
normal,remote,frozen,False,True,active,1000.0,ERR ValueError: frozen goods cannot be shipped to remote area
normal,remote,frozen,False,True,banned,-1.0,ERR ValueError: amount must be non-negative
normal,remote,frozen,False,True,banned,0.0,OK 0.00
normal,remote,frozen,False,True,banned,50.0,ERR PermissionError: account is banned
normal,remote,frozen,False,True,banned,499.99,ERR PermissionError: account is banned
normal,remote,frozen,False,True,banned,500.0,ERR PermissionError: account is banned
normal,remote,frozen,False,True,banned,1000.0,ERR PermissionError: account is banned
normal,remote,frozen,False,True,frozen,-1.0,ERR ValueError: amount must be non-negative
normal,remote,frozen,False,True,frozen,0.0,OK 0.00
normal,remote,frozen,False,True,frozen,50.0,ERR ValueError: frozen goods cannot be shipped to remote area
normal,remote,frozen,False,True,frozen,499.99,ERR ValueError: frozen goods cannot be shipped to remote area
normal,remote,frozen,False,True,frozen,500.0,ERR ValueError: frozen goods cannot be shipped to remote area
normal,remote,frozen,False,True,frozen,1000.0,ERR ValueError: frozen goods cannot be shipped to remote area
normal,remote,frozen,True,False,active,-1.0,ERR ValueError: amount must be non-negative
normal,remote,frozen,True,False,active,0.0,OK 0.00
normal,remote,frozen,True,False,active,50.0,ERR ValueError: frozen goods cannot be shipped to remote area
normal,remote,frozen,True,False,active,499.99,ERR ValueError: frozen goods cannot be shipped to remote area
normal,remote,frozen,True,False,active,500.0,ERR ValueError: frozen goods cannot be shipped to remote area
normal,remote,frozen,True,False,active,1000.0,ERR ValueError: frozen goods cannot be shipped to remote area
normal,remote,frozen,True,False,banned,-1.0,ERR ValueError: amount must be non-negative
normal,remote,frozen,True,False,banned,0.0,OK 0.00
normal,remote,frozen,True,False,banned,50.0,ERR PermissionError: account is banned
normal,remote,frozen,True,False,banned,499.99,ERR PermissionError: account is banned
normal,remote,frozen,True,False,banned,500.0,ERR PermissionError: account is banned
normal,remote,frozen,True,False,banned,1000.0,ERR PermissionError: account is banned
normal,remote,frozen,True,False,frozen,-1.0,ERR ValueError: amount must be non-negative
normal,remote,frozen,True,False,frozen,0.0,OK 0.00
normal,remote,frozen,True,False,frozen,50.0,ERR RuntimeError: frozen account cannot use express
normal,remote,frozen,True,False,frozen,499.99,ERR RuntimeError: frozen account cannot use express
normal,remote,frozen,True,False,frozen,500.0,ERR RuntimeError: frozen account cannot use express
normal,remote,frozen,True,False,frozen,1000.0,ERR RuntimeError: frozen account cannot use express
normal,remote,frozen,True,True,active,-1.0,ERR ValueError: amount must be non-negative
normal,remote,frozen,True,True,active,0.0,OK 0.00
normal,remote,frozen,True,True,active,50.0,ERR ValueError: frozen goods cannot be shipped to remote area
normal,remote,frozen,True,True,active,499.99,ERR ValueError: frozen goods cannot be shipped to remote area
normal,remote,frozen,True,True,active,500.0,ERR ValueError: frozen goods cannot be shipped to remote area
normal,remote,frozen,True,True,active,1000.0,ERR ValueError: frozen goods cannot be shipped to remote area
normal,remote,frozen,True,True,banned,-1.0,ERR ValueError: amount must be non-negative
normal,remote,frozen,True,True,banned,0.0,OK 0.00
normal,remote,frozen,True,True,banned,50.0,ERR PermissionError: account is banned
normal,remote,frozen,True,True,banned,499.99,ERR PermissionError: account is banned
normal,remote,frozen,True,True,banned,500.0,ERR PermissionError: account is banned
normal,remote,frozen,True,True,banned,1000.0,ERR PermissionError: account is banned
normal,remote,frozen,True,True,frozen,-1.0,ERR ValueError: amount must be non-negative
normal,remote,frozen,True,True,frozen,0.0,OK 0.00
normal,remote,frozen,True,True,frozen,50.0,ERR RuntimeError: frozen account cannot use express
normal,remote,frozen,True,True,frozen,499.99,ERR RuntimeError: frozen account cannot use express
normal,remote,frozen,True,True,frozen,500.0,ERR RuntimeError: frozen account cannot use express
normal,remote,frozen,True,True,frozen,1000.0,ERR RuntimeError: frozen account cannot use express
normal,remote,normal,False,False,active,-1.0,ERR ValueError: amount must be non-negative
normal,remote,normal,False,False,active,0.0,OK 0.00
normal,remote,normal,False,False,active,50.0,OK 15.00
normal,remote,normal,False,False,active,499.99,OK 15.00
normal,remote,normal,False,False,active,500.0,OK 0.00
normal,remote,normal,False,False,active,1000.0,OK 0.00
normal,remote,normal,False,False,banned,-1.0,ERR ValueError: amount must be non-negative
normal,remote,normal,False,False,banned,0.0,OK 0.00
normal,remote,normal,False,False,banned,50.0,ERR PermissionError: account is banned
normal,remote,normal,False,False,banned,499.99,ERR PermissionError: account is banned
normal,remote,normal,False,False,banned,500.0,ERR PermissionError: account is banned
normal,remote,normal,False,False,banned,1000.0,ERR PermissionError: account is banned
normal,remote,normal,False,False,frozen,-1.0,ERR ValueError: amount must be non-negative
normal,remote,normal,False,False,frozen,0.0,OK 0.00
normal,remote,normal,False,False,frozen,50.0,OK 15.00
normal,remote,normal,False,False,frozen,499.99,OK 15.00
normal,remote,normal,False,False,frozen,500.0,OK 15.00
normal,remote,normal,False,False,frozen,1000.0,OK 15.00
normal,remote,normal,False,True,active,-1.0,ERR ValueError: amount must be non-negative
normal,remote,normal,False,True,active,0.0,OK 0.00
normal,remote,normal,False,True,active,50.0,OK 15.00
normal,remote,normal,False,True,active,499.99,OK 15.00
normal,remote,normal,False,True,active,500.0,OK 0.00
normal,remote,normal,False,True,active,1000.0,OK 0.00
normal,remote,normal,False,True,banned,-1.0,ERR ValueError: amount must be non-negative
normal,remote,normal,False,True,banned,0.0,OK 0.00
normal,remote,normal,False,True,banned,50.0,ERR PermissionError: account is banned
normal,remote,normal,False,True,banned,499.99,ERR PermissionError: account is banned
normal,remote,normal,False,True,banned,500.0,ERR PermissionError: account is banned
normal,remote,normal,False,True,banned,1000.0,ERR PermissionError: account is banned
normal,remote,normal,False,True,frozen,-1.0,ERR ValueError: amount must be non-negative
normal,remote,normal,False,True,frozen,0.0,OK 0.00
normal,remote,normal,False,True,frozen,50.0,OK 15.00
normal,remote,normal,False,True,frozen,499.99,OK 15.00
normal,remote,normal,False,True,frozen,500.0,OK 15.00
normal,remote,normal,False,True,frozen,1000.0,OK 15.00
normal,remote,normal,True,False,active,-1.0,ERR ValueError: amount must be non-negative
normal,remote,normal,True,False,active,0.0,OK 0.00
normal,remote,normal,True,False,active,50.0,OK 40.00
normal,remote,normal,True,False,active,499.99,OK 40.00
normal,remote,normal,True,False,active,500.0,OK 25.00
normal,remote,normal,True,False,active,1000.0,OK 25.00
normal,remote,normal,True,False,banned,-1.0,ERR ValueError: amount must be non-negative
normal,remote,normal,True,False,banned,0.0,OK 0.00
normal,remote,normal,True,False,banned,50.0,ERR PermissionError: account is banned
normal,remote,normal,True,False,banned,499.99,ERR PermissionError: account is banned
normal,remote,normal,True,False,banned,500.0,ERR PermissionError: account is banned
normal,remote,normal,True,False,banned,1000.0,ERR PermissionError: account is banned
normal,remote,normal,True,False,frozen,-1.0,ERR ValueError: amount must be non-negative
normal,remote,normal,True,False,frozen,0.0,OK 0.00
normal,remote,normal,True,False,frozen,50.0,ERR RuntimeError: frozen account cannot use express
normal,remote,normal,True,False,frozen,499.99,ERR RuntimeError: frozen account cannot use express
normal,remote,normal,True,False,frozen,500.0,ERR RuntimeError: frozen account cannot use express
normal,remote,normal,True,False,frozen,1000.0,ERR RuntimeError: frozen account cannot use express
normal,remote,normal,True,True,active,-1.0,ERR ValueError: amount must be non-negative
normal,remote,normal,True,True,active,0.0,OK 0.00
normal,remote,normal,True,True,active,50.0,OK 45.00
normal,remote,normal,True,True,active,499.99,OK 45.00
normal,remote,normal,True,True,active,500.0,OK 30.00
normal,remote,normal,True,True,active,1000.0,OK 30.00
normal,remote,normal,True,True,banned,-1.0,ERR ValueError: amount must be non-negative
normal,remote,normal,True,True,banned,0.0,OK 0.00
normal,remote,normal,True,True,banned,50.0,ERR PermissionError: account is banned
normal,remote,normal,True,True,banned,499.99,ERR PermissionError: account is banned
normal,remote,normal,True,True,banned,500.0,ERR PermissionError: account is banned
normal,remote,normal,True,True,banned,1000.0,ERR PermissionError: account is banned
normal,remote,normal,True,True,frozen,-1.0,ERR ValueError: amount must be non-negative
normal,remote,normal,True,True,frozen,0.0,OK 0.00
normal,remote,normal,True,True,frozen,50.0,ERR RuntimeError: frozen account cannot use express
normal,remote,normal,True,True,frozen,499.99,ERR RuntimeError: frozen account cannot use express
normal,remote,normal,True,True,frozen,500.0,ERR RuntimeError: frozen account cannot use express
normal,remote,normal,True,True,frozen,1000.0,ERR RuntimeError: frozen account cannot use express
silver,domestic,fragile,False,False,active,-1.0,ERR ValueError: amount must be non-negative
silver,domestic,fragile,False,False,active,0.0,OK 0.00
silver,domestic,fragile,False,False,active,50.0,OK 13.30
silver,domestic,fragile,False,False,active,499.99,OK 13.30
silver,domestic,fragile,False,False,active,500.0,OK 0.00
silver,domestic,fragile,False,False,active,1000.0,OK 0.00
silver,domestic,fragile,False,False,banned,-1.0,ERR ValueError: amount must be non-negative
silver,domestic,fragile,False,False,banned,0.0,OK 0.00
silver,domestic,fragile,False,False,banned,50.0,ERR PermissionError: account is banned
silver,domestic,fragile,False,False,banned,499.99,ERR PermissionError: account is banned
silver,domestic,fragile,False,False,banned,500.0,ERR PermissionError: account is banned
silver,domestic,fragile,False,False,banned,1000.0,ERR PermissionError: account is banned
silver,domestic,fragile,False,False,frozen,-1.0,ERR ValueError: amount must be non-negative
silver,domestic,fragile,False,False,frozen,0.0,OK 0.00
silver,domestic,fragile,False,False,frozen,50.0,OK 14.00
silver,domestic,fragile,False,False,frozen,499.99,OK 14.00
silver,domestic,fragile,False,False,frozen,500.0,OK 14.00
silver,domestic,fragile,False,False,frozen,1000.0,OK 14.00
silver,domestic,fragile,False,True,active,-1.0,ERR ValueError: amount must be non-negative
silver,domestic,fragile,False,True,active,0.0,OK 0.00
silver,domestic,fragile,False,True,active,50.0,OK 13.30
silver,domestic,fragile,False,True,active,499.99,OK 13.30
silver,domestic,fragile,False,True,active,500.0,OK 0.00
silver,domestic,fragile,False,True,active,1000.0,OK 0.00
silver,domestic,fragile,False,True,banned,-1.0,ERR ValueError: amount must be non-negative
silver,domestic,fragile,False,True,banned,0.0,OK 0.00
silver,domestic,fragile,False,True,banned,50.0,ERR PermissionError: account is banned
silver,domestic,fragile,False,True,banned,499.99,ERR PermissionError: account is banned
silver,domestic,fragile,False,True,banned,500.0,ERR PermissionError: account is banned
silver,domestic,fragile,False,True,banned,1000.0,ERR PermissionError: account is banned
silver,domestic,fragile,False,True,frozen,-1.0,ERR ValueError: amount must be non-negative
silver,domestic,fragile,False,True,frozen,0.0,OK 0.00
silver,domestic,fragile,False,True,frozen,50.0,OK 14.00
silver,domestic,fragile,False,True,frozen,499.99,OK 14.00
silver,domestic,fragile,False,True,frozen,500.0,OK 14.00
silver,domestic,fragile,False,True,frozen,1000.0,OK 14.00
silver,domestic,fragile,True,False,active,-1.0,ERR ValueError: amount must be non-negative
silver,domestic,fragile,True,False,active,0.0,OK 0.00
silver,domestic,fragile,True,False,active,50.0,OK 22.80
silver,domestic,fragile,True,False,active,499.99,OK 22.80
silver,domestic,fragile,True,False,active,500.0,OK 9.50
silver,domestic,fragile,True,False,active,1000.0,OK 9.50
silver,domestic,fragile,True,False,banned,-1.0,ERR ValueError: amount must be non-negative
silver,domestic,fragile,True,False,banned,0.0,OK 0.00
silver,domestic,fragile,True,False,banned,50.0,ERR PermissionError: account is banned
silver,domestic,fragile,True,False,banned,499.99,ERR PermissionError: account is banned
silver,domestic,fragile,True,False,banned,500.0,ERR PermissionError: account is banned
silver,domestic,fragile,True,False,banned,1000.0,ERR PermissionError: account is banned
silver,domestic,fragile,True,False,frozen,-1.0,ERR ValueError: amount must be non-negative
silver,domestic,fragile,True,False,frozen,0.0,OK 0.00
silver,domestic,fragile,True,False,frozen,50.0,ERR RuntimeError: frozen account cannot use express
silver,domestic,fragile,True,False,frozen,499.99,ERR RuntimeError: frozen account cannot use express
silver,domestic,fragile,True,False,frozen,500.0,ERR RuntimeError: frozen account cannot use express
silver,domestic,fragile,True,False,frozen,1000.0,ERR RuntimeError: frozen account cannot use express
silver,domestic,fragile,True,True,active,-1.0,ERR ValueError: amount must be non-negative
silver,domestic,fragile,True,True,active,0.0,OK 0.00
silver,domestic,fragile,True,True,active,50.0,OK 27.55
silver,domestic,fragile,True,True,active,499.99,OK 27.55
silver,domestic,fragile,True,True,active,500.0,OK 14.25
silver,domestic,fragile,True,True,active,1000.0,OK 14.25
silver,domestic,fragile,True,True,banned,-1.0,ERR ValueError: amount must be non-negative
silver,domestic,fragile,True,True,banned,0.0,OK 0.00
silver,domestic,fragile,True,True,banned,50.0,ERR PermissionError: account is banned
silver,domestic,fragile,True,True,banned,499.99,ERR PermissionError: account is banned
silver,domestic,fragile,True,True,banned,500.0,ERR PermissionError: account is banned
silver,domestic,fragile,True,True,banned,1000.0,ERR PermissionError: account is banned
silver,domestic,fragile,True,True,frozen,-1.0,ERR ValueError: amount must be non-negative
silver,domestic,fragile,True,True,frozen,0.0,OK 0.00
silver,domestic,fragile,True,True,frozen,50.0,ERR RuntimeError: frozen account cannot use express
silver,domestic,fragile,True,True,frozen,499.99,ERR RuntimeError: frozen account cannot use express
silver,domestic,fragile,True,True,frozen,500.0,ERR RuntimeError: frozen account cannot use express
silver,domestic,fragile,True,True,frozen,1000.0,ERR RuntimeError: frozen account cannot use express
silver,domestic,frozen,False,False,active,-1.0,ERR ValueError: amount must be non-negative
silver,domestic,frozen,False,False,active,0.0,OK 0.00
silver,domestic,frozen,False,False,active,50.0,OK 17.10
silver,domestic,frozen,False,False,active,499.99,OK 17.10
silver,domestic,frozen,False,False,active,500.0,OK 0.00
silver,domestic,frozen,False,False,active,1000.0,OK 0.00
silver,domestic,frozen,False,False,banned,-1.0,ERR ValueError: amount must be non-negative
silver,domestic,frozen,False,False,banned,0.0,OK 0.00
silver,domestic,frozen,False,False,banned,50.0,ERR PermissionError: account is banned
silver,domestic,frozen,False,False,banned,499.99,ERR PermissionError: account is banned
silver,domestic,frozen,False,False,banned,500.0,ERR PermissionError: account is banned
silver,domestic,frozen,False,False,banned,1000.0,ERR PermissionError: account is banned
silver,domestic,frozen,False,False,frozen,-1.0,ERR ValueError: amount must be non-negative
silver,domestic,frozen,False,False,frozen,0.0,OK 0.00
silver,domestic,frozen,False,False,frozen,50.0,OK 18.00
silver,domestic,frozen,False,False,frozen,499.99,OK 18.00
silver,domestic,frozen,False,False,frozen,500.0,OK 18.00
silver,domestic,frozen,False,False,frozen,1000.0,OK 18.00
silver,domestic,frozen,False,True,active,-1.0,ERR ValueError: amount must be non-negative
silver,domestic,frozen,False,True,active,0.0,OK 0.00
silver,domestic,frozen,False,True,active,50.0,OK 17.10
silver,domestic,frozen,False,True,active,499.99,OK 17.10
silver,domestic,frozen,False,True,active,500.0,OK 0.00
silver,domestic,frozen,False,True,active,1000.0,OK 0.00
silver,domestic,frozen,False,True,banned,-1.0,ERR ValueError: amount must be non-negative
silver,domestic,frozen,False,True,banned,0.0,OK 0.00
silver,domestic,frozen,False,True,banned,50.0,ERR PermissionError: account is banned
silver,domestic,frozen,False,True,banned,499.99,ERR PermissionError: account is banned
silver,domestic,frozen,False,True,banned,500.0,ERR PermissionError: account is banned
silver,domestic,frozen,False,True,banned,1000.0,ERR PermissionError: account is banned
silver,domestic,frozen,False,True,frozen,-1.0,ERR ValueError: amount must be non-negative
silver,domestic,frozen,False,True,frozen,0.0,OK 0.00
silver,domestic,frozen,False,True,frozen,50.0,OK 18.00
silver,domestic,frozen,False,True,frozen,499.99,OK 18.00
silver,domestic,frozen,False,True,frozen,500.0,OK 18.00
silver,domestic,frozen,False,True,frozen,1000.0,OK 18.00
silver,domestic,frozen,True,False,active,-1.0,ERR ValueError: amount must be non-negative
silver,domestic,frozen,True,False,active,0.0,OK 0.00
silver,domestic,frozen,True,False,active,50.0,OK 26.60
silver,domestic,frozen,True,False,active,499.99,OK 26.60
silver,domestic,frozen,True,False,active,500.0,OK 9.50
silver,domestic,frozen,True,False,active,1000.0,OK 9.50
silver,domestic,frozen,True,False,banned,-1.0,ERR ValueError: amount must be non-negative
silver,domestic,frozen,True,False,banned,0.0,OK 0.00
silver,domestic,frozen,True,False,banned,50.0,ERR PermissionError: account is banned
silver,domestic,frozen,True,False,banned,499.99,ERR PermissionError: account is banned
silver,domestic,frozen,True,False,banned,500.0,ERR PermissionError: account is banned
silver,domestic,frozen,True,False,banned,1000.0,ERR PermissionError: account is banned
silver,domestic,frozen,True,False,frozen,-1.0,ERR ValueError: amount must be non-negative
silver,domestic,frozen,True,False,frozen,0.0,OK 0.00
silver,domestic,frozen,True,False,frozen,50.0,ERR RuntimeError: frozen account cannot use express
silver,domestic,frozen,True,False,frozen,499.99,ERR RuntimeError: frozen account cannot use express
silver,domestic,frozen,True,False,frozen,500.0,ERR RuntimeError: frozen account cannot use express
silver,domestic,frozen,True,False,frozen,1000.0,ERR RuntimeError: frozen account cannot use express
silver,domestic,frozen,True,True,active,-1.0,ERR ValueError: amount must be non-negative
silver,domestic,frozen,True,True,active,0.0,OK 0.00
silver,domestic,frozen,True,True,active,50.0,OK 31.35
silver,domestic,frozen,True,True,active,499.99,OK 31.35
silver,domestic,frozen,True,True,active,500.0,OK 14.25
silver,domestic,frozen,True,True,active,1000.0,OK 14.25
silver,domestic,frozen,True,True,banned,-1.0,ERR ValueError: amount must be non-negative
silver,domestic,frozen,True,True,banned,0.0,OK 0.00
silver,domestic,frozen,True,True,banned,50.0,ERR PermissionError: account is banned
silver,domestic,frozen,True,True,banned,499.99,ERR PermissionError: account is banned
silver,domestic,frozen,True,True,banned,500.0,ERR PermissionError: account is banned
silver,domestic,frozen,True,True,banned,1000.0,ERR PermissionError: account is banned
silver,domestic,frozen,True,True,frozen,-1.0,ERR ValueError: amount must be non-negative
silver,domestic,frozen,True,True,frozen,0.0,OK 0.00
silver,domestic,frozen,True,True,frozen,50.0,ERR RuntimeError: frozen account cannot use express
silver,domestic,frozen,True,True,frozen,499.99,ERR RuntimeError: frozen account cannot use express
silver,domestic,frozen,True,True,frozen,500.0,ERR RuntimeError: frozen account cannot use express
silver,domestic,frozen,True,True,frozen,1000.0,ERR RuntimeError: frozen account cannot use express
silver,domestic,normal,False,False,active,-1.0,ERR ValueError: amount must be non-negative
silver,domestic,normal,False,False,active,0.0,OK 0.00
silver,domestic,normal,False,False,active,50.0,OK 5.70
silver,domestic,normal,False,False,active,499.99,OK 5.70
silver,domestic,normal,False,False,active,500.0,OK 0.00
silver,domestic,normal,False,False,active,1000.0,OK 0.00
silver,domestic,normal,False,False,banned,-1.0,ERR ValueError: amount must be non-negative
silver,domestic,normal,False,False,banned,0.0,OK 0.00
silver,domestic,normal,False,False,banned,50.0,ERR PermissionError: account is banned
silver,domestic,normal,False,False,banned,499.99,ERR PermissionError: account is banned
silver,domestic,normal,False,False,banned,500.0,ERR PermissionError: account is banned
silver,domestic,normal,False,False,banned,1000.0,ERR PermissionError: account is banned
silver,domestic,normal,False,False,frozen,-1.0,ERR ValueError: amount must be non-negative
silver,domestic,normal,False,False,frozen,0.0,OK 0.00
silver,domestic,normal,False,False,frozen,50.0,OK 6.00
silver,domestic,normal,False,False,frozen,499.99,OK 6.00
silver,domestic,normal,False,False,frozen,500.0,OK 6.00
silver,domestic,normal,False,False,frozen,1000.0,OK 6.00
silver,domestic,normal,False,True,active,-1.0,ERR ValueError: amount must be non-negative
silver,domestic,normal,False,True,active,0.0,OK 0.00
silver,domestic,normal,False,True,active,50.0,OK 5.70
silver,domestic,normal,False,True,active,499.99,OK 5.70
silver,domestic,normal,False,True,active,500.0,OK 0.00
silver,domestic,normal,False,True,active,1000.0,OK 0.00
silver,domestic,normal,False,True,banned,-1.0,ERR ValueError: amount must be non-negative
silver,domestic,normal,False,True,banned,0.0,OK 0.00
silver,domestic,normal,False,True,banned,50.0,ERR PermissionError: account is banned
silver,domestic,normal,False,True,banned,499.99,ERR PermissionError: account is banned
silver,domestic,normal,False,True,banned,500.0,ERR PermissionError: account is banned
silver,domestic,normal,False,True,banned,1000.0,ERR PermissionError: account is banned
silver,domestic,normal,False,True,frozen,-1.0,ERR ValueError: amount must be non-negative
silver,domestic,normal,False,True,frozen,0.0,OK 0.00
silver,domestic,normal,False,True,frozen,50.0,OK 6.00
silver,domestic,normal,False,True,frozen,499.99,OK 6.00
silver,domestic,normal,False,True,frozen,500.0,OK 6.00
silver,domestic,normal,False,True,frozen,1000.0,OK 6.00
silver,domestic,normal,True,False,active,-1.0,ERR ValueError: amount must be non-negative
silver,domestic,normal,True,False,active,0.0,OK 0.00
silver,domestic,normal,True,False,active,50.0,OK 15.20
silver,domestic,normal,True,False,active,499.99,OK 15.20
silver,domestic,normal,True,False,active,500.0,OK 9.50
silver,domestic,normal,True,False,active,1000.0,OK 9.50
silver,domestic,normal,True,False,banned,-1.0,ERR ValueError: amount must be non-negative
silver,domestic,normal,True,False,banned,0.0,OK 0.00
silver,domestic,normal,True,False,banned,50.0,ERR PermissionError: account is banned
silver,domestic,normal,True,False,banned,499.99,ERR PermissionError: account is banned
silver,domestic,normal,True,False,banned,500.0,ERR PermissionError: account is banned
silver,domestic,normal,True,False,banned,1000.0,ERR PermissionError: account is banned
silver,domestic,normal,True,False,frozen,-1.0,ERR ValueError: amount must be non-negative
silver,domestic,normal,True,False,frozen,0.0,OK 0.00
silver,domestic,normal,True,False,frozen,50.0,ERR RuntimeError: frozen account cannot use express
silver,domestic,normal,True,False,frozen,499.99,ERR RuntimeError: frozen account cannot use express
silver,domestic,normal,True,False,frozen,500.0,ERR RuntimeError: frozen account cannot use express
silver,domestic,normal,True,False,frozen,1000.0,ERR RuntimeError: frozen account cannot use express
silver,domestic,normal,True,True,active,-1.0,ERR ValueError: amount must be non-negative
silver,domestic,normal,True,True,active,0.0,OK 0.00
silver,domestic,normal,True,True,active,50.0,OK 19.95
silver,domestic,normal,True,True,active,499.99,OK 19.95
silver,domestic,normal,True,True,active,500.0,OK 14.25
silver,domestic,normal,True,True,active,1000.0,OK 14.25
silver,domestic,normal,True,True,banned,-1.0,ERR ValueError: amount must be non-negative
silver,domestic,normal,True,True,banned,0.0,OK 0.00
silver,domestic,normal,True,True,banned,50.0,ERR PermissionError: account is banned
silver,domestic,normal,True,True,banned,499.99,ERR PermissionError: account is banned
silver,domestic,normal,True,True,banned,500.0,ERR PermissionError: account is banned
silver,domestic,normal,True,True,banned,1000.0,ERR PermissionError: account is banned
silver,domestic,normal,True,True,frozen,-1.0,ERR ValueError: amount must be non-negative
silver,domestic,normal,True,True,frozen,0.0,OK 0.00
silver,domestic,normal,True,True,frozen,50.0,ERR RuntimeError: frozen account cannot use express
silver,domestic,normal,True,True,frozen,499.99,ERR RuntimeError: frozen account cannot use express
silver,domestic,normal,True,True,frozen,500.0,ERR RuntimeError: frozen account cannot use express
silver,domestic,normal,True,True,frozen,1000.0,ERR RuntimeError: frozen account cannot use express
silver,overseas,fragile,False,False,active,-1.0,ERR ValueError: amount must be non-negative
silver,overseas,fragile,False,False,active,0.0,OK 0.00
silver,overseas,fragile,False,False,active,50.0,OK 48.00
silver,overseas,fragile,False,False,active,499.99,OK 48.00
silver,overseas,fragile,False,False,active,500.0,OK 48.00
silver,overseas,fragile,False,False,active,1000.0,OK 48.00
silver,overseas,fragile,False,False,banned,-1.0,ERR ValueError: amount must be non-negative
silver,overseas,fragile,False,False,banned,0.0,OK 0.00
silver,overseas,fragile,False,False,banned,50.0,ERR PermissionError: account is banned
silver,overseas,fragile,False,False,banned,499.99,ERR PermissionError: account is banned
silver,overseas,fragile,False,False,banned,500.0,ERR PermissionError: account is banned
silver,overseas,fragile,False,False,banned,1000.0,ERR PermissionError: account is banned
silver,overseas,fragile,False,False,frozen,-1.0,ERR ValueError: amount must be non-negative
silver,overseas,fragile,False,False,frozen,0.0,OK 0.00
silver,overseas,fragile,False,False,frozen,50.0,ERR PermissionError: frozen account cannot ship overseas
silver,overseas,fragile,False,False,frozen,499.99,ERR PermissionError: frozen account cannot ship overseas
silver,overseas,fragile,False,False,frozen,500.0,ERR PermissionError: frozen account cannot ship overseas
silver,overseas,fragile,False,False,frozen,1000.0,ERR PermissionError: frozen account cannot ship overseas
silver,overseas,fragile,False,True,active,-1.0,ERR ValueError: amount must be non-negative
silver,overseas,fragile,False,True,active,0.0,OK 0.00
silver,overseas,fragile,False,True,active,50.0,OK 48.00
silver,overseas,fragile,False,True,active,499.99,OK 48.00
silver,overseas,fragile,False,True,active,500.0,OK 48.00
silver,overseas,fragile,False,True,active,1000.0,OK 48.00
silver,overseas,fragile,False,True,banned,-1.0,ERR ValueError: amount must be non-negative
silver,overseas,fragile,False,True,banned,0.0,OK 0.00
silver,overseas,fragile,False,True,banned,50.0,ERR PermissionError: account is banned
silver,overseas,fragile,False,True,banned,499.99,ERR PermissionError: account is banned
silver,overseas,fragile,False,True,banned,500.0,ERR PermissionError: account is banned
silver,overseas,fragile,False,True,banned,1000.0,ERR PermissionError: account is banned
silver,overseas,fragile,False,True,frozen,-1.0,ERR ValueError: amount must be non-negative
silver,overseas,fragile,False,True,frozen,0.0,OK 0.00
silver,overseas,fragile,False,True,frozen,50.0,ERR PermissionError: frozen account cannot ship overseas
silver,overseas,fragile,False,True,frozen,499.99,ERR PermissionError: frozen account cannot ship overseas
silver,overseas,fragile,False,True,frozen,500.0,ERR PermissionError: frozen account cannot ship overseas
silver,overseas,fragile,False,True,frozen,1000.0,ERR PermissionError: frozen account cannot ship overseas
silver,overseas,fragile,True,False,active,-1.0,ERR ValueError: amount must be non-negative
silver,overseas,fragile,True,False,active,0.0,OK 0.00
silver,overseas,fragile,True,False,active,50.0,ERR RuntimeError: express not available for overseas orders
silver,overseas,fragile,True,False,active,499.99,ERR RuntimeError: express not available for overseas orders
silver,overseas,fragile,True,False,active,500.0,ERR RuntimeError: express not available for overseas orders
silver,overseas,fragile,True,False,active,1000.0,ERR RuntimeError: express not available for overseas orders
silver,overseas,fragile,True,False,banned,-1.0,ERR ValueError: amount must be non-negative
silver,overseas,fragile,True,False,banned,0.0,OK 0.00
silver,overseas,fragile,True,False,banned,50.0,ERR PermissionError: account is banned
silver,overseas,fragile,True,False,banned,499.99,ERR PermissionError: account is banned
silver,overseas,fragile,True,False,banned,500.0,ERR PermissionError: account is banned
silver,overseas,fragile,True,False,banned,1000.0,ERR PermissionError: account is banned
silver,overseas,fragile,True,False,frozen,-1.0,ERR ValueError: amount must be non-negative
silver,overseas,fragile,True,False,frozen,0.0,OK 0.00
silver,overseas,fragile,True,False,frozen,50.0,ERR PermissionError: frozen account cannot ship overseas
silver,overseas,fragile,True,False,frozen,499.99,ERR PermissionError: frozen account cannot ship overseas
silver,overseas,fragile,True,False,frozen,500.0,ERR PermissionError: frozen account cannot ship overseas
silver,overseas,fragile,True,False,frozen,1000.0,ERR PermissionError: frozen account cannot ship overseas
silver,overseas,fragile,True,True,active,-1.0,ERR ValueError: amount must be non-negative
silver,overseas,fragile,True,True,active,0.0,OK 0.00
silver,overseas,fragile,True,True,active,50.0,ERR RuntimeError: express not available for overseas orders
silver,overseas,fragile,True,True,active,499.99,ERR RuntimeError: express not available for overseas orders
silver,overseas,fragile,True,True,active,500.0,ERR RuntimeError: express not available for overseas orders
silver,overseas,fragile,True,True,active,1000.0,ERR RuntimeError: express not available for overseas orders
silver,overseas,fragile,True,True,banned,-1.0,ERR ValueError: amount must be non-negative
silver,overseas,fragile,True,True,banned,0.0,OK 0.00
silver,overseas,fragile,True,True,banned,50.0,ERR PermissionError: account is banned
silver,overseas,fragile,True,True,banned,499.99,ERR PermissionError: account is banned
silver,overseas,fragile,True,True,banned,500.0,ERR PermissionError: account is banned
silver,overseas,fragile,True,True,banned,1000.0,ERR PermissionError: account is banned
silver,overseas,fragile,True,True,frozen,-1.0,ERR ValueError: amount must be non-negative
silver,overseas,fragile,True,True,frozen,0.0,OK 0.00
silver,overseas,fragile,True,True,frozen,50.0,ERR PermissionError: frozen account cannot ship overseas
silver,overseas,fragile,True,True,frozen,499.99,ERR PermissionError: frozen account cannot ship overseas
silver,overseas,fragile,True,True,frozen,500.0,ERR PermissionError: frozen account cannot ship overseas
silver,overseas,fragile,True,True,frozen,1000.0,ERR PermissionError: frozen account cannot ship overseas
silver,overseas,frozen,False,False,active,-1.0,ERR ValueError: amount must be non-negative
silver,overseas,frozen,False,False,active,0.0,OK 0.00
silver,overseas,frozen,False,False,active,50.0,ERR ValueError: frozen goods cannot be shipped overseas
silver,overseas,frozen,False,False,active,499.99,ERR ValueError: frozen goods cannot be shipped overseas
silver,overseas,frozen,False,False,active,500.0,ERR ValueError: frozen goods cannot be shipped overseas
silver,overseas,frozen,False,False,active,1000.0,ERR ValueError: frozen goods cannot be shipped overseas
silver,overseas,frozen,False,False,banned,-1.0,ERR ValueError: amount must be non-negative
silver,overseas,frozen,False,False,banned,0.0,OK 0.00
silver,overseas,frozen,False,False,banned,50.0,ERR PermissionError: account is banned
silver,overseas,frozen,False,False,banned,499.99,ERR PermissionError: account is banned
silver,overseas,frozen,False,False,banned,500.0,ERR PermissionError: account is banned
silver,overseas,frozen,False,False,banned,1000.0,ERR PermissionError: account is banned
silver,overseas,frozen,False,False,frozen,-1.0,ERR ValueError: amount must be non-negative
silver,overseas,frozen,False,False,frozen,0.0,OK 0.00
silver,overseas,frozen,False,False,frozen,50.0,ERR PermissionError: frozen account cannot ship overseas
silver,overseas,frozen,False,False,frozen,499.99,ERR PermissionError: frozen account cannot ship overseas
silver,overseas,frozen,False,False,frozen,500.0,ERR PermissionError: frozen account cannot ship overseas
silver,overseas,frozen,False,False,frozen,1000.0,ERR PermissionError: frozen account cannot ship overseas
silver,overseas,frozen,False,True,active,-1.0,ERR ValueError: amount must be non-negative
silver,overseas,frozen,False,True,active,0.0,OK 0.00
silver,overseas,frozen,False,True,active,50.0,ERR ValueError: frozen goods cannot be shipped overseas
silver,overseas,frozen,False,True,active,499.99,ERR ValueError: frozen goods cannot be shipped overseas
silver,overseas,frozen,False,True,active,500.0,ERR ValueError: frozen goods cannot be shipped overseas
silver,overseas,frozen,False,True,active,1000.0,ERR ValueError: frozen goods cannot be shipped overseas
silver,overseas,frozen,False,True,banned,-1.0,ERR ValueError: amount must be non-negative
silver,overseas,frozen,False,True,banned,0.0,OK 0.00
silver,overseas,frozen,False,True,banned,50.0,ERR PermissionError: account is banned
silver,overseas,frozen,False,True,banned,499.99,ERR PermissionError: account is banned
silver,overseas,frozen,False,True,banned,500.0,ERR PermissionError: account is banned
silver,overseas,frozen,False,True,banned,1000.0,ERR PermissionError: account is banned
silver,overseas,frozen,False,True,frozen,-1.0,ERR ValueError: amount must be non-negative
silver,overseas,frozen,False,True,frozen,0.0,OK 0.00
silver,overseas,frozen,False,True,frozen,50.0,ERR PermissionError: frozen account cannot ship overseas
silver,overseas,frozen,False,True,frozen,499.99,ERR PermissionError: frozen account cannot ship overseas
silver,overseas,frozen,False,True,frozen,500.0,ERR PermissionError: frozen account cannot ship overseas
silver,overseas,frozen,False,True,frozen,1000.0,ERR PermissionError: frozen account cannot ship overseas
silver,overseas,frozen,True,False,active,-1.0,ERR ValueError: amount must be non-negative
silver,overseas,frozen,True,False,active,0.0,OK 0.00
silver,overseas,frozen,True,False,active,50.0,ERR ValueError: frozen goods cannot be shipped overseas
silver,overseas,frozen,True,False,active,499.99,ERR ValueError: frozen goods cannot be shipped overseas
silver,overseas,frozen,True,False,active,500.0,ERR ValueError: frozen goods cannot be shipped overseas
silver,overseas,frozen,True,False,active,1000.0,ERR ValueError: frozen goods cannot be shipped overseas
silver,overseas,frozen,True,False,banned,-1.0,ERR ValueError: amount must be non-negative
silver,overseas,frozen,True,False,banned,0.0,OK 0.00
silver,overseas,frozen,True,False,banned,50.0,ERR PermissionError: account is banned
silver,overseas,frozen,True,False,banned,499.99,ERR PermissionError: account is banned
silver,overseas,frozen,True,False,banned,500.0,ERR PermissionError: account is banned
silver,overseas,frozen,True,False,banned,1000.0,ERR PermissionError: account is banned
silver,overseas,frozen,True,False,frozen,-1.0,ERR ValueError: amount must be non-negative
silver,overseas,frozen,True,False,frozen,0.0,OK 0.00
silver,overseas,frozen,True,False,frozen,50.0,ERR PermissionError: frozen account cannot ship overseas
silver,overseas,frozen,True,False,frozen,499.99,ERR PermissionError: frozen account cannot ship overseas
silver,overseas,frozen,True,False,frozen,500.0,ERR PermissionError: frozen account cannot ship overseas
silver,overseas,frozen,True,False,frozen,1000.0,ERR PermissionError: frozen account cannot ship overseas
silver,overseas,frozen,True,True,active,-1.0,ERR ValueError: amount must be non-negative
silver,overseas,frozen,True,True,active,0.0,OK 0.00
silver,overseas,frozen,True,True,active,50.0,ERR ValueError: frozen goods cannot be shipped overseas
silver,overseas,frozen,True,True,active,499.99,ERR ValueError: frozen goods cannot be shipped overseas
silver,overseas,frozen,True,True,active,500.0,ERR ValueError: frozen goods cannot be shipped overseas
silver,overseas,frozen,True,True,active,1000.0,ERR ValueError: frozen goods cannot be shipped overseas
silver,overseas,frozen,True,True,banned,-1.0,ERR ValueError: amount must be non-negative
silver,overseas,frozen,True,True,banned,0.0,OK 0.00
silver,overseas,frozen,True,True,banned,50.0,ERR PermissionError: account is banned
silver,overseas,frozen,True,True,banned,499.99,ERR PermissionError: account is banned
silver,overseas,frozen,True,True,banned,500.0,ERR PermissionError: account is banned
silver,overseas,frozen,True,True,banned,1000.0,ERR PermissionError: account is banned
silver,overseas,frozen,True,True,frozen,-1.0,ERR ValueError: amount must be non-negative
silver,overseas,frozen,True,True,frozen,0.0,OK 0.00
silver,overseas,frozen,True,True,frozen,50.0,ERR PermissionError: frozen account cannot ship overseas
silver,overseas,frozen,True,True,frozen,499.99,ERR PermissionError: frozen account cannot ship overseas
silver,overseas,frozen,True,True,frozen,500.0,ERR PermissionError: frozen account cannot ship overseas
silver,overseas,frozen,True,True,frozen,1000.0,ERR PermissionError: frozen account cannot ship overseas
silver,overseas,normal,False,False,active,-1.0,ERR ValueError: amount must be non-negative
silver,overseas,normal,False,False,active,0.0,OK 0.00
silver,overseas,normal,False,False,active,50.0,OK 40.00
silver,overseas,normal,False,False,active,499.99,OK 40.00
silver,overseas,normal,False,False,active,500.0,OK 40.00
silver,overseas,normal,False,False,active,1000.0,OK 40.00
silver,overseas,normal,False,False,banned,-1.0,ERR ValueError: amount must be non-negative
silver,overseas,normal,False,False,banned,0.0,OK 0.00
silver,overseas,normal,False,False,banned,50.0,ERR PermissionError: account is banned
silver,overseas,normal,False,False,banned,499.99,ERR PermissionError: account is banned
silver,overseas,normal,False,False,banned,500.0,ERR PermissionError: account is banned
silver,overseas,normal,False,False,banned,1000.0,ERR PermissionError: account is banned
silver,overseas,normal,False,False,frozen,-1.0,ERR ValueError: amount must be non-negative
silver,overseas,normal,False,False,frozen,0.0,OK 0.00
silver,overseas,normal,False,False,frozen,50.0,ERR PermissionError: frozen account cannot ship overseas
silver,overseas,normal,False,False,frozen,499.99,ERR PermissionError: frozen account cannot ship overseas
silver,overseas,normal,False,False,frozen,500.0,ERR PermissionError: frozen account cannot ship overseas
silver,overseas,normal,False,False,frozen,1000.0,ERR PermissionError: frozen account cannot ship overseas
silver,overseas,normal,False,True,active,-1.0,ERR ValueError: amount must be non-negative
silver,overseas,normal,False,True,active,0.0,OK 0.00
silver,overseas,normal,False,True,active,50.0,OK 40.00
silver,overseas,normal,False,True,active,499.99,OK 40.00
silver,overseas,normal,False,True,active,500.0,OK 40.00
silver,overseas,normal,False,True,active,1000.0,OK 40.00
silver,overseas,normal,False,True,banned,-1.0,ERR ValueError: amount must be non-negative
silver,overseas,normal,False,True,banned,0.0,OK 0.00
silver,overseas,normal,False,True,banned,50.0,ERR PermissionError: account is banned
silver,overseas,normal,False,True,banned,499.99,ERR PermissionError: account is banned
silver,overseas,normal,False,True,banned,500.0,ERR PermissionError: account is banned
silver,overseas,normal,False,True,banned,1000.0,ERR PermissionError: account is banned
silver,overseas,normal,False,True,frozen,-1.0,ERR ValueError: amount must be non-negative
silver,overseas,normal,False,True,frozen,0.0,OK 0.00
silver,overseas,normal,False,True,frozen,50.0,ERR PermissionError: frozen account cannot ship overseas
silver,overseas,normal,False,True,frozen,499.99,ERR PermissionError: frozen account cannot ship overseas
silver,overseas,normal,False,True,frozen,500.0,ERR PermissionError: frozen account cannot ship overseas
silver,overseas,normal,False,True,frozen,1000.0,ERR PermissionError: frozen account cannot ship overseas
silver,overseas,normal,True,False,active,-1.0,ERR ValueError: amount must be non-negative
silver,overseas,normal,True,False,active,0.0,OK 0.00
silver,overseas,normal,True,False,active,50.0,ERR RuntimeError: express not available for overseas orders
silver,overseas,normal,True,False,active,499.99,ERR RuntimeError: express not available for overseas orders
silver,overseas,normal,True,False,active,500.0,ERR RuntimeError: express not available for overseas orders
silver,overseas,normal,True,False,active,1000.0,ERR RuntimeError: express not available for overseas orders
silver,overseas,normal,True,False,banned,-1.0,ERR ValueError: amount must be non-negative
silver,overseas,normal,True,False,banned,0.0,OK 0.00
silver,overseas,normal,True,False,banned,50.0,ERR PermissionError: account is banned
silver,overseas,normal,True,False,banned,499.99,ERR PermissionError: account is banned
silver,overseas,normal,True,False,banned,500.0,ERR PermissionError: account is banned
silver,overseas,normal,True,False,banned,1000.0,ERR PermissionError: account is banned
silver,overseas,normal,True,False,frozen,-1.0,ERR ValueError: amount must be non-negative
silver,overseas,normal,True,False,frozen,0.0,OK 0.00
silver,overseas,normal,True,False,frozen,50.0,ERR PermissionError: frozen account cannot ship overseas
silver,overseas,normal,True,False,frozen,499.99,ERR PermissionError: frozen account cannot ship overseas
silver,overseas,normal,True,False,frozen,500.0,ERR PermissionError: frozen account cannot ship overseas
silver,overseas,normal,True,False,frozen,1000.0,ERR PermissionError: frozen account cannot ship overseas
silver,overseas,normal,True,True,active,-1.0,ERR ValueError: amount must be non-negative
silver,overseas,normal,True,True,active,0.0,OK 0.00
silver,overseas,normal,True,True,active,50.0,ERR RuntimeError: express not available for overseas orders
silver,overseas,normal,True,True,active,499.99,ERR RuntimeError: express not available for overseas orders
silver,overseas,normal,True,True,active,500.0,ERR RuntimeError: express not available for overseas orders
silver,overseas,normal,True,True,active,1000.0,ERR RuntimeError: express not available for overseas orders
silver,overseas,normal,True,True,banned,-1.0,ERR ValueError: amount must be non-negative
silver,overseas,normal,True,True,banned,0.0,OK 0.00
silver,overseas,normal,True,True,banned,50.0,ERR PermissionError: account is banned
silver,overseas,normal,True,True,banned,499.99,ERR PermissionError: account is banned
silver,overseas,normal,True,True,banned,500.0,ERR PermissionError: account is banned
silver,overseas,normal,True,True,banned,1000.0,ERR PermissionError: account is banned
silver,overseas,normal,True,True,frozen,-1.0,ERR ValueError: amount must be non-negative
silver,overseas,normal,True,True,frozen,0.0,OK 0.00
silver,overseas,normal,True,True,frozen,50.0,ERR PermissionError: frozen account cannot ship overseas
silver,overseas,normal,True,True,frozen,499.99,ERR PermissionError: frozen account cannot ship overseas
silver,overseas,normal,True,True,frozen,500.0,ERR PermissionError: frozen account cannot ship overseas
silver,overseas,normal,True,True,frozen,1000.0,ERR PermissionError: frozen account cannot ship overseas
silver,remote,fragile,False,False,active,-1.0,ERR ValueError: amount must be non-negative
silver,remote,fragile,False,False,active,0.0,OK 0.00
silver,remote,fragile,False,False,active,50.0,OK 23.00
silver,remote,fragile,False,False,active,499.99,OK 23.00
silver,remote,fragile,False,False,active,500.0,OK 0.00
silver,remote,fragile,False,False,active,1000.0,OK 0.00
silver,remote,fragile,False,False,banned,-1.0,ERR ValueError: amount must be non-negative
silver,remote,fragile,False,False,banned,0.0,OK 0.00
silver,remote,fragile,False,False,banned,50.0,ERR PermissionError: account is banned
silver,remote,fragile,False,False,banned,499.99,ERR PermissionError: account is banned
silver,remote,fragile,False,False,banned,500.0,ERR PermissionError: account is banned
silver,remote,fragile,False,False,banned,1000.0,ERR PermissionError: account is banned
silver,remote,fragile,False,False,frozen,-1.0,ERR ValueError: amount must be non-negative
silver,remote,fragile,False,False,frozen,0.0,OK 0.00
silver,remote,fragile,False,False,frozen,50.0,OK 23.00
silver,remote,fragile,False,False,frozen,499.99,OK 23.00
silver,remote,fragile,False,False,frozen,500.0,OK 23.00
silver,remote,fragile,False,False,frozen,1000.0,OK 23.00
silver,remote,fragile,False,True,active,-1.0,ERR ValueError: amount must be non-negative
silver,remote,fragile,False,True,active,0.0,OK 0.00
silver,remote,fragile,False,True,active,50.0,OK 23.00
silver,remote,fragile,False,True,active,499.99,OK 23.00
silver,remote,fragile,False,True,active,500.0,OK 0.00
silver,remote,fragile,False,True,active,1000.0,OK 0.00
silver,remote,fragile,False,True,banned,-1.0,ERR ValueError: amount must be non-negative
silver,remote,fragile,False,True,banned,0.0,OK 0.00
silver,remote,fragile,False,True,banned,50.0,ERR PermissionError: account is banned
silver,remote,fragile,False,True,banned,499.99,ERR PermissionError: account is banned
silver,remote,fragile,False,True,banned,500.0,ERR PermissionError: account is banned
silver,remote,fragile,False,True,banned,1000.0,ERR PermissionError: account is banned
silver,remote,fragile,False,True,frozen,-1.0,ERR ValueError: amount must be non-negative
silver,remote,fragile,False,True,frozen,0.0,OK 0.00
silver,remote,fragile,False,True,frozen,50.0,OK 23.00
silver,remote,fragile,False,True,frozen,499.99,OK 23.00
silver,remote,fragile,False,True,frozen,500.0,OK 23.00
silver,remote,fragile,False,True,frozen,1000.0,OK 23.00
silver,remote,fragile,True,False,active,-1.0,ERR ValueError: amount must be non-negative
silver,remote,fragile,True,False,active,0.0,OK 0.00
silver,remote,fragile,True,False,active,50.0,OK 48.00
silver,remote,fragile,True,False,active,499.99,OK 48.00
silver,remote,fragile,True,False,active,500.0,OK 25.00
silver,remote,fragile,True,False,active,1000.0,OK 25.00
silver,remote,fragile,True,False,banned,-1.0,ERR ValueError: amount must be non-negative
silver,remote,fragile,True,False,banned,0.0,OK 0.00
silver,remote,fragile,True,False,banned,50.0,ERR PermissionError: account is banned
silver,remote,fragile,True,False,banned,499.99,ERR PermissionError: account is banned
silver,remote,fragile,True,False,banned,500.0,ERR PermissionError: account is banned
silver,remote,fragile,True,False,banned,1000.0,ERR PermissionError: account is banned
silver,remote,fragile,True,False,frozen,-1.0,ERR ValueError: amount must be non-negative
silver,remote,fragile,True,False,frozen,0.0,OK 0.00
silver,remote,fragile,True,False,frozen,50.0,ERR RuntimeError: frozen account cannot use express
silver,remote,fragile,True,False,frozen,499.99,ERR RuntimeError: frozen account cannot use express
silver,remote,fragile,True,False,frozen,500.0,ERR RuntimeError: frozen account cannot use express
silver,remote,fragile,True,False,frozen,1000.0,ERR RuntimeError: frozen account cannot use express
silver,remote,fragile,True,True,active,-1.0,ERR ValueError: amount must be non-negative
silver,remote,fragile,True,True,active,0.0,OK 0.00
silver,remote,fragile,True,True,active,50.0,OK 53.00
silver,remote,fragile,True,True,active,499.99,OK 53.00
silver,remote,fragile,True,True,active,500.0,OK 30.00
silver,remote,fragile,True,True,active,1000.0,OK 30.00
silver,remote,fragile,True,True,banned,-1.0,ERR ValueError: amount must be non-negative
silver,remote,fragile,True,True,banned,0.0,OK 0.00
silver,remote,fragile,True,True,banned,50.0,ERR PermissionError: account is banned
silver,remote,fragile,True,True,banned,499.99,ERR PermissionError: account is banned
silver,remote,fragile,True,True,banned,500.0,ERR PermissionError: account is banned
silver,remote,fragile,True,True,banned,1000.0,ERR PermissionError: account is banned
silver,remote,fragile,True,True,frozen,-1.0,ERR ValueError: amount must be non-negative
silver,remote,fragile,True,True,frozen,0.0,OK 0.00
silver,remote,fragile,True,True,frozen,50.0,ERR RuntimeError: frozen account cannot use express
silver,remote,fragile,True,True,frozen,499.99,ERR RuntimeError: frozen account cannot use express
silver,remote,fragile,True,True,frozen,500.0,ERR RuntimeError: frozen account cannot use express
silver,remote,fragile,True,True,frozen,1000.0,ERR RuntimeError: frozen account cannot use express
silver,remote,frozen,False,False,active,-1.0,ERR ValueError: amount must be non-negative
silver,remote,frozen,False,False,active,0.0,OK 0.00
silver,remote,frozen,False,False,active,50.0,ERR ValueError: frozen goods cannot be shipped to remote area
silver,remote,frozen,False,False,active,499.99,ERR ValueError: frozen goods cannot be shipped to remote area
silver,remote,frozen,False,False,active,500.0,ERR ValueError: frozen goods cannot be shipped to remote area
silver,remote,frozen,False,False,active,1000.0,ERR ValueError: frozen goods cannot be shipped to remote area
silver,remote,frozen,False,False,banned,-1.0,ERR ValueError: amount must be non-negative
silver,remote,frozen,False,False,banned,0.0,OK 0.00
silver,remote,frozen,False,False,banned,50.0,ERR PermissionError: account is banned
silver,remote,frozen,False,False,banned,499.99,ERR PermissionError: account is banned
silver,remote,frozen,False,False,banned,500.0,ERR PermissionError: account is banned
silver,remote,frozen,False,False,banned,1000.0,ERR PermissionError: account is banned
silver,remote,frozen,False,False,frozen,-1.0,ERR ValueError: amount must be non-negative
silver,remote,frozen,False,False,frozen,0.0,OK 0.00
silver,remote,frozen,False,False,frozen,50.0,ERR ValueError: frozen goods cannot be shipped to remote area
silver,remote,frozen,False,False,frozen,499.99,ERR ValueError: frozen goods cannot be shipped to remote area
silver,remote,frozen,False,False,frozen,500.0,ERR ValueError: frozen goods cannot be shipped to remote area
silver,remote,frozen,False,False,frozen,1000.0,ERR ValueError: frozen goods cannot be shipped to remote area
silver,remote,frozen,False,True,active,-1.0,ERR ValueError: amount must be non-negative
silver,remote,frozen,False,True,active,0.0,OK 0.00
silver,remote,frozen,False,True,active,50.0,ERR ValueError: frozen goods cannot be shipped to remote area
silver,remote,frozen,False,True,active,499.99,ERR ValueError: frozen goods cannot be shipped to remote area
silver,remote,frozen,False,True,active,500.0,ERR ValueError: frozen goods cannot be shipped to remote area
silver,remote,frozen,False,True,active,1000.0,ERR ValueError: frozen goods cannot be shipped to remote area
silver,remote,frozen,False,True,banned,-1.0,ERR ValueError: amount must be non-negative
silver,remote,frozen,False,True,banned,0.0,OK 0.00
silver,remote,frozen,False,True,banned,50.0,ERR PermissionError: account is banned
silver,remote,frozen,False,True,banned,499.99,ERR PermissionError: account is banned
silver,remote,frozen,False,True,banned,500.0,ERR PermissionError: account is banned
silver,remote,frozen,False,True,banned,1000.0,ERR PermissionError: account is banned
silver,remote,frozen,False,True,frozen,-1.0,ERR ValueError: amount must be non-negative
silver,remote,frozen,False,True,frozen,0.0,OK 0.00
silver,remote,frozen,False,True,frozen,50.0,ERR ValueError: frozen goods cannot be shipped to remote area
silver,remote,frozen,False,True,frozen,499.99,ERR ValueError: frozen goods cannot be shipped to remote area
silver,remote,frozen,False,True,frozen,500.0,ERR ValueError: frozen goods cannot be shipped to remote area
silver,remote,frozen,False,True,frozen,1000.0,ERR ValueError: frozen goods cannot be shipped to remote area
silver,remote,frozen,True,False,active,-1.0,ERR ValueError: amount must be non-negative
silver,remote,frozen,True,False,active,0.0,OK 0.00
silver,remote,frozen,True,False,active,50.0,ERR ValueError: frozen goods cannot be shipped to remote area
silver,remote,frozen,True,False,active,499.99,ERR ValueError: frozen goods cannot be shipped to remote area
silver,remote,frozen,True,False,active,500.0,ERR ValueError: frozen goods cannot be shipped to remote area
silver,remote,frozen,True,False,active,1000.0,ERR ValueError: frozen goods cannot be shipped to remote area
silver,remote,frozen,True,False,banned,-1.0,ERR ValueError: amount must be non-negative
silver,remote,frozen,True,False,banned,0.0,OK 0.00
silver,remote,frozen,True,False,banned,50.0,ERR PermissionError: account is banned
silver,remote,frozen,True,False,banned,499.99,ERR PermissionError: account is banned
silver,remote,frozen,True,False,banned,500.0,ERR PermissionError: account is banned
silver,remote,frozen,True,False,banned,1000.0,ERR PermissionError: account is banned
silver,remote,frozen,True,False,frozen,-1.0,ERR ValueError: amount must be non-negative
silver,remote,frozen,True,False,frozen,0.0,OK 0.00
silver,remote,frozen,True,False,frozen,50.0,ERR RuntimeError: frozen account cannot use express
silver,remote,frozen,True,False,frozen,499.99,ERR RuntimeError: frozen account cannot use express
silver,remote,frozen,True,False,frozen,500.0,ERR RuntimeError: frozen account cannot use express
silver,remote,frozen,True,False,frozen,1000.0,ERR RuntimeError: frozen account cannot use express
silver,remote,frozen,True,True,active,-1.0,ERR ValueError: amount must be non-negative
silver,remote,frozen,True,True,active,0.0,OK 0.00
silver,remote,frozen,True,True,active,50.0,ERR ValueError: frozen goods cannot be shipped to remote area
silver,remote,frozen,True,True,active,499.99,ERR ValueError: frozen goods cannot be shipped to remote area
silver,remote,frozen,True,True,active,500.0,ERR ValueError: frozen goods cannot be shipped to remote area
silver,remote,frozen,True,True,active,1000.0,ERR ValueError: frozen goods cannot be shipped to remote area
silver,remote,frozen,True,True,banned,-1.0,ERR ValueError: amount must be non-negative
silver,remote,frozen,True,True,banned,0.0,OK 0.00
silver,remote,frozen,True,True,banned,50.0,ERR PermissionError: account is banned
silver,remote,frozen,True,True,banned,499.99,ERR PermissionError: account is banned
silver,remote,frozen,True,True,banned,500.0,ERR PermissionError: account is banned
silver,remote,frozen,True,True,banned,1000.0,ERR PermissionError: account is banned
silver,remote,frozen,True,True,frozen,-1.0,ERR ValueError: amount must be non-negative
silver,remote,frozen,True,True,frozen,0.0,OK 0.00
silver,remote,frozen,True,True,frozen,50.0,ERR RuntimeError: frozen account cannot use express
silver,remote,frozen,True,True,frozen,499.99,ERR RuntimeError: frozen account cannot use express
silver,remote,frozen,True,True,frozen,500.0,ERR RuntimeError: frozen account cannot use express
silver,remote,frozen,True,True,frozen,1000.0,ERR RuntimeError: frozen account cannot use express
silver,remote,normal,False,False,active,-1.0,ERR ValueError: amount must be non-negative
silver,remote,normal,False,False,active,0.0,OK 0.00
silver,remote,normal,False,False,active,50.0,OK 15.00
silver,remote,normal,False,False,active,499.99,OK 15.00
silver,remote,normal,False,False,active,500.0,OK 0.00
silver,remote,normal,False,False,active,1000.0,OK 0.00
silver,remote,normal,False,False,banned,-1.0,ERR ValueError: amount must be non-negative
silver,remote,normal,False,False,banned,0.0,OK 0.00
silver,remote,normal,False,False,banned,50.0,ERR PermissionError: account is banned
silver,remote,normal,False,False,banned,499.99,ERR PermissionError: account is banned
silver,remote,normal,False,False,banned,500.0,ERR PermissionError: account is banned
silver,remote,normal,False,False,banned,1000.0,ERR PermissionError: account is banned
silver,remote,normal,False,False,frozen,-1.0,ERR ValueError: amount must be non-negative
silver,remote,normal,False,False,frozen,0.0,OK 0.00
silver,remote,normal,False,False,frozen,50.0,OK 15.00
silver,remote,normal,False,False,frozen,499.99,OK 15.00
silver,remote,normal,False,False,frozen,500.0,OK 15.00
silver,remote,normal,False,False,frozen,1000.0,OK 15.00
silver,remote,normal,False,True,active,-1.0,ERR ValueError: amount must be non-negative
silver,remote,normal,False,True,active,0.0,OK 0.00
silver,remote,normal,False,True,active,50.0,OK 15.00
silver,remote,normal,False,True,active,499.99,OK 15.00
silver,remote,normal,False,True,active,500.0,OK 0.00
silver,remote,normal,False,True,active,1000.0,OK 0.00
silver,remote,normal,False,True,banned,-1.0,ERR ValueError: amount must be non-negative
silver,remote,normal,False,True,banned,0.0,OK 0.00
silver,remote,normal,False,True,banned,50.0,ERR PermissionError: account is banned
silver,remote,normal,False,True,banned,499.99,ERR PermissionError: account is banned
silver,remote,normal,False,True,banned,500.0,ERR PermissionError: account is banned
silver,remote,normal,False,True,banned,1000.0,ERR PermissionError: account is banned
silver,remote,normal,False,True,frozen,-1.0,ERR ValueError: amount must be non-negative
silver,remote,normal,False,True,frozen,0.0,OK 0.00
silver,remote,normal,False,True,frozen,50.0,OK 15.00
silver,remote,normal,False,True,frozen,499.99,OK 15.00
silver,remote,normal,False,True,frozen,500.0,OK 15.00
silver,remote,normal,False,True,frozen,1000.0,OK 15.00
silver,remote,normal,True,False,active,-1.0,ERR ValueError: amount must be non-negative
silver,remote,normal,True,False,active,0.0,OK 0.00
silver,remote,normal,True,False,active,50.0,OK 40.00
silver,remote,normal,True,False,active,499.99,OK 40.00
silver,remote,normal,True,False,active,500.0,OK 25.00
silver,remote,normal,True,False,active,1000.0,OK 25.00
silver,remote,normal,True,False,banned,-1.0,ERR ValueError: amount must be non-negative
silver,remote,normal,True,False,banned,0.0,OK 0.00
silver,remote,normal,True,False,banned,50.0,ERR PermissionError: account is banned
silver,remote,normal,True,False,banned,499.99,ERR PermissionError: account is banned
silver,remote,normal,True,False,banned,500.0,ERR PermissionError: account is banned
silver,remote,normal,True,False,banned,1000.0,ERR PermissionError: account is banned
silver,remote,normal,True,False,frozen,-1.0,ERR ValueError: amount must be non-negative
silver,remote,normal,True,False,frozen,0.0,OK 0.00
silver,remote,normal,True,False,frozen,50.0,ERR RuntimeError: frozen account cannot use express
silver,remote,normal,True,False,frozen,499.99,ERR RuntimeError: frozen account cannot use express
silver,remote,normal,True,False,frozen,500.0,ERR RuntimeError: frozen account cannot use express
silver,remote,normal,True,False,frozen,1000.0,ERR RuntimeError: frozen account cannot use express
silver,remote,normal,True,True,active,-1.0,ERR ValueError: amount must be non-negative
silver,remote,normal,True,True,active,0.0,OK 0.00
silver,remote,normal,True,True,active,50.0,OK 45.00
silver,remote,normal,True,True,active,499.99,OK 45.00
silver,remote,normal,True,True,active,500.0,OK 30.00
silver,remote,normal,True,True,active,1000.0,OK 30.00
silver,remote,normal,True,True,banned,-1.0,ERR ValueError: amount must be non-negative
silver,remote,normal,True,True,banned,0.0,OK 0.00
silver,remote,normal,True,True,banned,50.0,ERR PermissionError: account is banned
silver,remote,normal,True,True,banned,499.99,ERR PermissionError: account is banned
silver,remote,normal,True,True,banned,500.0,ERR PermissionError: account is banned
silver,remote,normal,True,True,banned,1000.0,ERR PermissionError: account is banned
silver,remote,normal,True,True,frozen,-1.0,ERR ValueError: amount must be non-negative
silver,remote,normal,True,True,frozen,0.0,OK 0.00
silver,remote,normal,True,True,frozen,50.0,ERR RuntimeError: frozen account cannot use express
silver,remote,normal,True,True,frozen,499.99,ERR RuntimeError: frozen account cannot use express
silver,remote,normal,True,True,frozen,500.0,ERR RuntimeError: frozen account cannot use express
silver,remote,normal,True,True,frozen,1000.0,ERR RuntimeError: frozen account cannot use express
staff,domestic,fragile,False,False,active,-1.0,ERR ValueError: amount must be non-negative
staff,domestic,fragile,False,False,active,0.0,OK 0.00
staff,domestic,fragile,False,False,active,50.0,OK 9.80
staff,domestic,fragile,False,False,active,499.99,OK 9.80
staff,domestic,fragile,False,False,active,500.0,OK 0.00
staff,domestic,fragile,False,False,active,1000.0,OK 0.00
staff,domestic,fragile,False,False,banned,-1.0,ERR ValueError: amount must be non-negative
staff,domestic,fragile,False,False,banned,0.0,OK 0.00
staff,domestic,fragile,False,False,banned,50.0,ERR PermissionError: account is banned
staff,domestic,fragile,False,False,banned,499.99,ERR PermissionError: account is banned
staff,domestic,fragile,False,False,banned,500.0,ERR PermissionError: account is banned
staff,domestic,fragile,False,False,banned,1000.0,ERR PermissionError: account is banned
staff,domestic,fragile,False,False,frozen,-1.0,ERR ValueError: amount must be non-negative
staff,domestic,fragile,False,False,frozen,0.0,OK 0.00
staff,domestic,fragile,False,False,frozen,50.0,OK 14.00
staff,domestic,fragile,False,False,frozen,499.99,OK 14.00
staff,domestic,fragile,False,False,frozen,500.0,OK 14.00
staff,domestic,fragile,False,False,frozen,1000.0,OK 14.00
staff,domestic,fragile,False,True,active,-1.0,ERR ValueError: amount must be non-negative
staff,domestic,fragile,False,True,active,0.0,OK 0.00
staff,domestic,fragile,False,True,active,50.0,OK 4.80
staff,domestic,fragile,False,True,active,499.99,OK 4.80
staff,domestic,fragile,False,True,active,500.0,OK 0.00
staff,domestic,fragile,False,True,active,1000.0,OK 0.00
staff,domestic,fragile,False,True,banned,-1.0,ERR ValueError: amount must be non-negative
staff,domestic,fragile,False,True,banned,0.0,OK 0.00
staff,domestic,fragile,False,True,banned,50.0,ERR PermissionError: account is banned
staff,domestic,fragile,False,True,banned,499.99,ERR PermissionError: account is banned
staff,domestic,fragile,False,True,banned,500.0,ERR PermissionError: account is banned
staff,domestic,fragile,False,True,banned,1000.0,ERR PermissionError: account is banned
staff,domestic,fragile,False,True,frozen,-1.0,ERR ValueError: amount must be non-negative
staff,domestic,fragile,False,True,frozen,0.0,OK 0.00
staff,domestic,fragile,False,True,frozen,50.0,OK 14.00
staff,domestic,fragile,False,True,frozen,499.99,OK 14.00
staff,domestic,fragile,False,True,frozen,500.0,OK 14.00
staff,domestic,fragile,False,True,frozen,1000.0,OK 14.00
staff,domestic,fragile,True,False,active,-1.0,ERR ValueError: amount must be non-negative
staff,domestic,fragile,True,False,active,0.0,OK 0.00
staff,domestic,fragile,True,False,active,50.0,OK 16.80
staff,domestic,fragile,True,False,active,499.99,OK 16.80
staff,domestic,fragile,True,False,active,500.0,OK 7.00
staff,domestic,fragile,True,False,active,1000.0,OK 7.00
staff,domestic,fragile,True,False,banned,-1.0,ERR ValueError: amount must be non-negative
staff,domestic,fragile,True,False,banned,0.0,OK 0.00
staff,domestic,fragile,True,False,banned,50.0,ERR PermissionError: account is banned
staff,domestic,fragile,True,False,banned,499.99,ERR PermissionError: account is banned
staff,domestic,fragile,True,False,banned,500.0,ERR PermissionError: account is banned
staff,domestic,fragile,True,False,banned,1000.0,ERR PermissionError: account is banned
staff,domestic,fragile,True,False,frozen,-1.0,ERR ValueError: amount must be non-negative
staff,domestic,fragile,True,False,frozen,0.0,OK 0.00
staff,domestic,fragile,True,False,frozen,50.0,ERR RuntimeError: frozen account cannot use express
staff,domestic,fragile,True,False,frozen,499.99,ERR RuntimeError: frozen account cannot use express
staff,domestic,fragile,True,False,frozen,500.0,ERR RuntimeError: frozen account cannot use express
staff,domestic,fragile,True,False,frozen,1000.0,ERR RuntimeError: frozen account cannot use express
staff,domestic,fragile,True,True,active,-1.0,ERR ValueError: amount must be non-negative
staff,domestic,fragile,True,True,active,0.0,OK 0.00
staff,domestic,fragile,True,True,active,50.0,OK 15.30
staff,domestic,fragile,True,True,active,499.99,OK 15.30
staff,domestic,fragile,True,True,active,500.0,OK 5.50
staff,domestic,fragile,True,True,active,1000.0,OK 5.50
staff,domestic,fragile,True,True,banned,-1.0,ERR ValueError: amount must be non-negative
staff,domestic,fragile,True,True,banned,0.0,OK 0.00
staff,domestic,fragile,True,True,banned,50.0,ERR PermissionError: account is banned
staff,domestic,fragile,True,True,banned,499.99,ERR PermissionError: account is banned
staff,domestic,fragile,True,True,banned,500.0,ERR PermissionError: account is banned
staff,domestic,fragile,True,True,banned,1000.0,ERR PermissionError: account is banned
staff,domestic,fragile,True,True,frozen,-1.0,ERR ValueError: amount must be non-negative
staff,domestic,fragile,True,True,frozen,0.0,OK 0.00
staff,domestic,fragile,True,True,frozen,50.0,ERR RuntimeError: frozen account cannot use express
staff,domestic,fragile,True,True,frozen,499.99,ERR RuntimeError: frozen account cannot use express
staff,domestic,fragile,True,True,frozen,500.0,ERR RuntimeError: frozen account cannot use express
staff,domestic,fragile,True,True,frozen,1000.0,ERR RuntimeError: frozen account cannot use express
staff,domestic,frozen,False,False,active,-1.0,ERR ValueError: amount must be non-negative
staff,domestic,frozen,False,False,active,0.0,OK 0.00
staff,domestic,frozen,False,False,active,50.0,OK 12.60
staff,domestic,frozen,False,False,active,499.99,OK 12.60
staff,domestic,frozen,False,False,active,500.0,OK 0.00
staff,domestic,frozen,False,False,active,1000.0,OK 0.00
staff,domestic,frozen,False,False,banned,-1.0,ERR ValueError: amount must be non-negative
staff,domestic,frozen,False,False,banned,0.0,OK 0.00
staff,domestic,frozen,False,False,banned,50.0,ERR PermissionError: account is banned
staff,domestic,frozen,False,False,banned,499.99,ERR PermissionError: account is banned
staff,domestic,frozen,False,False,banned,500.0,ERR PermissionError: account is banned
staff,domestic,frozen,False,False,banned,1000.0,ERR PermissionError: account is banned
staff,domestic,frozen,False,False,frozen,-1.0,ERR ValueError: amount must be non-negative
staff,domestic,frozen,False,False,frozen,0.0,OK 0.00
staff,domestic,frozen,False,False,frozen,50.0,OK 18.00
staff,domestic,frozen,False,False,frozen,499.99,OK 18.00
staff,domestic,frozen,False,False,frozen,500.0,OK 18.00
staff,domestic,frozen,False,False,frozen,1000.0,OK 18.00
staff,domestic,frozen,False,True,active,-1.0,ERR ValueError: amount must be non-negative
staff,domestic,frozen,False,True,active,0.0,OK 0.00
staff,domestic,frozen,False,True,active,50.0,OK 7.60
staff,domestic,frozen,False,True,active,499.99,OK 7.60
staff,domestic,frozen,False,True,active,500.0,OK 0.00
staff,domestic,frozen,False,True,active,1000.0,OK 0.00
staff,domestic,frozen,False,True,banned,-1.0,ERR ValueError: amount must be non-negative
staff,domestic,frozen,False,True,banned,0.0,OK 0.00
staff,domestic,frozen,False,True,banned,50.0,ERR PermissionError: account is banned
staff,domestic,frozen,False,True,banned,499.99,ERR PermissionError: account is banned
staff,domestic,frozen,False,True,banned,500.0,ERR PermissionError: account is banned
staff,domestic,frozen,False,True,banned,1000.0,ERR PermissionError: account is banned
staff,domestic,frozen,False,True,frozen,-1.0,ERR ValueError: amount must be non-negative
staff,domestic,frozen,False,True,frozen,0.0,OK 0.00
staff,domestic,frozen,False,True,frozen,50.0,OK 18.00
staff,domestic,frozen,False,True,frozen,499.99,OK 18.00
staff,domestic,frozen,False,True,frozen,500.0,OK 18.00
staff,domestic,frozen,False,True,frozen,1000.0,OK 18.00
staff,domestic,frozen,True,False,active,-1.0,ERR ValueError: amount must be non-negative
staff,domestic,frozen,True,False,active,0.0,OK 0.00
staff,domestic,frozen,True,False,active,50.0,OK 19.60
staff,domestic,frozen,True,False,active,499.99,OK 19.60
staff,domestic,frozen,True,False,active,500.0,OK 7.00
staff,domestic,frozen,True,False,active,1000.0,OK 7.00
staff,domestic,frozen,True,False,banned,-1.0,ERR ValueError: amount must be non-negative
staff,domestic,frozen,True,False,banned,0.0,OK 0.00
staff,domestic,frozen,True,False,banned,50.0,ERR PermissionError: account is banned
staff,domestic,frozen,True,False,banned,499.99,ERR PermissionError: account is banned
staff,domestic,frozen,True,False,banned,500.0,ERR PermissionError: account is banned
staff,domestic,frozen,True,False,banned,1000.0,ERR PermissionError: account is banned
staff,domestic,frozen,True,False,frozen,-1.0,ERR ValueError: amount must be non-negative
staff,domestic,frozen,True,False,frozen,0.0,OK 0.00
staff,domestic,frozen,True,False,frozen,50.0,ERR RuntimeError: frozen account cannot use express
staff,domestic,frozen,True,False,frozen,499.99,ERR RuntimeError: frozen account cannot use express
staff,domestic,frozen,True,False,frozen,500.0,ERR RuntimeError: frozen account cannot use express
staff,domestic,frozen,True,False,frozen,1000.0,ERR RuntimeError: frozen account cannot use express
staff,domestic,frozen,True,True,active,-1.0,ERR ValueError: amount must be non-negative
staff,domestic,frozen,True,True,active,0.0,OK 0.00
staff,domestic,frozen,True,True,active,50.0,OK 18.10
staff,domestic,frozen,True,True,active,499.99,OK 18.10
staff,domestic,frozen,True,True,active,500.0,OK 5.50
staff,domestic,frozen,True,True,active,1000.0,OK 5.50
staff,domestic,frozen,True,True,banned,-1.0,ERR ValueError: amount must be non-negative
staff,domestic,frozen,True,True,banned,0.0,OK 0.00
staff,domestic,frozen,True,True,banned,50.0,ERR PermissionError: account is banned
staff,domestic,frozen,True,True,banned,499.99,ERR PermissionError: account is banned
staff,domestic,frozen,True,True,banned,500.0,ERR PermissionError: account is banned
staff,domestic,frozen,True,True,banned,1000.0,ERR PermissionError: account is banned
staff,domestic,frozen,True,True,frozen,-1.0,ERR ValueError: amount must be non-negative
staff,domestic,frozen,True,True,frozen,0.0,OK 0.00
staff,domestic,frozen,True,True,frozen,50.0,ERR RuntimeError: frozen account cannot use express
staff,domestic,frozen,True,True,frozen,499.99,ERR RuntimeError: frozen account cannot use express
staff,domestic,frozen,True,True,frozen,500.0,ERR RuntimeError: frozen account cannot use express
staff,domestic,frozen,True,True,frozen,1000.0,ERR RuntimeError: frozen account cannot use express
staff,domestic,normal,False,False,active,-1.0,ERR ValueError: amount must be non-negative
staff,domestic,normal,False,False,active,0.0,OK 0.00
staff,domestic,normal,False,False,active,50.0,OK 4.20
staff,domestic,normal,False,False,active,499.99,OK 4.20
staff,domestic,normal,False,False,active,500.0,OK 0.00
staff,domestic,normal,False,False,active,1000.0,OK 0.00
staff,domestic,normal,False,False,banned,-1.0,ERR ValueError: amount must be non-negative
staff,domestic,normal,False,False,banned,0.0,OK 0.00
staff,domestic,normal,False,False,banned,50.0,ERR PermissionError: account is banned
staff,domestic,normal,False,False,banned,499.99,ERR PermissionError: account is banned
staff,domestic,normal,False,False,banned,500.0,ERR PermissionError: account is banned
staff,domestic,normal,False,False,banned,1000.0,ERR PermissionError: account is banned
staff,domestic,normal,False,False,frozen,-1.0,ERR ValueError: amount must be non-negative
staff,domestic,normal,False,False,frozen,0.0,OK 0.00
staff,domestic,normal,False,False,frozen,50.0,OK 6.00
staff,domestic,normal,False,False,frozen,499.99,OK 6.00
staff,domestic,normal,False,False,frozen,500.0,OK 6.00
staff,domestic,normal,False,False,frozen,1000.0,OK 6.00
staff,domestic,normal,False,True,active,-1.0,ERR ValueError: amount must be non-negative
staff,domestic,normal,False,True,active,0.0,OK 0.00
staff,domestic,normal,False,True,active,50.0,OK 0.00
staff,domestic,normal,False,True,active,499.99,OK 0.00
staff,domestic,normal,False,True,active,500.0,OK 0.00
staff,domestic,normal,False,True,active,1000.0,OK 0.00
staff,domestic,normal,False,True,banned,-1.0,ERR ValueError: amount must be non-negative
staff,domestic,normal,False,True,banned,0.0,OK 0.00
staff,domestic,normal,False,True,banned,50.0,ERR PermissionError: account is banned
staff,domestic,normal,False,True,banned,499.99,ERR PermissionError: account is banned
staff,domestic,normal,False,True,banned,500.0,ERR PermissionError: account is banned
staff,domestic,normal,False,True,banned,1000.0,ERR PermissionError: account is banned
staff,domestic,normal,False,True,frozen,-1.0,ERR ValueError: amount must be non-negative
staff,domestic,normal,False,True,frozen,0.0,OK 0.00
staff,domestic,normal,False,True,frozen,50.0,OK 6.00
staff,domestic,normal,False,True,frozen,499.99,OK 6.00
staff,domestic,normal,False,True,frozen,500.0,OK 6.00
staff,domestic,normal,False,True,frozen,1000.0,OK 6.00
staff,domestic,normal,True,False,active,-1.0,ERR ValueError: amount must be non-negative
staff,domestic,normal,True,False,active,0.0,OK 0.00
staff,domestic,normal,True,False,active,50.0,OK 11.20
staff,domestic,normal,True,False,active,499.99,OK 11.20
staff,domestic,normal,True,False,active,500.0,OK 7.00
staff,domestic,normal,True,False,active,1000.0,OK 7.00
staff,domestic,normal,True,False,banned,-1.0,ERR ValueError: amount must be non-negative
staff,domestic,normal,True,False,banned,0.0,OK 0.00
staff,domestic,normal,True,False,banned,50.0,ERR PermissionError: account is banned
staff,domestic,normal,True,False,banned,499.99,ERR PermissionError: account is banned
staff,domestic,normal,True,False,banned,500.0,ERR PermissionError: account is banned
staff,domestic,normal,True,False,banned,1000.0,ERR PermissionError: account is banned
staff,domestic,normal,True,False,frozen,-1.0,ERR ValueError: amount must be non-negative
staff,domestic,normal,True,False,frozen,0.0,OK 0.00
staff,domestic,normal,True,False,frozen,50.0,ERR RuntimeError: frozen account cannot use express
staff,domestic,normal,True,False,frozen,499.99,ERR RuntimeError: frozen account cannot use express
staff,domestic,normal,True,False,frozen,500.0,ERR RuntimeError: frozen account cannot use express
staff,domestic,normal,True,False,frozen,1000.0,ERR RuntimeError: frozen account cannot use express
staff,domestic,normal,True,True,active,-1.0,ERR ValueError: amount must be non-negative
staff,domestic,normal,True,True,active,0.0,OK 0.00
staff,domestic,normal,True,True,active,50.0,OK 9.70
staff,domestic,normal,True,True,active,499.99,OK 9.70
staff,domestic,normal,True,True,active,500.0,OK 5.50
staff,domestic,normal,True,True,active,1000.0,OK 5.50
staff,domestic,normal,True,True,banned,-1.0,ERR ValueError: amount must be non-negative
staff,domestic,normal,True,True,banned,0.0,OK 0.00
staff,domestic,normal,True,True,banned,50.0,ERR PermissionError: account is banned
staff,domestic,normal,True,True,banned,499.99,ERR PermissionError: account is banned
staff,domestic,normal,True,True,banned,500.0,ERR PermissionError: account is banned
staff,domestic,normal,True,True,banned,1000.0,ERR PermissionError: account is banned
staff,domestic,normal,True,True,frozen,-1.0,ERR ValueError: amount must be non-negative
staff,domestic,normal,True,True,frozen,0.0,OK 0.00
staff,domestic,normal,True,True,frozen,50.0,ERR RuntimeError: frozen account cannot use express
staff,domestic,normal,True,True,frozen,499.99,ERR RuntimeError: frozen account cannot use express
staff,domestic,normal,True,True,frozen,500.0,ERR RuntimeError: frozen account cannot use express
staff,domestic,normal,True,True,frozen,1000.0,ERR RuntimeError: frozen account cannot use express
staff,overseas,fragile,False,False,active,-1.0,ERR ValueError: amount must be non-negative
staff,overseas,fragile,False,False,active,0.0,OK 0.00
staff,overseas,fragile,False,False,active,50.0,OK 33.60
staff,overseas,fragile,False,False,active,499.99,OK 33.60
staff,overseas,fragile,False,False,active,500.0,OK 33.60
staff,overseas,fragile,False,False,active,1000.0,OK 33.60
staff,overseas,fragile,False,False,banned,-1.0,ERR ValueError: amount must be non-negative
staff,overseas,fragile,False,False,banned,0.0,OK 0.00
staff,overseas,fragile,False,False,banned,50.0,ERR PermissionError: account is banned
staff,overseas,fragile,False,False,banned,499.99,ERR PermissionError: account is banned
staff,overseas,fragile,False,False,banned,500.0,ERR PermissionError: account is banned
staff,overseas,fragile,False,False,banned,1000.0,ERR PermissionError: account is banned
staff,overseas,fragile,False,False,frozen,-1.0,ERR ValueError: amount must be non-negative
staff,overseas,fragile,False,False,frozen,0.0,OK 0.00
staff,overseas,fragile,False,False,frozen,50.0,ERR PermissionError: frozen account cannot ship overseas
staff,overseas,fragile,False,False,frozen,499.99,ERR PermissionError: frozen account cannot ship overseas
staff,overseas,fragile,False,False,frozen,500.0,ERR PermissionError: frozen account cannot ship overseas
staff,overseas,fragile,False,False,frozen,1000.0,ERR PermissionError: frozen account cannot ship overseas
staff,overseas,fragile,False,True,active,-1.0,ERR ValueError: amount must be non-negative
staff,overseas,fragile,False,True,active,0.0,OK 0.00
staff,overseas,fragile,False,True,active,50.0,OK 28.60
staff,overseas,fragile,False,True,active,499.99,OK 28.60
staff,overseas,fragile,False,True,active,500.0,OK 28.60
staff,overseas,fragile,False,True,active,1000.0,OK 28.60
staff,overseas,fragile,False,True,banned,-1.0,ERR ValueError: amount must be non-negative
staff,overseas,fragile,False,True,banned,0.0,OK 0.00
staff,overseas,fragile,False,True,banned,50.0,ERR PermissionError: account is banned
staff,overseas,fragile,False,True,banned,499.99,ERR PermissionError: account is banned
staff,overseas,fragile,False,True,banned,500.0,ERR PermissionError: account is banned
staff,overseas,fragile,False,True,banned,1000.0,ERR PermissionError: account is banned
staff,overseas,fragile,False,True,frozen,-1.0,ERR ValueError: amount must be non-negative
staff,overseas,fragile,False,True,frozen,0.0,OK 0.00
staff,overseas,fragile,False,True,frozen,50.0,ERR PermissionError: frozen account cannot ship overseas
staff,overseas,fragile,False,True,frozen,499.99,ERR PermissionError: frozen account cannot ship overseas
staff,overseas,fragile,False,True,frozen,500.0,ERR PermissionError: frozen account cannot ship overseas
staff,overseas,fragile,False,True,frozen,1000.0,ERR PermissionError: frozen account cannot ship overseas
staff,overseas,fragile,True,False,active,-1.0,ERR ValueError: amount must be non-negative
staff,overseas,fragile,True,False,active,0.0,OK 0.00
staff,overseas,fragile,True,False,active,50.0,ERR RuntimeError: express not available for overseas orders
staff,overseas,fragile,True,False,active,499.99,ERR RuntimeError: express not available for overseas orders
staff,overseas,fragile,True,False,active,500.0,ERR RuntimeError: express not available for overseas orders
staff,overseas,fragile,True,False,active,1000.0,ERR RuntimeError: express not available for overseas orders
staff,overseas,fragile,True,False,banned,-1.0,ERR ValueError: amount must be non-negative
staff,overseas,fragile,True,False,banned,0.0,OK 0.00
staff,overseas,fragile,True,False,banned,50.0,ERR PermissionError: account is banned
staff,overseas,fragile,True,False,banned,499.99,ERR PermissionError: account is banned
staff,overseas,fragile,True,False,banned,500.0,ERR PermissionError: account is banned
staff,overseas,fragile,True,False,banned,1000.0,ERR PermissionError: account is banned
staff,overseas,fragile,True,False,frozen,-1.0,ERR ValueError: amount must be non-negative
staff,overseas,fragile,True,False,frozen,0.0,OK 0.00
staff,overseas,fragile,True,False,frozen,50.0,ERR PermissionError: frozen account cannot ship overseas
staff,overseas,fragile,True,False,frozen,499.99,ERR PermissionError: frozen account cannot ship overseas
staff,overseas,fragile,True,False,frozen,500.0,ERR PermissionError: frozen account cannot ship overseas
staff,overseas,fragile,True,False,frozen,1000.0,ERR PermissionError: frozen account cannot ship overseas
staff,overseas,fragile,True,True,active,-1.0,ERR ValueError: amount must be non-negative
staff,overseas,fragile,True,True,active,0.0,OK 0.00
staff,overseas,fragile,True,True,active,50.0,ERR RuntimeError: express not available for overseas orders
staff,overseas,fragile,True,True,active,499.99,ERR RuntimeError: express not available for overseas orders
staff,overseas,fragile,True,True,active,500.0,ERR RuntimeError: express not available for overseas orders
staff,overseas,fragile,True,True,active,1000.0,ERR RuntimeError: express not available for overseas orders
staff,overseas,fragile,True,True,banned,-1.0,ERR ValueError: amount must be non-negative
staff,overseas,fragile,True,True,banned,0.0,OK 0.00
staff,overseas,fragile,True,True,banned,50.0,ERR PermissionError: account is banned
staff,overseas,fragile,True,True,banned,499.99,ERR PermissionError: account is banned
staff,overseas,fragile,True,True,banned,500.0,ERR PermissionError: account is banned
staff,overseas,fragile,True,True,banned,1000.0,ERR PermissionError: account is banned
staff,overseas,fragile,True,True,frozen,-1.0,ERR ValueError: amount must be non-negative
staff,overseas,fragile,True,True,frozen,0.0,OK 0.00
staff,overseas,fragile,True,True,frozen,50.0,ERR PermissionError: frozen account cannot ship overseas
staff,overseas,fragile,True,True,frozen,499.99,ERR PermissionError: frozen account cannot ship overseas
staff,overseas,fragile,True,True,frozen,500.0,ERR PermissionError: frozen account cannot ship overseas
staff,overseas,fragile,True,True,frozen,1000.0,ERR PermissionError: frozen account cannot ship overseas
staff,overseas,frozen,False,False,active,-1.0,ERR ValueError: amount must be non-negative
staff,overseas,frozen,False,False,active,0.0,OK 0.00
staff,overseas,frozen,False,False,active,50.0,ERR ValueError: frozen goods cannot be shipped overseas
staff,overseas,frozen,False,False,active,499.99,ERR ValueError: frozen goods cannot be shipped overseas
staff,overseas,frozen,False,False,active,500.0,ERR ValueError: frozen goods cannot be shipped overseas
staff,overseas,frozen,False,False,active,1000.0,ERR ValueError: frozen goods cannot be shipped overseas
staff,overseas,frozen,False,False,banned,-1.0,ERR ValueError: amount must be non-negative
staff,overseas,frozen,False,False,banned,0.0,OK 0.00
staff,overseas,frozen,False,False,banned,50.0,ERR PermissionError: account is banned
staff,overseas,frozen,False,False,banned,499.99,ERR PermissionError: account is banned
staff,overseas,frozen,False,False,banned,500.0,ERR PermissionError: account is banned
staff,overseas,frozen,False,False,banned,1000.0,ERR PermissionError: account is banned
staff,overseas,frozen,False,False,frozen,-1.0,ERR ValueError: amount must be non-negative
staff,overseas,frozen,False,False,frozen,0.0,OK 0.00
staff,overseas,frozen,False,False,frozen,50.0,ERR PermissionError: frozen account cannot ship overseas
staff,overseas,frozen,False,False,frozen,499.99,ERR PermissionError: frozen account cannot ship overseas
staff,overseas,frozen,False,False,frozen,500.0,ERR PermissionError: frozen account cannot ship overseas
staff,overseas,frozen,False,False,frozen,1000.0,ERR PermissionError: frozen account cannot ship overseas
staff,overseas,frozen,False,True,active,-1.0,ERR ValueError: amount must be non-negative
staff,overseas,frozen,False,True,active,0.0,OK 0.00
staff,overseas,frozen,False,True,active,50.0,ERR ValueError: frozen goods cannot be shipped overseas
staff,overseas,frozen,False,True,active,499.99,ERR ValueError: frozen goods cannot be shipped overseas
staff,overseas,frozen,False,True,active,500.0,ERR ValueError: frozen goods cannot be shipped overseas
staff,overseas,frozen,False,True,active,1000.0,ERR ValueError: frozen goods cannot be shipped overseas
staff,overseas,frozen,False,True,banned,-1.0,ERR ValueError: amount must be non-negative
staff,overseas,frozen,False,True,banned,0.0,OK 0.00
staff,overseas,frozen,False,True,banned,50.0,ERR PermissionError: account is banned
staff,overseas,frozen,False,True,banned,499.99,ERR PermissionError: account is banned
staff,overseas,frozen,False,True,banned,500.0,ERR PermissionError: account is banned
staff,overseas,frozen,False,True,banned,1000.0,ERR PermissionError: account is banned
staff,overseas,frozen,False,True,frozen,-1.0,ERR ValueError: amount must be non-negative
staff,overseas,frozen,False,True,frozen,0.0,OK 0.00
staff,overseas,frozen,False,True,frozen,50.0,ERR PermissionError: frozen account cannot ship overseas
staff,overseas,frozen,False,True,frozen,499.99,ERR PermissionError: frozen account cannot ship overseas
staff,overseas,frozen,False,True,frozen,500.0,ERR PermissionError: frozen account cannot ship overseas
staff,overseas,frozen,False,True,frozen,1000.0,ERR PermissionError: frozen account cannot ship overseas
staff,overseas,frozen,True,False,active,-1.0,ERR ValueError: amount must be non-negative
staff,overseas,frozen,True,False,active,0.0,OK 0.00
staff,overseas,frozen,True,False,active,50.0,ERR ValueError: frozen goods cannot be shipped overseas
staff,overseas,frozen,True,False,active,499.99,ERR ValueError: frozen goods cannot be shipped overseas
staff,overseas,frozen,True,False,active,500.0,ERR ValueError: frozen goods cannot be shipped overseas
staff,overseas,frozen,True,False,active,1000.0,ERR ValueError: frozen goods cannot be shipped overseas
staff,overseas,frozen,True,False,banned,-1.0,ERR ValueError: amount must be non-negative
staff,overseas,frozen,True,False,banned,0.0,OK 0.00
staff,overseas,frozen,True,False,banned,50.0,ERR PermissionError: account is banned
staff,overseas,frozen,True,False,banned,499.99,ERR PermissionError: account is banned
staff,overseas,frozen,True,False,banned,500.0,ERR PermissionError: account is banned
staff,overseas,frozen,True,False,banned,1000.0,ERR PermissionError: account is banned
staff,overseas,frozen,True,False,frozen,-1.0,ERR ValueError: amount must be non-negative
staff,overseas,frozen,True,False,frozen,0.0,OK 0.00
staff,overseas,frozen,True,False,frozen,50.0,ERR PermissionError: frozen account cannot ship overseas
staff,overseas,frozen,True,False,frozen,499.99,ERR PermissionError: frozen account cannot ship overseas
staff,overseas,frozen,True,False,frozen,500.0,ERR PermissionError: frozen account cannot ship overseas
staff,overseas,frozen,True,False,frozen,1000.0,ERR PermissionError: frozen account cannot ship overseas
staff,overseas,frozen,True,True,active,-1.0,ERR ValueError: amount must be non-negative
staff,overseas,frozen,True,True,active,0.0,OK 0.00
staff,overseas,frozen,True,True,active,50.0,ERR ValueError: frozen goods cannot be shipped overseas
staff,overseas,frozen,True,True,active,499.99,ERR ValueError: frozen goods cannot be shipped overseas
staff,overseas,frozen,True,True,active,500.0,ERR ValueError: frozen goods cannot be shipped overseas
staff,overseas,frozen,True,True,active,1000.0,ERR ValueError: frozen goods cannot be shipped overseas
staff,overseas,frozen,True,True,banned,-1.0,ERR ValueError: amount must be non-negative
staff,overseas,frozen,True,True,banned,0.0,OK 0.00
staff,overseas,frozen,True,True,banned,50.0,ERR PermissionError: account is banned
staff,overseas,frozen,True,True,banned,499.99,ERR PermissionError: account is banned
staff,overseas,frozen,True,True,banned,500.0,ERR PermissionError: account is banned
staff,overseas,frozen,True,True,banned,1000.0,ERR PermissionError: account is banned
staff,overseas,frozen,True,True,frozen,-1.0,ERR ValueError: amount must be non-negative
staff,overseas,frozen,True,True,frozen,0.0,OK 0.00
staff,overseas,frozen,True,True,frozen,50.0,ERR PermissionError: frozen account cannot ship overseas
staff,overseas,frozen,True,True,frozen,499.99,ERR PermissionError: frozen account cannot ship overseas
staff,overseas,frozen,True,True,frozen,500.0,ERR PermissionError: frozen account cannot ship overseas
staff,overseas,frozen,True,True,frozen,1000.0,ERR PermissionError: frozen account cannot ship overseas
staff,overseas,normal,False,False,active,-1.0,ERR ValueError: amount must be non-negative
staff,overseas,normal,False,False,active,0.0,OK 0.00
staff,overseas,normal,False,False,active,50.0,OK 28.00
staff,overseas,normal,False,False,active,499.99,OK 28.00
staff,overseas,normal,False,False,active,500.0,OK 28.00
staff,overseas,normal,False,False,active,1000.0,OK 28.00
staff,overseas,normal,False,False,banned,-1.0,ERR ValueError: amount must be non-negative
staff,overseas,normal,False,False,banned,0.0,OK 0.00
staff,overseas,normal,False,False,banned,50.0,ERR PermissionError: account is banned
staff,overseas,normal,False,False,banned,499.99,ERR PermissionError: account is banned
staff,overseas,normal,False,False,banned,500.0,ERR PermissionError: account is banned
staff,overseas,normal,False,False,banned,1000.0,ERR PermissionError: account is banned
staff,overseas,normal,False,False,frozen,-1.0,ERR ValueError: amount must be non-negative
staff,overseas,normal,False,False,frozen,0.0,OK 0.00
staff,overseas,normal,False,False,frozen,50.0,ERR PermissionError: frozen account cannot ship overseas
staff,overseas,normal,False,False,frozen,499.99,ERR PermissionError: frozen account cannot ship overseas
staff,overseas,normal,False,False,frozen,500.0,ERR PermissionError: frozen account cannot ship overseas
staff,overseas,normal,False,False,frozen,1000.0,ERR PermissionError: frozen account cannot ship overseas
staff,overseas,normal,False,True,active,-1.0,ERR ValueError: amount must be non-negative
staff,overseas,normal,False,True,active,0.0,OK 0.00
staff,overseas,normal,False,True,active,50.0,OK 23.00
staff,overseas,normal,False,True,active,499.99,OK 23.00
staff,overseas,normal,False,True,active,500.0,OK 23.00
staff,overseas,normal,False,True,active,1000.0,OK 23.00
staff,overseas,normal,False,True,banned,-1.0,ERR ValueError: amount must be non-negative
staff,overseas,normal,False,True,banned,0.0,OK 0.00
staff,overseas,normal,False,True,banned,50.0,ERR PermissionError: account is banned
staff,overseas,normal,False,True,banned,499.99,ERR PermissionError: account is banned
staff,overseas,normal,False,True,banned,500.0,ERR PermissionError: account is banned
staff,overseas,normal,False,True,banned,1000.0,ERR PermissionError: account is banned
staff,overseas,normal,False,True,frozen,-1.0,ERR ValueError: amount must be non-negative
staff,overseas,normal,False,True,frozen,0.0,OK 0.00
staff,overseas,normal,False,True,frozen,50.0,ERR PermissionError: frozen account cannot ship overseas
staff,overseas,normal,False,True,frozen,499.99,ERR PermissionError: frozen account cannot ship overseas
staff,overseas,normal,False,True,frozen,500.0,ERR PermissionError: frozen account cannot ship overseas
staff,overseas,normal,False,True,frozen,1000.0,ERR PermissionError: frozen account cannot ship overseas
staff,overseas,normal,True,False,active,-1.0,ERR ValueError: amount must be non-negative
staff,overseas,normal,True,False,active,0.0,OK 0.00
staff,overseas,normal,True,False,active,50.0,ERR RuntimeError: express not available for overseas orders
staff,overseas,normal,True,False,active,499.99,ERR RuntimeError: express not available for overseas orders
staff,overseas,normal,True,False,active,500.0,ERR RuntimeError: express not available for overseas orders
staff,overseas,normal,True,False,active,1000.0,ERR RuntimeError: express not available for overseas orders
staff,overseas,normal,True,False,banned,-1.0,ERR ValueError: amount must be non-negative
staff,overseas,normal,True,False,banned,0.0,OK 0.00
staff,overseas,normal,True,False,banned,50.0,ERR PermissionError: account is banned
staff,overseas,normal,True,False,banned,499.99,ERR PermissionError: account is banned
staff,overseas,normal,True,False,banned,500.0,ERR PermissionError: account is banned
staff,overseas,normal,True,False,banned,1000.0,ERR PermissionError: account is banned
staff,overseas,normal,True,False,frozen,-1.0,ERR ValueError: amount must be non-negative
staff,overseas,normal,True,False,frozen,0.0,OK 0.00
staff,overseas,normal,True,False,frozen,50.0,ERR PermissionError: frozen account cannot ship overseas
staff,overseas,normal,True,False,frozen,499.99,ERR PermissionError: frozen account cannot ship overseas
staff,overseas,normal,True,False,frozen,500.0,ERR PermissionError: frozen account cannot ship overseas
staff,overseas,normal,True,False,frozen,1000.0,ERR PermissionError: frozen account cannot ship overseas
staff,overseas,normal,True,True,active,-1.0,ERR ValueError: amount must be non-negative
staff,overseas,normal,True,True,active,0.0,OK 0.00
staff,overseas,normal,True,True,active,50.0,ERR RuntimeError: express not available for overseas orders
staff,overseas,normal,True,True,active,499.99,ERR RuntimeError: express not available for overseas orders
staff,overseas,normal,True,True,active,500.0,ERR RuntimeError: express not available for overseas orders
staff,overseas,normal,True,True,active,1000.0,ERR RuntimeError: express not available for overseas orders
staff,overseas,normal,True,True,banned,-1.0,ERR ValueError: amount must be non-negative
staff,overseas,normal,True,True,banned,0.0,OK 0.00
staff,overseas,normal,True,True,banned,50.0,ERR PermissionError: account is banned
staff,overseas,normal,True,True,banned,499.99,ERR PermissionError: account is banned
staff,overseas,normal,True,True,banned,500.0,ERR PermissionError: account is banned
staff,overseas,normal,True,True,banned,1000.0,ERR PermissionError: account is banned
staff,overseas,normal,True,True,frozen,-1.0,ERR ValueError: amount must be non-negative
staff,overseas,normal,True,True,frozen,0.0,OK 0.00
staff,overseas,normal,True,True,frozen,50.0,ERR PermissionError: frozen account cannot ship overseas
staff,overseas,normal,True,True,frozen,499.99,ERR PermissionError: frozen account cannot ship overseas
staff,overseas,normal,True,True,frozen,500.0,ERR PermissionError: frozen account cannot ship overseas
staff,overseas,normal,True,True,frozen,1000.0,ERR PermissionError: frozen account cannot ship overseas
staff,remote,fragile,False,False,active,-1.0,ERR ValueError: amount must be non-negative
staff,remote,fragile,False,False,active,0.0,OK 0.00
staff,remote,fragile,False,False,active,50.0,OK 16.10
staff,remote,fragile,False,False,active,499.99,OK 16.10
staff,remote,fragile,False,False,active,500.0,OK 0.00
staff,remote,fragile,False,False,active,1000.0,OK 0.00
staff,remote,fragile,False,False,banned,-1.0,ERR ValueError: amount must be non-negative
staff,remote,fragile,False,False,banned,0.0,OK 0.00
staff,remote,fragile,False,False,banned,50.0,ERR PermissionError: account is banned
staff,remote,fragile,False,False,banned,499.99,ERR PermissionError: account is banned
staff,remote,fragile,False,False,banned,500.0,ERR PermissionError: account is banned
staff,remote,fragile,False,False,banned,1000.0,ERR PermissionError: account is banned
staff,remote,fragile,False,False,frozen,-1.0,ERR ValueError: amount must be non-negative
staff,remote,fragile,False,False,frozen,0.0,OK 0.00
staff,remote,fragile,False,False,frozen,50.0,OK 23.00
staff,remote,fragile,False,False,frozen,499.99,OK 23.00
staff,remote,fragile,False,False,frozen,500.0,OK 23.00
staff,remote,fragile,False,False,frozen,1000.0,OK 23.00
staff,remote,fragile,False,True,active,-1.0,ERR ValueError: amount must be non-negative
staff,remote,fragile,False,True,active,0.0,OK 0.00
staff,remote,fragile,False,True,active,50.0,OK 11.10
staff,remote,fragile,False,True,active,499.99,OK 11.10
staff,remote,fragile,False,True,active,500.0,OK 0.00
staff,remote,fragile,False,True,active,1000.0,OK 0.00
staff,remote,fragile,False,True,banned,-1.0,ERR ValueError: amount must be non-negative
staff,remote,fragile,False,True,banned,0.0,OK 0.00
staff,remote,fragile,False,True,banned,50.0,ERR PermissionError: account is banned
staff,remote,fragile,False,True,banned,499.99,ERR PermissionError: account is banned
staff,remote,fragile,False,True,banned,500.0,ERR PermissionError: account is banned
staff,remote,fragile,False,True,banned,1000.0,ERR PermissionError: account is banned
staff,remote,fragile,False,True,frozen,-1.0,ERR ValueError: amount must be non-negative
staff,remote,fragile,False,True,frozen,0.0,OK 0.00
staff,remote,fragile,False,True,frozen,50.0,OK 23.00
staff,remote,fragile,False,True,frozen,499.99,OK 23.00
staff,remote,fragile,False,True,frozen,500.0,OK 23.00
staff,remote,fragile,False,True,frozen,1000.0,OK 23.00
staff,remote,fragile,True,False,active,-1.0,ERR ValueError: amount must be non-negative
staff,remote,fragile,True,False,active,0.0,OK 0.00
staff,remote,fragile,True,False,active,50.0,OK 33.60
staff,remote,fragile,True,False,active,499.99,OK 33.60
staff,remote,fragile,True,False,active,500.0,OK 17.50
staff,remote,fragile,True,False,active,1000.0,OK 17.50
staff,remote,fragile,True,False,banned,-1.0,ERR ValueError: amount must be non-negative
staff,remote,fragile,True,False,banned,0.0,OK 0.00
staff,remote,fragile,True,False,banned,50.0,ERR PermissionError: account is banned
staff,remote,fragile,True,False,banned,499.99,ERR PermissionError: account is banned
staff,remote,fragile,True,False,banned,500.0,ERR PermissionError: account is banned
staff,remote,fragile,True,False,banned,1000.0,ERR PermissionError: account is banned
staff,remote,fragile,True,False,frozen,-1.0,ERR ValueError: amount must be non-negative
staff,remote,fragile,True,False,frozen,0.0,OK 0.00
staff,remote,fragile,True,False,frozen,50.0,ERR RuntimeError: frozen account cannot use express
staff,remote,fragile,True,False,frozen,499.99,ERR RuntimeError: frozen account cannot use express
staff,remote,fragile,True,False,frozen,500.0,ERR RuntimeError: frozen account cannot use express
staff,remote,fragile,True,False,frozen,1000.0,ERR RuntimeError: frozen account cannot use express
staff,remote,fragile,True,True,active,-1.0,ERR ValueError: amount must be non-negative
staff,remote,fragile,True,True,active,0.0,OK 0.00
staff,remote,fragile,True,True,active,50.0,OK 32.10
staff,remote,fragile,True,True,active,499.99,OK 32.10
staff,remote,fragile,True,True,active,500.0,OK 16.00
staff,remote,fragile,True,True,active,1000.0,OK 16.00
staff,remote,fragile,True,True,banned,-1.0,ERR ValueError: amount must be non-negative
staff,remote,fragile,True,True,banned,0.0,OK 0.00
staff,remote,fragile,True,True,banned,50.0,ERR PermissionError: account is banned
staff,remote,fragile,True,True,banned,499.99,ERR PermissionError: account is banned
staff,remote,fragile,True,True,banned,500.0,ERR PermissionError: account is banned
staff,remote,fragile,True,True,banned,1000.0,ERR PermissionError: account is banned
staff,remote,fragile,True,True,frozen,-1.0,ERR ValueError: amount must be non-negative
staff,remote,fragile,True,True,frozen,0.0,OK 0.00
staff,remote,fragile,True,True,frozen,50.0,ERR RuntimeError: frozen account cannot use express
staff,remote,fragile,True,True,frozen,499.99,ERR RuntimeError: frozen account cannot use express
staff,remote,fragile,True,True,frozen,500.0,ERR RuntimeError: frozen account cannot use express
staff,remote,fragile,True,True,frozen,1000.0,ERR RuntimeError: frozen account cannot use express
staff,remote,frozen,False,False,active,-1.0,ERR ValueError: amount must be non-negative
staff,remote,frozen,False,False,active,0.0,OK 0.00
staff,remote,frozen,False,False,active,50.0,ERR ValueError: frozen goods cannot be shipped to remote area
staff,remote,frozen,False,False,active,499.99,ERR ValueError: frozen goods cannot be shipped to remote area
staff,remote,frozen,False,False,active,500.0,ERR ValueError: frozen goods cannot be shipped to remote area
staff,remote,frozen,False,False,active,1000.0,ERR ValueError: frozen goods cannot be shipped to remote area
staff,remote,frozen,False,False,banned,-1.0,ERR ValueError: amount must be non-negative
staff,remote,frozen,False,False,banned,0.0,OK 0.00
staff,remote,frozen,False,False,banned,50.0,ERR PermissionError: account is banned
staff,remote,frozen,False,False,banned,499.99,ERR PermissionError: account is banned
staff,remote,frozen,False,False,banned,500.0,ERR PermissionError: account is banned
staff,remote,frozen,False,False,banned,1000.0,ERR PermissionError: account is banned
staff,remote,frozen,False,False,frozen,-1.0,ERR ValueError: amount must be non-negative
staff,remote,frozen,False,False,frozen,0.0,OK 0.00
staff,remote,frozen,False,False,frozen,50.0,ERR ValueError: frozen goods cannot be shipped to remote area
staff,remote,frozen,False,False,frozen,499.99,ERR ValueError: frozen goods cannot be shipped to remote area
staff,remote,frozen,False,False,frozen,500.0,ERR ValueError: frozen goods cannot be shipped to remote area
staff,remote,frozen,False,False,frozen,1000.0,ERR ValueError: frozen goods cannot be shipped to remote area
staff,remote,frozen,False,True,active,-1.0,ERR ValueError: amount must be non-negative
staff,remote,frozen,False,True,active,0.0,OK 0.00
staff,remote,frozen,False,True,active,50.0,ERR ValueError: frozen goods cannot be shipped to remote area
staff,remote,frozen,False,True,active,499.99,ERR ValueError: frozen goods cannot be shipped to remote area
staff,remote,frozen,False,True,active,500.0,ERR ValueError: frozen goods cannot be shipped to remote area
staff,remote,frozen,False,True,active,1000.0,ERR ValueError: frozen goods cannot be shipped to remote area
staff,remote,frozen,False,True,banned,-1.0,ERR ValueError: amount must be non-negative
staff,remote,frozen,False,True,banned,0.0,OK 0.00
staff,remote,frozen,False,True,banned,50.0,ERR PermissionError: account is banned
staff,remote,frozen,False,True,banned,499.99,ERR PermissionError: account is banned
staff,remote,frozen,False,True,banned,500.0,ERR PermissionError: account is banned
staff,remote,frozen,False,True,banned,1000.0,ERR PermissionError: account is banned
staff,remote,frozen,False,True,frozen,-1.0,ERR ValueError: amount must be non-negative
staff,remote,frozen,False,True,frozen,0.0,OK 0.00
staff,remote,frozen,False,True,frozen,50.0,ERR ValueError: frozen goods cannot be shipped to remote area
staff,remote,frozen,False,True,frozen,499.99,ERR ValueError: frozen goods cannot be shipped to remote area
staff,remote,frozen,False,True,frozen,500.0,ERR ValueError: frozen goods cannot be shipped to remote area
staff,remote,frozen,False,True,frozen,1000.0,ERR ValueError: frozen goods cannot be shipped to remote area
staff,remote,frozen,True,False,active,-1.0,ERR ValueError: amount must be non-negative
staff,remote,frozen,True,False,active,0.0,OK 0.00
staff,remote,frozen,True,False,active,50.0,ERR ValueError: frozen goods cannot be shipped to remote area
staff,remote,frozen,True,False,active,499.99,ERR ValueError: frozen goods cannot be shipped to remote area
staff,remote,frozen,True,False,active,500.0,ERR ValueError: frozen goods cannot be shipped to remote area
staff,remote,frozen,True,False,active,1000.0,ERR ValueError: frozen goods cannot be shipped to remote area
staff,remote,frozen,True,False,banned,-1.0,ERR ValueError: amount must be non-negative
staff,remote,frozen,True,False,banned,0.0,OK 0.00
staff,remote,frozen,True,False,banned,50.0,ERR PermissionError: account is banned
staff,remote,frozen,True,False,banned,499.99,ERR PermissionError: account is banned
staff,remote,frozen,True,False,banned,500.0,ERR PermissionError: account is banned
staff,remote,frozen,True,False,banned,1000.0,ERR PermissionError: account is banned
staff,remote,frozen,True,False,frozen,-1.0,ERR ValueError: amount must be non-negative
staff,remote,frozen,True,False,frozen,0.0,OK 0.00
staff,remote,frozen,True,False,frozen,50.0,ERR RuntimeError: frozen account cannot use express
staff,remote,frozen,True,False,frozen,499.99,ERR RuntimeError: frozen account cannot use express
staff,remote,frozen,True,False,frozen,500.0,ERR RuntimeError: frozen account cannot use express
staff,remote,frozen,True,False,frozen,1000.0,ERR RuntimeError: frozen account cannot use express
staff,remote,frozen,True,True,active,-1.0,ERR ValueError: amount must be non-negative
staff,remote,frozen,True,True,active,0.0,OK 0.00
staff,remote,frozen,True,True,active,50.0,ERR ValueError: frozen goods cannot be shipped to remote area
staff,remote,frozen,True,True,active,499.99,ERR ValueError: frozen goods cannot be shipped to remote area
staff,remote,frozen,True,True,active,500.0,ERR ValueError: frozen goods cannot be shipped to remote area
staff,remote,frozen,True,True,active,1000.0,ERR ValueError: frozen goods cannot be shipped to remote area
staff,remote,frozen,True,True,banned,-1.0,ERR ValueError: amount must be non-negative
staff,remote,frozen,True,True,banned,0.0,OK 0.00
staff,remote,frozen,True,True,banned,50.0,ERR PermissionError: account is banned
staff,remote,frozen,True,True,banned,499.99,ERR PermissionError: account is banned
staff,remote,frozen,True,True,banned,500.0,ERR PermissionError: account is banned
staff,remote,frozen,True,True,banned,1000.0,ERR PermissionError: account is banned
staff,remote,frozen,True,True,frozen,-1.0,ERR ValueError: amount must be non-negative
staff,remote,frozen,True,True,frozen,0.0,OK 0.00
staff,remote,frozen,True,True,frozen,50.0,ERR RuntimeError: frozen account cannot use express
staff,remote,frozen,True,True,frozen,499.99,ERR RuntimeError: frozen account cannot use express
staff,remote,frozen,True,True,frozen,500.0,ERR RuntimeError: frozen account cannot use express
staff,remote,frozen,True,True,frozen,1000.0,ERR RuntimeError: frozen account cannot use express
staff,remote,normal,False,False,active,-1.0,ERR ValueError: amount must be non-negative
staff,remote,normal,False,False,active,0.0,OK 0.00
staff,remote,normal,False,False,active,50.0,OK 10.50
staff,remote,normal,False,False,active,499.99,OK 10.50
staff,remote,normal,False,False,active,500.0,OK 0.00
staff,remote,normal,False,False,active,1000.0,OK 0.00
staff,remote,normal,False,False,banned,-1.0,ERR ValueError: amount must be non-negative
staff,remote,normal,False,False,banned,0.0,OK 0.00
staff,remote,normal,False,False,banned,50.0,ERR PermissionError: account is banned
staff,remote,normal,False,False,banned,499.99,ERR PermissionError: account is banned
staff,remote,normal,False,False,banned,500.0,ERR PermissionError: account is banned
staff,remote,normal,False,False,banned,1000.0,ERR PermissionError: account is banned
staff,remote,normal,False,False,frozen,-1.0,ERR ValueError: amount must be non-negative
staff,remote,normal,False,False,frozen,0.0,OK 0.00
staff,remote,normal,False,False,frozen,50.0,OK 15.00
staff,remote,normal,False,False,frozen,499.99,OK 15.00
staff,remote,normal,False,False,frozen,500.0,OK 15.00
staff,remote,normal,False,False,frozen,1000.0,OK 15.00
staff,remote,normal,False,True,active,-1.0,ERR ValueError: amount must be non-negative
staff,remote,normal,False,True,active,0.0,OK 0.00
staff,remote,normal,False,True,active,50.0,OK 5.50
staff,remote,normal,False,True,active,499.99,OK 5.50
staff,remote,normal,False,True,active,500.0,OK 0.00
staff,remote,normal,False,True,active,1000.0,OK 0.00
staff,remote,normal,False,True,banned,-1.0,ERR ValueError: amount must be non-negative
staff,remote,normal,False,True,banned,0.0,OK 0.00
staff,remote,normal,False,True,banned,50.0,ERR PermissionError: account is banned
staff,remote,normal,False,True,banned,499.99,ERR PermissionError: account is banned
staff,remote,normal,False,True,banned,500.0,ERR PermissionError: account is banned
staff,remote,normal,False,True,banned,1000.0,ERR PermissionError: account is banned
staff,remote,normal,False,True,frozen,-1.0,ERR ValueError: amount must be non-negative
staff,remote,normal,False,True,frozen,0.0,OK 0.00
staff,remote,normal,False,True,frozen,50.0,OK 15.00
staff,remote,normal,False,True,frozen,499.99,OK 15.00
staff,remote,normal,False,True,frozen,500.0,OK 15.00
staff,remote,normal,False,True,frozen,1000.0,OK 15.00
staff,remote,normal,True,False,active,-1.0,ERR ValueError: amount must be non-negative
staff,remote,normal,True,False,active,0.0,OK 0.00
staff,remote,normal,True,False,active,50.0,OK 28.00
staff,remote,normal,True,False,active,499.99,OK 28.00
staff,remote,normal,True,False,active,500.0,OK 17.50
staff,remote,normal,True,False,active,1000.0,OK 17.50
staff,remote,normal,True,False,banned,-1.0,ERR ValueError: amount must be non-negative
staff,remote,normal,True,False,banned,0.0,OK 0.00
staff,remote,normal,True,False,banned,50.0,ERR PermissionError: account is banned
staff,remote,normal,True,False,banned,499.99,ERR PermissionError: account is banned
staff,remote,normal,True,False,banned,500.0,ERR PermissionError: account is banned
staff,remote,normal,True,False,banned,1000.0,ERR PermissionError: account is banned
staff,remote,normal,True,False,frozen,-1.0,ERR ValueError: amount must be non-negative
staff,remote,normal,True,False,frozen,0.0,OK 0.00
staff,remote,normal,True,False,frozen,50.0,ERR RuntimeError: frozen account cannot use express
staff,remote,normal,True,False,frozen,499.99,ERR RuntimeError: frozen account cannot use express
staff,remote,normal,True,False,frozen,500.0,ERR RuntimeError: frozen account cannot use express
staff,remote,normal,True,False,frozen,1000.0,ERR RuntimeError: frozen account cannot use express
staff,remote,normal,True,True,active,-1.0,ERR ValueError: amount must be non-negative
staff,remote,normal,True,True,active,0.0,OK 0.00
staff,remote,normal,True,True,active,50.0,OK 26.50
staff,remote,normal,True,True,active,499.99,OK 26.50
staff,remote,normal,True,True,active,500.0,OK 16.00
staff,remote,normal,True,True,active,1000.0,OK 16.00
staff,remote,normal,True,True,banned,-1.0,ERR ValueError: amount must be non-negative
staff,remote,normal,True,True,banned,0.0,OK 0.00
staff,remote,normal,True,True,banned,50.0,ERR PermissionError: account is banned
staff,remote,normal,True,True,banned,499.99,ERR PermissionError: account is banned
staff,remote,normal,True,True,banned,500.0,ERR PermissionError: account is banned
staff,remote,normal,True,True,banned,1000.0,ERR PermissionError: account is banned
staff,remote,normal,True,True,frozen,-1.0,ERR ValueError: amount must be non-negative
staff,remote,normal,True,True,frozen,0.0,OK 0.00
staff,remote,normal,True,True,frozen,50.0,ERR RuntimeError: frozen account cannot use express
staff,remote,normal,True,True,frozen,499.99,ERR RuntimeError: frozen account cannot use express
staff,remote,normal,True,True,frozen,500.0,ERR RuntimeError: frozen account cannot use express
staff,remote,normal,True,True,frozen,1000.0,ERR RuntimeError: frozen account cannot use express
