user_level,region,category,express,holiday,account_status,amount,legacy_output,refactored_output,result
normal,domestic,normal,False,False,active,-1.0,ERR ValueError: amount must be non-negative,ERR ValueError: amount must be non-negative,PASS
normal,domestic,normal,False,False,active,0.0,OK 0.00,OK 0.00,PASS
normal,domestic,normal,False,False,active,50.0,OK 6.00,OK 6.00,PASS
normal,domestic,normal,False,False,active,499.99,OK 6.00,OK 6.00,PASS
normal,domestic,normal,False,False,active,500.0,OK 0.00,OK 0.00,PASS
normal,domestic,normal,False,False,active,1000.0,OK 0.00,OK 0.00,PASS
normal,domestic,normal,False,False,frozen,-1.0,ERR ValueError: amount must be non-negative,ERR ValueError: amount must be non-negative,PASS
normal,domestic,normal,False,False,frozen,0.0,OK 0.00,OK 0.00,PASS
normal,domestic,normal,False,False,frozen,50.0,OK 6.00,OK 6.00,PASS
normal,domestic,normal,False,False,frozen,499.99,OK 6.00,OK 6.00,PASS
normal,domestic,normal,False,False,frozen,500.0,OK 6.00,OK 6.00,PASS
normal,domestic,normal,False,False,frozen,1000.0,OK 6.00,OK 6.00,PASS
normal,domestic,normal,False,False,banned,-1.0,ERR ValueError: amount must be non-negative,ERR ValueError: amount must be non-negative,PASS
normal,domestic,normal,False,False,banned,0.0,OK 0.00,OK 0.00,PASS
normal,domestic,normal,False,False,banned,50.0,ERR PermissionError: account is banned,ERR PermissionError: account is banned,PASS
normal,domestic,normal,False,False,banned,499.99,ERR PermissionError: account is banned,ERR PermissionError: account is banned,PASS
normal,domestic,normal,False,False,banned,500.0,ERR PermissionError: account is banned,ERR PermissionError: account is banned,PASS
normal,domestic,normal,False,False,banned,1000.0,ERR PermissionError: account is banned,ERR PermissionError: account is banned,PASS
normal,domestic,normal,False,True,active,-1.0,ERR ValueError: amount must be non-negative,ERR ValueError: amount must be non-negative,PASS
normal,domestic,normal,False,True,active,0.0,OK 0.00,OK 0.00,PASS
normal,domestic,normal,False,True,active,50.0,OK 6.00,OK 6.00,PASS
normal,domestic,normal,False,True,active,499.99,OK 6.00,OK 6.00,PASS
normal,domestic,normal,False,True,active,500.0,OK 0.00,OK 0.00,PASS
normal,domestic,normal,False,True,active,1000.0,OK 0.00,OK 0.00,PASS
normal,domestic,normal,False,True,frozen,-1.0,ERR ValueError: amount must be non-negative,ERR ValueError: amount must be non-negative,PASS
normal,domestic,normal,False,True,frozen,0.0,OK 0.00,OK 0.00,PASS
normal,domestic,normal,False,True,frozen,50.0,OK 6.00,OK 6.00,PASS
normal,domestic,normal,False,True,frozen,499.99,OK 6.00,OK 6.00,PASS
normal,domestic,normal,False,True,frozen,500.0,OK 6.00,OK 6.00,PASS
normal,domestic,normal,False,True,frozen,1000.0,OK 6.00,OK 6.00,PASS
normal,domestic,normal,False,True,banned,-1.0,ERR ValueError: amount must be non-negative,ERR ValueError: amount must be non-negative,PASS
normal,domestic,normal,False,True,banned,0.0,OK 0.00,OK 0.00,PASS
normal,domestic,normal,False,True,banned,50.0,ERR PermissionError: account is banned,ERR PermissionError: account is banned,PASS
normal,domestic,normal,False,True,banned,499.99,ERR PermissionError: account is banned,ERR PermissionError: account is banned,PASS
normal,domestic,normal,False,True,banned,500.0,ERR PermissionError: account is banned,ERR PermissionError: account is banned,PASS
normal,domestic,normal,False,True,banned,1000.0,ERR PermissionError: account is banned,ERR PermissionError: account is banned,PASS
normal,domestic,normal,True,False,active,-1.0,ERR ValueError: amount must be non-negative,ERR ValueError: amount must be non-negative,PASS
normal,domestic,normal,True,False,active,0.0,OK 0.00,OK 0.00,PASS
normal,domestic,normal,True,False,active,50.0,OK 16.00,OK 16.00,PASS
normal,domestic,normal,True,False,active,499.99,OK 16.00,OK 16.00,PASS
normal,domestic,normal,True,False,active,500.0,OK 10.00,OK 10.00,PASS
normal,domestic,normal,True,False,active,1000.0,OK 10.00,OK 10.00,PASS
normal,domestic,normal,True,False,frozen,-1.0,ERR ValueError: amount must be non-negative,ERR ValueError: amount must be non-negative,PASS
normal,domestic,normal,True,False,frozen,0.0,OK 0.00,OK 0.00,PASS
normal,domestic,normal,True,False,frozen,50.0,ERR RuntimeError: frozen account cannot use express,ERR RuntimeError: frozen account cannot use express,PASS
normal,domestic,normal,True,False,frozen,499.99,ERR RuntimeError: frozen account cannot use express,ERR RuntimeError: frozen account cannot use express,PASS
normal,domestic,normal,True,False,frozen,500.0,ERR RuntimeError: frozen account cannot use express,ERR RuntimeError: frozen account cannot use express,PASS
normal,domestic,normal,True,False,frozen,1000.0,ERR RuntimeError: frozen account cannot use express,ERR RuntimeError: frozen account cannot use express,PASS
normal,domestic,normal,True,False,banned,-1.0,ERR ValueError: amount must be non-negative,ERR ValueError: amount must be non-negative,PASS
normal,domestic,normal,True,False,banned,0.0,OK 0.00,OK 0.00,PASS
normal,domestic,normal,True,False,banned,50.0,ERR PermissionError: account is banned,ERR PermissionError: account is banned,PASS
normal,domestic,normal,True,False,banned,499.99,ERR PermissionError: account is banned,ERR PermissionError: account is banned,PASS
normal,domestic,normal,True,False,banned,500.0,ERR PermissionError: account is banned,ERR PermissionError: account is banned,PASS
normal,domestic,normal,True,False,banned,1000.0,ERR PermissionError: account is banned,ERR PermissionError: account is banned,PASS
normal,domestic,normal,True,True,active,-1.0,ERR ValueError: amount must be non-negative,ERR ValueError: amount must be non-negative,PASS
normal,domestic,normal,True,True,active,0.0,OK 0.00,OK 0.00,PASS
normal,domestic,normal,True,True,active,50.0,OK 21.00,OK 21.00,PASS
normal,domestic,normal,True,True,active,499.99,OK 21.00,OK 21.00,PASS
normal,domestic,normal,True,True,active,500.0,OK 15.00,OK 15.00,PASS
normal,domestic,normal,True,True,active,1000.0,OK 15.00,OK 15.00,PASS
normal,domestic,normal,True,True,frozen,-1.0,ERR ValueError: amount must be non-negative,ERR ValueError: amount must be non-negative,PASS
normal,domestic,normal,True,True,frozen,0.0,OK 0.00,OK 0.00,PASS
normal,domestic,normal,True,True,frozen,50.0,ERR RuntimeError: frozen account cannot use express,ERR RuntimeError: frozen account cannot use express,PASS
normal,domestic,normal,True,True,frozen,499.99,ERR RuntimeError: frozen account cannot use express,ERR RuntimeError: frozen account cannot use express,PASS
normal,domestic,normal,True,True,frozen,500.0,ERR RuntimeError: frozen account cannot use express,ERR RuntimeError: frozen account cannot use express,PASS
normal,domestic,normal,True,True,frozen,1000.0,ERR RuntimeError: frozen account cannot use express,ERR RuntimeError: frozen account cannot use express,PASS
normal,domestic,normal,True,True,banned,-1.0,ERR ValueError: amount must be non-negative,ERR ValueError: amount must be non-negative,PASS
normal,domestic,normal,True,True,banned,0.0,OK 0.00,OK 0.00,PASS
normal,domestic,normal,True,True,banned,50.0,ERR PermissionError: account is banned,ERR PermissionError: account is banned,PASS
normal,domestic,normal,True,True,banned,499.99,ERR PermissionError: account is banned,ERR PermissionError: account is banned,PASS
normal,domestic,normal,True,True,banned,500.0,ERR PermissionError: account is banned,ERR PermissionError: account is banned,PASS
normal,domestic,normal,True,True,banned,1000.0,ERR PermissionError: account is banned,ERR PermissionError: account is banned,PASS
normal,domestic,fragile,False,False,active,-1.0,ERR ValueError: amount must be non-negative,ERR ValueError: amount must be non-negative,PASS
normal,domestic,fragile,False,False,active,0.0,OK 0.00,OK 0.00,PASS
normal,domestic,fragile,False,False,active,50.0,OK 14.00,OK 14.00,PASS
normal,domestic,fragile,False,False,active,499.99,OK 14.00,OK 14.00,PASS
normal,domestic,fragile,False,False,active,500.0,OK 0.00,OK 0.00,PASS
normal,domestic,fragile,False,False,active,1000.0,OK 0.00,OK 0.00,PASS
normal,domestic,fragile,False,False,frozen,-1.0,ERR ValueError: amount must be non-negative,ERR ValueError: amount must be non-negative,PASS
normal,domestic,fragile,False,False,frozen,0.0,OK 0.00,OK 0.00,PASS
normal,domestic,fragile,False,False,frozen,50.0,OK 14.00,OK 14.00,PASS
normal,domestic,fragile,False,False,frozen,499.99,OK 14.00,OK 14.00,PASS
normal,domestic,fragile,False,False,frozen,500.0,OK 14.00,OK 14.00,PASS
normal,domestic,fragile,False,False,frozen,1000.0,OK 14.00,OK 14.00,PASS
normal,domestic,fragile,False,False,banned,-1.0,ERR ValueError: amount must be non-negative,ERR ValueError: amount must be non-negative,PASS
normal,domestic,fragile,False,False,banned,0.0,OK 0.00,OK 0.00,PASS
normal,domestic,fragile,False,False,banned,50.0,ERR PermissionError: account is banned,ERR PermissionError: account is banned,PASS
normal,domestic,fragile,False,False,banned,499.99,ERR PermissionError: account is banned,ERR PermissionError: account is banned,PASS
normal,domestic,fragile,False,False,banned,500.0,ERR PermissionError: account is banned,ERR PermissionError: account is banned,PASS
normal,domestic,fragile,False,False,banned,1000.0,ERR PermissionError: account is banned,ERR PermissionError: account is banned,PASS
normal,domestic,fragile,False,True,active,-1.0,ERR ValueError: amount must be non-negative,ERR ValueError: amount must be non-negative,PASS
normal,domestic,fragile,False,True,active,0.0,OK 0.00,OK 0.00,PASS
normal,domestic,fragile,False,True,active,50.0,OK 14.00,OK 14.00,PASS
normal,domestic,fragile,False,True,active,499.99,OK 14.00,OK 14.00,PASS
normal,domestic,fragile,False,True,active,500.0,OK 0.00,OK 0.00,PASS
normal,domestic,fragile,False,True,active,1000.0,OK 0.00,OK 0.00,PASS
normal,domestic,fragile,False,True,frozen,-1.0,ERR ValueError: amount must be non-negative,ERR ValueError: amount must be non-negative,PASS
normal,domestic,fragile,False,True,frozen,0.0,OK 0.00,OK 0.00,PASS
normal,domestic,fragile,False,True,frozen,50.0,OK 14.00,OK 14.00,PASS
normal,domestic,fragile,False,True,frozen,499.99,OK 14.00,OK 14.00,PASS
normal,domestic,fragile,False,True,frozen,500.0,OK 14.00,OK 14.00,PASS
normal,domestic,fragile,False,True,frozen,1000.0,OK 14.00,OK 14.00,PASS
normal,domestic,fragile,False,True,banned,-1.0,ERR ValueError: amount must be non-negative,ERR ValueError: amount must be non-negative,PASS
normal,domestic,fragile,False,True,banned,0.0,OK 0.00,OK 0.00,PASS
normal,domestic,fragile,False,True,banned,50.0,ERR PermissionError: account is banned,ERR PermissionError: account is banned,PASS
normal,domestic,fragile,False,True,banned,499.99,ERR PermissionError: account is banned,ERR PermissionError: account is banned,PASS
normal,domestic,fragile,False,True,banned,500.0,ERR PermissionError: account is banned,ERR PermissionError: account is banned,PASS
normal,domestic,fragile,False,True,banned,1000.0,ERR PermissionError: account is banned,ERR PermissionError: account is banned,PASS
normal,domestic,fragile,True,False,active,-1.0,ERR ValueError: amount must be non-negative,ERR ValueError: amount must be non-negative,PASS
normal,domestic,fragile,True,False,active,0.0,OK 0.00,OK 0.00,PASS
normal,domestic,fragile,True,False,active,50.0,OK 24.00,OK 24.00,PASS
normal,domestic,fragile,True,False,active,499.99,OK 24.00,OK 24.00,PASS
normal,domestic,fragile,True,False,active,500.0,OK 10.00,OK 10.00,PASS
normal,domestic,fragile,True,False,active,1000.0,OK 10.00,OK 10.00,PASS
normal,domestic,fragile,True,False,frozen,-1.0,ERR ValueError: amount must be non-negative,ERR ValueError: amount must be non-negative,PASS
normal,domestic,fragile,True,False,frozen,0.0,OK 0.00,OK 0.00,PASS
normal,domestic,fragile,True,False,frozen,50.0,ERR RuntimeError: frozen account cannot use express,ERR RuntimeError: frozen account cannot use express,PASS
normal,domestic,fragile,True,False,frozen,499.99,ERR RuntimeError: frozen account cannot use express,ERR RuntimeError: frozen account cannot use express,PASS
normal,domestic,fragile,True,False,frozen,500.0,ERR RuntimeError: frozen account cannot use express,ERR RuntimeError: frozen account cannot use express,PASS
normal,domestic,fragile,True,False,frozen,1000.0,ERR RuntimeError: frozen account cannot use express,ERR RuntimeError: frozen account cannot use express,PASS
normal,domestic,fragile,True,False,banned,-1.0,ERR ValueError: amount must be non-negative,ERR ValueError: amount must be non-negative,PASS
normal,domestic,fragile,True,False,banned,0.0,OK 0.00,OK 0.00,PASS
normal,domestic,fragile,True,False,banned,50.0,ERR PermissionError: account is banned,ERR PermissionError: account is banned,PASS
normal,domestic,fragile,True,False,banned,499.99,ERR PermissionError: account is banned,ERR PermissionError: account is banned,PASS
normal,domestic,fragile,True,False,banned,500.0,ERR PermissionError: account is banned,ERR PermissionError: account is banned,PASS
normal,domestic,fragile,True,False,banned,1000.0,ERR PermissionError: account is banned,ERR PermissionError: account is banned,PASS
normal,domestic,fragile,True,True,active,-1.0,ERR ValueError: amount must be non-negative,ERR ValueError: amount must be non-negative,PASS
normal,domestic,fragile,True,True,active,0.0,OK 0.00,OK 0.00,PASS
normal,domestic,fragile,True,True,active,50.0,OK 29.00,OK 29.00,PASS
normal,domestic,fragile,True,True,active,499.99,OK 29.00,OK 29.00,PASS
normal,domestic,fragile,True,True,active,500.0,OK 15.00,OK 15.00,PASS
normal,domestic,fragile,True,True,active,1000.0,OK 15.00,OK 15.00,PASS
normal,domestic,fragile,True,True,frozen,-1.0,ERR ValueError: amount must be non-negative,ERR ValueError: amount must be non-negative,PASS
normal,domestic,fragile,True,True,frozen,0.0,OK 0.00,OK 0.00,PASS
normal,domestic,fragile,True,True,frozen,50.0,ERR RuntimeError: frozen account cannot use express,ERR RuntimeError: frozen account cannot use express,PASS
normal,domestic,fragile,True,True,frozen,499.99,ERR RuntimeError: frozen account cannot use express,ERR RuntimeError: frozen account cannot use express,PASS
normal,domestic,fragile,True,True,frozen,500.0,ERR RuntimeError: frozen account cannot use express,ERR RuntimeError: frozen account cannot use express,PASS
normal,domestic,fragile,True,True,frozen,1000.0,ERR RuntimeError: frozen account cannot use express,ERR RuntimeError: frozen account cannot use express,PASS
normal,domestic,fragile,True,True,banned,-1.0,ERR ValueError: amount must be non-negative,ERR ValueError: amount must be non-negative,PASS
normal,domestic,fragile,True,True,banned,0.0,OK 0.00,OK 0.00,PASS
normal,domestic,fragile,True,True,banned,50.0,ERR PermissionError: account is banned,ERR PermissionError: account is banned,PASS
normal,domestic,fragile,True,True,banned,499.99,ERR PermissionError: account is banned,ERR PermissionError: account is banned,PASS
normal,domestic,fragile,True,True,banned,500.0,ERR PermissionError: account is banned,ERR PermissionError: account is banned,PASS
normal,domestic,fragile,True,True,banned,1000.0,ERR PermissionError: account is banned,ERR PermissionError: account is banned,PASS
normal,domestic,frozen,False,False,active,-1.0,ERR ValueError: amount must be non-negative,ERR ValueError: amount must be non-negative,PASS
normal,domestic,frozen,False,False,active,0.0,OK 0.00,OK 0.00,PASS
normal,domestic,frozen,False,False,active,50.0,OK 18.00,OK 18.00,PASS
normal,domestic,frozen,False,False,active,499.99,OK 18.00,OK 18.00,PASS
normal,domestic,frozen,False,False,active,500.0,OK 0.00,OK 0.00,PASS
normal,domestic,frozen,False,False,active,1000.0,OK 0.00,OK 0.00,PASS
normal,domestic,frozen,False,False,frozen,-1.0,ERR ValueError: amount must be non-negative,ERR ValueError: amount must be non-negative,PASS
normal,domestic,frozen,False,False,frozen,0.0,OK 0.00,OK 0.00,PASS
normal,domestic,frozen,False,False,frozen,50.0,OK 18.00,OK 18.00,PASS
normal,domestic,frozen,False,False,frozen,499.99,OK 18.00,OK 18.00,PASS
normal,domestic,frozen,False,False,frozen,500.0,OK 18.00,OK 18.00,PASS
normal,domestic,frozen,False,False,frozen,1000.0,OK 18.00,OK 18.00,PASS
normal,domestic,frozen,False,False,banned,-1.0,ERR ValueError: amount must be non-negative,ERR ValueError: amount must be non-negative,PASS
normal,domestic,frozen,False,False,banned,0.0,OK 0.00,OK 0.00,PASS
normal,domestic,frozen,False,False,banned,50.0,ERR PermissionError: account is banned,ERR PermissionError: account is banned,PASS
normal,domestic,frozen,False,False,banned,499.99,ERR PermissionError: account is banned,ERR PermissionError: account is banned,PASS
normal,domestic,frozen,False,False,banned,500.0,ERR PermissionError: account is banned,ERR PermissionError: account is banned,PASS
normal,domestic,frozen,False,False,banned,1000.0,ERR PermissionError: account is banned,ERR PermissionError: account is banned,PASS
normal,domestic,frozen,False,True,active,-1.0,ERR ValueError: amount must be non-negative,ERR ValueError: amount must be non-negative,PASS
normal,domestic,frozen,False,True,active,0.0,OK 0.00,OK 0.00,PASS
normal,domestic,frozen,False,True,active,50.0,OK 18.00,OK 18.00,PASS
normal,domestic,frozen,False,True,active,499.99,OK 18.00,OK 18.00,PASS
normal,domestic,frozen,False,True,active,500.0,OK 0.00,OK 0.00,PASS
normal,domestic,frozen,False,True,active,1000.0,OK 0.00,OK 0.00,PASS
normal,domestic,frozen,False,True,frozen,-1.0,ERR ValueError: amount must be non-negative,ERR ValueError: amount must be non-negative,PASS
normal,domestic,frozen,False,True,frozen,0.0,OK 0.00,OK 0.00,PASS
normal,domestic,frozen,False,True,frozen,50.0,OK 18.00,OK 18.00,PASS
normal,domestic,frozen,False,True,frozen,499.99,OK 18.00,OK 18.00,PASS
normal,domestic,frozen,False,True,frozen,500.0,OK 18.00,OK 18.00,PASS
normal,domestic,frozen,False,True,frozen,1000.0,OK 18.00,OK 18.00,PASS
normal,domestic,frozen,False,True,banned,-1.0,ERR ValueError: amount must be non-negative,ERR ValueError: amount must be non-negative,PASS
normal,domestic,frozen,False,True,banned,0.0,OK 0.00,OK 0.00,PASS
normal,domestic,frozen,False,True,banned,50.0,ERR PermissionError: account is banned,ERR PermissionError: account is banned,PASS
normal,domestic,frozen,False,True,banned,499.99,ERR PermissionError: account is banned,ERR PermissionError: account is banned,PASS
normal,domestic,frozen,False,True,banned,500.0,ERR PermissionError: account is banned,ERR PermissionError: account is banned,PASS
normal,domestic,frozen,False,True,banned,1000.0,ERR PermissionError: account is banned,ERR PermissionError: account is banned,PASS
normal,domestic,frozen,True,False,active,-1.0,ERR ValueError: amount must be non-negative,ERR ValueError: amount must be non-negative,PASS
normal,domestic,frozen,True,False,active,0.0,OK 0.00,OK 0.00,PASS
normal,domestic,frozen,True,False,active,50.0,OK 28.00,OK 28.00,PASS
normal,domestic,frozen,True,False,active,499.99,OK 28.00,OK 28.00,PASS
normal,domestic,frozen,True,False,active,500.0,OK 10.00,OK 10.00,PASS
normal,domestic,frozen,True,False,active,1000.0,OK 10.00,OK 10.00,PASS
normal,domestic,frozen,True,False,frozen,-1.0,ERR ValueError: amount must be non-negative,ERR ValueError: amount must be non-negative,PASS
normal,domestic,frozen,True,False,frozen,0.0,OK 0.00,OK 0.00,PASS
normal,domestic,frozen,True,False,frozen,50.0,ERR RuntimeError: frozen account cannot use express,ERR RuntimeError: frozen account cannot use express,PASS
normal,domestic,frozen,True,False,frozen,499.99,ERR RuntimeError: frozen account cannot use express,ERR RuntimeError: frozen account cannot use express,PASS
normal,domestic,frozen,True,False,frozen,500.0,ERR RuntimeError: frozen account cannot use express,ERR RuntimeError: frozen account cannot use express,PASS
normal,domestic,frozen,True,False,frozen,1000.0,ERR RuntimeError: frozen account cannot use express,ERR RuntimeError: frozen account cannot use express,PASS
normal,domestic,frozen,True,False,banned,-1.0,ERR ValueError: amount must be non-negative,ERR ValueError: amount must be non-negative,PASS
normal,domestic,frozen,True,False,banned,0.0,OK 0.00,OK 0.00,PASS
normal,domestic,frozen,True,False,banned,50.0,ERR PermissionError: account is banned,ERR PermissionError: account is banned,PASS
normal,domestic,frozen,True,False,banned,499.99,ERR PermissionError: account is banned,ERR PermissionError: account is banned,PASS
normal,domestic,frozen,True,False,banned,500.0,ERR PermissionError: account is banned,ERR PermissionError: account is banned,PASS
normal,domestic,frozen,True,False,banned,1000.0,ERR PermissionError: account is banned,ERR PermissionError: account is banned,PASS
normal,domestic,frozen,True,True,active,-1.0,ERR ValueError: amount must be non-negative,ERR ValueError: amount must be non-negative,PASS
normal,domestic,frozen,True,True,active,0.0,OK 0.00,OK 0.00,PASS
normal,domestic,frozen,True,True,active,50.0,OK 33.00,OK 33.00,PASS
normal,domestic,frozen,True,True,active,499.99,OK 33.00,OK 33.00,PASS
normal,domestic,frozen,True,True,active,500.0,OK 15.00,OK 15.00,PASS
normal,domestic,frozen,True,True,active,1000.0,OK 15.00,OK 15.00,PASS
normal,domestic,frozen,True,True,frozen,-1.0,ERR ValueError: amount must be non-negative,ERR ValueError: amount must be non-negative,PASS
normal,domestic,frozen,True,True,frozen,0.0,OK 0.00,OK 0.00,PASS
normal,domestic,frozen,True,True,frozen,50.0,ERR RuntimeError: frozen account cannot use express,ERR RuntimeError: frozen account cannot use express,PASS
normal,domestic,frozen,True,True,frozen,499.99,ERR RuntimeError: frozen account cannot use express,ERR RuntimeError: frozen account cannot use express,PASS
normal,domestic,frozen,True,True,frozen,500.0,ERR RuntimeError: frozen account cannot use express,ERR RuntimeError: frozen account cannot use express,PASS
normal,domestic,frozen,True,True,frozen,1000.0,ERR RuntimeError: frozen account cannot use express,ERR RuntimeError: frozen account cannot use express,PASS
normal,domestic,frozen,True,True,banned,-1.0,ERR ValueError: amount must be non-negative,ERR ValueError: amount must be non-negative,PASS
normal,domestic,frozen,True,True,banned,0.0,OK 0.00,OK 0.00,PASS
normal,domestic,frozen,True,True,banned,50.0,ERR PermissionError: account is banned,ERR PermissionError: account is banned,PASS
normal,domestic,frozen,True,True,banned,499.99,ERR PermissionError: account is banned,ERR PermissionError: account is banned,PASS
normal,domestic,frozen,True,True,banned,500.0,ERR PermissionError: account is banned,ERR PermissionError: account is banned,PASS
normal,domestic,frozen,True,True,banned,1000.0,ERR PermissionError: account is banned,ERR PermissionError: account is banned,PASS
normal,remote,normal,False,False,active,-1.0,ERR ValueError: amount must be non-negative,ERR ValueError: amount must be non-negative,PASS
normal,remote,normal,False,False,active,0.0,OK 0.00,OK 0.00,PASS
normal,remote,normal,False,False,active,50.0,OK 15.00,OK 15.00,PASS
normal,remote,normal,False,False,active,499.99,OK 15.00,OK 15.00,PASS
normal,remote,normal,False,False,active,500.0,OK 0.00,OK 0.00,PASS
normal,remote,normal,False,False,active,1000.0,OK 0.00,OK 0.00,PASS
normal,remote,normal,False,False,frozen,-1.0,ERR ValueError: amount must be non-negative,ERR ValueError: amount must be non-negative,PASS
normal,remote,normal,False,False,frozen,0.0,OK 0.00,OK 0.00,PASS
normal,remote,normal,False,False,frozen,50.0,OK 15.00,OK 15.00,PASS
normal,remote,normal,False,False,frozen,499.99,OK 15.00,OK 15.00,PASS
normal,remote,normal,False,False,frozen,500.0,OK 15.00,OK 15.00,PASS
normal,remote,normal,False,False,frozen,1000.0,OK 15.00,OK 15.00,PASS
normal,remote,normal,False,False,banned,-1.0,ERR ValueError: amount must be non-negative,ERR ValueError: amount must be non-negative,PASS
normal,remote,normal,False,False,banned,0.0,OK 0.00,OK 0.00,PASS
normal,remote,normal,False,False,banned,50.0,ERR PermissionError: account is banned,ERR PermissionError: account is banned,PASS
normal,remote,normal,False,False,banned,499.99,ERR PermissionError: account is banned,ERR PermissionError: account is banned,PASS
normal,remote,normal,False,False,banned,500.0,ERR PermissionError: account is banned,ERR PermissionError: account is banned,PASS
normal,remote,normal,False,False,banned,1000.0,ERR PermissionError: account is banned,ERR PermissionError: account is banned,PASS
normal,remote,normal,False,True,active,-1.0,ERR ValueError: amount must be non-negative,ERR ValueError: amount must be non-negative,PASS
normal,remote,normal,False,True,active,0.0,OK 0.00,OK 0.00,PASS
normal,remote,normal,False,True,active,50.0,OK 15.00,OK 15.00,PASS
normal,remote,normal,False,True,active,499.99,OK 15.00,OK 15.00,PASS
normal,remote,normal,False,True,active,500.0,OK 0.00,OK 0.00,PASS
normal,remote,normal,False,True,active,1000.0,OK 0.00,OK 0.00,PASS
normal,remote,normal,False,True,frozen,-1.0,ERR ValueError: amount must be non-negative,ERR ValueError: amount must be non-negative,PASS
normal,remote,normal,False,True,frozen,0.0,OK 0.00,OK 0.00,PASS
normal,remote,normal,False,True,frozen,50.0,OK 15.00,OK 15.00,PASS
normal,remote,normal,False,True,frozen,499.99,OK 15.00,OK 15.00,PASS
normal,remote,normal,False,True,frozen,500.0,OK 15.00,OK 15.00,PASS
normal,remote,normal,False,True,frozen,1000.0,OK 15.00,OK 15.00,PASS
normal,remote,normal,False,True,banned,-1.0,ERR ValueError: amount must be non-negative,ERR ValueError: amount must be non-negative,PASS
normal,remote,normal,False,True,banned,0.0,OK 0.00,OK 0.00,PASS
normal,remote,normal,False,True,banned,50.0,ERR PermissionError: account is banned,ERR PermissionError: account is banned,PASS
normal,remote,normal,False,True,banned,499.99,ERR PermissionError: account is banned,ERR PermissionError: account is banned,PASS
normal,remote,normal,False,True,banned,500.0,ERR PermissionError: account is banned,ERR PermissionError: account is banned,PASS
normal,remote,normal,False,True,banned,1000.0,ERR PermissionError: account is banned,ERR PermissionError: account is banned,PASS
normal,remote,normal,True,False,active,-1.0,ERR ValueError: amount must be non-negative,ERR ValueError: amount must be non-negative,PASS
normal,remote,normal,True,False,active,0.0,OK 0.00,OK 0.00,PASS
normal,remote,normal,True,False,active,50.0,OK 40.00,OK 40.00,PASS
normal,remote,normal,True,False,active,499.99,OK 40.00,OK 40.00,PASS
normal,remote,normal,True,False,active,500.0,OK 25.00,OK 25.00,PASS
normal,remote,normal,True,False,active,1000.0,OK 25.00,OK 25.00,PASS
normal,remote,normal,True,False,frozen,-1.0,ERR ValueError: amount must be non-negative,ERR ValueError: amount must be non-negative,PASS
normal,remote,normal,True,False,frozen,0.0,OK 0.00,OK 0.00,PASS
normal,remote,normal,True,False,frozen,50.0,ERR RuntimeError: frozen account cannot use express,ERR RuntimeError: frozen account cannot use express,PASS
normal,remote,normal,True,False,frozen,499.99,ERR RuntimeError: frozen account cannot use express,ERR RuntimeError: frozen account cannot use express,PASS
normal,remote,normal,True,False,frozen,500.0,ERR RuntimeError: frozen account cannot use express,ERR RuntimeError: frozen account cannot use express,PASS
normal,remote,normal,True,False,frozen,1000.0,ERR RuntimeError: frozen account cannot use express,ERR RuntimeError: frozen account cannot use express,PASS
normal,remote,normal,True,False,banned,-1.0,ERR ValueError: amount must be non-negative,ERR ValueError: amount must be non-negative,PASS
normal,remote,normal,True,False,banned,0.0,OK 0.00,OK 0.00,PASS
normal,remote,normal,True,False,banned,50.0,ERR PermissionError: account is banned,ERR PermissionError: account is banned,PASS
normal,remote,normal,True,False,banned,499.99,ERR PermissionError: account is banned,ERR PermissionError: account is banned,PASS
normal,remote,normal,True,False,banned,500.0,ERR PermissionError: account is banned,ERR PermissionError: account is banned,PASS
normal,remote,normal,True,False,banned,1000.0,ERR PermissionError: account is banned,ERR PermissionError: account is banned,PASS
normal,remote,normal,True,True,active,-1.0,ERR ValueError: amount must be non-negative,ERR ValueError: amount must be non-negative,PASS
normal,remote,normal,True,True,active,0.0,OK 0.00,OK 0.00,PASS
normal,remote,normal,True,True,active,50.0,OK 45.00,OK 45.00,PASS
normal,remote,normal,True,True,active,499.99,OK 45.00,OK 45.00,PASS
normal,remote,normal,True,True,active,500.0,OK 30.00,OK 30.00,PASS
normal,remote,normal,True,True,active,1000.0,OK 30.00,OK 30.00,PASS
normal,remote,normal,True,True,frozen,-1.0,ERR ValueError: amount must be non-negative,ERR ValueError: amount must be non-negative,PASS
normal,remote,normal,True,True,frozen,0.0,OK 0.00,OK 0.00,PASS
normal,remote,normal,True,True,frozen,50.0,ERR RuntimeError: frozen account cannot use express,ERR RuntimeError: frozen account cannot use express,PASS
normal,remote,normal,True,True,frozen,499.99,ERR RuntimeError: frozen account cannot use express,ERR RuntimeError: frozen account cannot use express,PASS
normal,remote,normal,True,True,frozen,500.0,ERR RuntimeError: frozen account cannot use express,ERR RuntimeError: frozen account cannot use express,PASS
normal,remote,normal,True,True,frozen,1000.0,ERR RuntimeError: frozen account cannot use express,ERR RuntimeError: frozen account cannot use express,PASS
normal,remote,normal,True,True,banned,-1.0,ERR ValueError: amount must be non-negative,ERR ValueError: amount must be non-negative,PASS
normal,remote,normal,True,True,banned,0.0,OK 0.00,OK 0.00,PASS
normal,remote,normal,True,True,banned,50.0,ERR PermissionError: account is banned,ERR PermissionError: account is banned,PASS
normal,remote,normal,True,True,banned,499.99,ERR PermissionError: account is banned,ERR PermissionError: account is banned,PASS
normal,remote,normal,True,True,banned,500.0,ERR PermissionError: account is banned,ERR PermissionError: account is banned,PASS
normal,remote,normal,True,True,banned,1000.0,ERR PermissionError: account is banned,ERR PermissionError: account is banned,PASS
normal,remote,fragile,False,False,active,-1.0,ERR ValueError: amount must be non-negative,ERR ValueError: amount must be non-negative,PASS
normal,remote,fragile,False,False,active,0.0,OK 0.00,OK 0.00,PASS
normal,remote,fragile,False,False,active,50.0,OK 23.00,OK 23.00,PASS
normal,remote,fragile,False,False,active,499.99,OK 23.00,OK 23.00,PASS
normal,remote,fragile,False,False,active,500.0,OK 0.00,OK 0.00,PASS
normal,remote,fragile,False,False,active,1000.0,OK 0.00,OK 0.00,PASS
normal,remote,fragile,False,False,frozen,-1.0,ERR ValueError: amount must be non-negative,ERR ValueError: amount must be non-negative,PASS
normal,remote,fragile,False,False,frozen,0.0,OK 0.00,OK 0.00,PASS
normal,remote,fragile,False,False,frozen,50.0,OK 23.00,OK 23.00,PASS
normal,remote,fragile,False,False,frozen,499.99,OK 23.00,OK 23.00,PASS
normal,remote,fragile,False,False,frozen,500.0,OK 23.00,OK 23.00,PASS
normal,remote,fragile,False,False,frozen,1000.0,OK 23.00,OK 23.00,PASS
normal,remote,fragile,False,False,banned,-1.0,ERR ValueError: amount must be non-negative,ERR ValueError: amount must be non-negative,PASS
normal,remote,fragile,False,False,banned,0.0,OK 0.00,OK 0.00,PASS
normal,remote,fragile,False,False,banned,50.0,ERR PermissionError: account is banned,ERR PermissionError: account is banned,PASS
normal,remote,fragile,False,False,banned,499.99,ERR PermissionError: account is banned,ERR PermissionError: account is banned,PASS
normal,remote,fragile,False,False,banned,500.0,ERR PermissionError: account is banned,ERR PermissionError: account is banned,PASS
normal,remote,fragile,False,False,banned,1000.0,ERR PermissionError: account is banned,ERR PermissionError: account is banned,PASS
normal,remote,fragile,False,True,active,-1.0,ERR ValueError: amount must be non-negative,ERR ValueError: amount must be non-negative,PASS
normal,remote,fragile,False,True,active,0.0,OK 0.00,OK 0.00,PASS
normal,remote,fragile,False,True,active,50.0,OK 23.00,OK 23.00,PASS
normal,remote,fragile,False,True,active,499.99,OK 23.00,OK 23.00,PASS
normal,remote,fragile,False,True,active,500.0,OK 0.00,OK 0.00,PASS
normal,remote,fragile,False,True,active,1000.0,OK 0.00,OK 0.00,PASS
normal,remote,fragile,False,True,frozen,-1.0,ERR ValueError: amount must be non-negative,ERR ValueError: amount must be non-negative,PASS
normal,remote,fragile,False,True,frozen,0.0,OK 0.00,OK 0.00,PASS
normal,remote,fragile,False,True,frozen,50.0,OK 23.00,OK 23.00,PASS
normal,remote,fragile,False,True,frozen,499.99,OK 23.00,OK 23.00,PASS
normal,remote,fragile,False,True,frozen,500.0,OK 23.00,OK 23.00,PASS
normal,remote,fragile,False,True,frozen,1000.0,OK 23.00,OK 23.00,PASS
normal,remote,fragile,False,True,banned,-1.0,ERR ValueError: amount must be non-negative,ERR ValueError: amount must be non-negative,PASS
normal,remote,fragile,False,True,banned,0.0,OK 0.00,OK 0.00,PASS
normal,remote,fragile,False,True,banned,50.0,ERR PermissionError: account is banned,ERR PermissionError: account is banned,PASS
normal,remote,fragile,False,True,banned,499.99,ERR PermissionError: account is banned,ERR PermissionError: account is banned,PASS
normal,remote,fragile,False,True,banned,500.0,ERR PermissionError: account is banned,ERR PermissionError: account is banned,PASS
normal,remote,fragile,False,True,banned,1000.0,ERR PermissionError: account is banned,ERR PermissionError: account is banned,PASS
normal,remote,fragile,True,False,active,-1.0,ERR ValueError: amount must be non-negative,ERR ValueError: amount must be non-negative,PASS
normal,remote,fragile,True,False,active,0.0,OK 0.00,OK 0.00,PASS
normal,remote,fragile,True,False,active,50.0,OK 48.00,OK 48.00,PASS
normal,remote,fragile,True,False,active,499.99,OK 48.00,OK 48.00,PASS
normal,remote,fragile,True,False,active,500.0,OK 25.00,OK 25.00,PASS
normal,remote,fragile,True,False,active,1000.0,OK 25.00,OK 25.00,PASS
normal,remote,fragile,True,False,frozen,-1.0,ERR ValueError: amount must be non-negative,ERR ValueError: amount must be non-negative,PASS
normal,remote,fragile,True,False,frozen,0.0,OK 0.00,OK 0.00,PASS
normal,remote,fragile,True,False,frozen,50.0,ERR RuntimeError: frozen account cannot use express,ERR RuntimeError: frozen account cannot use express,PASS
normal,remote,fragile,True,False,frozen,499.99,ERR RuntimeError: frozen account cannot use express,ERR RuntimeError: frozen account cannot use express,PASS
normal,remote,fragile,True,False,frozen,500.0,ERR RuntimeError: frozen account cannot use express,ERR RuntimeError: frozen account cannot use express,PASS
normal,remote,fragile,True,False,frozen,1000.0,ERR RuntimeError: frozen account cannot use express,ERR RuntimeError: frozen account cannot use express,PASS
normal,remote,fragile,True,False,banned,-1.0,ERR ValueError: amount must be non-negative,ERR ValueError: amount must be non-negative,PASS
normal,remote,fragile,True,False,banned,0.0,OK 0.00,OK 0.00,PASS
normal,remote,fragile,True,False,banned,50.0,ERR PermissionError: account is banned,ERR PermissionError: account is banned,PASS
normal,remote,fragile,True,False,banned,499.99,ERR PermissionError: account is banned,ERR PermissionError: account is banned,PASS
normal,remote,fragile,True,False,banned,500.0,ERR PermissionError: account is banned,ERR PermissionError: account is banned,PASS
normal,remote,fragile,True,False,banned,1000.0,ERR PermissionError: account is banned,ERR PermissionError: account is banned,PASS
normal,remote,fragile,True,True,active,-1.0,ERR ValueError: amount must be non-negative,ERR ValueError: amount must be non-negative,PASS
normal,remote,fragile,True,True,active,0.0,OK 0.00,OK 0.00,PASS
normal,remote,fragile,True,True,active,50.0,OK 53.00,OK 53.00,PASS
normal,remote,fragile,True,True,active,499.99,OK 53.00,OK 53.00,PASS
normal,remote,fragile,True,True,active,500.0,OK 30.00,OK 30.00,PASS
normal,remote,fragile,True,True,active,1000.0,OK 30.00,OK 30.00,PASS
normal,remote,fragile,True,True,frozen,-1.0,ERR ValueError: amount must be non-negative,ERR ValueError: amount must be non-negative,PASS
normal,remote,fragile,True,True,frozen,0.0,OK 0.00,OK 0.00,PASS
normal,remote,fragile,True,True,frozen,50.0,ERR RuntimeError: frozen account cannot use express,ERR RuntimeError: frozen account cannot use express,PASS
normal,remote,fragile,True,True,frozen,499.99,ERR RuntimeError: frozen account cannot use express,ERR RuntimeError: frozen account cannot use express,PASS
normal,remote,fragile,True,True,frozen,500.0,ERR RuntimeError: frozen account cannot use express,ERR RuntimeError: frozen account cannot use express,PASS
normal,remote,fragile,True,True,frozen,1000.0,ERR RuntimeError: frozen account cannot use express,ERR RuntimeError: frozen account cannot use express,PASS
normal,remote,fragile,True,True,banned,-1.0,ERR ValueError: amount must be non-negative,ERR ValueError: amount must be non-negative,PASS
normal,remote,fragile,True,True,banned,0.0,OK 0.00,OK 0.00,PASS
normal,remote,fragile,True,True,banned,50.0,ERR PermissionError: account is banned,ERR PermissionError: account is banned,PASS
normal,remote,fragile,True,True,banned,499.99,ERR PermissionError: account is banned,ERR PermissionError: account is banned,PASS
normal,remote,fragile,True,True,banned,500.0,ERR PermissionError: account is banned,ERR PermissionError: account is banned,PASS
normal,remote,fragile,True,True,banned,1000.0,ERR PermissionError: account is banned,ERR PermissionError: account is banned,PASS
normal,remote,frozen,False,False,active,-1.0,ERR ValueError: amount must be non-negative,ERR ValueError: amount must be non-negative,PASS
normal,remote,frozen,False,False,active,0.0,OK 0.00,OK 0.00,PASS
normal,remote,frozen,False,False,active,50.0,ERR ValueError: frozen goods cannot be shipped to remote area,ERR ValueError: frozen goods cannot be shipped to remote area,PASS
normal,remote,frozen,False,False,active,499.99,ERR ValueError: frozen goods cannot be shipped to remote area,ERR ValueError: frozen goods cannot be shipped to remote area,PASS
normal,remote,frozen,False,False,active,500.0,ERR ValueError: frozen goods cannot be shipped to remote area,ERR ValueError: frozen goods cannot be shipped to remote area,PASS
normal,remote,frozen,False,False,active,1000.0,ERR ValueError: frozen goods cannot be shipped to remote area,ERR ValueError: frozen goods cannot be shipped to remote area,PASS
normal,remote,frozen,False,False,frozen,-1.0,ERR ValueError: amount must be non-negative,ERR ValueError: amount must be non-negative,PASS
normal,remote,frozen,False,False,frozen,0.0,OK 0.00,OK 0.00,PASS
normal,remote,frozen,False,False,frozen,50.0,ERR ValueError: frozen goods cannot be shipped to remote area,ERR ValueError: frozen goods cannot be shipped to remote area,PASS
normal,remote,frozen,False,False,frozen,499.99,ERR ValueError: frozen goods cannot be shipped to remote area,ERR ValueError: frozen goods cannot be shipped to remote area,PASS
normal,remote,frozen,False,False,frozen,500.0,ERR ValueError: frozen goods cannot be shipped to remote area,ERR ValueError: frozen goods cannot be shipped to remote area,PASS
normal,remote,frozen,False,False,frozen,1000.0,ERR ValueError: frozen goods cannot be shipped to remote area,ERR ValueError: frozen goods cannot be shipped to remote area,PASS
normal,remote,frozen,False,False,banned,-1.0,ERR ValueError: amount must be non-negative,ERR ValueError: amount must be non-negative,PASS
normal,remote,frozen,False,False,banned,0.0,OK 0.00,OK 0.00,PASS
normal,remote,frozen,False,False,banned,50.0,ERR PermissionError: account is banned,ERR PermissionError: account is banned,PASS
normal,remote,frozen,False,False,banned,499.99,ERR PermissionError: account is banned,ERR PermissionError: account is banned,PASS
normal,remote,frozen,False,False,banned,500.0,ERR PermissionError: account is banned,ERR PermissionError: account is banned,PASS
normal,remote,frozen,False,False,banned,1000.0,ERR PermissionError: account is banned,ERR PermissionError: account is banned,PASS
normal,remote,frozen,False,True,active,-1.0,ERR ValueError: amount must be non-negative,ERR ValueError: amount must be non-negative,PASS
normal,remote,frozen,False,True,active,0.0,OK 0.00,OK 0.00,PASS
normal,remote,frozen,False,True,active,50.0,ERR ValueError: frozen goods cannot be shipped to remote area,ERR ValueError: frozen goods cannot be shipped to remote area,PASS
normal,remote,frozen,False,True,active,499.99,ERR ValueError: frozen goods cannot be shipped to remote area,ERR ValueError: frozen goods cannot be shipped to remote area,PASS
normal,remote,frozen,False,True,active,500.0,ERR ValueError: frozen goods cannot be shipped to remote area,ERR ValueError: frozen goods cannot be shipped to remote area,PASS
normal,remote,frozen,False,True,active,1000.0,ERR ValueError: frozen goods cannot be shipped to remote area,ERR ValueError: frozen goods cannot be shipped to remote area,PASS
normal,remote,frozen,False,True,frozen,-1.0,ERR ValueError: amount must be non-negative,ERR ValueError: amount must be non-negative,PASS
normal,remote,frozen,False,True,frozen,0.0,OK 0.00,OK 0.00,PASS
normal,remote,frozen,False,True,frozen,50.0,ERR ValueError: frozen goods cannot be shipped to remote area,ERR ValueError: frozen goods cannot be shipped to remote area,PASS
normal,remote,frozen,False,True,frozen,499.99,ERR ValueError: frozen goods cannot be shipped to remote area,ERR ValueError: frozen goods cannot be shipped to remote area,PASS
normal,remote,frozen,False,True,frozen,500.0,ERR ValueError: frozen goods cannot be shipped to remote area,ERR ValueError: frozen goods cannot be shipped to remote area,PASS
normal,remote,frozen,False,True,frozen,1000.0,ERR ValueError: frozen goods cannot be shipped to remote area,ERR ValueError: frozen goods cannot be shipped to remote area,PASS
normal,remote,frozen,False,True,banned,-1.0,ERR ValueError: amount must be non-negative,ERR ValueError: amount must be non-negative,PASS
normal,remote,frozen,False,True,banned,0.0,OK 0.00,OK 0.00,PASS
normal,remote,frozen,False,True,banned,50.0,ERR PermissionError: account is banned,ERR PermissionError: account is banned,PASS
normal,remote,frozen,False,True,banned,499.99,ERR PermissionError: account is banned,ERR PermissionError: account is banned,PASS
normal,remote,frozen,False,True,banned,500.0,ERR PermissionError: account is banned,ERR PermissionError: account is banned,PASS
normal,remote,frozen,False,True,banned,1000.0,ERR PermissionError: account is banned,ERR PermissionError: account is banned,PASS
normal,remote,frozen,True,False,active,-1.0,ERR ValueError: amount must be non-negative,ERR ValueError: amount must be non-negative,PASS
normal,remote,frozen,True,False,active,0.0,OK 0.00,OK 0.00,PASS
normal,remote,frozen,True,False,active,50.0,ERR ValueError: frozen goods cannot be shipped to remote area,ERR ValueError: frozen goods cannot be shipped to remote area,PASS
normal,remote,frozen,True,False,active,499.99,ERR ValueError: frozen goods cannot be shipped to remote area,ERR ValueError: frozen goods cannot be shipped to remote area,PASS
normal,remote,frozen,True,False,active,500.0,ERR ValueError: frozen goods cannot be shipped to remote area,ERR ValueError: frozen goods cannot be shipped to remote area,PASS
normal,remote,frozen,True,False,active,1000.0,ERR ValueError: frozen goods cannot be shipped to remote area,ERR ValueError: frozen goods cannot be shipped to remote area,PASS
normal,remote,frozen,True,False,frozen,-1.0,ERR ValueError: amount must be non-negative,ERR ValueError: amount must be non-negative,PASS
normal,remote,frozen,True,False,frozen,0.0,OK 0.00,OK 0.00,PASS
normal,remote,frozen,True,False,frozen,50.0,ERR RuntimeError: frozen account cannot use express,ERR RuntimeError: frozen account cannot use express,PASS
normal,remote,frozen,True,False,frozen,499.99,ERR RuntimeError: frozen account cannot use express,ERR RuntimeError: frozen account cannot use express,PASS
normal,remote,frozen,True,False,frozen,500.0,ERR RuntimeError: frozen account cannot use express,ERR RuntimeError: frozen account cannot use express,PASS
normal,remote,frozen,True,False,frozen,1000.0,ERR RuntimeError: frozen account cannot use express,ERR RuntimeError: frozen account cannot use express,PASS
normal,remote,frozen,True,False,banned,-1.0,ERR ValueError: amount must be non-negative,ERR ValueError: amount must be non-negative,PASS
normal,remote,frozen,True,False,banned,0.0,OK 0.00,OK 0.00,PASS
normal,remote,frozen,True,False,banned,50.0,ERR PermissionError: account is banned,ERR PermissionError: account is banned,PASS
normal,remote,frozen,True,False,banned,499.99,ERR PermissionError: account is banned,ERR PermissionError: account is banned,PASS
normal,remote,frozen,True,False,banned,500.0,ERR PermissionError: account is banned,ERR PermissionError: account is banned,PASS
normal,remote,frozen,True,False,banned,1000.0,ERR PermissionError: account is banned,ERR PermissionError: account is banned,PASS
normal,remote,frozen,True,True,active,-1.0,ERR ValueError: amount must be non-negative,ERR ValueError: amount must be non-negative,PASS
normal,remote,frozen,True,True,active,0.0,OK 0.00,OK 0.00,PASS
normal,remote,frozen,True,True,active,50.0,ERR ValueError: frozen goods cannot be shipped to remote area,ERR ValueError: frozen goods cannot be shipped to remote area,PASS
normal,remote,frozen,True,True,active,499.99,ERR ValueError: frozen goods cannot be shipped to remote area,ERR ValueError: frozen goods cannot be shipped to remote area,PASS
normal,remote,frozen,True,True,active,500.0,ERR ValueError: frozen goods cannot be shipped to remote area,ERR ValueError: frozen goods cannot be shipped to remote area,PASS
normal,remote,frozen,True,True,active,1000.0,ERR ValueError: frozen goods cannot be shipped to remote area,ERR ValueError: frozen goods cannot be shipped to remote area,PASS
normal,remote,frozen,True,True,frozen,-1.0,ERR ValueError: amount must be non-negative,ERR ValueError: amount must be non-negative,PASS
normal,remote,frozen,True,True,frozen,0.0,OK 0.00,OK 0.00,PASS
normal,remote,frozen,True,True,frozen,50.0,ERR RuntimeError: frozen account cannot use express,ERR RuntimeError: frozen account cannot use express,PASS
normal,remote,frozen,True,True,frozen,499.99,ERR RuntimeError: frozen account cannot use express,ERR RuntimeError: frozen account cannot use express,PASS
normal,remote,frozen,True,True,frozen,500.0,ERR RuntimeError: frozen account cannot use express,ERR RuntimeError: frozen account cannot use express,PASS
normal,remote,frozen,True,True,frozen,1000.0,ERR RuntimeError: frozen account cannot use express,ERR RuntimeError: frozen account cannot use express,PASS
normal,remote,frozen,True,True,banned,-1.0,ERR ValueError: amount must be non-negative,ERR ValueError: amount must be non-negative,PASS
normal,remote,frozen,True,True,banned,0.0,OK 0.00,OK 0.00,PASS
normal,remote,frozen,True,True,banned,50.0,ERR PermissionError: account is banned,ERR PermissionError: account is banned,PASS
normal,remote,frozen,True,True,banned,499.99,ERR PermissionError: account is banned,ERR PermissionError: account is banned,PASS
normal,remote,frozen,True,True,banned,500.0,ERR PermissionError: account is banned,ERR PermissionError: account is banned,PASS
normal,remote,frozen,True,True,banned,1000.0,ERR PermissionError: account is banned,ERR PermissionError: account is banned,PASS
normal,overseas,normal,False,False,active,-1.0,ERR ValueError: amount must be non-negative,ERR ValueError: amount must be non-negative,PASS
normal,overseas,normal,False,False,active,0.0,OK 0.00,OK 0.00,PASS
normal,overseas,normal,False,False,active,50.0,OK 40.00,OK 40.00,PASS
normal,overseas,normal,False,False,active,499.99,OK 40.00,OK 40.00,PASS
normal,overseas,normal,False,False,active,500.0,OK 40.00,OK 40.00,PASS
normal,overseas,normal,False,False,active,1000.0,OK 40.00,OK 40.00,PASS
normal,overseas,normal,False,False,frozen,-1.0,ERR ValueError: amount must be non-negative,ERR ValueError: amount must be non-negative,PASS
normal,overseas,normal,False,False,frozen,0.0,OK 0.00,OK 0.00,PASS
normal,overseas,normal,False,False,frozen,50.0,ERR PermissionError: frozen account cannot ship overseas,ERR PermissionError: frozen account cannot ship overseas,PASS
normal,overseas,normal,False,False,frozen,499.99,ERR PermissionError: frozen account cannot ship overseas,ERR PermissionError: frozen account cannot ship overseas,PASS
normal,overseas,normal,False,False,frozen,500.0,ERR PermissionError: frozen account cannot ship overseas,ERR PermissionError: frozen account cannot ship overseas,PASS
normal,overseas,normal,False,False,frozen,1000.0,ERR PermissionError: frozen account cannot ship overseas,ERR PermissionError: frozen account cannot ship overseas,PASS
normal,overseas,normal,False,False,banned,-1.0,ERR ValueError: amount must be non-negative,ERR ValueError: amount must be non-negative,PASS
normal,overseas,normal,False,False,banned,0.0,OK 0.00,OK 0.00,PASS
normal,overseas,normal,False,False,banned,50.0,ERR PermissionError: account is banned,ERR PermissionError: account is banned,PASS
normal,overseas,normal,False,False,banned,499.99,ERR PermissionError: account is banned,ERR PermissionError: account is banned,PASS
normal,overseas,normal,False,False,banned,500.0,ERR PermissionError: account is banned,ERR PermissionError: account is banned,PASS
normal,overseas,normal,False,False,banned,1000.0,ERR PermissionError: account is banned,ERR PermissionError: account is banned,PASS
normal,overseas,normal,False,True,active,-1.0,ERR ValueError: amount must be non-negative,ERR ValueError: amount must be non-negative,PASS
normal,overseas,normal,False,True,active,0.0,OK 0.00,OK 0.00,PASS
normal,overseas,normal,False,True,active,50.0,OK 40.00,OK 40.00,PASS
normal,overseas,normal,False,True,active,499.99,OK 40.00,OK 40.00,PASS
normal,overseas,normal,False,True,active,500.0,OK 40.00,OK 40.00,PASS
normal,overseas,normal,False,True,active,1000.0,OK 40.00,OK 40.00,PASS
normal,overseas,normal,False,True,frozen,-1.0,ERR ValueError: amount must be non-negative,ERR ValueError: amount must be non-negative,PASS
normal,overseas,normal,False,True,frozen,0.0,OK 0.00,OK 0.00,PASS
normal,overseas,normal,False,True,frozen,50.0,ERR PermissionError: frozen account cannot ship overseas,ERR PermissionError: frozen account cannot ship overseas,PASS
normal,overseas,normal,False,True,frozen,499.99,ERR PermissionError: frozen account cannot ship overseas,ERR PermissionError: frozen account cannot ship overseas,PASS
normal,overseas,normal,False,True,frozen,500.0,ERR PermissionError: frozen account cannot ship overseas,ERR PermissionError: frozen account cannot ship overseas,PASS
normal,overseas,normal,False,True,frozen,1000.0,ERR PermissionError: frozen account cannot ship overseas,ERR PermissionError: frozen account cannot ship overseas,PASS
normal,overseas,normal,False,True,banned,-1.0,ERR ValueError: amount must be non-negative,ERR ValueError: amount must be non-negative,PASS
normal,overseas,normal,False,True,banned,0.0,OK 0.00,OK 0.00,PASS
normal,overseas,normal,False,True,banned,50.0,ERR PermissionError: account is banned,ERR PermissionError: account is banned,PASS
normal,overseas,normal,False,True,banned,499.99,ERR PermissionError: account is banned,ERR PermissionError: account is banned,PASS
normal,overseas,normal,False,True,banned,500.0,ERR PermissionError: account is banned,ERR PermissionError: account is banned,PASS
normal,overseas,normal,False,True,banned,1000.0,ERR PermissionError: account is banned,ERR PermissionError: account is banned,PASS
normal,overseas,normal,True,False,active,-1.0,ERR ValueError: amount must be non-negative,ERR ValueError: amount must be non-negative,PASS
normal,overseas,normal,True,False,active,0.0,OK 0.00,OK 0.00,PASS
normal,overseas,normal,True,False,active,50.0,ERR RuntimeError: express not available for overseas orders,ERR RuntimeError: express not available for overseas orders,PASS
normal,overseas,normal,True,False,active,499.99,ERR RuntimeError: express not available for overseas orders,ERR RuntimeError: express not available for overseas orders,PASS
normal,overseas,normal,True,False,active,500.0,ERR RuntimeError: express not available for overseas orders,ERR RuntimeError: express not available for overseas orders,PASS
normal,overseas,normal,True,False,active,1000.0,ERR RuntimeError: express not available for overseas orders,ERR RuntimeError: express not available for overseas orders,PASS
normal,overseas,normal,True,False,frozen,-1.0,ERR ValueError: amount must be non-negative,ERR ValueError: amount must be non-negative,PASS
normal,overseas,normal,True,False,frozen,0.0,OK 0.00,OK 0.00,PASS
normal,overseas,normal,True,False,frozen,50.0,ERR PermissionError: frozen account cannot ship overseas,ERR PermissionError: frozen account cannot ship overseas,PASS
normal,overseas,normal,True,False,frozen,499.99,ERR PermissionError: frozen account cannot ship overseas,ERR PermissionError: frozen account cannot ship overseas,PASS
normal,overseas,normal,True,False,frozen,500.0,ERR PermissionError: frozen account cannot ship overseas,ERR PermissionError: frozen account cannot ship overseas,PASS
normal,overseas,normal,True,False,frozen,1000.0,ERR PermissionError: frozen account cannot ship overseas,ERR PermissionError: frozen account cannot ship overseas,PASS
normal,overseas,normal,True,False,banned,-1.0,ERR ValueError: amount must be non-negative,ERR ValueError: amount must be non-negative,PASS
normal,overseas,normal,True,False,banned,0.0,OK 0.00,OK 0.00,PASS
normal,overseas,normal,True,False,banned,50.0,ERR PermissionError: account is banned,ERR PermissionError: account is banned,PASS
normal,overseas,normal,True,False,banned,499.99,ERR PermissionError: account is banned,ERR PermissionError: account is banned,PASS
normal,overseas,normal,True,False,banned,500.0,ERR PermissionError: account is banned,ERR PermissionError: account is banned,PASS
normal,overseas,normal,True,False,banned,1000.0,ERR PermissionError: account is banned,ERR PermissionError: account is banned,PASS
normal,overseas,normal,True,True,active,-1.0,ERR ValueError: amount must be non-negative,ERR ValueError: amount must be non-negative,PASS
normal,overseas,normal,True,True,active,0.0,OK 0.00,OK 0.00,PASS
normal,overseas,normal,True,True,active,50.0,ERR RuntimeError: express not available for overseas orders,ERR RuntimeError: express not available for overseas orders,PASS
normal,overseas,normal,True,True,active,499.99,ERR RuntimeError: express not available for overseas orders,ERR RuntimeError: express not available for overseas orders,PASS
normal,overseas,normal,True,True,active,500.0,ERR RuntimeError: express not available for overseas orders,ERR RuntimeError: express not available for overseas orders,PASS
normal,overseas,normal,True,True,active,1000.0,ERR RuntimeError: express not available for overseas orders,ERR RuntimeError: express not available for overseas orders,PASS
normal,overseas,normal,True,True,frozen,-1.0,ERR ValueError: amount must be non-negative,ERR ValueError: amount must be non-negative,PASS
normal,overseas,normal,True,True,frozen,0.0,OK 0.00,OK 0.00,PASS
normal,overseas,normal,True,True,frozen,50.0,ERR PermissionError: frozen account cannot ship overseas,ERR PermissionError: frozen account cannot ship overseas,PASS
normal,overseas,normal,True,True,frozen,499.99,ERR PermissionError: frozen account cannot ship overseas,ERR PermissionError: frozen account cannot ship overseas,PASS
normal,overseas,normal,True,True,frozen,500.0,ERR PermissionError: frozen account cannot ship overseas,ERR PermissionError: frozen account cannot ship overseas,PASS
normal,overseas,normal,True,True,frozen,1000.0,ERR PermissionError: frozen account cannot ship overseas,ERR PermissionError: frozen account cannot ship overseas,PASS
normal,overseas,normal,True,True,banned,-1.0,ERR ValueError: amount must be non-negative,ERR ValueError: amount must be non-negative,PASS
normal,overseas,normal,True,True,banned,0.0,OK 0.00,OK 0.00,PASS
normal,overseas,normal,True,True,banned,50.0,ERR PermissionError: account is banned,ERR PermissionError: account is banned,PASS
normal,overseas,normal,True,True,banned,499.99,ERR PermissionError: account is banned,ERR PermissionError: account is banned,PASS
normal,overseas,normal,True,True,banned,500.0,ERR PermissionError: account is banned,ERR PermissionError: account is banned,PASS
normal,overseas,normal,True,True,banned,1000.0,ERR PermissionError: account is banned,ERR PermissionError: account is banned,PASS
normal,overseas,fragile,False,False,active,-1.0,ERR ValueError: amount must be non-negative,ERR ValueError: amount must be non-negative,PASS
normal,overseas,fragile,False,False,active,0.0,OK 0.00,OK 0.00,PASS
normal,overseas,fragile,False,False,active,50.0,OK 48.00,OK 48.00,PASS
normal,overseas,fragile,False,False,active,499.99,OK 48.00,OK 48.00,PASS
normal,overseas,fragile,False,False,active,500.0,OK 48.00,OK 48.00,PASS
normal,overseas,fragile,False,False,active,1000.0,OK 48.00,OK 48.00,PASS
normal,overseas,fragile,False,False,frozen,-1.0,ERR ValueError: amount must be non-negative,ERR ValueError: amount must be non-negative,PASS
normal,overseas,fragile,False,False,frozen,0.0,OK 0.00,OK 0.00,PASS
normal,overseas,fragile,False,False,frozen,50.0,ERR PermissionError: frozen account cannot ship overseas,ERR PermissionError: frozen account cannot ship overseas,PASS
normal,overseas,fragile,False,False,frozen,499.99,ERR PermissionError: frozen account cannot ship overseas,ERR PermissionError: frozen account cannot ship overseas,PASS
normal,overseas,fragile,False,False,frozen,500.0,ERR PermissionError: frozen account cannot ship overseas,ERR PermissionError: frozen account cannot ship overseas,PASS
normal,overseas,fragile,False,False,frozen,1000.0,ERR PermissionError: frozen account cannot ship overseas,ERR PermissionError: frozen account cannot ship overseas,PASS
normal,overseas,fragile,False,False,banned,-1.0,ERR ValueError: amount must be non-negative,ERR ValueError: amount must be non-negative,PASS
normal,overseas,fragile,False,False,banned,0.0,OK 0.00,OK 0.00,PASS
normal,overseas,fragile,False,False,banned,50.0,ERR PermissionError: account is banned,ERR PermissionError: account is banned,PASS
normal,overseas,fragile,False,False,banned,499.99,ERR PermissionError: account is banned,ERR PermissionError: account is banned,PASS
normal,overseas,fragile,False,False,banned,500.0,ERR PermissionError: account is banned,ERR PermissionError: account is banned,PASS
normal,overseas,fragile,False,False,banned,1000.0,ERR PermissionError: account is banned,ERR PermissionError: account is banned,PASS
normal,overseas,fragile,False,True,active,-1.0,ERR ValueError: amount must be non-negative,ERR ValueError: amount must be non-negative,PASS
normal,overseas,fragile,False,True,active,0.0,OK 0.00,OK 0.00,PASS
normal,overseas,fragile,False,True,active,50.0,OK 48.00,OK 48.00,PASS
normal,overseas,fragile,False,True,active,499.99,OK 48.00,OK 48.00,PASS
normal,overseas,fragile,False,True,active,500.0,OK 48.00,OK 48.00,PASS
normal,overseas,fragile,False,True,active,1000.0,OK 48.00,OK 48.00,PASS
normal,overseas,fragile,False,True,frozen,-1.0,ERR ValueError: amount must be non-negative,ERR ValueError: amount must be non-negative,PASS
normal,overseas,fragile,False,True,frozen,0.0,OK 0.00,OK 0.00,PASS
normal,overseas,fragile,False,True,frozen,50.0,ERR PermissionError: frozen account cannot ship overseas,ERR PermissionError: frozen account cannot ship overseas,PASS
normal,overseas,fragile,False,True,frozen,499.99,ERR PermissionError: frozen account cannot ship overseas,ERR PermissionError: frozen account cannot ship overseas,PASS
normal,overseas,fragile,False,True,frozen,500.0,ERR PermissionError: frozen account cannot ship overseas,ERR PermissionError: frozen account cannot ship overseas,PASS
normal,overseas,fragile,False,True,frozen,1000.0,ERR PermissionError: frozen account cannot ship overseas,ERR PermissionError: frozen account cannot ship overseas,PASS
normal,overseas,fragile,False,True,banned,-1.0,ERR ValueError: amount must be non-negative,ERR ValueError: amount must be non-negative,PASS
normal,overseas,fragile,False,True,banned,0.0,OK 0.00,OK 0.00,PASS
normal,overseas,fragile,False,True,banned,50.0,ERR PermissionError: account is banned,ERR PermissionError: account is banned,PASS
normal,overseas,fragile,False,True,banned,499.99,ERR PermissionError: account is banned,ERR PermissionError: account is banned,PASS
normal,overseas,fragile,False,True,banned,500.0,ERR PermissionError: account is banned,ERR PermissionError: account is banned,PASS
normal,overseas,fragile,False,True,banned,1000.0,ERR PermissionError: account is banned,ERR PermissionError: account is banned,PASS
normal,overseas,fragile,True,False,active,-1.0,ERR ValueError: amount must be non-negative,ERR ValueError: amount must be non-negative,PASS
normal,overseas,fragile,True,False,active,0.0,OK 0.00,OK 0.00,PASS
normal,overseas,fragile,True,False,active,50.0,ERR RuntimeError: express not available for overseas orders,ERR RuntimeError: express not available for overseas orders,PASS
normal,overseas,fragile,True,False,active,499.99,ERR RuntimeError: express not available for overseas orders,ERR RuntimeError: express not available for overseas orders,PASS
normal,overseas,fragile,True,False,active,500.0,ERR RuntimeError: express not available for overseas orders,ERR RuntimeError: express not available for overseas orders,PASS
normal,overseas,fragile,True,False,active,1000.0,ERR RuntimeError: express not available for overseas orders,ERR RuntimeError: express not available for overseas orders,PASS
normal,overseas,fragile,True,False,frozen,-1.0,ERR ValueError: amount must be non-negative,ERR ValueError: amount must be non-negative,PASS
normal,overseas,fragile,True,False,frozen,0.0,OK 0.00,OK 0.00,PASS
normal,overseas,fragile,True,False,frozen,50.0,ERR PermissionError: frozen account cannot ship overseas,ERR PermissionError: frozen account cannot ship overseas,PASS
normal,overseas,fragile,True,False,frozen,499.99,ERR PermissionError: frozen account cannot ship overseas,ERR PermissionError: frozen account cannot ship overseas,PASS
normal,overseas,fragile,True,False,frozen,500.0,ERR PermissionError: frozen account cannot ship overseas,ERR PermissionError: frozen account cannot ship overseas,PASS
normal,overseas,fragile,True,False,frozen,1000.0,ERR PermissionError: frozen account cannot ship overseas,ERR PermissionError: frozen account cannot ship overseas,PASS
normal,overseas,fragile,True,False,banned,-1.0,ERR ValueError: amount must be non-negative,ERR ValueError: amount must be non-negative,PASS
normal,overseas,fragile,True,False,banned,0.0,OK 0.00,OK 0.00,PASS
normal,overseas,fragile,True,False,banned,50.0,ERR PermissionError: account is banned,ERR PermissionError: account is banned,PASS
normal,overseas,fragile,True,False,banned,499.99,ERR PermissionError: account is banned,ERR PermissionError: account is banned,PASS
normal,overseas,fragile,True,False,banned,500.0,ERR PermissionError: account is banned,ERR PermissionError: account is banned,PASS
normal,overseas,fragile,True,False,banned,1000.0,ERR PermissionError: account is banned,ERR PermissionError: account is banned,PASS
normal,overseas,fragile,True,True,active,-1.0,ERR ValueError: amount must be non-negative,ERR ValueError: amount must be non-negative,PASS
normal,overseas,fragile,True,True,active,0.0,OK 0.00,OK 0.00,PASS
normal,overseas,fragile,True,True,active,50.0,ERR RuntimeError: express not available for overseas orders,ERR RuntimeError: express not available for overseas orders,PASS
normal,overseas,fragile,True,True,active,499.99,ERR RuntimeError: express not available for overseas orders,ERR RuntimeError: express not available for overseas orders,PASS
normal,overseas,fragile,True,True,active,500.0,ERR RuntimeError: express not available for overseas orders,ERR RuntimeError: express not available for overseas orders,PASS
normal,overseas,fragile,True,True,active,1000.0,ERR RuntimeError: express not available for overseas orders,ERR RuntimeError: express not available for overseas orders,PASS
normal,overseas,fragile,True,True,frozen,-1.0,ERR ValueError: amount must be non-negative,ERR ValueError: amount must be non-negative,PASS
normal,overseas,fragile,True,True,frozen,0.0,OK 0.00,OK 0.00,PASS
normal,overseas,fragile,True,True,frozen,50.0,ERR PermissionError: frozen account cannot ship overseas,ERR PermissionError: frozen account cannot ship overseas,PASS
normal,overseas,fragile,True,True,frozen,499.99,ERR PermissionError: frozen account cannot ship overseas,ERR PermissionError: frozen account cannot ship overseas,PASS
normal,overseas,fragile,True,True,frozen,500.0,ERR PermissionError: frozen account cannot ship overseas,ERR PermissionError: frozen account cannot ship overseas,PASS
normal,overseas,fragile,True,True,frozen,1000.0,ERR PermissionError: frozen account cannot ship overseas,ERR PermissionError: frozen account cannot ship overseas,PASS
normal,overseas,fragile,True,True,banned,-1.0,ERR ValueError: amount must be non-negative,ERR ValueError: amount must be non-negative,PASS
normal,overseas,fragile,True,True,banned,0.0,OK 0.00,OK 0.00,PASS
normal,overseas,fragile,True,True,banned,50.0,ERR PermissionError: account is banned,ERR PermissionError: account is banned,PASS
normal,overseas,fragile,True,True,banned,499.99,ERR PermissionError: account is banned,ERR PermissionError: account is banned,PASS
normal,overseas,fragile,True,True,banned,500.0,ERR PermissionError: account is banned,ERR PermissionError: account is banned,PASS
normal,overseas,fragile,True,True,banned,1000.0,ERR PermissionError: account is banned,ERR PermissionError: account is banned,PASS
normal,overseas,frozen,False,False,active,-1.0,ERR ValueError: amount must be non-negative,ERR ValueError: amount must be non-negative,PASS
normal,overseas,frozen,False,False,active,0.0,OK 0.00,OK 0.00,PASS
normal,overseas,frozen,False,False,active,50.0,ERR ValueError: frozen goods cannot be shipped overseas,ERR ValueError: frozen goods cannot be shipped overseas,PASS
normal,overseas,frozen,False,False,active,499.99,ERR ValueError: frozen goods cannot be shipped overseas,ERR ValueError: frozen goods cannot be shipped overseas,PASS
normal,overseas,frozen,False,False,active,500.0,ERR ValueError: frozen goods cannot be shipped overseas,ERR ValueError: frozen goods cannot be shipped overseas,PASS
normal,overseas,frozen,False,False,active,1000.0,ERR ValueError: frozen goods cannot be shipped overseas,ERR ValueError: frozen goods cannot be shipped overseas,PASS
normal,overseas,frozen,False,False,frozen,-1.0,ERR ValueError: amount must be non-negative,ERR ValueError: amount must be non-negative,PASS
normal,overseas,frozen,False,False,frozen,0.0,OK 0.00,OK 0.00,PASS
normal,overseas,frozen,False,False,frozen,50.0,ERR PermissionError: frozen account cannot ship overseas,ERR PermissionError: frozen account cannot ship overseas,PASS
normal,overseas,frozen,False,False,frozen,499.99,ERR PermissionError: frozen account cannot ship overseas,ERR PermissionError: frozen account cannot ship overseas,PASS
normal,overseas,frozen,False,False,frozen,500.0,ERR PermissionError: frozen account cannot ship overseas,ERR PermissionError: frozen account cannot ship overseas,PASS
normal,overseas,frozen,False,False,frozen,1000.0,ERR PermissionError: frozen account cannot ship overseas,ERR PermissionError: frozen account cannot ship overseas,PASS
normal,overseas,frozen,False,False,banned,-1.0,ERR ValueError: amount must be non-negative,ERR ValueError: amount must be non-negative,PASS
normal,overseas,frozen,False,False,banned,0.0,OK 0.00,OK 0.00,PASS
normal,overseas,frozen,False,False,banned,50.0,ERR PermissionError: account is banned,ERR PermissionError: account is banned,PASS
normal,overseas,frozen,False,False,banned,499.99,ERR PermissionError: account is banned,ERR PermissionError: account is banned,PASS
normal,overseas,frozen,False,False,banned,500.0,ERR PermissionError: account is banned,ERR PermissionError: account is banned,PASS
normal,overseas,frozen,False,False,banned,1000.0,ERR PermissionError: account is banned,ERR PermissionError: account is banned,PASS
normal,overseas,frozen,False,True,active,-1.0,ERR ValueError: amount must be non-negative,ERR ValueError: amount must be non-negative,PASS
normal,overseas,frozen,False,True,active,0.0,OK 0.00,OK 0.00,PASS
normal,overseas,frozen,False,True,active,50.0,ERR ValueError: frozen goods cannot be shipped overseas,ERR ValueError: frozen goods cannot be shipped overseas,PASS
normal,overseas,frozen,False,True,active,499.99,ERR ValueError: frozen goods cannot be shipped overseas,ERR ValueError: frozen goods cannot be shipped overseas,PASS
normal,overseas,frozen,False,True,active,500.0,ERR ValueError: frozen goods cannot be shipped overseas,ERR ValueError: frozen goods cannot be shipped overseas,PASS
normal,overseas,frozen,False,True,active,1000.0,ERR ValueError: frozen goods cannot be shipped overseas,ERR ValueError: frozen goods cannot be shipped overseas,PASS
normal,overseas,frozen,False,True,frozen,-1.0,ERR ValueError: amount must be non-negative,ERR ValueError: amount must be non-negative,PASS
normal,overseas,frozen,False,True,frozen,0.0,OK 0.00,OK 0.00,PASS
normal,overseas,frozen,False,True,frozen,50.0,ERR PermissionError: frozen account cannot ship overseas,ERR PermissionError: frozen account cannot ship overseas,PASS
normal,overseas,frozen,False,True,frozen,499.99,ERR PermissionError: frozen account cannot ship overseas,ERR PermissionError: frozen account cannot ship overseas,PASS
normal,overseas,frozen,False,True,frozen,500.0,ERR PermissionError: frozen account cannot ship overseas,ERR PermissionError: frozen account cannot ship overseas,PASS
normal,overseas,frozen,False,True,frozen,1000.0,ERR PermissionError: frozen account cannot ship overseas,ERR PermissionError: frozen account cannot ship overseas,PASS
normal,overseas,frozen,False,True,banned,-1.0,ERR ValueError: amount must be non-negative,ERR ValueError: amount must be non-negative,PASS
normal,overseas,frozen,False,True,banned,0.0,OK 0.00,OK 0.00,PASS
normal,overseas,frozen,False,True,banned,50.0,ERR PermissionError: account is banned,ERR PermissionError: account is banned,PASS
normal,overseas,frozen,False,True,banned,499.99,ERR PermissionError: account is banned,ERR PermissionError: account is banned,PASS
normal,overseas,frozen,False,True,banned,500.0,ERR PermissionError: account is banned,ERR PermissionError: account is banned,PASS
normal,overseas,frozen,False,True,banned,1000.0,ERR PermissionError: account is banned,ERR PermissionError: account is banned,PASS
normal,overseas,frozen,True,False,active,-1.0,ERR ValueError: amount must be non-negative,ERR ValueError: amount must be non-negative,PASS
normal,overseas,frozen,True,False,active,0.0,OK 0.00,OK 0.00,PASS
normal,overseas,frozen,True,False,active,50.0,ERR ValueError: frozen goods cannot be shipped overseas,ERR ValueError: frozen goods cannot be shipped overseas,PASS
normal,overseas,frozen,True,False,active,499.99,ERR ValueError: frozen goods cannot be shipped overseas,ERR ValueError: frozen goods cannot be shipped overseas,PASS
normal,overseas,frozen,True,False,active,500.0,ERR ValueError: frozen goods cannot be shipped overseas,ERR ValueError: frozen goods cannot be shipped overseas,PASS
normal,overseas,frozen,True,False,active,1000.0,ERR ValueError: frozen goods cannot be shipped overseas,ERR ValueError: frozen goods cannot be shipped overseas,PASS
normal,overseas,frozen,True,False,frozen,-1.0,ERR ValueError: amount must be non-negative,ERR ValueError: amount must be non-negative,PASS
normal,overseas,frozen,True,False,frozen,0.0,OK 0.00,OK 0.00,PASS
normal,overseas,frozen,True,False,frozen,50.0,ERR PermissionError: frozen account cannot ship overseas,ERR PermissionError: frozen account cannot ship overseas,PASS
normal,overseas,frozen,True,False,frozen,499.99,ERR PermissionError: frozen account cannot ship overseas,ERR PermissionError: frozen account cannot ship overseas,PASS
normal,overseas,frozen,True,False,frozen,500.0,ERR PermissionError: frozen account cannot ship overseas,ERR PermissionError: frozen account cannot ship overseas,PASS
normal,overseas,frozen,True,False,frozen,1000.0,ERR PermissionError: frozen account cannot ship overseas,ERR PermissionError: frozen account cannot ship overseas,PASS
normal,overseas,frozen,True,False,banned,-1.0,ERR ValueError: amount must be non-negative,ERR ValueError: amount must be non-negative,PASS
normal,overseas,frozen,True,False,banned,0.0,OK 0.00,OK 0.00,PASS
normal,overseas,frozen,True,False,banned,50.0,ERR PermissionError: account is banned,ERR PermissionError: account is banned,PASS
normal,overseas,frozen,True,False,banned,499.99,ERR PermissionError: account is banned,ERR PermissionError: account is banned,PASS
normal,overseas,frozen,True,False,banned,500.0,ERR PermissionError: account is banned,ERR PermissionError: account is banned,PASS
normal,overseas,frozen,True,False,banned,1000.0,ERR PermissionError: account is banned,ERR PermissionError: account is banned,PASS
normal,overseas,frozen,True,True,active,-1.0,ERR ValueError: amount must be non-negative,ERR ValueError: amount must be non-negative,PASS
normal,overseas,frozen,True,True,active,0.0,OK 0.00,OK 0.00,PASS
normal,overseas,frozen,True,True,active,50.0,ERR ValueError: frozen goods cannot be shipped overseas,ERR ValueError: frozen goods cannot be shipped overseas,PASS
normal,overseas,frozen,True,True,active,499.99,ERR ValueError: frozen goods cannot be shipped overseas,ERR ValueError: frozen goods cannot be shipped overseas,PASS
normal,overseas,frozen,True,True,active,500.0,ERR ValueError: frozen goods cannot be shipped overseas,ERR ValueError: frozen goods cannot be shipped overseas,PASS
normal,overseas,frozen,True,True,active,1000.0,ERR ValueError: frozen goods cannot be shipped overseas,ERR ValueError: frozen goods cannot be shipped overseas,PASS
normal,overseas,frozen,True,True,frozen,-1.0,ERR ValueError: amount must be non-negative,ERR ValueError: amount must be non-negative,PASS
normal,overseas,frozen,True,True,frozen,0.0,OK 0.00,OK 0.00,PASS
normal,overseas,frozen,True,True,frozen,50.0,ERR PermissionError: frozen account cannot ship overseas,ERR PermissionError: frozen account cannot ship overseas,PASS
normal,overseas,frozen,True,True,frozen,499.99,ERR PermissionError: frozen account cannot ship overseas,ERR PermissionError: frozen account cannot ship overseas,PASS
normal,overseas,frozen,True,True,frozen,500.0,ERR PermissionError: frozen account cannot ship overseas,ERR PermissionError: frozen account cannot ship overseas,PASS
normal,overseas,frozen,True,True,frozen,1000.0,ERR PermissionError: frozen account cannot ship overseas,ERR PermissionError: frozen account cannot ship overseas,PASS
normal,overseas,frozen,True,True,banned,-1.0,ERR ValueError: amount must be non-negative,ERR ValueError: amount must be non-negative,PASS
normal,overseas,frozen,True,True,banned,0.0,OK 0.00,OK 0.00,PASS
normal,overseas,frozen,True,True,banned,50.0,ERR PermissionError: account is banned,ERR PermissionError: account is banned,PASS
normal,overseas,frozen,True,True,banned,499.99,ERR PermissionError: account is banned,ERR PermissionError: account is banned,PASS
normal,overseas,frozen,True,True,banned,500.0,ERR PermissionError: account is banned,ERR PermissionError: account is banned,PASS
normal,overseas,frozen,True,True,banned,1000.0,ERR PermissionError: account is banned,ERR PermissionError: account is banned,PASS
silver,domestic,normal,False,False,active,-1.0,ERR ValueError: amount must be non-negative,ERR ValueError: amount must be non-negative,PASS
silver,domestic,normal,False,False,active,0.0,OK 0.00,OK 0.00,PASS
silver,domestic,normal,False,False,active,50.0,OK 5.70,OK 5.70,PASS
silver,domestic,normal,False,False,active,499.99,OK 5.70,OK 5.70,PASS
silver,domestic,normal,False,False,active,500.0,OK 0.00,OK 0.00,PASS
silver,domestic,normal,False,False,active,1000.0,OK 0.00,OK 0.00,PASS
silver,domestic,normal,False,False,frozen,-1.0,ERR ValueError: amount must be non-negative,ERR ValueError: amount must be non-negative,PASS
silver,domestic,normal,False,False,frozen,0.0,OK 0.00,OK 0.00,PASS
silver,domestic,normal,False,False,frozen,50.0,OK 6.00,OK 6.00,PASS
silver,domestic,normal,False,False,frozen,499.99,OK 6.00,OK 6.00,PASS
silver,domestic,normal,False,False,frozen,500.0,OK 6.00,OK 6.00,PASS
silver,domestic,normal,False,False,frozen,1000.0,OK 6.00,OK 6.00,PASS
silver,domestic,normal,False,False,banned,-1.0,ERR ValueError: amount must be non-negative,ERR ValueError: amount must be non-negative,PASS
silver,domestic,normal,False,False,banned,0.0,OK 0.00,OK 0.00,PASS
silver,domestic,normal,False,False,banned,50.0,ERR PermissionError: account is banned,ERR PermissionError: account is banned,PASS
silver,domestic,normal,False,False,banned,499.99,ERR PermissionError: account is banned,ERR PermissionError: account is banned,PASS
silver,domestic,normal,False,False,banned,500.0,ERR PermissionError: account is banned,ERR PermissionError: account is banned,PASS
silver,domestic,normal,False,False,banned,1000.0,ERR PermissionError: account is banned,ERR PermissionError: account is banned,PASS
silver,domestic,normal,False,True,active,-1.0,ERR ValueError: amount must be non-negative,ERR ValueError: amount must be non-negative,PASS
silver,domestic,normal,False,True,active,0.0,OK 0.00,OK 0.00,PASS
silver,domestic,normal,False,True,active,50.0,OK 5.70,OK 5.70,PASS
silver,domestic,normal,False,True,active,499.99,OK 5.70,OK 5.70,PASS
silver,domestic,normal,False,True,active,500.0,OK 0.00,OK 0.00,PASS
silver,domestic,normal,False,True,active,1000.0,OK 0.00,OK 0.00,PASS
silver,domestic,normal,False,True,frozen,-1.0,ERR ValueError: amount must be non-negative,ERR ValueError: amount must be non-negative,PASS
silver,domestic,normal,False,True,frozen,0.0,OK 0.00,OK 0.00,PASS
silver,domestic,normal,False,True,frozen,50.0,OK 6.00,OK 6.00,PASS
silver,domestic,normal,False,True,frozen,499.99,OK 6.00,OK 6.00,PASS
silver,domestic,normal,False,True,frozen,500.0,OK 6.00,OK 6.00,PASS
silver,domestic,normal,False,True,frozen,1000.0,OK 6.00,OK 6.00,PASS
silver,domestic,normal,False,True,banned,-1.0,ERR ValueError: amount must be non-negative,ERR ValueError: amount must be non-negative,PASS
silver,domestic,normal,False,True,banned,0.0,OK 0.00,OK 0.00,PASS
silver,domestic,normal,False,True,banned,50.0,ERR PermissionError: account is banned,ERR PermissionError: account is banned,PASS
silver,domestic,normal,False,True,banned,499.99,ERR PermissionError: account is banned,ERR PermissionError: account is banned,PASS
silver,domestic,normal,False,True,banned,500.0,ERR PermissionError: account is banned,ERR PermissionError: account is banned,PASS
silver,domestic,normal,False,True,banned,1000.0,ERR PermissionError: account is banned,ERR PermissionError: account is banned,PASS
silver,domestic,normal,True,False,active,-1.0,ERR ValueError: amount must be non-negative,ERR ValueError: amount must be non-negative,PASS
silver,domestic,normal,True,False,active,0.0,OK 0.00,OK 0.00,PASS
silver,domestic,normal,True,False,active,50.0,OK 15.20,OK 15.20,PASS
silver,domestic,normal,True,False,active,499.99,OK 15.20,OK 15.20,PASS
silver,domestic,normal,True,False,active,500.0,OK 9.50,OK 9.50,PASS
silver,domestic,normal,True,False,active,1000.0,OK 9.50,OK 9.50,PASS
silver,domestic,normal,True,False,frozen,-1.0,ERR ValueError: amount must be non-negative,ERR ValueError: amount must be non-negative,PASS
silver,domestic,normal,True,False,frozen,0.0,OK 0.00,OK 0.00,PASS
silver,domestic,normal,True,False,frozen,50.0,ERR RuntimeError: frozen account cannot use express,ERR RuntimeError: frozen account cannot use express,PASS
silver,domestic,normal,True,False,frozen,499.99,ERR RuntimeError: frozen account cannot use express,ERR RuntimeError: frozen account cannot use express,PASS
silver,domestic,normal,True,False,frozen,500.0,ERR RuntimeError: frozen account cannot use express,ERR RuntimeError: frozen account cannot use express,PASS
silver,domestic,normal,True,False,frozen,1000.0,ERR RuntimeError: frozen account cannot use express,ERR RuntimeError: frozen account cannot use express,PASS
silver,domestic,normal,True,False,banned,-1.0,ERR ValueError: amount must be non-negative,ERR ValueError: amount must be non-negative,PASS
silver,domestic,normal,True,False,banned,0.0,OK 0.00,OK 0.00,PASS
silver,domestic,normal,True,False,banned,50.0,ERR PermissionError: account is banned,ERR PermissionError: account is banned,PASS
silver,domestic,normal,True,False,banned,499.99,ERR PermissionError: account is banned,ERR PermissionError: account is banned,PASS
silver,domestic,normal,True,False,banned,500.0,ERR PermissionError: account is banned,ERR PermissionError: account is banned,PASS
silver,domestic,normal,True,False,banned,1000.0,ERR PermissionError: account is banned,ERR PermissionError: account is banned,PASS
silver,domestic,normal,True,True,active,-1.0,ERR ValueError: amount must be non-negative,ERR ValueError: amount must be non-negative,PASS
silver,domestic,normal,True,True,active,0.0,OK 0.00,OK 0.00,PASS
silver,domestic,normal,True,True,active,50.0,OK 19.95,OK 19.95,PASS
silver,domestic,normal,True,True,active,499.99,OK 19.95,OK 19.95,PASS
silver,domestic,normal,True,True,active,500.0,OK 14.25,OK 14.25,PASS
silver,domestic,normal,True,True,active,1000.0,OK 14.25,OK 14.25,PASS
silver,domestic,normal,True,True,frozen,-1.0,ERR ValueError: amount must be non-negative,ERR ValueError: amount must be non-negative,PASS
silver,domestic,normal,True,True,frozen,0.0,OK 0.00,OK 0.00,PASS
silver,domestic,normal,True,True,frozen,50.0,ERR RuntimeError: frozen account cannot use express,ERR RuntimeError: frozen account cannot use express,PASS
silver,domestic,normal,True,True,frozen,499.99,ERR RuntimeError: frozen account cannot use express,ERR RuntimeError: frozen account cannot use express,PASS
silver,domestic,normal,True,True,frozen,500.0,ERR RuntimeError: frozen account cannot use express,ERR RuntimeError: frozen account cannot use express,PASS
silver,domestic,normal,True,True,frozen,1000.0,ERR RuntimeError: frozen account cannot use express,ERR RuntimeError: frozen account cannot use express,PASS
silver,domestic,normal,True,True,banned,-1.0,ERR ValueError: amount must be non-negative,ERR ValueError: amount must be non-negative,PASS
silver,domestic,normal,True,True,banned,0.0,OK 0.00,OK 0.00,PASS
silver,domestic,normal,True,True,banned,50.0,ERR PermissionError: account is banned,ERR PermissionError: account is banned,PASS
silver,domestic,normal,True,True,banned,499.99,ERR PermissionError: account is banned,ERR PermissionError: account is banned,PASS
silver,domestic,normal,True,True,banned,500.0,ERR PermissionError: account is banned,ERR PermissionError: account is banned,PASS
silver,domestic,normal,True,True,banned,1000.0,ERR PermissionError: account is banned,ERR PermissionError: account is banned,PASS
silver,domestic,fragile,False,False,active,-1.0,ERR ValueError: amount must be non-negative,ERR ValueError: amount must be non-negative,PASS
silver,domestic,fragile,False,False,active,0.0,OK 0.00,OK 0.00,PASS
silver,domestic,fragile,False,False,active,50.0,OK 13.30,OK 13.30,PASS
silver,domestic,fragile,False,False,active,499.99,OK 13.30,OK 13.30,PASS
silver,domestic,fragile,False,False,active,500.0,OK 0.00,OK 0.00,PASS
silver,domestic,fragile,False,False,active,1000.0,OK 0.00,OK 0.00,PASS
silver,domestic,fragile,False,False,frozen,-1.0,ERR ValueError: amount must be non-negative,ERR ValueError: amount must be non-negative,PASS
silver,domestic,fragile,False,False,frozen,0.0,OK 0.00,OK 0.00,PASS
silver,domestic,fragile,False,False,frozen,50.0,OK 14.00,OK 14.00,PASS
silver,domestic,fragile,False,False,frozen,499.99,OK 14.00,OK 14.00,PASS
silver,domestic,fragile,False,False,frozen,500.0,OK 14.00,OK 14.00,PASS
silver,domestic,fragile,False,False,frozen,1000.0,OK 14.00,OK 14.00,PASS
silver,domestic,fragile,False,False,banned,-1.0,ERR ValueError: amount must be non-negative,ERR ValueError: amount must be non-negative,PASS
silver,domestic,fragile,False,False,banned,0.0,OK 0.00,OK 0.00,PASS
silver,domestic,fragile,False,False,banned,50.0,ERR PermissionError: account is banned,ERR PermissionError: account is banned,PASS
silver,domestic,fragile,False,False,banned,499.99,ERR PermissionError: account is banned,ERR PermissionError: account is banned,PASS
silver,domestic,fragile,False,False,banned,500.0,ERR PermissionError: account is banned,ERR PermissionError: account is banned,PASS
silver,domestic,fragile,False,False,banned,1000.0,ERR PermissionError: account is banned,ERR PermissionError: account is banned,PASS
silver,domestic,fragile,False,True,active,-1.0,ERR ValueError: amount must be non-negative,ERR ValueError: amount must be non-negative,PASS
silver,domestic,fragile,False,True,active,0.0,OK 0.00,OK 0.00,PASS
silver,domestic,fragile,False,True,active,50.0,OK 13.30,OK 13.30,PASS
silver,domestic,fragile,False,True,active,499.99,OK 13.30,OK 13.30,PASS
silver,domestic,fragile,False,True,active,500.0,OK 0.00,OK 0.00,PASS
silver,domestic,fragile,False,True,active,1000.0,OK 0.00,OK 0.00,PASS
silver,domestic,fragile,False,True,frozen,-1.0,ERR ValueError: amount must be non-negative,ERR ValueError: amount must be non-negative,PASS
silver,domestic,fragile,False,True,frozen,0.0,OK 0.00,OK 0.00,PASS
silver,domestic,fragile,False,True,frozen,50.0,OK 14.00,OK 14.00,PASS
silver,domestic,fragile,False,True,frozen,499.99,OK 14.00,OK 14.00,PASS
silver,domestic,fragile,False,True,frozen,500.0,OK 14.00,OK 14.00,PASS
silver,domestic,fragile,False,True,frozen,1000.0,OK 14.00,OK 14.00,PASS
silver,domestic,fragile,False,True,banned,-1.0,ERR ValueError: amount must be non-negative,ERR ValueError: amount must be non-negative,PASS
silver,domestic,fragile,False,True,banned,0.0,OK 0.00,OK 0.00,PASS
silver,domestic,fragile,False,True,banned,50.0,ERR PermissionError: account is banned,ERR PermissionError: account is banned,PASS
silver,domestic,fragile,False,True,banned,499.99,ERR PermissionError: account is banned,ERR PermissionError: account is banned,PASS
silver,domestic,fragile,False,True,banned,500.0,ERR PermissionError: account is banned,ERR PermissionError: account is banned,PASS
silver,domestic,fragile,False,True,banned,1000.0,ERR PermissionError: account is banned,ERR PermissionError: account is banned,PASS
silver,domestic,fragile,True,False,active,-1.0,ERR ValueError: amount must be non-negative,ERR ValueError: amount must be non-negative,PASS
silver,domestic,fragile,True,False,active,0.0,OK 0.00,OK 0.00,PASS
silver,domestic,fragile,True,False,active,50.0,OK 22.80,OK 22.80,PASS
silver,domestic,fragile,True,False,active,499.99,OK 22.80,OK 22.80,PASS
silver,domestic,fragile,True,False,active,500.0,OK 9.50,OK 9.50,PASS
silver,domestic,fragile,True,False,active,1000.0,OK 9.50,OK 9.50,PASS
silver,domestic,fragile,True,False,frozen,-1.0,ERR ValueError: amount must be non-negative,ERR ValueError: amount must be non-negative,PASS
silver,domestic,fragile,True,False,frozen,0.0,OK 0.00,OK 0.00,PASS
silver,domestic,fragile,True,False,frozen,50.0,ERR RuntimeError: frozen account cannot use express,ERR RuntimeError: frozen account cannot use express,PASS
silver,domestic,fragile,True,False,frozen,499.99,ERR RuntimeError: frozen account cannot use express,ERR RuntimeError: frozen account cannot use express,PASS
silver,domestic,fragile,True,False,frozen,500.0,ERR RuntimeError: frozen account cannot use express,ERR RuntimeError: frozen account cannot use express,PASS
silver,domestic,fragile,True,False,frozen,1000.0,ERR RuntimeError: frozen account cannot use express,ERR RuntimeError: frozen account cannot use express,PASS
silver,domestic,fragile,True,False,banned,-1.0,ERR ValueError: amount must be non-negative,ERR ValueError: amount must be non-negative,PASS
silver,domestic,fragile,True,False,banned,0.0,OK 0.00,OK 0.00,PASS
silver,domestic,fragile,True,False,banned,50.0,ERR PermissionError: account is banned,ERR PermissionError: account is banned,PASS
silver,domestic,fragile,True,False,banned,499.99,ERR PermissionError: account is banned,ERR PermissionError: account is banned,PASS
silver,domestic,fragile,True,False,banned,500.0,ERR PermissionError: account is banned,ERR PermissionError: account is banned,PASS
silver,domestic,fragile,True,False,banned,1000.0,ERR PermissionError: account is banned,ERR PermissionError: account is banned,PASS
silver,domestic,fragile,True,True,active,-1.0,ERR ValueError: amount must be non-negative,ERR ValueError: amount must be non-negative,PASS
silver,domestic,fragile,True,True,active,0.0,OK 0.00,OK 0.00,PASS
silver,domestic,fragile,True,True,active,50.0,OK 27.55,OK 27.55,PASS
silver,domestic,fragile,True,True,active,499.99,OK 27.55,OK 27.55,PASS
silver,domestic,fragile,True,True,active,500.0,OK 14.25,OK 14.25,PASS
silver,domestic,fragile,True,True,active,1000.0,OK 14.25,OK 14.25,PASS
silver,domestic,fragile,True,True,frozen,-1.0,ERR ValueError: amount must be non-negative,ERR ValueError: amount must be non-negative,PASS
silver,domestic,fragile,True,True,frozen,0.0,OK 0.00,OK 0.00,PASS
silver,domestic,fragile,True,True,frozen,50.0,ERR RuntimeError: frozen account cannot use express,ERR RuntimeError: frozen account cannot use express,PASS
silver,domestic,fragile,True,True,frozen,499.99,ERR RuntimeError: frozen account cannot use express,ERR RuntimeError: frozen account cannot use express,PASS
silver,domestic,fragile,True,True,frozen,500.0,ERR RuntimeError: frozen account cannot use express,ERR RuntimeError: frozen account cannot use express,PASS
silver,domestic,fragile,True,True,frozen,1000.0,ERR RuntimeError: frozen account cannot use express,ERR RuntimeError: frozen account cannot use express,PASS
silver,domestic,fragile,True,True,banned,-1.0,ERR ValueError: amount must be non-negative,ERR ValueError: amount must be non-negative,PASS
silver,domestic,fragile,True,True,banned,0.0,OK 0.00,OK 0.00,PASS
silver,domestic,fragile,True,True,banned,50.0,ERR PermissionError: account is banned,ERR PermissionError: account is banned,PASS
silver,domestic,fragile,True,True,banned,499.99,ERR PermissionError: account is banned,ERR PermissionError: account is banned,PASS
silver,domestic,fragile,True,True,banned,500.0,ERR PermissionError: account is banned,ERR PermissionError: account is banned,PASS
silver,domestic,fragile,True,True,banned,1000.0,ERR PermissionError: account is banned,ERR PermissionError: account is banned,PASS
silver,domestic,frozen,False,False,active,-1.0,ERR ValueError: amount must be non-negative,ERR ValueError: amount must be non-negative,PASS
silver,domestic,frozen,False,False,active,0.0,OK 0.00,OK 0.00,PASS
silver,domestic,frozen,False,False,active,50.0,OK 17.10,OK 17.10,PASS
silver,domestic,frozen,False,False,active,499.99,OK 17.10,OK 17.10,PASS
silver,domestic,frozen,False,False,active,500.0,OK 0.00,OK 0.00,PASS
silver,domestic,frozen,False,False,active,1000.0,OK 0.00,OK 0.00,PASS
silver,domestic,frozen,False,False,frozen,-1.0,ERR ValueError: amount must be non-negative,ERR ValueError: amount must be non-negative,PASS
silver,domestic,frozen,False,False,frozen,0.0,OK 0.00,OK 0.00,PASS
silver,domestic,frozen,False,False,frozen,50.0,OK 18.00,OK 18.00,PASS
silver,domestic,frozen,False,False,frozen,499.99,OK 18.00,OK 18.00,PASS
silver,domestic,frozen,False,False,frozen,500.0,OK 18.00,OK 18.00,PASS
silver,domestic,frozen,False,False,frozen,1000.0,OK 18.00,OK 18.00,PASS
silver,domestic,frozen,False,False,banned,-1.0,ERR ValueError: amount must be non-negative,ERR ValueError: amount must be non-negative,PASS
silver,domestic,frozen,False,False,banned,0.0,OK 0.00,OK 0.00,PASS
silver,domestic,frozen,False,False,banned,50.0,ERR PermissionError: account is banned,ERR PermissionError: account is banned,PASS
silver,domestic,frozen,False,False,banned,499.99,ERR PermissionError: account is banned,ERR PermissionError: account is banned,PASS
silver,domestic,frozen,False,False,banned,500.0,ERR PermissionError: account is banned,ERR PermissionError: account is banned,PASS
silver,domestic,frozen,False,False,banned,1000.0,ERR PermissionError: account is banned,ERR PermissionError: account is banned,PASS
silver,domestic,frozen,False,True,active,-1.0,ERR ValueError: amount must be non-negative,ERR ValueError: amount must be non-negative,PASS
silver,domestic,frozen,False,True,active,0.0,OK 0.00,OK 0.00,PASS
silver,domestic,frozen,False,True,active,50.0,OK 17.10,OK 17.10,PASS
silver,domestic,frozen,False,True,active,499.99,OK 17.10,OK 17.10,PASS
silver,domestic,frozen,False,True,active,500.0,OK 0.00,OK 0.00,PASS
silver,domestic,frozen,False,True,active,1000.0,OK 0.00,OK 0.00,PASS
silver,domestic,frozen,False,True,frozen,-1.0,ERR ValueError: amount must be non-negative,ERR ValueError: amount must be non-negative,PASS
silver,domestic,frozen,False,True,frozen,0.0,OK 0.00,OK 0.00,PASS
silver,domestic,frozen,False,True,frozen,50.0,OK 18.00,OK 18.00,PASS
silver,domestic,frozen,False,True,frozen,499.99,OK 18.00,OK 18.00,PASS
silver,domestic,frozen,False,True,frozen,500.0,OK 18.00,OK 18.00,PASS
silver,domestic,frozen,False,True,frozen,1000.0,OK 18.00,OK 18.00,PASS
silver,domestic,frozen,False,True,banned,-1.0,ERR ValueError: amount must be non-negative,ERR ValueError: amount must be non-negative,PASS
silver,domestic,frozen,False,True,banned,0.0,OK 0.00,OK 0.00,PASS
silver,domestic,frozen,False,True,banned,50.0,ERR PermissionError: account is banned,ERR PermissionError: account is banned,PASS
silver,domestic,frozen,False,True,banned,499.99,ERR PermissionError: account is banned,ERR PermissionError: account is banned,PASS
silver,domestic,frozen,False,True,banned,500.0,ERR PermissionError: account is banned,ERR PermissionError: account is banned,PASS
silver,domestic,frozen,False,True,banned,1000.0,ERR PermissionError: account is banned,ERR PermissionError: account is banned,PASS
silver,domestic,frozen,True,False,active,-1.0,ERR ValueError: amount must be non-negative,ERR ValueError: amount must be non-negative,PASS
silver,domestic,frozen,True,False,active,0.0,OK 0.00,OK 0.00,PASS
silver,domestic,frozen,True,False,active,50.0,OK 26.60,OK 26.60,PASS
silver,domestic,frozen,True,False,active,499.99,OK 26.60,OK 26.60,PASS
silver,domestic,frozen,True,False,active,500.0,OK 9.50,OK 9.50,PASS
silver,domestic,frozen,True,False,active,1000.0,OK 9.50,OK 9.50,PASS
silver,domestic,frozen,True,False,frozen,-1.0,ERR ValueError: amount must be non-negative,ERR ValueError: amount must be non-negative,PASS
silver,domestic,frozen,True,False,frozen,0.0,OK 0.00,OK 0.00,PASS
silver,domestic,frozen,True,False,frozen,50.0,ERR RuntimeError: frozen account cannot use express,ERR RuntimeError: frozen account cannot use express,PASS
silver,domestic,frozen,True,False,frozen,499.99,ERR RuntimeError: frozen account cannot use express,ERR RuntimeError: frozen account cannot use express,PASS
silver,domestic,frozen,True,False,frozen,500.0,ERR RuntimeError: frozen account cannot use express,ERR RuntimeError: frozen account cannot use express,PASS
silver,domestic,frozen,True,False,frozen,1000.0,ERR RuntimeError: frozen account cannot use express,ERR RuntimeError: frozen account cannot use express,PASS
silver,domestic,frozen,True,False,banned,-1.0,ERR ValueError: amount must be non-negative,ERR ValueError: amount must be non-negative,PASS
silver,domestic,frozen,True,False,banned,0.0,OK 0.00,OK 0.00,PASS
silver,domestic,frozen,True,False,banned,50.0,ERR PermissionError: account is banned,ERR PermissionError: account is banned,PASS
silver,domestic,frozen,True,False,banned,499.99,ERR PermissionError: account is banned,ERR PermissionError: account is banned,PASS
silver,domestic,frozen,True,False,banned,500.0,ERR PermissionError: account is banned,ERR PermissionError: account is banned,PASS
silver,domestic,frozen,True,False,banned,1000.0,ERR PermissionError: account is banned,ERR PermissionError: account is banned,PASS
silver,domestic,frozen,True,True,active,-1.0,ERR ValueError: amount must be non-negative,ERR ValueError: amount must be non-negative,PASS
silver,domestic,frozen,True,True,active,0.0,OK 0.00,OK 0.00,PASS
silver,domestic,frozen,True,True,active,50.0,OK 31.35,OK 31.35,PASS
silver,domestic,frozen,True,True,active,499.99,OK 31.35,OK 31.35,PASS
silver,domestic,frozen,True,True,active,500.0,OK 14.25,OK 14.25,PASS
silver,domestic,frozen,True,True,active,1000.0,OK 14.25,OK 14.25,PASS
silver,domestic,frozen,True,True,frozen,-1.0,ERR ValueError: amount must be non-negative,ERR ValueError: amount must be non-negative,PASS
silver,domestic,frozen,True,True,frozen,0.0,OK 0.00,OK 0.00,PASS
silver,domestic,frozen,True,True,frozen,50.0,ERR RuntimeError: frozen account cannot use express,ERR RuntimeError: frozen account cannot use express,PASS
silver,domestic,frozen,True,True,frozen,499.99,ERR RuntimeError: frozen account cannot use express,ERR RuntimeError: frozen account cannot use express,PASS
silver,domestic,frozen,True,True,frozen,500.0,ERR RuntimeError: frozen account cannot use express,ERR RuntimeError: frozen account cannot use express,PASS
silver,domestic,frozen,True,True,frozen,1000.0,ERR RuntimeError: frozen account cannot use express,ERR RuntimeError: frozen account cannot use express,PASS
silver,domestic,frozen,True,True,banned,-1.0,ERR ValueError: amount must be non-negative,ERR ValueError: amount must be non-negative,PASS
silver,domestic,frozen,True,True,banned,0.0,OK 0.00,OK 0.00,PASS
silver,domestic,frozen,True,True,banned,50.0,ERR PermissionError: account is banned,ERR PermissionError: account is banned,PASS
silver,domestic,frozen,True,True,banned,499.99,ERR PermissionError: account is banned,ERR PermissionError: account is banned,PASS
silver,domestic,frozen,True,True,banned,500.0,ERR PermissionError: account is banned,ERR PermissionError: account is banned,PASS
silver,domestic,frozen,True,True,banned,1000.0,ERR PermissionError: account is banned,ERR PermissionError: account is banned,PASS
silver,remote,normal,False,False,active,-1.0,ERR ValueError: amount must be non-negative,ERR ValueError: amount must be non-negative,PASS
silver,remote,normal,False,False,active,0.0,OK 0.00,OK 0.00,PASS
silver,remote,normal,False,False,active,50.0,OK 15.00,OK 15.00,PASS
silver,remote,normal,False,False,active,499.99,OK 15.00,OK 15.00,PASS
silver,remote,normal,False,False,active,500.0,OK 0.00,OK 0.00,PASS
silver,remote,normal,False,False,active,1000.0,OK 0.00,OK 0.00,PASS
silver,remote,normal,False,False,frozen,-1.0,ERR ValueError: amount must be non-negative,ERR ValueError: amount must be non-negative,PASS
silver,remote,normal,False,False,frozen,0.0,OK 0.00,OK 0.00,PASS
silver,remote,normal,False,False,frozen,50.0,OK 15.00,OK 15.00,PASS
silver,remote,normal,False,False,frozen,499.99,OK 15.00,OK 15.00,PASS
silver,remote,normal,False,False,frozen,500.0,OK 15.00,OK 15.00,PASS
silver,remote,normal,False,False,frozen,1000.0,OK 15.00,OK 15.00,PASS
silver,remote,normal,False,False,banned,-1.0,ERR ValueError: amount must be non-negative,ERR ValueError: amount must be non-negative,PASS
silver,remote,normal,False,False,banned,0.0,OK 0.00,OK 0.00,PASS
silver,remote,normal,False,False,banned,50.0,ERR PermissionError: account is banned,ERR PermissionError: account is banned,PASS
silver,remote,normal,False,False,banned,499.99,ERR PermissionError: account is banned,ERR PermissionError: account is banned,PASS
silver,remote,normal,False,False,banned,500.0,ERR PermissionError: account is banned,ERR PermissionError: account is banned,PASS
silver,remote,normal,False,False,banned,1000.0,ERR PermissionError: account is banned,ERR PermissionError: account is banned,PASS
silver,remote,normal,False,True,active,-1.0,ERR ValueError: amount must be non-negative,ERR ValueError: amount must be non-negative,PASS
silver,remote,normal,False,True,active,0.0,OK 0.00,OK 0.00,PASS
silver,remote,normal,False,True,active,50.0,OK 15.00,OK 15.00,PASS
silver,remote,normal,False,True,active,499.99,OK 15.00,OK 15.00,PASS
silver,remote,normal,False,True,active,500.0,OK 0.00,OK 0.00,PASS
silver,remote,normal,False,True,active,1000.0,OK 0.00,OK 0.00,PASS
silver,remote,normal,False,True,frozen,-1.0,ERR ValueError: amount must be non-negative,ERR ValueError: amount must be non-negative,PASS
silver,remote,normal,False,True,frozen,0.0,OK 0.00,OK 0.00,PASS
silver,remote,normal,False,True,frozen,50.0,OK 15.00,OK 15.00,PASS
silver,remote,normal,False,True,frozen,499.99,OK 15.00,OK 15.00,PASS
silver,remote,normal,False,True,frozen,500.0,OK 15.00,OK 15.00,PASS
silver,remote,normal,False,True,frozen,1000.0,OK 15.00,OK 15.00,PASS
silver,remote,normal,False,True,banned,-1.0,ERR ValueError: amount must be non-negative,ERR ValueError: amount must be non-negative,PASS
silver,remote,normal,False,True,banned,0.0,OK 0.00,OK 0.00,PASS
silver,remote,normal,False,True,banned,50.0,ERR PermissionError: account is banned,ERR PermissionError: account is banned,PASS
silver,remote,normal,False,True,banned,499.99,ERR PermissionError: account is banned,ERR PermissionError: account is banned,PASS
silver,remote,normal,False,True,banned,500.0,ERR PermissionError: account is banned,ERR PermissionError: account is banned,PASS
silver,remote,normal,False,True,banned,1000.0,ERR PermissionError: account is banned,ERR PermissionError: account is banned,PASS
silver,remote,normal,True,False,active,-1.0,ERR ValueError: amount must be non-negative,ERR ValueError: amount must be non-negative,PASS
silver,remote,normal,True,False,active,0.0,OK 0.00,OK 0.00,PASS
silver,remote,normal,True,False,active,50.0,OK 40.00,OK 40.00,PASS
silver,remote,normal,True,False,active,499.99,OK 40.00,OK 40.00,PASS
silver,remote,normal,True,False,active,500.0,OK 25.00,OK 25.00,PASS
silver,remote,normal,True,False,active,1000.0,OK 25.00,OK 25.00,PASS
silver,remote,normal,True,False,frozen,-1.0,ERR ValueError: amount must be non-negative,ERR ValueError: amount must be non-negative,PASS
silver,remote,normal,True,False,frozen,0.0,OK 0.00,OK 0.00,PASS
silver,remote,normal,True,False,frozen,50.0,ERR RuntimeError: frozen account cannot use express,ERR RuntimeError: frozen account cannot use express,PASS
silver,remote,normal,True,False,frozen,499.99,ERR RuntimeError: frozen account cannot use express,ERR RuntimeError: frozen account cannot use express,PASS
silver,remote,normal,True,False,frozen,500.0,ERR RuntimeError: frozen account cannot use express,ERR RuntimeError: frozen account cannot use express,PASS
silver,remote,normal,True,False,frozen,1000.0,ERR RuntimeError: frozen account cannot use express,ERR RuntimeError: frozen account cannot use express,PASS
silver,remote,normal,True,False,banned,-1.0,ERR ValueError: amount must be non-negative,ERR ValueError: amount must be non-negative,PASS
silver,remote,normal,True,False,banned,0.0,OK 0.00,OK 0.00,PASS
silver,remote,normal,True,False,banned,50.0,ERR PermissionError: account is banned,ERR PermissionError: account is banned,PASS
silver,remote,normal,True,False,banned,499.99,ERR PermissionError: account is banned,ERR PermissionError: account is banned,PASS
silver,remote,normal,True,False,banned,500.0,ERR PermissionError: account is banned,ERR PermissionError: account is banned,PASS
silver,remote,normal,True,False,banned,1000.0,ERR PermissionError: account is banned,ERR PermissionError: account is banned,PASS
silver,remote,normal,True,True,active,-1.0,ERR ValueError: amount must be non-negative,ERR ValueError: amount must be non-negative,PASS
silver,remote,normal,True,True,active,0.0,OK 0.00,OK 0.00,PASS
silver,remote,normal,True,True,active,50.0,OK 45.00,OK 45.00,PASS
silver,remote,normal,True,True,active,499.99,OK 45.00,OK 45.00,PASS
silver,remote,normal,True,True,active,500.0,OK 30.00,OK 30.00,PASS
silver,remote,normal,True,True,active,1000.0,OK 30.00,OK 30.00,PASS
silver,remote,normal,True,True,frozen,-1.0,ERR ValueError: amount must be non-negative,ERR ValueError: amount must be non-negative,PASS
silver,remote,normal,True,True,frozen,0.0,OK 0.00,OK 0.00,PASS
silver,remote,normal,True,True,frozen,50.0,ERR RuntimeError: frozen account cannot use express,ERR RuntimeError: frozen account cannot use express,PASS
silver,remote,normal,True,True,frozen,499.99,ERR RuntimeError: frozen account cannot use express,ERR RuntimeError: frozen account cannot use express,PASS
silver,remote,normal,True,True,frozen,500.0,ERR RuntimeError: frozen account cannot use express,ERR RuntimeError: frozen account cannot use express,PASS
silver,remote,normal,True,True,frozen,1000.0,ERR RuntimeError: frozen account cannot use express,ERR RuntimeError: frozen account cannot use express,PASS
silver,remote,normal,True,True,banned,-1.0,ERR ValueError: amount must be non-negative,ERR ValueError: amount must be non-negative,PASS
silver,remote,normal,True,True,banned,0.0,OK 0.00,OK 0.00,PASS
silver,remote,normal,True,True,banned,50.0,ERR PermissionError: account is banned,ERR PermissionError: account is banned,PASS
silver,remote,normal,True,True,banned,499.99,ERR PermissionError: account is banned,ERR PermissionError: account is banned,PASS
silver,remote,normal,True,True,banned,500.0,ERR PermissionError: account is banned,ERR PermissionError: account is banned,PASS
silver,remote,normal,True,True,banned,1000.0,ERR PermissionError: account is banned,ERR PermissionError: account is banned,PASS
silver,remote,fragile,False,False,active,-1.0,ERR ValueError: amount must be non-negative,ERR ValueError: amount must be non-negative,PASS
silver,remote,fragile,False,False,active,0.0,OK 0.00,OK 0.00,PASS
silver,remote,fragile,False,False,active,50.0,OK 23.00,OK 23.00,PASS
silver,remote,fragile,False,False,active,499.99,OK 23.00,OK 23.00,PASS
silver,remote,fragile,False,False,active,500.0,OK 0.00,OK 0.00,PASS
silver,remote,fragile,False,False,active,1000.0,OK 0.00,OK 0.00,PASS
silver,remote,fragile,False,False,frozen,-1.0,ERR ValueError: amount must be non-negative,ERR ValueError: amount must be non-negative,PASS
silver,remote,fragile,False,False,frozen,0.0,OK 0.00,OK 0.00,PASS
silver,remote,fragile,False,False,frozen,50.0,OK 23.00,OK 23.00,PASS
silver,remote,fragile,False,False,frozen,499.99,OK 23.00,OK 23.00,PASS
silver,remote,fragile,False,False,frozen,500.0,OK 23.00,OK 23.00,PASS
silver,remote,fragile,False,False,frozen,1000.0,OK 23.00,OK 23.00,PASS
silver,remote,fragile,False,False,banned,-1.0,ERR ValueError: amount must be non-negative,ERR ValueError: amount must be non-negative,PASS
silver,remote,fragile,False,False,banned,0.0,OK 0.00,OK 0.00,PASS
silver,remote,fragile,False,False,banned,50.0,ERR PermissionError: account is banned,ERR PermissionError: account is banned,PASS
silver,remote,fragile,False,False,banned,499.99,ERR PermissionError: account is banned,ERR PermissionError: account is banned,PASS
silver,remote,fragile,False,False,banned,500.0,ERR PermissionError: account is banned,ERR PermissionError: account is banned,PASS
silver,remote,fragile,False,False,banned,1000.0,ERR PermissionError: account is banned,ERR PermissionError: account is banned,PASS
silver,remote,fragile,False,True,active,-1.0,ERR ValueError: amount must be non-negative,ERR ValueError: amount must be non-negative,PASS
silver,remote,fragile,False,True,active,0.0,OK 0.00,OK 0.00,PASS
silver,remote,fragile,False,True,active,50.0,OK 23.00,OK 23.00,PASS
silver,remote,fragile,False,True,active,499.99,OK 23.00,OK 23.00,PASS
silver,remote,fragile,False,True,active,500.0,OK 0.00,OK 0.00,PASS
silver,remote,fragile,False,True,active,1000.0,OK 0.00,OK 0.00,PASS
silver,remote,fragile,False,True,frozen,-1.0,ERR ValueError: amount must be non-negative,ERR ValueError: amount must be non-negative,PASS
silver,remote,fragile,False,True,frozen,0.0,OK 0.00,OK 0.00,PASS
silver,remote,fragile,False,True,frozen,50.0,OK 23.00,OK 23.00,PASS
silver,remote,fragile,False,True,frozen,499.99,OK 23.00,OK 23.00,PASS
silver,remote,fragile,False,True,frozen,500.0,OK 23.00,OK 23.00,PASS
silver,remote,fragile,False,True,frozen,1000.0,OK 23.00,OK 23.00,PASS
silver,remote,fragile,False,True,banned,-1.0,ERR ValueError: amount must be non-negative,ERR ValueError: amount must be non-negative,PASS
silver,remote,fragile,False,True,banned,0.0,OK 0.00,OK 0.00,PASS
silver,remote,fragile,False,True,banned,50.0,ERR PermissionError: account is banned,ERR PermissionError: account is banned,PASS
silver,remote,fragile,False,True,banned,499.99,ERR PermissionError: account is banned,ERR PermissionError: account is banned,PASS
silver,remote,fragile,False,True,banned,500.0,ERR PermissionError: account is banned,ERR PermissionError: account is banned,PASS
silver,remote,fragile,False,True,banned,1000.0,ERR PermissionError: account is banned,ERR PermissionError: account is banned,PASS
silver,remote,fragile,True,False,active,-1.0,ERR ValueError: amount must be non-negative,ERR ValueError: amount must be non-negative,PASS
silver,remote,fragile,True,False,active,0.0,OK 0.00,OK 0.00,PASS
silver,remote,fragile,True,False,active,50.0,OK 48.00,OK 48.00,PASS
silver,remote,fragile,True,False,active,499.99,OK 48.00,OK 48.00,PASS
silver,remote,fragile,True,False,active,500.0,OK 25.00,OK 25.00,PASS
silver,remote,fragile,True,False,active,1000.0,OK 25.00,OK 25.00,PASS
silver,remote,fragile,True,False,frozen,-1.0,ERR ValueError: amount must be non-negative,ERR ValueError: amount must be non-negative,PASS
silver,remote,fragile,True,False,frozen,0.0,OK 0.00,OK 0.00,PASS
silver,remote,fragile,True,False,frozen,50.0,ERR RuntimeError: frozen account cannot use express,ERR RuntimeError: frozen account cannot use express,PASS
silver,remote,fragile,True,False,frozen,499.99,ERR RuntimeError: frozen account cannot use express,ERR RuntimeError: frozen account cannot use express,PASS
silver,remote,fragile,True,False,frozen,500.0,ERR RuntimeError: frozen account cannot use express,ERR RuntimeError: frozen account cannot use express,PASS
silver,remote,fragile,True,False,frozen,1000.0,ERR RuntimeError: frozen account cannot use express,ERR RuntimeError: frozen account cannot use express,PASS
silver,remote,fragile,True,False,banned,-1.0,ERR ValueError: amount must be non-negative,ERR ValueError: amount must be non-negative,PASS
silver,remote,fragile,True,False,banned,0.0,OK 0.00,OK 0.00,PASS
silver,remote,fragile,True,False,banned,50.0,ERR PermissionError: account is banned,ERR PermissionError: account is banned,PASS
silver,remote,fragile,True,False,banned,499.99,ERR PermissionError: account is banned,ERR PermissionError: account is banned,PASS
silver,remote,fragile,True,False,banned,500.0,ERR PermissionError: account is banned,ERR PermissionError: account is banned,PASS
silver,remote,fragile,True,False,banned,1000.0,ERR PermissionError: account is banned,ERR PermissionError: account is banned,PASS
silver,remote,fragile,True,True,active,-1.0,ERR ValueError: amount must be non-negative,ERR ValueError: amount must be non-negative,PASS
silver,remote,fragile,True,True,active,0.0,OK 0.00,OK 0.00,PASS
silver,remote,fragile,True,True,active,50.0,OK 53.00,OK 53.00,PASS
silver,remote,fragile,True,True,active,499.99,OK 53.00,OK 53.00,PASS
silver,remote,fragile,True,True,active,500.0,OK 30.00,OK 30.00,PASS
silver,remote,fragile,True,True,active,1000.0,OK 30.00,OK 30.00,PASS
silver,remote,fragile,True,True,frozen,-1.0,ERR ValueError: amount must be non-negative,ERR ValueError: amount must be non-negative,PASS
silver,remote,fragile,True,True,frozen,0.0,OK 0.00,OK 0.00,PASS
silver,remote,fragile,True,True,frozen,50.0,ERR RuntimeError: frozen account cannot use express,ERR RuntimeError: frozen account cannot use express,PASS
silver,remote,fragile,True,True,frozen,499.99,ERR RuntimeError: frozen account cannot use express,ERR RuntimeError: frozen account cannot use express,PASS
silver,remote,fragile,True,True,frozen,500.0,ERR RuntimeError: frozen account cannot use express,ERR RuntimeError: frozen account cannot use express,PASS
silver,remote,fragile,True,True,frozen,1000.0,ERR RuntimeError: frozen account cannot use express,ERR RuntimeError: frozen account cannot use express,PASS
silver,remote,fragile,True,True,banned,-1.0,ERR ValueError: amount must be non-negative,ERR ValueError: amount must be non-negative,PASS
silver,remote,fragile,True,True,banned,0.0,OK 0.00,OK 0.00,PASS
silver,remote,fragile,True,True,banned,50.0,ERR PermissionError: account is banned,ERR PermissionError: account is banned,PASS
silver,remote,fragile,True,True,banned,499.99,ERR PermissionError: account is banned,ERR PermissionError: account is banned,PASS
silver,remote,fragile,True,True,banned,500.0,ERR PermissionError: account is banned,ERR PermissionError: account is banned,PASS
silver,remote,fragile,True,True,banned,1000.0,ERR PermissionError: account is banned,ERR PermissionError: account is banned,PASS
silver,remote,frozen,False,False,active,-1.0,ERR ValueError: amount must be non-negative,ERR ValueError: amount must be non-negative,PASS
silver,remote,frozen,False,False,active,0.0,OK 0.00,OK 0.00,PASS
silver,remote,frozen,False,False,active,50.0,ERR ValueError: frozen goods cannot be shipped to remote area,ERR ValueError: frozen goods cannot be shipped to remote area,PASS
silver,remote,frozen,False,False,active,499.99,ERR ValueError: frozen goods cannot be shipped to remote area,ERR ValueError: frozen goods cannot be shipped to remote area,PASS
silver,remote,frozen,False,False,active,500.0,ERR ValueError: frozen goods cannot be shipped to remote area,ERR ValueError: frozen goods cannot be shipped to remote area,PASS
silver,remote,frozen,False,False,active,1000.0,ERR ValueError: frozen goods cannot be shipped to remote area,ERR ValueError: frozen goods cannot be shipped to remote area,PASS
silver,remote,frozen,False,False,frozen,-1.0,ERR ValueError: amount must be non-negative,ERR ValueError: amount must be non-negative,PASS
silver,remote,frozen,False,False,frozen,0.0,OK 0.00,OK 0.00,PASS
silver,remote,frozen,False,False,frozen,50.0,ERR ValueError: frozen goods cannot be shipped to remote area,ERR ValueError: frozen goods cannot be shipped to remote area,PASS
silver,remote,frozen,False,False,frozen,499.99,ERR ValueError: frozen goods cannot be shipped to remote area,ERR ValueError: frozen goods cannot be shipped to remote area,PASS
silver,remote,frozen,False,False,frozen,500.0,ERR ValueError: frozen goods cannot be shipped to remote area,ERR ValueError: frozen goods cannot be shipped to remote area,PASS
silver,remote,frozen,False,False,frozen,1000.0,ERR ValueError: frozen goods cannot be shipped to remote area,ERR ValueError: frozen goods cannot be shipped to remote area,PASS
silver,remote,frozen,False,False,banned,-1.0,ERR ValueError: amount must be non-negative,ERR ValueError: amount must be non-negative,PASS
silver,remote,frozen,False,False,banned,0.0,OK 0.00,OK 0.00,PASS
silver,remote,frozen,False,False,banned,50.0,ERR PermissionError: account is banned,ERR PermissionError: account is banned,PASS
silver,remote,frozen,False,False,banned,499.99,ERR PermissionError: account is banned,ERR PermissionError: account is banned,PASS
silver,remote,frozen,False,False,banned,500.0,ERR PermissionError: account is banned,ERR PermissionError: account is banned,PASS
silver,remote,frozen,False,False,banned,1000.0,ERR PermissionError: account is banned,ERR PermissionError: account is banned,PASS
silver,remote,frozen,False,True,active,-1.0,ERR ValueError: amount must be non-negative,ERR ValueError: amount must be non-negative,PASS
silver,remote,frozen,False,True,active,0.0,OK 0.00,OK 0.00,PASS
silver,remote,frozen,False,True,active,50.0,ERR ValueError: frozen goods cannot be shipped to remote area,ERR ValueError: frozen goods cannot be shipped to remote area,PASS
silver,remote,frozen,False,True,active,499.99,ERR ValueError: frozen goods cannot be shipped to remote area,ERR ValueError: frozen goods cannot be shipped to remote area,PASS
silver,remote,frozen,False,True,active,500.0,ERR ValueError: frozen goods cannot be shipped to remote area,ERR ValueError: frozen goods cannot be shipped to remote area,PASS
silver,remote,frozen,False,True,active,1000.0,ERR ValueError: frozen goods cannot be shipped to remote area,ERR ValueError: frozen goods cannot be shipped to remote area,PASS
silver,remote,frozen,False,True,frozen,-1.0,ERR ValueError: amount must be non-negative,ERR ValueError: amount must be non-negative,PASS
silver,remote,frozen,False,True,frozen,0.0,OK 0.00,OK 0.00,PASS
silver,remote,frozen,False,True,frozen,50.0,ERR ValueError: frozen goods cannot be shipped to remote area,ERR ValueError: frozen goods cannot be shipped to remote area,PASS
silver,remote,frozen,False,True,frozen,499.99,ERR ValueError: frozen goods cannot be shipped to remote area,ERR ValueError: frozen goods cannot be shipped to remote area,PASS
silver,remote,frozen,False,True,frozen,500.0,ERR ValueError: frozen goods cannot be shipped to remote area,ERR ValueError: frozen goods cannot be shipped to remote area,PASS
silver,remote,frozen,False,True,frozen,1000.0,ERR ValueError: frozen goods cannot be shipped to remote area,ERR ValueError: frozen goods cannot be shipped to remote area,PASS
silver,remote,frozen,False,True,banned,-1.0,ERR ValueError: amount must be non-negative,ERR ValueError: amount must be non-negative,PASS
silver,remote,frozen,False,True,banned,0.0,OK 0.00,OK 0.00,PASS
silver,remote,frozen,False,True,banned,50.0,ERR PermissionError: account is banned,ERR PermissionError: account is banned,PASS
silver,remote,frozen,False,True,banned,499.99,ERR PermissionError: account is banned,ERR PermissionError: account is banned,PASS
silver,remote,frozen,False,True,banned,500.0,ERR PermissionError: account is banned,ERR PermissionError: account is banned,PASS
silver,remote,frozen,False,True,banned,1000.0,ERR PermissionError: account is banned,ERR PermissionError: account is banned,PASS
silver,remote,frozen,True,False,active,-1.0,ERR ValueError: amount must be non-negative,ERR ValueError: amount must be non-negative,PASS
silver,remote,frozen,True,False,active,0.0,OK 0.00,OK 0.00,PASS
silver,remote,frozen,True,False,active,50.0,ERR ValueError: frozen goods cannot be shipped to remote area,ERR ValueError: frozen goods cannot be shipped to remote area,PASS
silver,remote,frozen,True,False,active,499.99,ERR ValueError: frozen goods cannot be shipped to remote area,ERR ValueError: frozen goods cannot be shipped to remote area,PASS
silver,remote,frozen,True,False,active,500.0,ERR ValueError: frozen goods cannot be shipped to remote area,ERR ValueError: frozen goods cannot be shipped to remote area,PASS
silver,remote,frozen,True,False,active,1000.0,ERR ValueError: frozen goods cannot be shipped to remote area,ERR ValueError: frozen goods cannot be shipped to remote area,PASS
silver,remote,frozen,True,False,frozen,-1.0,ERR ValueError: amount must be non-negative,ERR ValueError: amount must be non-negative,PASS
silver,remote,frozen,True,False,frozen,0.0,OK 0.00,OK 0.00,PASS
silver,remote,frozen,True,False,frozen,50.0,ERR RuntimeError: frozen account cannot use express,ERR RuntimeError: frozen account cannot use express,PASS
silver,remote,frozen,True,False,frozen,499.99,ERR RuntimeError: frozen account cannot use express,ERR RuntimeError: frozen account cannot use express,PASS
silver,remote,frozen,True,False,frozen,500.0,ERR RuntimeError: frozen account cannot use express,ERR RuntimeError: frozen account cannot use express,PASS
silver,remote,frozen,True,False,frozen,1000.0,ERR RuntimeError: frozen account cannot use express,ERR RuntimeError: frozen account cannot use express,PASS
silver,remote,frozen,True,False,banned,-1.0,ERR ValueError: amount must be non-negative,ERR ValueError: amount must be non-negative,PASS
silver,remote,frozen,True,False,banned,0.0,OK 0.00,OK 0.00,PASS
silver,remote,frozen,True,False,banned,50.0,ERR PermissionError: account is banned,ERR PermissionError: account is banned,PASS
silver,remote,frozen,True,False,banned,499.99,ERR PermissionError: account is banned,ERR PermissionError: account is banned,PASS
silver,remote,frozen,True,False,banned,500.0,ERR PermissionError: account is banned,ERR PermissionError: account is banned,PASS
silver,remote,frozen,True,False,banned,1000.0,ERR PermissionError: account is banned,ERR PermissionError: account is banned,PASS
silver,remote,frozen,True,True,active,-1.0,ERR ValueError: amount must be non-negative,ERR ValueError: amount must be non-negative,PASS
silver,remote,frozen,True,True,active,0.0,OK 0.00,OK 0.00,PASS
silver,remote,frozen,True,True,active,50.0,ERR ValueError: frozen goods cannot be shipped to remote area,ERR ValueError: frozen goods cannot be shipped to remote area,PASS
silver,remote,frozen,True,True,active,499.99,ERR ValueError: frozen goods cannot be shipped to remote area,ERR ValueError: frozen goods cannot be shipped to remote area,PASS
silver,remote,frozen,True,True,active,500.0,ERR ValueError: frozen goods cannot be shipped to remote area,ERR ValueError: frozen goods cannot be shipped to remote area,PASS
silver,remote,frozen,True,True,active,1000.0,ERR ValueError: frozen goods cannot be shipped to remote area,ERR ValueError: frozen goods cannot be shipped to remote area,PASS
silver,remote,frozen,True,True,frozen,-1.0,ERR ValueError: amount must be non-negative,ERR ValueError: amount must be non-negative,PASS
silver,remote,frozen,True,True,frozen,0.0,OK 0.00,OK 0.00,PASS
silver,remote,frozen,True,True,frozen,50.0,ERR RuntimeError: frozen account cannot use express,ERR RuntimeError: frozen account cannot use express,PASS
silver,remote,frozen,True,True,frozen,499.99,ERR RuntimeError: frozen account cannot use express,ERR RuntimeError: frozen account cannot use express,PASS
silver,remote,frozen,True,True,frozen,500.0,ERR RuntimeError: frozen account cannot use express,ERR RuntimeError: frozen account cannot use express,PASS
silver,remote,frozen,True,True,frozen,1000.0,ERR RuntimeError: frozen account cannot use express,ERR RuntimeError: frozen account cannot use express,PASS
silver,remote,frozen,True,True,banned,-1.0,ERR ValueError: amount must be non-negative,ERR ValueError: amount must be non-negative,PASS
silver,remote,frozen,True,True,banned,0.0,OK 0.00,OK 0.00,PASS
silver,remote,frozen,True,True,banned,50.0,ERR PermissionError: account is banned,ERR PermissionError: account is banned,PASS
silver,remote,frozen,True,True,banned,499.99,ERR PermissionError: account is banned,ERR PermissionError: account is banned,PASS
silver,remote,frozen,True,True,banned,500.0,ERR PermissionError: account is banned,ERR PermissionError: account is banned,PASS
silver,remote,frozen,True,True,banned,1000.0,ERR PermissionError: account is banned,ERR PermissionError: account is banned,PASS
silver,overseas,normal,False,False,active,-1.0,ERR ValueError: amount must be non-negative,ERR ValueError: amount must be non-negative,PASS
silver,overseas,normal,False,False,active,0.0,OK 0.00,OK 0.00,PASS
silver,overseas,normal,False,False,active,50.0,OK 40.00,OK 40.00,PASS
silver,overseas,normal,False,False,active,499.99,OK 40.00,OK 40.00,PASS
silver,overseas,normal,False,False,active,500.0,OK 40.00,OK 40.00,PASS
silver,overseas,normal,False,False,active,1000.0,OK 40.00,OK 40.00,PASS
silver,overseas,normal,False,False,frozen,-1.0,ERR ValueError: amount must be non-negative,ERR ValueError: amount must be non-negative,PASS
silver,overseas,normal,False,False,frozen,0.0,OK 0.00,OK 0.00,PASS
silver,overseas,normal,False,False,frozen,50.0,ERR PermissionError: frozen account cannot ship overseas,ERR PermissionError: frozen account cannot ship overseas,PASS
silver,overseas,normal,False,False,frozen,499.99,ERR PermissionError: frozen account cannot ship overseas,ERR PermissionError: frozen account cannot ship overseas,PASS
silver,overseas,normal,False,False,frozen,500.0,ERR PermissionError: frozen account cannot ship overseas,ERR PermissionError: frozen account cannot ship overseas,PASS
silver,overseas,normal,False,False,frozen,1000.0,ERR PermissionError: frozen account cannot ship overseas,ERR PermissionError: frozen account cannot ship overseas,PASS
silver,overseas,normal,False,False,banned,-1.0,ERR ValueError: amount must be non-negative,ERR ValueError: amount must be non-negative,PASS
silver,overseas,normal,False,False,banned,0.0,OK 0.00,OK 0.00,PASS
silver,overseas,normal,False,False,banned,50.0,ERR PermissionError: account is banned,ERR PermissionError: account is banned,PASS
silver,overseas,normal,False,False,banned,499.99,ERR PermissionError: account is banned,ERR PermissionError: account is banned,PASS
silver,overseas,normal,False,False,banned,500.0,ERR PermissionError: account is banned,ERR PermissionError: account is banned,PASS
silver,overseas,normal,False,False,banned,1000.0,ERR PermissionError: account is banned,ERR PermissionError: account is banned,PASS
silver,overseas,normal,False,True,active,-1.0,ERR ValueError: amount must be non-negative,ERR ValueError: amount must be non-negative,PASS
silver,overseas,normal,False,True,active,0.0,OK 0.00,OK 0.00,PASS
silver,overseas,normal,False,True,active,50.0,OK 40.00,OK 40.00,PASS
silver,overseas,normal,False,True,active,499.99,OK 40.00,OK 40.00,PASS
silver,overseas,normal,False,True,active,500.0,OK 40.00,OK 40.00,PASS
silver,overseas,normal,False,True,active,1000.0,OK 40.00,OK 40.00,PASS
silver,overseas,normal,False,True,frozen,-1.0,ERR ValueError: amount must be non-negative,ERR ValueError: amount must be non-negative,PASS
silver,overseas,normal,False,True,frozen,0.0,OK 0.00,OK 0.00,PASS
silver,overseas,normal,False,True,frozen,50.0,ERR PermissionError: frozen account cannot ship overseas,ERR PermissionError: frozen account cannot ship overseas,PASS
silver,overseas,normal,False,True,frozen,499.99,ERR PermissionError: frozen account cannot ship overseas,ERR PermissionError: frozen account cannot ship overseas,PASS
silver,overseas,normal,False,True,frozen,500.0,ERR PermissionError: frozen account cannot ship overseas,ERR PermissionError: frozen account cannot ship overseas,PASS
silver,overseas,normal,False,True,frozen,1000.0,ERR PermissionError: frozen account cannot ship overseas,ERR PermissionError: frozen account cannot ship overseas,PASS
silver,overseas,normal,False,True,banned,-1.0,ERR ValueError: amount must be non-negative,ERR ValueError: amount must be non-negative,PASS
silver,overseas,normal,False,True,banned,0.0,OK 0.00,OK 0.00,PASS
silver,overseas,normal,False,True,banned,50.0,ERR PermissionError: account is banned,ERR PermissionError: account is banned,PASS
silver,overseas,normal,False,True,banned,499.99,ERR PermissionError: account is banned,ERR PermissionError: account is banned,PASS
silver,overseas,normal,False,True,banned,500.0,ERR PermissionError: account is banned,ERR PermissionError: account is banned,PASS
silver,overseas,normal,False,True,banned,1000.0,ERR PermissionError: account is banned,ERR PermissionError: account is banned,PASS
silver,overseas,normal,True,False,active,-1.0,ERR ValueError: amount must be non-negative,ERR ValueError: amount must be non-negative,PASS
silver,overseas,normal,True,False,active,0.0,OK 0.00,OK 0.00,PASS
silver,overseas,normal,True,False,active,50.0,ERR RuntimeError: express not available for overseas orders,ERR RuntimeError: express not available for overseas orders,PASS
silver,overseas,normal,True,False,active,499.99,ERR RuntimeError: express not available for overseas orders,ERR RuntimeError: express not available for overseas orders,PASS
silver,overseas,normal,True,False,active,500.0,ERR RuntimeError: express not available for overseas orders,ERR RuntimeError: express not available for overseas orders,PASS
silver,overseas,normal,True,False,active,1000.0,ERR RuntimeError: express not available for overseas orders,ERR RuntimeError: express not available for overseas orders,PASS
silver,overseas,normal,True,False,frozen,-1.0,ERR ValueError: amount must be non-negative,ERR ValueError: amount must be non-negative,PASS
silver,overseas,normal,True,False,frozen,0.0,OK 0.00,OK 0.00,PASS
silver,overseas,normal,True,False,frozen,50.0,ERR PermissionError: frozen account cannot ship overseas,ERR PermissionError: frozen account cannot ship overseas,PASS
silver,overseas,normal,True,False,frozen,499.99,ERR PermissionError: frozen account cannot ship overseas,ERR PermissionError: frozen account cannot ship overseas,PASS
silver,overseas,normal,True,False,frozen,500.0,ERR PermissionError: frozen account cannot ship overseas,ERR PermissionError: frozen account cannot ship overseas,PASS
silver,overseas,normal,True,False,frozen,1000.0,ERR PermissionError: frozen account cannot ship overseas,ERR PermissionError: frozen account cannot ship overseas,PASS
silver,overseas,normal,True,False,banned,-1.0,ERR ValueError: amount must be non-negative,ERR ValueError: amount must be non-negative,PASS
silver,overseas,normal,True,False,banned,0.0,OK 0.00,OK 0.00,PASS
silver,overseas,normal,True,False,banned,50.0,ERR PermissionError: account is banned,ERR PermissionError: account is banned,PASS
silver,overseas,normal,True,False,banned,499.99,ERR PermissionError: account is banned,ERR PermissionError: account is banned,PASS
silver,overseas,normal,True,False,banned,500.0,ERR PermissionError: account is banned,ERR PermissionError: account is banned,PASS
silver,overseas,normal,True,False,banned,1000.0,ERR PermissionError: account is banned,ERR PermissionError: account is banned,PASS
silver,overseas,normal,True,True,active,-1.0,ERR ValueError: amount must be non-negative,ERR ValueError: amount must be non-negative,PASS
silver,overseas,normal,True,True,active,0.0,OK 0.00,OK 0.00,PASS
silver,overseas,normal,True,True,active,50.0,ERR RuntimeError: express not available for overseas orders,ERR RuntimeError: express not available for overseas orders,PASS
silver,overseas,normal,True,True,active,499.99,ERR RuntimeError: express not available for overseas orders,ERR RuntimeError: express not available for overseas orders,PASS
silver,overseas,normal,True,True,active,500.0,ERR RuntimeError: express not available for overseas orders,ERR RuntimeError: express not available for overseas orders,PASS
silver,overseas,normal,True,True,active,1000.0,ERR RuntimeError: express not available for overseas orders,ERR RuntimeError: express not available for overseas orders,PASS
silver,overseas,normal,True,True,frozen,-1.0,ERR ValueError: amount must be non-negative,ERR ValueError: amount must be non-negative,PASS
silver,overseas,normal,True,True,frozen,0.0,OK 0.00,OK 0.00,PASS
silver,overseas,normal,True,True,frozen,50.0,ERR PermissionError: frozen account cannot ship overseas,ERR PermissionError: frozen account cannot ship overseas,PASS
silver,overseas,normal,True,True,frozen,499.99,ERR PermissionError: frozen account cannot ship overseas,ERR PermissionError: frozen account cannot ship overseas,PASS
silver,overseas,normal,True,True,frozen,500.0,ERR PermissionError: frozen account cannot ship overseas,ERR PermissionError: frozen account cannot ship overseas,PASS
silver,overseas,normal,True,True,frozen,1000.0,ERR PermissionError: frozen account cannot ship overseas,ERR PermissionError: frozen account cannot ship overseas,PASS
silver,overseas,normal,True,True,banned,-1.0,ERR ValueError: amount must be non-negative,ERR ValueError: amount must be non-negative,PASS
silver,overseas,normal,True,True,banned,0.0,OK 0.00,OK 0.00,PASS
silver,overseas,normal,True,True,banned,50.0,ERR PermissionError: account is banned,ERR PermissionError: account is banned,PASS
silver,overseas,normal,True,True,banned,499.99,ERR PermissionError: account is banned,ERR PermissionError: account is banned,PASS
silver,overseas,normal,True,True,banned,500.0,ERR PermissionError: account is banned,ERR PermissionError: account is banned,PASS
silver,overseas,normal,True,True,banned,1000.0,ERR PermissionError: account is banned,ERR PermissionError: account is banned,PASS
silver,overseas,fragile,False,False,active,-1.0,ERR ValueError: amount must be non-negative,ERR ValueError: amount must be non-negative,PASS
silver,overseas,fragile,False,False,active,0.0,OK 0.00,OK 0.00,PASS
silver,overseas,fragile,False,False,active,50.0,OK 48.00,OK 48.00,PASS
silver,overseas,fragile,False,False,active,499.99,OK 48.00,OK 48.00,PASS
silver,overseas,fragile,False,False,active,500.0,OK 48.00,OK 48.00,PASS
silver,overseas,fragile,False,False,active,1000.0,OK 48.00,OK 48.00,PASS
silver,overseas,fragile,False,False,frozen,-1.0,ERR ValueError: amount must be non-negative,ERR ValueError: amount must be non-negative,PASS
silver,overseas,fragile,False,False,frozen,0.0,OK 0.00,OK 0.00,PASS
silver,overseas,fragile,False,False,frozen,50.0,ERR PermissionError: frozen account cannot ship overseas,ERR PermissionError: frozen account cannot ship overseas,PASS
silver,overseas,fragile,False,False,frozen,499.99,ERR PermissionError: frozen account cannot ship overseas,ERR PermissionError: frozen account cannot ship overseas,PASS
silver,overseas,fragile,False,False,frozen,500.0,ERR PermissionError: frozen account cannot ship overseas,ERR PermissionError: frozen account cannot ship overseas,PASS
silver,overseas,fragile,False,False,frozen,1000.0,ERR PermissionError: frozen account cannot ship overseas,ERR PermissionError: frozen account cannot ship overseas,PASS
silver,overseas,fragile,False,False,banned,-1.0,ERR ValueError: amount must be non-negative,ERR ValueError: amount must be non-negative,PASS
silver,overseas,fragile,False,False,banned,0.0,OK 0.00,OK 0.00,PASS
silver,overseas,fragile,False,False,banned,50.0,ERR PermissionError: account is banned,ERR PermissionError: account is banned,PASS
silver,overseas,fragile,False,False,banned,499.99,ERR PermissionError: account is banned,ERR PermissionError: account is banned,PASS
silver,overseas,fragile,False,False,banned,500.0,ERR PermissionError: account is banned,ERR PermissionError: account is banned,PASS
silver,overseas,fragile,False,False,banned,1000.0,ERR PermissionError: account is banned,ERR PermissionError: account is banned,PASS
silver,overseas,fragile,False,True,active,-1.0,ERR ValueError: amount must be non-negative,ERR ValueError: amount must be non-negative,PASS
silver,overseas,fragile,False,True,active,0.0,OK 0.00,OK 0.00,PASS
silver,overseas,fragile,False,True,active,50.0,OK 48.00,OK 48.00,PASS
silver,overseas,fragile,False,True,active,499.99,OK 48.00,OK 48.00,PASS
silver,overseas,fragile,False,True,active,500.0,OK 48.00,OK 48.00,PASS
silver,overseas,fragile,False,True,active,1000.0,OK 48.00,OK 48.00,PASS
silver,overseas,fragile,False,True,frozen,-1.0,ERR ValueError: amount must be non-negative,ERR ValueError: amount must be non-negative,PASS
silver,overseas,fragile,False,True,frozen,0.0,OK 0.00,OK 0.00,PASS
silver,overseas,fragile,False,True,frozen,50.0,ERR PermissionError: frozen account cannot ship overseas,ERR PermissionError: frozen account cannot ship overseas,PASS
silver,overseas,fragile,False,True,frozen,499.99,ERR PermissionError: frozen account cannot ship overseas,ERR PermissionError: frozen account cannot ship overseas,PASS
silver,overseas,fragile,False,True,frozen,500.0,ERR PermissionError: frozen account cannot ship overseas,ERR PermissionError: frozen account cannot ship overseas,PASS
silver,overseas,fragile,False,True,frozen,1000.0,ERR PermissionError: frozen account cannot ship overseas,ERR PermissionError: frozen account cannot ship overseas,PASS
silver,overseas,fragile,False,True,banned,-1.0,ERR ValueError: amount must be non-negative,ERR ValueError: amount must be non-negative,PASS
silver,overseas,fragile,False,True,banned,0.0,OK 0.00,OK 0.00,PASS
silver,overseas,fragile,False,True,banned,50.0,ERR PermissionError: account is banned,ERR PermissionError: account is banned,PASS
silver,overseas,fragile,False,True,banned,499.99,ERR PermissionError: account is banned,ERR PermissionError: account is banned,PASS
silver,overseas,fragile,False,True,banned,500.0,ERR PermissionError: account is banned,ERR PermissionError: account is banned,PASS
silver,overseas,fragile,False,True,banned,1000.0,ERR PermissionError: account is banned,ERR PermissionError: account is banned,PASS
silver,overseas,fragile,True,False,active,-1.0,ERR ValueError: amount must be non-negative,ERR ValueError: amount must be non-negative,PASS
silver,overseas,fragile,True,False,active,0.0,OK 0.00,OK 0.00,PASS
silver,overseas,fragile,True,False,active,50.0,ERR RuntimeError: express not available for overseas orders,ERR RuntimeError: express not available for overseas orders,PASS
silver,overseas,fragile,True,False,active,499.99,ERR RuntimeError: express not available for overseas orders,ERR RuntimeError: express not available for overseas orders,PASS
silver,overseas,fragile,True,False,active,500.0,ERR RuntimeError: express not available for overseas orders,ERR RuntimeError: express not available for overseas orders,PASS
silver,overseas,fragile,True,False,active,1000.0,ERR RuntimeError: express not available for overseas orders,ERR RuntimeError: express not available for overseas orders,PASS
silver,overseas,fragile,True,False,frozen,-1.0,ERR ValueError: amount must be non-negative,ERR ValueError: amount must be non-negative,PASS
silver,overseas,fragile,True,False,frozen,0.0,OK 0.00,OK 0.00,PASS
silver,overseas,fragile,True,False,frozen,50.0,ERR PermissionError: frozen account cannot ship overseas,ERR PermissionError: frozen account cannot ship overseas,PASS
silver,overseas,fragile,True,False,frozen,499.99,ERR PermissionError: frozen account cannot ship overseas,ERR PermissionError: frozen account cannot ship overseas,PASS
silver,overseas,fragile,True,False,frozen,500.0,ERR PermissionError: frozen account cannot ship overseas,ERR PermissionError: frozen account cannot ship overseas,PASS
silver,overseas,fragile,True,False,frozen,1000.0,ERR PermissionError: frozen account cannot ship overseas,ERR PermissionError: frozen account cannot ship overseas,PASS
silver,overseas,fragile,True,False,banned,-1.0,ERR ValueError: amount must be non-negative,ERR ValueError: amount must be non-negative,PASS
silver,overseas,fragile,True,False,banned,0.0,OK 0.00,OK 0.00,PASS
silver,overseas,fragile,True,False,banned,50.0,ERR PermissionError: account is banned,ERR PermissionError: account is banned,PASS
silver,overseas,fragile,True,False,banned,499.99,ERR PermissionError: account is banned,ERR PermissionError: account is banned,PASS
silver,overseas,fragile,True,False,banned,500.0,ERR PermissionError: account is banned,ERR PermissionError: account is banned,PASS
silver,overseas,fragile,True,False,banned,1000.0,ERR PermissionError: account is banned,ERR PermissionError: account is banned,PASS
silver,overseas,fragile,True,True,active,-1.0,ERR ValueError: amount must be non-negative,ERR ValueError: amount must be non-negative,PASS
silver,overseas,fragile,True,True,active,0.0,OK 0.00,OK 0.00,PASS
silver,overseas,fragile,True,True,active,50.0,ERR RuntimeError: express not available for overseas orders,ERR RuntimeError: express not available for overseas orders,PASS
silver,overseas,fragile,True,True,active,499.99,ERR RuntimeError: express not available for overseas orders,ERR RuntimeError: express not available for overseas orders,PASS
silver,overseas,fragile,True,True,active,500.0,ERR RuntimeError: express not available for overseas orders,ERR RuntimeError: express not available for overseas orders,PASS
silver,overseas,fragile,True,True,active,1000.0,ERR RuntimeError: express not available for overseas orders,ERR RuntimeError: express not available for overseas orders,PASS
silver,overseas,fragile,True,True,frozen,-1.0,ERR ValueError: amount must be non-negative,ERR ValueError: amount must be non-negative,PASS
silver,overseas,fragile,True,True,frozen,0.0,OK 0.00,OK 0.00,PASS
silver,overseas,fragile,True,True,frozen,50.0,ERR PermissionError: frozen account cannot ship overseas,ERR PermissionError: frozen account cannot ship overseas,PASS
silver,overseas,fragile,True,True,frozen,499.99,ERR PermissionError: frozen account cannot ship overseas,ERR PermissionError: frozen account cannot ship overseas,PASS
silver,overseas,fragile,True,True,frozen,500.0,ERR PermissionError: frozen account cannot ship overseas,ERR PermissionError: frozen account cannot ship overseas,PASS
silver,overseas,fragile,True,True,frozen,1000.0,ERR PermissionError: frozen account cannot ship overseas,ERR PermissionError: frozen account cannot ship overseas,PASS
silver,overseas,fragile,True,True,banned,-1.0,ERR ValueError: amount must be non-negative,ERR ValueError: amount must be non-negative,PASS
silver,overseas,fragile,True,True,banned,0.0,OK 0.00,OK 0.00,PASS
silver,overseas,fragile,True,True,banned,50.0,ERR PermissionError: account is banned,ERR PermissionError: account is banned,PASS
silver,overseas,fragile,True,True,banned,499.99,ERR PermissionError: account is banned,ERR PermissionError: account is banned,PASS
silver,overseas,fragile,True,True,banned,500.0,ERR PermissionError: account is banned,ERR PermissionError: account is banned,PASS
silver,overseas,fragile,True,True,banned,1000.0,ERR PermissionError: account is banned,ERR PermissionError: account is banned,PASS
silver,overseas,frozen,False,False,active,-1.0,ERR ValueError: amount must be non-negative,ERR ValueError: amount must be non-negative,PASS
silver,overseas,frozen,False,False,active,0.0,OK 0.00,OK 0.00,PASS
silver,overseas,frozen,False,False,active,50.0,ERR ValueError: frozen goods cannot be shipped overseas,ERR ValueError: frozen goods cannot be shipped overseas,PASS
silver,overseas,frozen,False,False,active,499.99,ERR ValueError: frozen goods cannot be shipped overseas,ERR ValueError: frozen goods cannot be shipped overseas,PASS
silver,overseas,frozen,False,False,active,500.0,ERR ValueError: frozen goods cannot be shipped overseas,ERR ValueError: frozen goods cannot be shipped overseas,PASS
silver,overseas,frozen,False,False,active,1000.0,ERR ValueError: frozen goods cannot be shipped overseas,ERR ValueError: frozen goods cannot be shipped overseas,PASS
silver,overseas,frozen,False,False,frozen,-1.0,ERR ValueError: amount must be non-negative,ERR ValueError: amount must be non-negative,PASS
silver,overseas,frozen,False,False,frozen,0.0,OK 0.00,OK 0.00,PASS
silver,overseas,frozen,False,False,frozen,50.0,ERR PermissionError: frozen account cannot ship overseas,ERR PermissionError: frozen account cannot ship overseas,PASS
silver,overseas,frozen,False,False,frozen,499.99,ERR PermissionError: frozen account cannot ship overseas,ERR PermissionError: frozen account cannot ship overseas,PASS
silver,overseas,frozen,False,False,frozen,500.0,ERR PermissionError: frozen account cannot ship overseas,ERR PermissionError: frozen account cannot ship overseas,PASS
silver,overseas,frozen,False,False,frozen,1000.0,ERR PermissionError: frozen account cannot ship overseas,ERR PermissionError: frozen account cannot ship overseas,PASS
silver,overseas,frozen,False,False,banned,-1.0,ERR ValueError: amount must be non-negative,ERR ValueError: amount must be non-negative,PASS
silver,overseas,frozen,False,False,banned,0.0,OK 0.00,OK 0.00,PASS
silver,overseas,frozen,False,False,banned,50.0,ERR PermissionError: account is banned,ERR PermissionError: account is banned,PASS
silver,overseas,frozen,False,False,banned,499.99,ERR PermissionError: account is banned,ERR PermissionError: account is banned,PASS
silver,overseas,frozen,False,False,banned,500.0,ERR PermissionError: account is banned,ERR PermissionError: account is banned,PASS
silver,overseas,frozen,False,False,banned,1000.0,ERR PermissionError: account is banned,ERR PermissionError: account is banned,PASS
silver,overseas,frozen,False,True,active,-1.0,ERR ValueError: amount must be non-negative,ERR ValueError: amount must be non-negative,PASS
silver,overseas,frozen,False,True,active,0.0,OK 0.00,OK 0.00,PASS
silver,overseas,frozen,False,True,active,50.0,ERR ValueError: frozen goods cannot be shipped overseas,ERR ValueError: frozen goods cannot be shipped overseas,PASS
silver,overseas,frozen,False,True,active,499.99,ERR ValueError: frozen goods cannot be shipped overseas,ERR ValueError: frozen goods cannot be shipped overseas,PASS
silver,overseas,frozen,False,True,active,500.0,ERR ValueError: frozen goods cannot be shipped overseas,ERR ValueError: frozen goods cannot be shipped overseas,PASS
silver,overseas,frozen,False,True,active,1000.0,ERR ValueError: frozen goods cannot be shipped overseas,ERR ValueError: frozen goods cannot be shipped overseas,PASS
silver,overseas,frozen,False,True,frozen,-1.0,ERR ValueError: amount must be non-negative,ERR ValueError: amount must be non-negative,PASS
silver,overseas,frozen,False,True,frozen,0.0,OK 0.00,OK 0.00,PASS
silver,overseas,frozen,False,True,frozen,50.0,ERR PermissionError: frozen account cannot ship overseas,ERR PermissionError: frozen account cannot ship overseas,PASS
silver,overseas,frozen,False,True,frozen,499.99,ERR PermissionError: frozen account cannot ship overseas,ERR PermissionError: frozen account cannot ship overseas,PASS
silver,overseas,frozen,False,True,frozen,500.0,ERR PermissionError: frozen account cannot ship overseas,ERR PermissionError: frozen account cannot ship overseas,PASS
silver,overseas,frozen,False,True,frozen,1000.0,ERR PermissionError: frozen account cannot ship overseas,ERR PermissionError: frozen account cannot ship overseas,PASS
silver,overseas,frozen,False,True,banned,-1.0,ERR ValueError: amount must be non-negative,ERR ValueError: amount must be non-negative,PASS
silver,overseas,frozen,False,True,banned,0.0,OK 0.00,OK 0.00,PASS
silver,overseas,frozen,False,True,banned,50.0,ERR PermissionError: account is banned,ERR PermissionError: account is banned,PASS
silver,overseas,frozen,False,True,banned,499.99,ERR PermissionError: account is banned,ERR PermissionError: account is banned,PASS
silver,overseas,frozen,False,True,banned,500.0,ERR PermissionError: account is banned,ERR PermissionError: account is banned,PASS
silver,overseas,frozen,False,True,banned,1000.0,ERR PermissionError: account is banned,ERR PermissionError: account is banned,PASS
silver,overseas,frozen,True,False,active,-1.0,ERR ValueError: amount must be non-negative,ERR ValueError: amount must be non-negative,PASS
silver,overseas,frozen,True,False,active,0.0,OK 0.00,OK 0.00,PASS
silver,overseas,frozen,True,False,active,50.0,ERR ValueError: frozen goods cannot be shipped overseas,ERR ValueError: frozen goods cannot be shipped overseas,PASS
silver,overseas,frozen,True,False,active,499.99,ERR ValueError: frozen goods cannot be shipped overseas,ERR ValueError: frozen goods cannot be shipped overseas,PASS
silver,overseas,frozen,True,False,active,500.0,ERR ValueError: frozen goods cannot be shipped overseas,ERR ValueError: frozen goods cannot be shipped overseas,PASS
silver,overseas,frozen,True,False,active,1000.0,ERR ValueError: frozen goods cannot be shipped overseas,ERR ValueError: frozen goods cannot be shipped overseas,PASS
silver,overseas,frozen,True,False,frozen,-1.0,ERR ValueError: amount must be non-negative,ERR ValueError: amount must be non-negative,PASS
silver,overseas,frozen,True,False,frozen,0.0,OK 0.00,OK 0.00,PASS
silver,overseas,frozen,True,False,frozen,50.0,ERR PermissionError: frozen account cannot ship overseas,ERR PermissionError: frozen account cannot ship overseas,PASS
silver,overseas,frozen,True,False,frozen,499.99,ERR PermissionError: frozen account cannot ship overseas,ERR PermissionError: frozen account cannot ship overseas,PASS
silver,overseas,frozen,True,False,frozen,500.0,ERR PermissionError: frozen account cannot ship overseas,ERR PermissionError: frozen account cannot ship overseas,PASS
silver,overseas,frozen,True,False,frozen,1000.0,ERR PermissionError: frozen account cannot ship overseas,ERR PermissionError: frozen account cannot ship overseas,PASS
silver,overseas,frozen,True,False,banned,-1.0,ERR ValueError: amount must be non-negative,ERR ValueError: amount must be non-negative,PASS
silver,overseas,frozen,True,False,banned,0.0,OK 0.00,OK 0.00,PASS
silver,overseas,frozen,True,False,banned,50.0,ERR PermissionError: account is banned,ERR PermissionError: account is banned,PASS
silver,overseas,frozen,True,False,banned,499.99,ERR PermissionError: account is banned,ERR PermissionError: account is banned,PASS
silver,overseas,frozen,True,False,banned,500.0,ERR PermissionError: account is banned,ERR PermissionError: account is banned,PASS
silver,overseas,frozen,True,False,banned,1000.0,ERR PermissionError: account is banned,ERR PermissionError: account is banned,PASS
silver,overseas,frozen,True,True,active,-1.0,ERR ValueError: amount must be non-negative,ERR ValueError: amount must be non-negative,PASS
silver,overseas,frozen,True,True,active,0.0,OK 0.00,OK 0.00,PASS
silver,overseas,frozen,True,True,active,50.0,ERR ValueError: frozen goods cannot be shipped overseas,ERR ValueError: frozen goods cannot be shipped overseas,PASS
silver,overseas,frozen,True,True,active,499.99,ERR ValueError: frozen goods cannot be shipped overseas,ERR ValueError: frozen goods cannot be shipped overseas,PASS
silver,overseas,frozen,True,True,active,500.0,ERR ValueError: frozen goods cannot be shipped overseas,ERR ValueError: frozen goods cannot be shipped overseas,PASS
silver,overseas,frozen,True,True,active,1000.0,ERR ValueError: frozen goods cannot be shipped overseas,ERR ValueError: frozen goods cannot be shipped overseas,PASS
silver,overseas,frozen,True,True,frozen,-1.0,ERR ValueError: amount must be non-negative,ERR ValueError: amount must be non-negative,PASS
silver,overseas,frozen,True,True,frozen,0.0,OK 0.00,OK 0.00,PASS
silver,overseas,frozen,True,True,frozen,50.0,ERR PermissionError: frozen account cannot ship overseas,ERR PermissionError: frozen account cannot ship overseas,PASS
silver,overseas,frozen,True,True,frozen,499.99,ERR PermissionError: frozen account cannot ship overseas,ERR PermissionError: frozen account cannot ship overseas,PASS
silver,overseas,frozen,True,True,frozen,500.0,ERR PermissionError: frozen account cannot ship overseas,ERR PermissionError: frozen account cannot ship overseas,PASS
silver,overseas,frozen,True,True,frozen,1000.0,ERR PermissionError: frozen account cannot ship overseas,ERR PermissionError: frozen account cannot ship overseas,PASS
silver,overseas,frozen,True,True,banned,-1.0,ERR ValueError: amount must be non-negative,ERR ValueError: amount must be non-negative,PASS
silver,overseas,frozen,True,True,banned,0.0,OK 0.00,OK 0.00,PASS
silver,overseas,frozen,True,True,banned,50.0,ERR PermissionError: account is banned,ERR PermissionError: account is banned,PASS
silver,overseas,frozen,True,True,banned,499.99,ERR PermissionError: account is banned,ERR PermissionError: account is banned,PASS
silver,overseas,frozen,True,True,banned,500.0,ERR PermissionError: account is banned,ERR PermissionError: account is banned,PASS
silver,overseas,frozen,True,True,banned,1000.0,ERR PermissionError: account is banned,ERR PermissionError: account is banned,PASS
gold,domestic,normal,False,False,active,-1.0,ERR ValueError: amount must be non-negative,ERR ValueError: amount must be non-negative,PASS
gold,domestic,normal,False,False,active,0.0,OK 0.00,OK 0.00,PASS
gold,domestic,normal,False,False,active,50.0,OK 5.40,OK 5.40,PASS
gold,domestic,normal,False,False,active,499.99,OK 5.40,OK 5.40,PASS
gold,domestic,normal,False,False,active,500.0,OK 0.00,OK 0.00,PASS
gold,domestic,normal,False,False,active,1000.0,OK 0.00,OK 0.00,PASS
gold,domestic,normal,False,False,frozen,-1.0,ERR ValueError: amount must be non-negative,ERR ValueError: amount must be non-negative,PASS
gold,domestic,normal,False,False,frozen,0.0,OK 0.00,OK 0.00,PASS
gold,domestic,normal,False,False,frozen,50.0,OK 6.00,OK 6.00,PASS
gold,domestic,normal,False,False,frozen,499.99,OK 6.00,OK 6.00,PASS
gold,domestic,normal,False,False,frozen,500.0,OK 6.00,OK 6.00,PASS
gold,domestic,normal,False,False,frozen,1000.0,OK 6.00,OK 6.00,PASS
gold,domestic,normal,False,False,banned,-1.0,ERR ValueError: amount must be non-negative,ERR ValueError: amount must be non-negative,PASS
gold,domestic,normal,False,False,banned,0.0,OK 0.00,OK 0.00,PASS
gold,domestic,normal,False,False,banned,50.0,ERR PermissionError: account is banned,ERR PermissionError: account is banned,PASS
gold,domestic,normal,False,False,banned,499.99,ERR PermissionError: account is banned,ERR PermissionError: account is banned,PASS
gold,domestic,normal,False,False,banned,500.0,ERR PermissionError: account is banned,ERR PermissionError: account is banned,PASS
gold,domestic,normal,False,False,banned,1000.0,ERR PermissionError: account is banned,ERR PermissionError: account is banned,PASS
gold,domestic,normal,False,True,active,-1.0,ERR ValueError: amount must be non-negative,ERR ValueError: amount must be non-negative,PASS
gold,domestic,normal,False,True,active,0.0,OK 0.00,OK 0.00,PASS
gold,domestic,normal,False,True,active,50.0,OK 5.40,OK 5.40,PASS
gold,domestic,normal,False,True,active,499.99,OK 5.40,OK 5.40,PASS
gold,domestic,normal,False,True,active,500.0,OK 0.00,OK 0.00,PASS
gold,domestic,normal,False,True,active,1000.0,OK 0.00,OK 0.00,PASS
gold,domestic,normal,False,True,frozen,-1.0,ERR ValueError: amount must be non-negative,ERR ValueError: amount must be non-negative,PASS
gold,domestic,normal,False,True,frozen,0.0,OK 0.00,OK 0.00,PASS
gold,domestic,normal,False,True,frozen,50.0,OK 6.00,OK 6.00,PASS
gold,domestic,normal,False,True,frozen,499.99,OK 6.00,OK 6.00,PASS
gold,domestic,normal,False,True,frozen,500.0,OK 6.00,OK 6.00,PASS
gold,domestic,normal,False,True,frozen,1000.0,OK 6.00,OK 6.00,PASS
gold,domestic,normal,False,True,banned,-1.0,ERR ValueError: amount must be non-negative,ERR ValueError: amount must be non-negative,PASS
gold,domestic,normal,False,True,banned,0.0,OK 0.00,OK 0.00,PASS
gold,domestic,normal,False,True,banned,50.0,ERR PermissionError: account is banned,ERR PermissionError: account is banned,PASS
gold,domestic,normal,False,True,banned,499.99,ERR PermissionError: account is banned,ERR PermissionError: account is banned,PASS
gold,domestic,normal,False,True,banned,500.0,ERR PermissionError: account is banned,ERR PermissionError: account is banned,PASS
gold,domestic,normal,False,True,banned,1000.0,ERR PermissionError: account is banned,ERR PermissionError: account is banned,PASS
gold,domestic,normal,True,False,active,-1.0,ERR ValueError: amount must be non-negative,ERR ValueError: amount must be non-negative,PASS
gold,domestic,normal,True,False,active,0.0,OK 0.00,OK 0.00,PASS
gold,domestic,normal,True,False,active,50.0,OK 14.40,OK 14.40,PASS
gold,domestic,normal,True,False,active,499.99,OK 14.40,OK 14.40,PASS
gold,domestic,normal,True,False,active,500.0,OK 9.00,OK 9.00,PASS
gold,domestic,normal,True,False,active,1000.0,OK 9.00,OK 9.00,PASS
gold,domestic,normal,True,False,frozen,-1.0,ERR ValueError: amount must be non-negative,ERR ValueError: amount must be non-negative,PASS
gold,domestic,normal,True,False,frozen,0.0,OK 0.00,OK 0.00,PASS
gold,domestic,normal,True,False,frozen,50.0,ERR RuntimeError: frozen account cannot use express,ERR RuntimeError: frozen account cannot use express,PASS
gold,domestic,normal,True,False,frozen,499.99,ERR RuntimeError: frozen account cannot use express,ERR RuntimeError: frozen account cannot use express,PASS
gold,domestic,normal,True,False,frozen,500.0,ERR RuntimeError: frozen account cannot use express,ERR RuntimeError: frozen account cannot use express,PASS
gold,domestic,normal,True,False,frozen,1000.0,ERR RuntimeError: frozen account cannot use express,ERR RuntimeError: frozen account cannot use express,PASS
gold,domestic,normal,True,False,banned,-1.0,ERR ValueError: amount must be non-negative,ERR ValueError: amount must be non-negative,PASS
gold,domestic,normal,True,False,banned,0.0,OK 0.00,OK 0.00,PASS
gold,domestic,normal,True,False,banned,50.0,ERR PermissionError: account is banned,ERR PermissionError: account is banned,PASS
gold,domestic,normal,True,False,banned,499.99,ERR PermissionError: account is banned,ERR PermissionError: account is banned,PASS
gold,domestic,normal,True,False,banned,500.0,ERR PermissionError: account is banned,ERR PermissionError: account is banned,PASS
gold,domestic,normal,True,False,banned,1000.0,ERR PermissionError: account is banned,ERR PermissionError: account is banned,PASS
gold,domestic,normal,True,True,active,-1.0,ERR ValueError: amount must be non-negative,ERR ValueError: amount must be non-negative,PASS
gold,domestic,normal,True,True,active,0.0,OK 0.00,OK 0.00,PASS
gold,domestic,normal,True,True,active,50.0,OK 18.90,OK 18.90,PASS
gold,domestic,normal,True,True,active,499.99,OK 18.90,OK 18.90,PASS
gold,domestic,normal,True,True,active,500.0,OK 13.50,OK 13.50,PASS
gold,domestic,normal,True,True,active,1000.0,OK 13.50,OK 13.50,PASS
gold,domestic,normal,True,True,frozen,-1.0,ERR ValueError: amount must be non-negative,ERR ValueError: amount must be non-negative,PASS
gold,domestic,normal,True,True,frozen,0.0,OK 0.00,OK 0.00,PASS
gold,domestic,normal,True,True,frozen,50.0,ERR RuntimeError: frozen account cannot use express,ERR RuntimeError: frozen account cannot use express,PASS
gold,domestic,normal,True,True,frozen,499.99,ERR RuntimeError: frozen account cannot use express,ERR RuntimeError: frozen account cannot use express,PASS
gold,domestic,normal,True,True,frozen,500.0,ERR RuntimeError: frozen account cannot use express,ERR RuntimeError: frozen account cannot use express,PASS
gold,domestic,normal,True,True,frozen,1000.0,ERR RuntimeError: frozen account cannot use express,ERR RuntimeError: frozen account cannot use express,PASS
gold,domestic,normal,True,True,banned,-1.0,ERR ValueError: amount must be non-negative,ERR ValueError: amount must be non-negative,PASS
gold,domestic,normal,True,True,banned,0.0,OK 0.00,OK 0.00,PASS
gold,domestic,normal,True,True,banned,50.0,ERR PermissionError: account is banned,ERR PermissionError: account is banned,PASS
gold,domestic,normal,True,True,banned,499.99,ERR PermissionError: account is banned,ERR PermissionError: account is banned,PASS
gold,domestic,normal,True,True,banned,500.0,ERR PermissionError: account is banned,ERR PermissionError: account is banned,PASS
gold,domestic,normal,True,True,banned,1000.0,ERR PermissionError: account is banned,ERR PermissionError: account is banned,PASS
gold,domestic,fragile,False,False,active,-1.0,ERR ValueError: amount must be non-negative,ERR ValueError: amount must be non-negative,PASS
gold,domestic,fragile,False,False,active,0.0,OK 0.00,OK 0.00,PASS
gold,domestic,fragile,False,False,active,50.0,OK 12.60,OK 12.60,PASS
gold,domestic,fragile,False,False,active,499.99,OK 12.60,OK 12.60,PASS
gold,domestic,fragile,False,False,active,500.0,OK 0.00,OK 0.00,PASS
gold,domestic,fragile,False,False,active,1000.0,OK 0.00,OK 0.00,PASS
gold,domestic,fragile,False,False,frozen,-1.0,ERR ValueError: amount must be non-negative,ERR ValueError: amount must be non-negative,PASS
gold,domestic,fragile,False,False,frozen,0.0,OK 0.00,OK 0.00,PASS
gold,domestic,fragile,False,False,frozen,50.0,OK 14.00,OK 14.00,PASS
gold,domestic,fragile,False,False,frozen,499.99,OK 14.00,OK 14.00,PASS
gold,domestic,fragile,False,False,frozen,500.0,OK 14.00,OK 14.00,PASS
gold,domestic,fragile,False,False,frozen,1000.0,OK 14.00,OK 14.00,PASS
gold,domestic,fragile,False,False,banned,-1.0,ERR ValueError: amount must be non-negative,ERR ValueError: amount must be non-negative,PASS
gold,domestic,fragile,False,False,banned,0.0,OK 0.00,OK 0.00,PASS
gold,domestic,fragile,False,False,banned,50.0,ERR PermissionError: account is banned,ERR PermissionError: account is banned,PASS
gold,domestic,fragile,False,False,banned,499.99,ERR PermissionError: account is banned,ERR PermissionError: account is banned,PASS
gold,domestic,fragile,False,False,banned,500.0,ERR PermissionError: account is banned,ERR PermissionError: account is banned,PASS
gold,domestic,fragile,False,False,banned,1000.0,ERR PermissionError: account is banned,ERR PermissionError: account is banned,PASS
gold,domestic,fragile,False,True,active,-1.0,ERR ValueError: amount must be non-negative,ERR ValueError: amount must be non-negative,PASS
gold,domestic,fragile,False,True,active,0.0,OK 0.00,OK 0.00,PASS
gold,domestic,fragile,False,True,active,50.0,OK 12.60,OK 12.60,PASS
gold,domestic,fragile,False,True,active,499.99,OK 12.60,OK 12.60,PASS
gold,domestic,fragile,False,True,active,500.0,OK 0.00,OK 0.00,PASS
gold,domestic,fragile,False,True,active,1000.0,OK 0.00,OK 0.00,PASS
gold,domestic,fragile,False,True,frozen,-1.0,ERR ValueError: amount must be non-negative,ERR ValueError: amount must be non-negative,PASS
gold,domestic,fragile,False,True,frozen,0.0,OK 0.00,OK 0.00,PASS
gold,domestic,fragile,False,True,frozen,50.0,OK 14.00,OK 14.00,PASS
gold,domestic,fragile,False,True,frozen,499.99,OK 14.00,OK 14.00,PASS
gold,domestic,fragile,False,True,frozen,500.0,OK 14.00,OK 14.00,PASS
gold,domestic,fragile,False,True,frozen,1000.0,OK 14.00,OK 14.00,PASS
gold,domestic,fragile,False,True,banned,-1.0,ERR ValueError: amount must be non-negative,ERR ValueError: amount must be non-negative,PASS
gold,domestic,fragile,False,True,banned,0.0,OK 0.00,OK 0.00,PASS
gold,domestic,fragile,False,True,banned,50.0,ERR PermissionError: account is banned,ERR PermissionError: account is banned,PASS
gold,domestic,fragile,False,True,banned,499.99,ERR PermissionError: account is banned,ERR PermissionError: account is banned,PASS
gold,domestic,fragile,False,True,banned,500.0,ERR PermissionError: account is banned,ERR PermissionError: account is banned,PASS
gold,domestic,fragile,False,True,banned,1000.0,ERR PermissionError: account is banned,ERR PermissionError: account is banned,PASS
gold,domestic,fragile,True,False,active,-1.0,ERR ValueError: amount must be non-negative,ERR ValueError: amount must be non-negative,PASS
gold,domestic,fragile,True,False,active,0.0,OK 0.00,OK 0.00,PASS
gold,domestic,fragile,True,False,active,50.0,OK 21.60,OK 21.60,PASS
gold,domestic,fragile,True,False,active,499.99,OK 21.60,OK 21.60,PASS
gold,domestic,fragile,True,False,active,500.0,OK 9.00,OK 9.00,PASS
gold,domestic,fragile,True,False,active,1000.0,OK 9.00,OK 9.00,PASS
gold,domestic,fragile,True,False,frozen,-1.0,ERR ValueError: amount must be non-negative,ERR ValueError: amount must be non-negative,PASS
gold,domestic,fragile,True,False,frozen,0.0,OK 0.00,OK 0.00,PASS
gold,domestic,fragile,True,False,frozen,50.0,ERR RuntimeError: frozen account cannot use express,ERR RuntimeError: frozen account cannot use express,PASS
gold,domestic,fragile,True,False,frozen,499.99,ERR RuntimeError: frozen account cannot use express,ERR RuntimeError: frozen account cannot use express,PASS
gold,domestic,fragile,True,False,frozen,500.0,ERR RuntimeError: frozen account cannot use express,ERR RuntimeError: frozen account cannot use express,PASS
gold,domestic,fragile,True,False,frozen,1000.0,ERR RuntimeError: frozen account cannot use express,ERR RuntimeError: frozen account cannot use express,PASS
gold,domestic,fragile,True,False,banned,-1.0,ERR ValueError: amount must be non-negative,ERR ValueError: amount must be non-negative,PASS
gold,domestic,fragile,True,False,banned,0.0,OK 0.00,OK 0.00,PASS
gold,domestic,fragile,True,False,banned,50.0,ERR PermissionError: account is banned,ERR PermissionError: account is banned,PASS
gold,domestic,fragile,True,False,banned,499.99,ERR PermissionError: account is banned,ERR PermissionError: account is banned,PASS
gold,domestic,fragile,True,False,banned,500.0,ERR PermissionError: account is banned,ERR PermissionError: account is banned,PASS
gold,domestic,fragile,True,False,banned,1000.0,ERR PermissionError: account is banned,ERR PermissionError: account is banned,PASS
gold,domestic,fragile,True,True,active,-1.0,ERR ValueError: amount must be non-negative,ERR ValueError: amount must be non-negative,PASS
gold,domestic,fragile,True,True,active,0.0,OK 0.00,OK 0.00,PASS
gold,domestic,fragile,True,True,active,50.0,OK 26.10,OK 26.10,PASS
gold,domestic,fragile,True,True,active,499.99,OK 26.10,OK 26.10,PASS
gold,domestic,fragile,True,True,active,500.0,OK 13.50,OK 13.50,PASS
gold,domestic,fragile,True,True,active,1000.0,OK 13.50,OK 13.50,PASS
gold,domestic,fragile,True,True,frozen,-1.0,ERR ValueError: amount must be non-negative,ERR ValueError: amount must be non-negative,PASS
gold,domestic,fragile,True,True,frozen,0.0,OK 0.00,OK 0.00,PASS
gold,domestic,fragile,True,True,frozen,50.0,ERR RuntimeError: frozen account cannot use express,ERR RuntimeError: frozen account cannot use express,PASS
gold,domestic,fragile,True,True,frozen,499.99,ERR RuntimeError: frozen account cannot use express,ERR RuntimeError: frozen account cannot use express,PASS
gold,domestic,fragile,True,True,frozen,500.0,ERR RuntimeError: frozen account cannot use express,ERR RuntimeError: frozen account cannot use express,PASS
gold,domestic,fragile,True,True,frozen,1000.0,ERR RuntimeError: frozen account cannot use express,ERR RuntimeError: frozen account cannot use express,PASS
gold,domestic,fragile,True,True,banned,-1.0,ERR ValueError: amount must be non-negative,ERR ValueError: amount must be non-negative,PASS
gold,domestic,fragile,True,True,banned,0.0,OK 0.00,OK 0.00,PASS
gold,domestic,fragile,True,True,banned,50.0,ERR PermissionError: account is banned,ERR PermissionError: account is banned,PASS
gold,domestic,fragile,True,True,banned,499.99,ERR PermissionError: account is banned,ERR PermissionError: account is banned,PASS
gold,domestic,fragile,True,True,banned,500.0,ERR PermissionError: account is banned,ERR PermissionError: account is banned,PASS
gold,domestic,fragile,True,True,banned,1000.0,ERR PermissionError: account is banned,ERR PermissionError: account is banned,PASS
gold,domestic,frozen,False,False,active,-1.0,ERR ValueError: amount must be non-negative,ERR ValueError: amount must be non-negative,PASS
gold,domestic,frozen,False,False,active,0.0,OK 0.00,OK 0.00,PASS
gold,domestic,frozen,False,False,active,50.0,OK 16.20,OK 16.20,PASS
gold,domestic,frozen,False,False,active,499.99,OK 16.20,OK 16.20,PASS
gold,domestic,frozen,False,False,active,500.0,OK 0.00,OK 0.00,PASS
gold,domestic,frozen,False,False,active,1000.0,OK 0.00,OK 0.00,PASS
gold,domestic,frozen,False,False,frozen,-1.0,ERR ValueError: amount must be non-negative,ERR ValueError: amount must be non-negative,PASS
gold,domestic,frozen,False,False,frozen,0.0,OK 0.00,OK 0.00,PASS
gold,domestic,frozen,False,False,frozen,50.0,OK 18.00,OK 18.00,PASS
gold,domestic,frozen,False,False,frozen,499.99,OK 18.00,OK 18.00,PASS
gold,domestic,frozen,False,False,frozen,500.0,OK 18.00,OK 18.00,PASS
gold,domestic,frozen,False,False,frozen,1000.0,OK 18.00,OK 18.00,PASS
gold,domestic,frozen,False,False,banned,-1.0,ERR ValueError: amount must be non-negative,ERR ValueError: amount must be non-negative,PASS
gold,domestic,frozen,False,False,banned,0.0,OK 0.00,OK 0.00,PASS
gold,domestic,frozen,False,False,banned,50.0,ERR PermissionError: account is banned,ERR PermissionError: account is banned,PASS
gold,domestic,frozen,False,False,banned,499.99,ERR PermissionError: account is banned,ERR PermissionError: account is banned,PASS
gold,domestic,frozen,False,False,banned,500.0,ERR PermissionError: account is banned,ERR PermissionError: account is banned,PASS
gold,domestic,frozen,False,False,banned,1000.0,ERR PermissionError: account is banned,ERR PermissionError: account is banned,PASS
gold,domestic,frozen,False,True,active,-1.0,ERR ValueError: amount must be non-negative,ERR ValueError: amount must be non-negative,PASS
gold,domestic,frozen,False,True,active,0.0,OK 0.00,OK 0.00,PASS
gold,domestic,frozen,False,True,active,50.0,OK 16.20,OK 16.20,PASS
gold,domestic,frozen,False,True,active,499.99,OK 16.20,OK 16.20,PASS
gold,domestic,frozen,False,True,active,500.0,OK 0.00,OK 0.00,PASS
gold,domestic,frozen,False,True,active,1000.0,OK 0.00,OK 0.00,PASS
gold,domestic,frozen,False,True,frozen,-1.0,ERR ValueError: amount must be non-negative,ERR ValueError: amount must be non-negative,PASS
gold,domestic,frozen,False,True,frozen,0.0,OK 0.00,OK 0.00,PASS
gold,domestic,frozen,False,True,frozen,50.0,OK 18.00,OK 18.00,PASS
gold,domestic,frozen,False,True,frozen,499.99,OK 18.00,OK 18.00,PASS
gold,domestic,frozen,False,True,frozen,500.0,OK 18.00,OK 18.00,PASS
gold,domestic,frozen,False,True,frozen,1000.0,OK 18.00,OK 18.00,PASS
gold,domestic,frozen,False,True,banned,-1.0,ERR ValueError: amount must be non-negative,ERR ValueError: amount must be non-negative,PASS
gold,domestic,frozen,False,True,banned,0.0,OK 0.00,OK 0.00,PASS
gold,domestic,frozen,False,True,banned,50.0,ERR PermissionError: account is banned,ERR PermissionError: account is banned,PASS
gold,domestic,frozen,False,True,banned,499.99,ERR PermissionError: account is banned,ERR PermissionError: account is banned,PASS
gold,domestic,frozen,False,True,banned,500.0,ERR PermissionError: account is banned,ERR PermissionError: account is banned,PASS
gold,domestic,frozen,False,True,banned,1000.0,ERR PermissionError: account is banned,ERR PermissionError: account is banned,PASS
gold,domestic,frozen,True,False,active,-1.0,ERR ValueError: amount must be non-negative,ERR ValueError: amount must be non-negative,PASS
gold,domestic,frozen,True,False,active,0.0,OK 0.00,OK 0.00,PASS
gold,domestic,frozen,True,False,active,50.0,OK 25.20,OK 25.20,PASS
gold,domestic,frozen,True,False,active,499.99,OK 25.20,OK 25.20,PASS
gold,domestic,frozen,True,False,active,500.0,OK 9.00,OK 9.00,PASS
gold,domestic,frozen,True,False,active,1000.0,OK 9.00,OK 9.00,PASS
gold,domestic,frozen,True,False,frozen,-1.0,ERR ValueError: amount must be non-negative,ERR ValueError: amount must be non-negative,PASS
gold,domestic,frozen,True,False,frozen,0.0,OK 0.00,OK 0.00,PASS
gold,domestic,frozen,True,False,frozen,50.0,ERR RuntimeError: frozen account cannot use express,ERR RuntimeError: frozen account cannot use express,PASS
gold,domestic,frozen,True,False,frozen,499.99,ERR RuntimeError: frozen account cannot use express,ERR RuntimeError: frozen account cannot use express,PASS
gold,domestic,frozen,True,False,frozen,500.0,ERR RuntimeError: frozen account cannot use express,ERR RuntimeError: frozen account cannot use express,PASS
gold,domestic,frozen,True,False,frozen,1000.0,ERR RuntimeError: frozen account cannot use express,ERR RuntimeError: frozen account cannot use express,PASS
gold,domestic,frozen,True,False,banned,-1.0,ERR ValueError: amount must be non-negative,ERR ValueError: amount must be non-negative,PASS
gold,domestic,frozen,True,False,banned,0.0,OK 0.00,OK 0.00,PASS
gold,domestic,frozen,True,False,banned,50.0,ERR PermissionError: account is banned,ERR PermissionError: account is banned,PASS
gold,domestic,frozen,True,False,banned,499.99,ERR PermissionError: account is banned,ERR PermissionError: account is banned,PASS
gold,domestic,frozen,True,False,banned,500.0,ERR PermissionError: account is banned,ERR PermissionError: account is banned,PASS
gold,domestic,frozen,True,False,banned,1000.0,ERR PermissionError: account is banned,ERR PermissionError: account is banned,PASS
gold,domestic,frozen,True,True,active,-1.0,ERR ValueError: amount must be non-negative,ERR ValueError: amount must be non-negative,PASS
gold,domestic,frozen,True,True,active,0.0,OK 0.00,OK 0.00,PASS
gold,domestic,frozen,True,True,active,50.0,OK 29.70,OK 29.70,PASS
gold,domestic,frozen,True,True,active,499.99,OK 29.70,OK 29.70,PASS
gold,domestic,frozen,True,True,active,500.0,OK 13.50,OK 13.50,PASS
gold,domestic,frozen,True,True,active,1000.0,OK 13.50,OK 13.50,PASS
gold,domestic,frozen,True,True,frozen,-1.0,ERR ValueError: amount must be non-negative,ERR ValueError: amount must be non-negative,PASS
gold,domestic,frozen,True,True,frozen,0.0,OK 0.00,OK 0.00,PASS
gold,domestic,frozen,True,True,frozen,50.0,ERR RuntimeError: frozen account cannot use express,ERR RuntimeError: frozen account cannot use express,PASS
gold,domestic,frozen,True,True,frozen,499.99,ERR RuntimeError: frozen account cannot use express,ERR RuntimeError: frozen account cannot use express,PASS
gold,domestic,frozen,True,True,frozen,500.0,ERR RuntimeError: frozen account cannot use express,ERR RuntimeError: frozen account cannot use express,PASS
gold,domestic,frozen,True,True,frozen,1000.0,ERR RuntimeError: frozen account cannot use express,ERR RuntimeError: frozen account cannot use express,PASS
gold,domestic,frozen,True,True,banned,-1.0,ERR ValueError: amount must be non-negative,ERR ValueError: amount must be non-negative,PASS
gold,domestic,frozen,True,True,banned,0.0,OK 0.00,OK 0.00,PASS
gold,domestic,frozen,True,True,banned,50.0,ERR PermissionError: account is banned,ERR PermissionError: account is banned,PASS
gold,domestic,frozen,True,True,banned,499.99,ERR PermissionError: account is banned,ERR PermissionError: account is banned,PASS
gold,domestic,frozen,True,True,banned,500.0,ERR PermissionError: account is banned,ERR PermissionError: account is banned,PASS
gold,domestic,frozen,True,True,banned,1000.0,ERR PermissionError: account is banned,ERR PermissionError: account is banned,PASS
gold,remote,normal,False,False,active,-1.0,ERR ValueError: amount must be non-negative,ERR ValueError: amount must be non-negative,PASS
gold,remote,normal,False,False,active,0.0,OK 0.00,OK 0.00,PASS
gold,remote,normal,False,False,active,50.0,OK 13.50,OK 13.50,PASS
gold,remote,normal,False,False,active,499.99,OK 13.50,OK 13.50,PASS
gold,remote,normal,False,False,active,500.0,OK 0.00,OK 0.00,PASS
gold,remote,normal,False,False,active,1000.0,OK 0.00,OK 0.00,PASS
gold,remote,normal,False,False,frozen,-1.0,ERR ValueError: amount must be non-negative,ERR ValueError: amount must be non-negative,PASS
gold,remote,normal,False,False,frozen,0.0,OK 0.00,OK 0.00,PASS
gold,remote,normal,False,False,frozen,50.0,OK 15.00,OK 15.00,PASS
gold,remote,normal,False,False,frozen,499.99,OK 15.00,OK 15.00,PASS
gold,remote,normal,False,False,frozen,500.0,OK 15.00,OK 15.00,PASS
gold,remote,normal,False,False,frozen,1000.0,OK 15.00,OK 15.00,PASS
gold,remote,normal,False,False,banned,-1.0,ERR ValueError: amount must be non-negative,ERR ValueError: amount must be non-negative,PASS
gold,remote,normal,False,False,banned,0.0,OK 0.00,OK 0.00,PASS
gold,remote,normal,False,False,banned,50.0,ERR PermissionError: account is banned,ERR PermissionError: account is banned,PASS
gold,remote,normal,False,False,banned,499.99,ERR PermissionError: account is banned,ERR PermissionError: account is banned,PASS
gold,remote,normal,False,False,banned,500.0,ERR PermissionError: account is banned,ERR PermissionError: account is banned,PASS
gold,remote,normal,False,False,banned,1000.0,ERR PermissionError: account is banned,ERR PermissionError: account is banned,PASS
gold,remote,normal,False,True,active,-1.0,ERR ValueError: amount must be non-negative,ERR ValueError: amount must be non-negative,PASS
gold,remote,normal,False,True,active,0.0,OK 0.00,OK 0.00,PASS
gold,remote,normal,False,True,active,50.0,OK 13.50,OK 13.50,PASS
gold,remote,normal,False,True,active,499.99,OK 13.50,OK 13.50,PASS
gold,remote,normal,False,True,active,500.0,OK 0.00,OK 0.00,PASS
gold,remote,normal,False,True,active,1000.0,OK 0.00,OK 0.00,PASS
gold,remote,normal,False,True,frozen,-1.0,ERR ValueError: amount must be non-negative,ERR ValueError: amount must be non-negative,PASS
gold,remote,normal,False,True,frozen,0.0,OK 0.00,OK 0.00,PASS
gold,remote,normal,False,True,frozen,50.0,OK 15.00,OK 15.00,PASS
gold,remote,normal,False,True,frozen,499.99,OK 15.00,OK 15.00,PASS
gold,remote,normal,False,True,frozen,500.0,OK 15.00,OK 15.00,PASS
gold,remote,normal,False,True,frozen,1000.0,OK 15.00,OK 15.00,PASS
gold,remote,normal,False,True,banned,-1.0,ERR ValueError: amount must be non-negative,ERR ValueError: amount must be non-negative,PASS
gold,remote,normal,False,True,banned,0.0,OK 0.00,OK 0.00,PASS
gold,remote,normal,False,True,banned,50.0,ERR PermissionError: account is banned,ERR PermissionError: account is banned,PASS
gold,remote,normal,False,True,banned,499.99,ERR PermissionError: account is banned,ERR PermissionError: account is banned,PASS
gold,remote,normal,False,True,banned,500.0,ERR PermissionError: account is banned,ERR PermissionError: account is banned,PASS
gold,remote,normal,False,True,banned,1000.0,ERR PermissionError: account is banned,ERR PermissionError: account is banned,PASS
gold,remote,normal,True,False,active,-1.0,ERR ValueError: amount must be non-negative,ERR ValueError: amount must be non-negative,PASS
gold,remote,normal,True,False,active,0.0,OK 0.00,OK 0.00,PASS
gold,remote,normal,True,False,active,50.0,OK 36.00,OK 36.00,PASS
gold,remote,normal,True,False,active,499.99,OK 36.00,OK 36.00,PASS
gold,remote,normal,True,False,active,500.0,OK 22.50,OK 22.50,PASS
gold,remote,normal,True,False,active,1000.0,OK 22.50,OK 22.50,PASS
gold,remote,normal,True,False,frozen,-1.0,ERR ValueError: amount must be non-negative,ERR ValueError: amount must be non-negative,PASS
gold,remote,normal,True,False,frozen,0.0,OK 0.00,OK 0.00,PASS
gold,remote,normal,True,False,frozen,50.0,ERR RuntimeError: frozen account cannot use express,ERR RuntimeError: frozen account cannot use express,PASS
gold,remote,normal,True,False,frozen,499.99,ERR RuntimeError: frozen account cannot use express,ERR RuntimeError: frozen account cannot use express,PASS
gold,remote,normal,True,False,frozen,500.0,ERR RuntimeError: frozen account cannot use express,ERR RuntimeError: frozen account cannot use express,PASS
gold,remote,normal,True,False,frozen,1000.0,ERR RuntimeError: frozen account cannot use express,ERR RuntimeError: frozen account cannot use express,PASS
gold,remote,normal,True,False,banned,-1.0,ERR ValueError: amount must be non-negative,ERR ValueError: amount must be non-negative,PASS
gold,remote,normal,True,False,banned,0.0,OK 0.00,OK 0.00,PASS
gold,remote,normal,True,False,banned,50.0,ERR PermissionError: account is banned,ERR PermissionError: account is banned,PASS
gold,remote,normal,True,False,banned,499.99,ERR PermissionError: account is banned,ERR PermissionError: account is banned,PASS
gold,remote,normal,True,False,banned,500.0,ERR PermissionError: account is banned,ERR PermissionError: account is banned,PASS
gold,remote,normal,True,False,banned,1000.0,ERR PermissionError: account is banned,ERR PermissionError: account is banned,PASS
gold,remote,normal,True,True,active,-1.0,ERR ValueError: amount must be non-negative,ERR ValueError: amount must be non-negative,PASS
gold,remote,normal,True,True,active,0.0,OK 0.00,OK 0.00,PASS
gold,remote,normal,True,True,active,50.0,OK 40.50,OK 40.50,PASS
gold,remote,normal,True,True,active,499.99,OK 40.50,OK 40.50,PASS
gold,remote,normal,True,True,active,500.0,OK 27.00,OK 27.00,PASS
gold,remote,normal,True,True,active,1000.0,OK 27.00,OK 27.00,PASS
gold,remote,normal,True,True,frozen,-1.0,ERR ValueError: amount must be non-negative,ERR ValueError: amount must be non-negative,PASS
gold,remote,normal,True,True,frozen,0.0,OK 0.00,OK 0.00,PASS
gold,remote,normal,True,True,frozen,50.0,ERR RuntimeError: frozen account cannot use express,ERR RuntimeError: frozen account cannot use express,PASS
gold,remote,normal,True,True,frozen,499.99,ERR RuntimeError: frozen account cannot use express,ERR RuntimeError: frozen account cannot use express,PASS
gold,remote,normal,True,True,frozen,500.0,ERR RuntimeError: frozen account cannot use express,ERR RuntimeError: frozen account cannot use express,PASS
gold,remote,normal,True,True,frozen,1000.0,ERR RuntimeError: frozen account cannot use express,ERR RuntimeError: frozen account cannot use express,PASS
gold,remote,normal,True,True,banned,-1.0,ERR ValueError: amount must be non-negative,ERR ValueError: amount must be non-negative,PASS
gold,remote,normal,True,True,banned,0.0,OK 0.00,OK 0.00,PASS
gold,remote,normal,True,True,banned,50.0,ERR PermissionError: account is banned,ERR PermissionError: account is banned,PASS
gold,remote,normal,True,True,banned,499.99,ERR PermissionError: account is banned,ERR PermissionError: account is banned,PASS
gold,remote,normal,True,True,banned,500.0,ERR PermissionError: account is banned,ERR PermissionError: account is banned,PASS
gold,remote,normal,True,True,banned,1000.0,ERR PermissionError: account is banned,ERR PermissionError: account is banned,PASS
gold,remote,fragile,False,False,active,-1.0,ERR ValueError: amount must be non-negative,ERR ValueError: amount must be non-negative,PASS
gold,remote,fragile,False,False,active,0.0,OK 0.00,OK 0.00,PASS
gold,remote,fragile,False,False,active,50.0,OK 20.70,OK 20.70,PASS
gold,remote,fragile,False,False,active,499.99,OK 20.70,OK 20.70,PASS
gold,remote,fragile,False,False,active,500.0,OK 0.00,OK 0.00,PASS
gold,remote,fragile,False,False,active,1000.0,OK 0.00,OK 0.00,PASS
gold,remote,fragile,False,False,frozen,-1.0,ERR ValueError: amount must be non-negative,ERR ValueError: amount must be non-negative,PASS
gold,remote,fragile,False,False,frozen,0.0,OK 0.00,OK 0.00,PASS
gold,remote,fragile,False,False,frozen,50.0,OK 23.00,OK 23.00,PASS
gold,remote,fragile,False,False,frozen,499.99,OK 23.00,OK 23.00,PASS
gold,remote,fragile,False,False,frozen,500.0,OK 23.00,OK 23.00,PASS
gold,remote,fragile,False,False,frozen,1000.0,OK 23.00,OK 23.00,PASS
gold,remote,fragile,False,False,banned,-1.0,ERR ValueError: amount must be non-negative,ERR ValueError: amount must be non-negative,PASS
gold,remote,fragile,False,False,banned,0.0,OK 0.00,OK 0.00,PASS
gold,remote,fragile,False,False,banned,50.0,ERR PermissionError: account is banned,ERR PermissionError: account is banned,PASS
gold,remote,fragile,False,False,banned,499.99,ERR PermissionError: account is banned,ERR PermissionError: account is banned,PASS
gold,remote,fragile,False,False,banned,500.0,ERR PermissionError: account is banned,ERR PermissionError: account is banned,PASS
gold,remote,fragile,False,False,banned,1000.0,ERR PermissionError: account is banned,ERR PermissionError: account is banned,PASS
gold,remote,fragile,False,True,active,-1.0,ERR ValueError: amount must be non-negative,ERR ValueError: amount must be non-negative,PASS
gold,remote,fragile,False,True,active,0.0,OK 0.00,OK 0.00,PASS
gold,remote,fragile,False,True,active,50.0,OK 20.70,OK 20.70,PASS
gold,remote,fragile,False,True,active,499.99,OK 20.70,OK 20.70,PASS
gold,remote,fragile,False,True,active,500.0,OK 0.00,OK 0.00,PASS
gold,remote,fragile,False,True,active,1000.0,OK 0.00,OK 0.00,PASS
gold,remote,fragile,False,True,frozen,-1.0,ERR ValueError: amount must be non-negative,ERR ValueError: amount must be non-negative,PASS
gold,remote,fragile,False,True,frozen,0.0,OK 0.00,OK 0.00,PASS
gold,remote,fragile,False,True,frozen,50.0,OK 23.00,OK 23.00,PASS
gold,remote,fragile,False,True,frozen,499.99,OK 23.00,OK 23.00,PASS
gold,remote,fragile,False,True,frozen,500.0,OK 23.00,OK 23.00,PASS
gold,remote,fragile,False,True,frozen,1000.0,OK 23.00,OK 23.00,PASS
gold,remote,fragile,False,True,banned,-1.0,ERR ValueError: amount must be non-negative,ERR ValueError: amount must be non-negative,PASS
gold,remote,fragile,False,True,banned,0.0,OK 0.00,OK 0.00,PASS
gold,remote,fragile,False,True,banned,50.0,ERR PermissionError: account is banned,ERR PermissionError: account is banned,PASS
gold,remote,fragile,False,True,banned,499.99,ERR PermissionError: account is banned,ERR PermissionError: account is banned,PASS
gold,remote,fragile,False,True,banned,500.0,ERR PermissionError: account is banned,ERR PermissionError: account is banned,PASS
gold,remote,fragile,False,True,banned,1000.0,ERR PermissionError: account is banned,ERR PermissionError: account is banned,PASS
gold,remote,fragile,True,False,active,-1.0,ERR ValueError: amount must be non-negative,ERR ValueError: amount must be non-negative,PASS
gold,remote,fragile,True,False,active,0.0,OK 0.00,OK 0.00,PASS
gold,remote,fragile,True,False,active,50.0,OK 43.20,OK 43.20,PASS
gold,remote,fragile,True,False,active,499.99,OK 43.20,OK 43.20,PASS
gold,remote,fragile,True,False,active,500.0,OK 22.50,OK 22.50,PASS
gold,remote,fragile,True,False,active,1000.0,OK 22.50,OK 22.50,PASS
gold,remote,fragile,True,False,frozen,-1.0,ERR ValueError: amount must be non-negative,ERR ValueError: amount must be non-negative,PASS
gold,remote,fragile,True,False,frozen,0.0,OK 0.00,OK 0.00,PASS
gold,remote,fragile,True,False,frozen,50.0,ERR RuntimeError: frozen account cannot use express,ERR RuntimeError: frozen account cannot use express,PASS
gold,remote,fragile,True,False,frozen,499.99,ERR RuntimeError: frozen account cannot use express,ERR RuntimeError: frozen account cannot use express,PASS
gold,remote,fragile,True,False,frozen,500.0,ERR RuntimeError: frozen account cannot use express,ERR RuntimeError: frozen account cannot use express,PASS
gold,remote,fragile,True,False,frozen,1000.0,ERR RuntimeError: frozen account cannot use express,ERR RuntimeError: frozen account cannot use express,PASS
gold,remote,fragile,True,False,banned,-1.0,ERR ValueError: amount must be non-negative,ERR ValueError: amount must be non-negative,PASS
gold,remote,fragile,True,False,banned,0.0,OK 0.00,OK 0.00,PASS
gold,remote,fragile,True,False,banned,50.0,ERR PermissionError: account is banned,ERR PermissionError: account is banned,PASS
gold,remote,fragile,True,False,banned,499.99,ERR PermissionError: account is banned,ERR PermissionError: account is banned,PASS
gold,remote,fragile,True,False,banned,500.0,ERR PermissionError: account is banned,ERR PermissionError: account is banned,PASS
gold,remote,fragile,True,False,banned,1000.0,ERR PermissionError: account is banned,ERR PermissionError: account is banned,PASS
gold,remote,fragile,True,True,active,-1.0,ERR ValueError: amount must be non-negative,ERR ValueError: amount must be non-negative,PASS
gold,remote,fragile,True,True,active,0.0,OK 0.00,OK 0.00,PASS
gold,remote,fragile,True,True,active,50.0,OK 47.70,OK 47.70,PASS
gold,remote,fragile,True,True,active,499.99,OK 47.70,OK 47.70,PASS
gold,remote,fragile,True,True,active,500.0,OK 27.00,OK 27.00,PASS
gold,remote,fragile,True,True,active,1000.0,OK 27.00,OK 27.00,PASS
gold,remote,fragile,True,True,frozen,-1.0,ERR ValueError: amount must be non-negative,ERR ValueError: amount must be non-negative,PASS
gold,remote,fragile,True,True,frozen,0.0,OK 0.00,OK 0.00,PASS
gold,remote,fragile,True,True,frozen,50.0,ERR RuntimeError: frozen account cannot use express,ERR RuntimeError: frozen account cannot use express,PASS
gold,remote,fragile,True,True,frozen,499.99,ERR RuntimeError: frozen account cannot use express,ERR RuntimeError: frozen account cannot use express,PASS
gold,remote,fragile,True,True,frozen,500.0,ERR RuntimeError: frozen account cannot use express,ERR RuntimeError: frozen account cannot use express,PASS
gold,remote,fragile,True,True,frozen,1000.0,ERR RuntimeError: frozen account cannot use express,ERR RuntimeError: frozen account cannot use express,PASS
gold,remote,fragile,True,True,banned,-1.0,ERR ValueError: amount must be non-negative,ERR ValueError: amount must be non-negative,PASS
gold,remote,fragile,True,True,banned,0.0,OK 0.00,OK 0.00,PASS
gold,remote,fragile,True,True,banned,50.0,ERR PermissionError: account is banned,ERR PermissionError: account is banned,PASS
gold,remote,fragile,True,True,banned,499.99,ERR PermissionError: account is banned,ERR PermissionError: account is banned,PASS
gold,remote,fragile,True,True,banned,500.0,ERR PermissionError: account is banned,ERR PermissionError: account is banned,PASS
gold,remote,fragile,True,True,banned,1000.0,ERR PermissionError: account is banned,ERR PermissionError: account is banned,PASS
gold,remote,frozen,False,False,active,-1.0,ERR ValueError: amount must be non-negative,ERR ValueError: amount must be non-negative,PASS
gold,remote,frozen,False,False,active,0.0,OK 0.00,OK 0.00,PASS
gold,remote,frozen,False,False,active,50.0,ERR ValueError: frozen goods cannot be shipped to remote area,ERR ValueError: frozen goods cannot be shipped to remote area,PASS
gold,remote,frozen,False,False,active,499.99,ERR ValueError: frozen goods cannot be shipped to remote area,ERR ValueError: frozen goods cannot be shipped to remote area,PASS
gold,remote,frozen,False,False,active,500.0,ERR ValueError: frozen goods cannot be shipped to remote area,ERR ValueError: frozen goods cannot be shipped to remote area,PASS
gold,remote,frozen,False,False,active,1000.0,ERR ValueError: frozen goods cannot be shipped to remote area,ERR ValueError: frozen goods cannot be shipped to remote area,PASS
gold,remote,frozen,False,False,frozen,-1.0,ERR ValueError: amount must be non-negative,ERR ValueError: amount must be non-negative,PASS
gold,remote,frozen,False,False,frozen,0.0,OK 0.00,OK 0.00,PASS
gold,remote,frozen,False,False,frozen,50.0,ERR ValueError: frozen goods cannot be shipped to remote area,ERR ValueError: frozen goods cannot be shipped to remote area,PASS
gold,remote,frozen,False,False,frozen,499.99,ERR ValueError: frozen goods cannot be shipped to remote area,ERR ValueError: frozen goods cannot be shipped to remote area,PASS
gold,remote,frozen,False,False,frozen,500.0,ERR ValueError: frozen goods cannot be shipped to remote area,ERR ValueError: frozen goods cannot be shipped to remote area,PASS
gold,remote,frozen,False,False,frozen,1000.0,ERR ValueError: frozen goods cannot be shipped to remote area,ERR ValueError: frozen goods cannot be shipped to remote area,PASS
gold,remote,frozen,False,False,banned,-1.0,ERR ValueError: amount must be non-negative,ERR ValueError: amount must be non-negative,PASS
gold,remote,frozen,False,False,banned,0.0,OK 0.00,OK 0.00,PASS
gold,remote,frozen,False,False,banned,50.0,ERR PermissionError: account is banned,ERR PermissionError: account is banned,PASS
gold,remote,frozen,False,False,banned,499.99,ERR PermissionError: account is banned,ERR PermissionError: account is banned,PASS
gold,remote,frozen,False,False,banned,500.0,ERR PermissionError: account is banned,ERR PermissionError: account is banned,PASS
gold,remote,frozen,False,False,banned,1000.0,ERR PermissionError: account is banned,ERR PermissionError: account is banned,PASS
gold,remote,frozen,False,True,active,-1.0,ERR ValueError: amount must be non-negative,ERR ValueError: amount must be non-negative,PASS
gold,remote,frozen,False,True,active,0.0,OK 0.00,OK 0.00,PASS
gold,remote,frozen,False,True,active,50.0,ERR ValueError: frozen goods cannot be shipped to remote area,ERR ValueError: frozen goods cannot be shipped to remote area,PASS
gold,remote,frozen,False,True,active,499.99,ERR ValueError: frozen goods cannot be shipped to remote area,ERR ValueError: frozen goods cannot be shipped to remote area,PASS
gold,remote,frozen,False,True,active,500.0,ERR ValueError: frozen goods cannot be shipped to remote area,ERR ValueError: frozen goods cannot be shipped to remote area,PASS
gold,remote,frozen,False,True,active,1000.0,ERR ValueError: frozen goods cannot be shipped to remote area,ERR ValueError: frozen goods cannot be shipped to remote area,PASS
gold,remote,frozen,False,True,frozen,-1.0,ERR ValueError: amount must be non-negative,ERR ValueError: amount must be non-negative,PASS
gold,remote,frozen,False,True,frozen,0.0,OK 0.00,OK 0.00,PASS
gold,remote,frozen,False,True,frozen,50.0,ERR ValueError: frozen goods cannot be shipped to remote area,ERR ValueError: frozen goods cannot be shipped to remote area,PASS
gold,remote,frozen,False,True,frozen,499.99,ERR ValueError: frozen goods cannot be shipped to remote area,ERR ValueError: frozen goods cannot be shipped to remote area,PASS
gold,remote,frozen,False,True,frozen,500.0,ERR ValueError: frozen goods cannot be shipped to remote area,ERR ValueError: frozen goods cannot be shipped to remote area,PASS
gold,remote,frozen,False,True,frozen,1000.0,ERR ValueError: frozen goods cannot be shipped to remote area,ERR ValueError: frozen goods cannot be shipped to remote area,PASS
gold,remote,frozen,False,True,banned,-1.0,ERR ValueError: amount must be non-negative,ERR ValueError: amount must be non-negative,PASS
gold,remote,frozen,False,True,banned,0.0,OK 0.00,OK 0.00,PASS
gold,remote,frozen,False,True,banned,50.0,ERR PermissionError: account is banned,ERR PermissionError: account is banned,PASS
gold,remote,frozen,False,True,banned,499.99,ERR PermissionError: account is banned,ERR PermissionError: account is banned,PASS
gold,remote,frozen,False,True,banned,500.0,ERR PermissionError: account is banned,ERR PermissionError: account is banned,PASS
gold,remote,frozen,False,True,banned,1000.0,ERR PermissionError: account is banned,ERR PermissionError: account is banned,PASS
gold,remote,frozen,True,False,active,-1.0,ERR ValueError: amount must be non-negative,ERR ValueError: amount must be non-negative,PASS
gold,remote,frozen,True,False,active,0.0,OK 0.00,OK 0.00,PASS
gold,remote,frozen,True,False,active,50.0,ERR ValueError: frozen goods cannot be shipped to remote area,ERR ValueError: frozen goods cannot be shipped to remote area,PASS
gold,remote,frozen,True,False,active,499.99,ERR ValueError: frozen goods cannot be shipped to remote area,ERR ValueError: frozen goods cannot be shipped to remote area,PASS
gold,remote,frozen,True,False,active,500.0,ERR ValueError: frozen goods cannot be shipped to remote area,ERR ValueError: frozen goods cannot be shipped to remote area,PASS
gold,remote,frozen,True,False,active,1000.0,ERR ValueError: frozen goods cannot be shipped to remote area,ERR ValueError: frozen goods cannot be shipped to remote area,PASS
gold,remote,frozen,True,False,frozen,-1.0,ERR ValueError: amount must be non-negative,ERR ValueError: amount must be non-negative,PASS
gold,remote,frozen,True,False,frozen,0.0,OK 0.00,OK 0.00,PASS
gold,remote,frozen,True,False,frozen,50.0,ERR RuntimeError: frozen account cannot use express,ERR RuntimeError: frozen account cannot use express,PASS
gold,remote,frozen,True,False,frozen,499.99,ERR RuntimeError: frozen account cannot use express,ERR RuntimeError: frozen account cannot use express,PASS
gold,remote,frozen,True,False,frozen,500.0,ERR RuntimeError: frozen account cannot use express,ERR RuntimeError: frozen account cannot use express,PASS
gold,remote,frozen,True,False,frozen,1000.0,ERR RuntimeError: frozen account cannot use express,ERR RuntimeError: frozen account cannot use express,PASS
gold,remote,frozen,True,False,banned,-1.0,ERR ValueError: amount must be non-negative,ERR ValueError: amount must be non-negative,PASS
gold,remote,frozen,True,False,banned,0.0,OK 0.00,OK 0.00,PASS
gold,remote,frozen,True,False,banned,50.0,ERR PermissionError: account is banned,ERR PermissionError: account is banned,PASS
gold,remote,frozen,True,False,banned,499.99,ERR PermissionError: account is banned,ERR PermissionError: account is banned,PASS
gold,remote,frozen,True,False,banned,500.0,ERR PermissionError: account is banned,ERR PermissionError: account is banned,PASS
gold,remote,frozen,True,False,banned,1000.0,ERR PermissionError: account is banned,ERR PermissionError: account is banned,PASS
gold,remote,frozen,True,True,active,-1.0,ERR ValueError: amount must be non-negative,ERR ValueError: amount must be non-negative,PASS
gold,remote,frozen,True,True,active,0.0,OK 0.00,OK 0.00,PASS
gold,remote,frozen,True,True,active,50.0,ERR ValueError: frozen goods cannot be shipped to remote area,ERR ValueError: frozen goods cannot be shipped to remote area,PASS
gold,remote,frozen,True,True,active,499.99,ERR ValueError: frozen goods cannot be shipped to remote area,ERR ValueError: frozen goods cannot be shipped to remote area,PASS
gold,remote,frozen,True,True,active,500.0,ERR ValueError: frozen goods cannot be shipped to remote area,ERR ValueError: frozen goods cannot be shipped to remote area,PASS
gold,remote,frozen,True,True,active,1000.0,ERR ValueError: frozen goods cannot be shipped to remote area,ERR ValueError: frozen goods cannot be shipped to remote area,PASS
gold,remote,frozen,True,True,frozen,-1.0,ERR ValueError: amount must be non-negative,ERR ValueError: amount must be non-negative,PASS
gold,remote,frozen,True,True,frozen,0.0,OK 0.00,OK 0.00,PASS
gold,remote,frozen,True,True,frozen,50.0,ERR RuntimeError: frozen account cannot use express,ERR RuntimeError: frozen account cannot use express,PASS
gold,remote,frozen,True,True,frozen,499.99,ERR RuntimeError: frozen account cannot use express,ERR RuntimeError: frozen account cannot use express,PASS
gold,remote,frozen,True,True,frozen,500.0,ERR RuntimeError: frozen account cannot use express,ERR RuntimeError: frozen account cannot use express,PASS
gold,remote,frozen,True,True,frozen,1000.0,ERR RuntimeError: frozen account cannot use express,ERR RuntimeError: frozen account cannot use express,PASS
gold,remote,frozen,True,True,banned,-1.0,ERR ValueError: amount must be non-negative,ERR ValueError: amount must be non-negative,PASS
gold,remote,frozen,True,True,banned,0.0,OK 0.00,OK 0.00,PASS
gold,remote,frozen,True,True,banned,50.0,ERR PermissionError: account is banned,ERR PermissionError: account is banned,PASS
gold,remote,frozen,True,True,banned,499.99,ERR PermissionError: account is banned,ERR PermissionError: account is banned,PASS
gold,remote,frozen,True,True,banned,500.0,ERR PermissionError: account is banned,ERR PermissionError: account is banned,PASS
gold,remote,frozen,True,True,banned,1000.0,ERR PermissionError: account is banned,ERR PermissionError: account is banned,PASS
gold,overseas,normal,False,False,active,-1.0,ERR ValueError: amount must be non-negative,ERR ValueError: amount must be non-negative,PASS
gold,overseas,normal,False,False,active,0.0,OK 0.00,OK 0.00,PASS
gold,overseas,normal,False,False,active,50.0,OK 36.00,OK 36.00,PASS
gold,overseas,normal,False,False,active,499.99,OK 36.00,OK 36.00,PASS
gold,overseas,normal,False,False,active,500.0,OK 36.00,OK 36.00,PASS
gold,overseas,normal,False,False,active,1000.0,OK 36.00,OK 36.00,PASS
gold,overseas,normal,False,False,frozen,-1.0,ERR ValueError: amount must be non-negative,ERR ValueError: amount must be non-negative,PASS
gold,overseas,normal,False,False,frozen,0.0,OK 0.00,OK 0.00,PASS
gold,overseas,normal,False,False,frozen,50.0,ERR PermissionError: frozen account cannot ship overseas,ERR PermissionError: frozen account cannot ship overseas,PASS
gold,overseas,normal,False,False,frozen,499.99,ERR PermissionError: frozen account cannot ship overseas,ERR PermissionError: frozen account cannot ship overseas,PASS
gold,overseas,normal,False,False,frozen,500.0,ERR PermissionError: frozen account cannot ship overseas,ERR PermissionError: frozen account cannot ship overseas,PASS
gold,overseas,normal,False,False,frozen,1000.0,ERR PermissionError: frozen account cannot ship overseas,ERR PermissionError: frozen account cannot ship overseas,PASS
gold,overseas,normal,False,False,banned,-1.0,ERR ValueError: amount must be non-negative,ERR ValueError: amount must be non-negative,PASS
gold,overseas,normal,False,False,banned,0.0,OK 0.00,OK 0.00,PASS
gold,overseas,normal,False,False,banned,50.0,ERR PermissionError: account is banned,ERR PermissionError: account is banned,PASS
gold,overseas,normal,False,False,banned,499.99,ERR PermissionError: account is banned,ERR PermissionError: account is banned,PASS
gold,overseas,normal,False,False,banned,500.0,ERR PermissionError: account is banned,ERR PermissionError: account is banned,PASS
gold,overseas,normal,False,False,banned,1000.0,ERR PermissionError: account is banned,ERR PermissionError: account is banned,PASS
gold,overseas,normal,False,True,active,-1.0,ERR ValueError: amount must be non-negative,ERR ValueError: amount must be non-negative,PASS
gold,overseas,normal,False,True,active,0.0,OK 0.00,OK 0.00,PASS
gold,overseas,normal,False,True,active,50.0,OK 36.00,OK 36.00,PASS
gold,overseas,normal,False,True,active,499.99,OK 36.00,OK 36.00,PASS
gold,overseas,normal,False,True,active,500.0,OK 36.00,OK 36.00,PASS
gold,overseas,normal,False,True,active,1000.0,OK 36.00,OK 36.00,PASS
gold,overseas,normal,False,True,frozen,-1.0,ERR ValueError: amount must be non-negative,ERR ValueError: amount must be non-negative,PASS
gold,overseas,normal,False,True,frozen,0.0,OK 0.00,OK 0.00,PASS
gold,overseas,normal,False,True,frozen,50.0,ERR PermissionError: frozen account cannot ship overseas,ERR PermissionError: frozen account cannot ship overseas,PASS
gold,overseas,normal,False,True,frozen,499.99,ERR PermissionError: frozen account cannot ship overseas,ERR PermissionError: frozen account cannot ship overseas,PASS
gold,overseas,normal,False,True,frozen,500.0,ERR PermissionError: frozen account cannot ship overseas,ERR PermissionError: frozen account cannot ship overseas,PASS
gold,overseas,normal,False,True,frozen,1000.0,ERR PermissionError: frozen account cannot ship overseas,ERR PermissionError: frozen account cannot ship overseas,PASS
gold,overseas,normal,False,True,banned,-1.0,ERR ValueError: amount must be non-negative,ERR ValueError: amount must be non-negative,PASS
gold,overseas,normal,False,True,banned,0.0,OK 0.00,OK 0.00,PASS
gold,overseas,normal,False,True,banned,50.0,ERR PermissionError: account is banned,ERR PermissionError: account is banned,PASS
gold,overseas,normal,False,True,banned,499.99,ERR PermissionError: account is banned,ERR PermissionError: account is banned,PASS
gold,overseas,normal,False,True,banned,500.0,ERR PermissionError: account is banned,ERR PermissionError: account is banned,PASS
gold,overseas,normal,False,True,banned,1000.0,ERR PermissionError: account is banned,ERR PermissionError: account is banned,PASS
gold,overseas,normal,True,False,active,-1.0,ERR ValueError: amount must be non-negative,ERR ValueError: amount must be non-negative,PASS
gold,overseas,normal,True,False,active,0.0,OK 0.00,OK 0.00,PASS
gold,overseas,normal,True,False,active,50.0,ERR RuntimeError: express not available for overseas orders,ERR RuntimeError: express not available for overseas orders,PASS
gold,overseas,normal,True,False,active,499.99,ERR RuntimeError: express not available for overseas orders,ERR RuntimeError: express not available for overseas orders,PASS
gold,overseas,normal,True,False,active,500.0,ERR RuntimeError: express not available for overseas orders,ERR RuntimeError: express not available for overseas orders,PASS
gold,overseas,normal,True,False,active,1000.0,ERR RuntimeError: express not available for overseas orders,ERR RuntimeError: express not available for overseas orders,PASS
gold,overseas,normal,True,False,frozen,-1.0,ERR ValueError: amount must be non-negative,ERR ValueError: amount must be non-negative,PASS
gold,overseas,normal,True,False,frozen,0.0,OK 0.00,OK 0.00,PASS
gold,overseas,normal,True,False,frozen,50.0,ERR PermissionError: frozen account cannot ship overseas,ERR PermissionError: frozen account cannot ship overseas,PASS
gold,overseas,normal,True,False,frozen,499.99,ERR PermissionError: frozen account cannot ship overseas,ERR PermissionError: frozen account cannot ship overseas,PASS
gold,overseas,normal,True,False,frozen,500.0,ERR PermissionError: frozen account cannot ship overseas,ERR PermissionError: frozen account cannot ship overseas,PASS
gold,overseas,normal,True,False,frozen,1000.0,ERR PermissionError: frozen account cannot ship overseas,ERR PermissionError: frozen account cannot ship overseas,PASS
gold,overseas,normal,True,False,banned,-1.0,ERR ValueError: amount must be non-negative,ERR ValueError: amount must be non-negative,PASS
gold,overseas,normal,True,False,banned,0.0,OK 0.00,OK 0.00,PASS
gold,overseas,normal,True,False,banned,50.0,ERR PermissionError: account is banned,ERR PermissionError: account is banned,PASS
gold,overseas,normal,True,False,banned,499.99,ERR PermissionError: account is banned,ERR PermissionError: account is banned,PASS
gold,overseas,normal,True,False,banned,500.0,ERR PermissionError: account is banned,ERR PermissionError: account is banned,PASS
gold,overseas,normal,True,False,banned,1000.0,ERR PermissionError: account is banned,ERR PermissionError: account is banned,PASS
gold,overseas,normal,True,True,active,-1.0,ERR ValueError: amount must be non-negative,ERR ValueError: amount must be non-negative,PASS
gold,overseas,normal,True,True,active,0.0,OK 0.00,OK 0.00,PASS
gold,overseas,normal,True,True,active,50.0,ERR RuntimeError: express not available for overseas orders,ERR RuntimeError: express not available for overseas orders,PASS
gold,overseas,normal,True,True,active,499.99,ERR RuntimeError: express not available for overseas orders,ERR RuntimeError: express not available for overseas orders,PASS
gold,overseas,normal,True,True,active,500.0,ERR RuntimeError: express not available for overseas orders,ERR RuntimeError: express not available for overseas orders,PASS
gold,overseas,normal,True,True,active,1000.0,ERR RuntimeError: express not available for overseas orders,ERR RuntimeError: express not available for overseas orders,PASS
gold,overseas,normal,True,True,frozen,-1.0,ERR ValueError: amount must be non-negative,ERR ValueError: amount must be non-negative,PASS
gold,overseas,normal,True,True,frozen,0.0,OK 0.00,OK 0.00,PASS
gold,overseas,normal,True,True,frozen,50.0,ERR PermissionError: frozen account cannot ship overseas,ERR PermissionError: frozen account cannot ship overseas,PASS
gold,overseas,normal,True,True,frozen,499.99,ERR PermissionError: frozen account cannot ship overseas,ERR PermissionError: frozen account cannot ship overseas,PASS
gold,overseas,normal,True,True,frozen,500.0,ERR PermissionError: frozen account cannot ship overseas,ERR PermissionError: frozen account cannot ship overseas,PASS
gold,overseas,normal,True,True,frozen,1000.0,ERR PermissionError: frozen account cannot ship overseas,ERR PermissionError: frozen account cannot ship overseas,PASS
gold,overseas,normal,True,True,banned,-1.0,ERR ValueError: amount must be non-negative,ERR ValueError: amount must be non-negative,PASS
gold,overseas,normal,True,True,banned,0.0,OK 0.00,OK 0.00,PASS
gold,overseas,normal,True,True,banned,50.0,ERR PermissionError: account is banned,ERR PermissionError: account is banned,PASS
gold,overseas,normal,True,True,banned,499.99,ERR PermissionError: account is banned,ERR PermissionError: account is banned,PASS
gold,overseas,normal,True,True,banned,500.0,ERR PermissionError: account is banned,ERR PermissionError: account is banned,PASS
gold,overseas,normal,True,True,banned,1000.0,ERR PermissionError: account is banned,ERR PermissionError: account is banned,PASS
gold,overseas,fragile,False,False,active,-1.0,ERR ValueError: amount must be non-negative,ERR ValueError: amount must be non-negative,PASS
gold,overseas,fragile,False,False,active,0.0,OK 0.00,OK 0.00,PASS
gold,overseas,fragile,False,False,active,50.0,OK 43.20,OK 43.20,PASS
gold,overseas,fragile,False,False,active,499.99,OK 43.20,OK 43.20,PASS
gold,overseas,fragile,False,False,active,500.0,OK 43.20,OK 43.20,PASS
gold,overseas,fragile,False,False,active,1000.0,OK 43.20,OK 43.20,PASS
gold,overseas,fragile,False,False,frozen,-1.0,ERR ValueError: amount must be non-negative,ERR ValueError: amount must be non-negative,PASS
gold,overseas,fragile,False,False,frozen,0.0,OK 0.00,OK 0.00,PASS
gold,overseas,fragile,False,False,frozen,50.0,ERR PermissionError: frozen account cannot ship overseas,ERR PermissionError: frozen account cannot ship overseas,PASS
gold,overseas,fragile,False,False,frozen,499.99,ERR PermissionError: frozen account cannot ship overseas,ERR PermissionError: frozen account cannot ship overseas,PASS
gold,overseas,fragile,False,False,frozen,500.0,ERR PermissionError: frozen account cannot ship overseas,ERR PermissionError: frozen account cannot ship overseas,PASS
gold,overseas,fragile,False,False,frozen,1000.0,ERR PermissionError: frozen account cannot ship overseas,ERR PermissionError: frozen account cannot ship overseas,PASS
gold,overseas,fragile,False,False,banned,-1.0,ERR ValueError: amount must be non-negative,ERR ValueError: amount must be non-negative,PASS
gold,overseas,fragile,False,False,banned,0.0,OK 0.00,OK 0.00,PASS
gold,overseas,fragile,False,False,banned,50.0,ERR PermissionError: account is banned,ERR PermissionError: account is banned,PASS
gold,overseas,fragile,False,False,banned,499.99,ERR PermissionError: account is banned,ERR PermissionError: account is banned,PASS
gold,overseas,fragile,False,False,banned,500.0,ERR PermissionError: account is banned,ERR PermissionError: account is banned,PASS
gold,overseas,fragile,False,False,banned,1000.0,ERR PermissionError: account is banned,ERR PermissionError: account is banned,PASS
gold,overseas,fragile,False,True,active,-1.0,ERR ValueError: amount must be non-negative,ERR ValueError: amount must be non-negative,PASS
gold,overseas,fragile,False,True,active,0.0,OK 0.00,OK 0.00,PASS
gold,overseas,fragile,False,True,active,50.0,OK 43.20,OK 43.20,PASS
gold,overseas,fragile,False,True,active,499.99,OK 43.20,OK 43.20,PASS
gold,overseas,fragile,False,True,active,500.0,OK 43.20,OK 43.20,PASS
gold,overseas,fragile,False,True,active,1000.0,OK 43.20,OK 43.20,PASS
gold,overseas,fragile,False,True,frozen,-1.0,ERR ValueError: amount must be non-negative,ERR ValueError: amount must be non-negative,PASS
gold,overseas,fragile,False,True,frozen,0.0,OK 0.00,OK 0.00,PASS
gold,overseas,fragile,False,True,frozen,50.0,ERR PermissionError: frozen account cannot ship overseas,ERR PermissionError: frozen account cannot ship overseas,PASS
gold,overseas,fragile,False,True,frozen,499.99,ERR PermissionError: frozen account cannot ship overseas,ERR PermissionError: frozen account cannot ship overseas,PASS
gold,overseas,fragile,False,True,frozen,500.0,ERR PermissionError: frozen account cannot ship overseas,ERR PermissionError: frozen account cannot ship overseas,PASS
gold,overseas,fragile,False,True,frozen,1000.0,ERR PermissionError: frozen account cannot ship overseas,ERR PermissionError: frozen account cannot ship overseas,PASS
gold,overseas,fragile,False,True,banned,-1.0,ERR ValueError: amount must be non-negative,ERR ValueError: amount must be non-negative,PASS
gold,overseas,fragile,False,True,banned,0.0,OK 0.00,OK 0.00,PASS
gold,overseas,fragile,False,True,banned,50.0,ERR PermissionError: account is banned,ERR PermissionError: account is banned,PASS
gold,overseas,fragile,False,True,banned,499.99,ERR PermissionError: account is banned,ERR PermissionError: account is banned,PASS
gold,overseas,fragile,False,True,banned,500.0,ERR PermissionError: account is banned,ERR PermissionError: account is banned,PASS
gold,overseas,fragile,False,True,banned,1000.0,ERR PermissionError: account is banned,ERR PermissionError: account is banned,PASS
gold,overseas,fragile,True,False,active,-1.0,ERR ValueError: amount must be non-negative,ERR ValueError: amount must be non-negative,PASS
gold,overseas,fragile,True,False,active,0.0,OK 0.00,OK 0.00,PASS
gold,overseas,fragile,True,False,active,50.0,ERR RuntimeError: express not available for overseas orders,ERR RuntimeError: express not available for overseas orders,PASS
gold,overseas,fragile,True,False,active,499.99,ERR RuntimeError: express not available for overseas orders,ERR RuntimeError: express not available for overseas orders,PASS
gold,overseas,fragile,True,False,active,500.0,ERR RuntimeError: express not available for overseas orders,ERR RuntimeError: express not available for overseas orders,PASS
gold,overseas,fragile,True,False,active,1000.0,ERR RuntimeError: express not available for overseas orders,ERR RuntimeError: express not available for overseas orders,PASS
gold,overseas,fragile,True,False,frozen,-1.0,ERR ValueError: amount must be non-negative,ERR ValueError: amount must be non-negative,PASS
gold,overseas,fragile,True,False,frozen,0.0,OK 0.00,OK 0.00,PASS
gold,overseas,fragile,True,False,frozen,50.0,ERR PermissionError: frozen account cannot ship overseas,ERR PermissionError: frozen account cannot ship overseas,PASS
gold,overseas,fragile,True,False,frozen,499.99,ERR PermissionError: frozen account cannot ship overseas,ERR PermissionError: frozen account cannot ship overseas,PASS
gold,overseas,fragile,True,False,frozen,500.0,ERR PermissionError: frozen account cannot ship overseas,ERR PermissionError: frozen account cannot ship overseas,PASS
gold,overseas,fragile,True,False,frozen,1000.0,ERR PermissionError: frozen account cannot ship overseas,ERR PermissionError: frozen account cannot ship overseas,PASS
gold,overseas,fragile,True,False,banned,-1.0,ERR ValueError: amount must be non-negative,ERR ValueError: amount must be non-negative,PASS
gold,overseas,fragile,True,False,banned,0.0,OK 0.00,OK 0.00,PASS
gold,overseas,fragile,True,False,banned,50.0,ERR PermissionError: account is banned,ERR PermissionError: account is banned,PASS
gold,overseas,fragile,True,False,banned,499.99,ERR PermissionError: account is banned,ERR PermissionError: account is banned,PASS
gold,overseas,fragile,True,False,banned,500.0,ERR PermissionError: account is banned,ERR PermissionError: account is banned,PASS
gold,overseas,fragile,True,False,banned,1000.0,ERR PermissionError: account is banned,ERR PermissionError: account is banned,PASS
gold,overseas,fragile,True,True,active,-1.0,ERR ValueError: amount must be non-negative,ERR ValueError: amount must be non-negative,PASS
gold,overseas,fragile,True,True,active,0.0,OK 0.00,OK 0.00,PASS
gold,overseas,fragile,True,True,active,50.0,ERR RuntimeError: express not available for overseas orders,ERR RuntimeError: express not available for overseas orders,PASS
gold,overseas,fragile,True,True,active,499.99,ERR RuntimeError: express not available for overseas orders,ERR RuntimeError: express not available for overseas orders,PASS
gold,overseas,fragile,True,True,active,500.0,ERR RuntimeError: express not available for overseas orders,ERR RuntimeError: express not available for overseas orders,PASS
gold,overseas,fragile,True,True,active,1000.0,ERR RuntimeError: express not available for overseas orders,ERR RuntimeError: express not available for overseas orders,PASS
gold,overseas,fragile,True,True,frozen,-1.0,ERR ValueError: amount must be non-negative,ERR ValueError: amount must be non-negative,PASS
gold,overseas,fragile,True,True,frozen,0.0,OK 0.00,OK 0.00,PASS
gold,overseas,fragile,True,True,frozen,50.0,ERR PermissionError: frozen account cannot ship overseas,ERR PermissionError: frozen account cannot ship overseas,PASS
gold,overseas,fragile,True,True,frozen,499.99,ERR PermissionError: frozen account cannot ship overseas,ERR PermissionError: frozen account cannot ship overseas,PASS
gold,overseas,fragile,True,True,frozen,500.0,ERR PermissionError: frozen account cannot ship overseas,ERR PermissionError: frozen account cannot ship overseas,PASS
gold,overseas,fragile,True,True,frozen,1000.0,ERR PermissionError: frozen account cannot ship overseas,ERR PermissionError: frozen account cannot ship overseas,PASS
gold,overseas,fragile,True,True,banned,-1.0,ERR ValueError: amount must be non-negative,ERR ValueError: amount must be non-negative,PASS
gold,overseas,fragile,True,True,banned,0.0,OK 0.00,OK 0.00,PASS
gold,overseas,fragile,True,True,banned,50.0,ERR PermissionError: account is banned,ERR PermissionError: account is banned,PASS
gold,overseas,fragile,True,True,banned,499.99,ERR PermissionError: account is banned,ERR PermissionError: account is banned,PASS
gold,overseas,fragile,True,True,banned,500.0,ERR PermissionError: account is banned,ERR PermissionError: account is banned,PASS
gold,overseas,fragile,True,True,banned,1000.0,ERR PermissionError: account is banned,ERR PermissionError: account is banned,PASS
gold,overseas,frozen,False,False,active,-1.0,ERR ValueError: amount must be non-negative,ERR ValueError: amount must be non-negative,PASS
gold,overseas,frozen,False,False,active,0.0,OK 0.00,OK 0.00,PASS
gold,overseas,frozen,False,False,active,50.0,ERR ValueError: frozen goods cannot be shipped overseas,ERR ValueError: frozen goods cannot be shipped overseas,PASS
gold,overseas,frozen,False,False,active,499.99,ERR ValueError: frozen goods cannot be shipped overseas,ERR ValueError: frozen goods cannot be shipped overseas,PASS
gold,overseas,frozen,False,False,active,500.0,ERR ValueError: frozen goods cannot be shipped overseas,ERR ValueError: frozen goods cannot be shipped overseas,PASS
gold,overseas,frozen,False,False,active,1000.0,ERR ValueError: frozen goods cannot be shipped overseas,ERR ValueError: frozen goods cannot be shipped overseas,PASS
gold,overseas,frozen,False,False,frozen,-1.0,ERR ValueError: amount must be non-negative,ERR ValueError: amount must be non-negative,PASS
gold,overseas,frozen,False,False,frozen,0.0,OK 0.00,OK 0.00,PASS
gold,overseas,frozen,False,False,frozen,50.0,ERR PermissionError: frozen account cannot ship overseas,ERR PermissionError: frozen account cannot ship overseas,PASS
gold,overseas,frozen,False,False,frozen,499.99,ERR PermissionError: frozen account cannot ship overseas,ERR PermissionError: frozen account cannot ship overseas,PASS
gold,overseas,frozen,False,False,frozen,500.0,ERR PermissionError: frozen account cannot ship overseas,ERR PermissionError: frozen account cannot ship overseas,PASS
gold,overseas,frozen,False,False,frozen,1000.0,ERR PermissionError: frozen account cannot ship overseas,ERR PermissionError: frozen account cannot ship overseas,PASS
gold,overseas,frozen,False,False,banned,-1.0,ERR ValueError: amount must be non-negative,ERR ValueError: amount must be non-negative,PASS
gold,overseas,frozen,False,False,banned,0.0,OK 0.00,OK 0.00,PASS
gold,overseas,frozen,False,False,banned,50.0,ERR PermissionError: account is banned,ERR PermissionError: account is banned,PASS
gold,overseas,frozen,False,False,banned,499.99,ERR PermissionError: account is banned,ERR PermissionError: account is banned,PASS
gold,overseas,frozen,False,False,banned,500.0,ERR PermissionError: account is banned,ERR PermissionError: account is banned,PASS
gold,overseas,frozen,False,False,banned,1000.0,ERR PermissionError: account is banned,ERR PermissionError: account is banned,PASS
gold,overseas,frozen,False,True,active,-1.0,ERR ValueError: amount must be non-negative,ERR ValueError: amount must be non-negative,PASS
gold,overseas,frozen,False,True,active,0.0,OK 0.00,OK 0.00,PASS
gold,overseas,frozen,False,True,active,50.0,ERR ValueError: frozen goods cannot be shipped overseas,ERR ValueError: frozen goods cannot be shipped overseas,PASS
gold,overseas,frozen,False,True,active,499.99,ERR ValueError: frozen goods cannot be shipped overseas,ERR ValueError: frozen goods cannot be shipped overseas,PASS
gold,overseas,frozen,False,True,active,500.0,ERR ValueError: frozen goods cannot be shipped overseas,ERR ValueError: frozen goods cannot be shipped overseas,PASS
gold,overseas,frozen,False,True,active,1000.0,ERR ValueError: frozen goods cannot be shipped overseas,ERR ValueError: frozen goods cannot be shipped overseas,PASS
gold,overseas,frozen,False,True,frozen,-1.0,ERR ValueError: amount must be non-negative,ERR ValueError: amount must be non-negative,PASS
gold,overseas,frozen,False,True,frozen,0.0,OK 0.00,OK 0.00,PASS
gold,overseas,frozen,False,True,frozen,50.0,ERR PermissionError: frozen account cannot ship overseas,ERR PermissionError: frozen account cannot ship overseas,PASS
gold,overseas,frozen,False,True,frozen,499.99,ERR PermissionError: frozen account cannot ship overseas,ERR PermissionError: frozen account cannot ship overseas,PASS
gold,overseas,frozen,False,True,frozen,500.0,ERR PermissionError: frozen account cannot ship overseas,ERR PermissionError: frozen account cannot ship overseas,PASS
gold,overseas,frozen,False,True,frozen,1000.0,ERR PermissionError: frozen account cannot ship overseas,ERR PermissionError: frozen account cannot ship overseas,PASS
gold,overseas,frozen,False,True,banned,-1.0,ERR ValueError: amount must be non-negative,ERR ValueError: amount must be non-negative,PASS
gold,overseas,frozen,False,True,banned,0.0,OK 0.00,OK 0.00,PASS
gold,overseas,frozen,False,True,banned,50.0,ERR PermissionError: account is banned,ERR PermissionError: account is banned,PASS
gold,overseas,frozen,False,True,banned,499.99,ERR PermissionError: account is banned,ERR PermissionError: account is banned,PASS
gold,overseas,frozen,False,True,banned,500.0,ERR PermissionError: account is banned,ERR PermissionError: account is banned,PASS
gold,overseas,frozen,False,True,banned,1000.0,ERR PermissionError: account is banned,ERR PermissionError: account is banned,PASS
gold,overseas,frozen,True,False,active,-1.0,ERR ValueError: amount must be non-negative,ERR ValueError: amount must be non-negative,PASS
gold,overseas,frozen,True,False,active,0.0,OK 0.00,OK 0.00,PASS
gold,overseas,frozen,True,False,active,50.0,ERR ValueError: frozen goods cannot be shipped overseas,ERR ValueError: frozen goods cannot be shipped overseas,PASS
gold,overseas,frozen,True,False,active,499.99,ERR ValueError: frozen goods cannot be shipped overseas,ERR ValueError: frozen goods cannot be shipped overseas,PASS
gold,overseas,frozen,True,False,active,500.0,ERR ValueError: frozen goods cannot be shipped overseas,ERR ValueError: frozen goods cannot be shipped overseas,PASS
gold,overseas,frozen,True,False,active,1000.0,ERR ValueError: frozen goods cannot be shipped overseas,ERR ValueError: frozen goods cannot be shipped overseas,PASS
gold,overseas,frozen,True,False,frozen,-1.0,ERR ValueError: amount must be non-negative,ERR ValueError: amount must be non-negative,PASS
gold,overseas,frozen,True,False,frozen,0.0,OK 0.00,OK 0.00,PASS
gold,overseas,frozen,True,False,frozen,50.0,ERR PermissionError: frozen account cannot ship overseas,ERR PermissionError: frozen account cannot ship overseas,PASS
gold,overseas,frozen,True,False,frozen,499.99,ERR PermissionError: frozen account cannot ship overseas,ERR PermissionError: frozen account cannot ship overseas,PASS
gold,overseas,frozen,True,False,frozen,500.0,ERR PermissionError: frozen account cannot ship overseas,ERR PermissionError: frozen account cannot ship overseas,PASS
gold,overseas,frozen,True,False,frozen,1000.0,ERR PermissionError: frozen account cannot ship overseas,ERR PermissionError: frozen account cannot ship overseas,PASS
gold,overseas,frozen,True,False,banned,-1.0,ERR ValueError: amount must be non-negative,ERR ValueError: amount must be non-negative,PASS
gold,overseas,frozen,True,False,banned,0.0,OK 0.00,OK 0.00,PASS
gold,overseas,frozen,True,False,banned,50.0,ERR PermissionError: account is banned,ERR PermissionError: account is banned,PASS
gold,overseas,frozen,True,False,banned,499.99,ERR PermissionError: account is banned,ERR PermissionError: account is banned,PASS
gold,overseas,frozen,True,False,banned,500.0,ERR PermissionError: account is banned,ERR PermissionError: account is banned,PASS
gold,overseas,frozen,True,False,banned,1000.0,ERR PermissionError: account is banned,ERR PermissionError: account is banned,PASS
gold,overseas,frozen,True,True,active,-1.0,ERR ValueError: amount must be non-negative,ERR ValueError: amount must be non-negative,PASS
gold,overseas,frozen,True,True,active,0.0,OK 0.00,OK 0.00,PASS
gold,overseas,frozen,True,True,active,50.0,ERR ValueError: frozen goods cannot be shipped overseas,ERR ValueError: frozen goods cannot be shipped overseas,PASS
gold,overseas,frozen,True,True,active,499.99,ERR ValueError: frozen goods cannot be shipped overseas,ERR ValueError: frozen goods cannot be shipped overseas,PASS
gold,overseas,frozen,True,True,active,500.0,ERR ValueError: frozen goods cannot be shipped overseas,ERR ValueError: frozen goods cannot be shipped overseas,PASS
gold,overseas,frozen,True,True,active,1000.0,ERR ValueError: frozen goods cannot be shipped overseas,ERR ValueError: frozen goods cannot be shipped overseas,PASS
gold,overseas,frozen,True,True,frozen,-1.0,ERR ValueError: amount must be non-negative,ERR ValueError: amount must be non-negative,PASS
gold,overseas,frozen,True,True,frozen,0.0,OK 0.00,OK 0.00,PASS
gold,overseas,frozen,True,True,frozen,50.0,ERR PermissionError: frozen account cannot ship overseas,ERR PermissionError: frozen account cannot ship overseas,PASS
gold,overseas,frozen,True,True,frozen,499.99,ERR PermissionError: frozen account cannot ship overseas,ERR PermissionError: frozen account cannot ship overseas,PASS
gold,overseas,frozen,True,True,frozen,500.0,ERR PermissionError: frozen account cannot ship overseas,ERR PermissionError: frozen account cannot ship overseas,PASS
gold,overseas,frozen,True,True,frozen,1000.0,ERR PermissionError: frozen account cannot ship overseas,ERR PermissionError: frozen account cannot ship overseas,PASS
gold,overseas,frozen,True,True,banned,-1.0,ERR ValueError: amount must be non-negative,ERR ValueError: amount must be non-negative,PASS
gold,overseas,frozen,True,True,banned,0.0,OK 0.00,OK 0.00,PASS
gold,overseas,frozen,True,True,banned,50.0,ERR PermissionError: account is banned,ERR PermissionError: account is banned,PASS
gold,overseas,frozen,True,True,banned,499.99,ERR PermissionError: account is banned,ERR PermissionError: account is banned,PASS
gold,overseas,frozen,True,True,banned,500.0,ERR PermissionError: account is banned,ERR PermissionError: account is banned,PASS
gold,overseas,frozen,True,True,banned,1000.0,ERR PermissionError: account is banned,ERR PermissionError: account is banned,PASS
staff,domestic,normal,False,False,active,-1.0,ERR ValueError: amount must be non-negative,ERR ValueError: amount must be non-negative,PASS
staff,domestic,normal,False,False,active,0.0,OK 0.00,OK 0.00,PASS
staff,domestic,normal,False,False,active,50.0,OK 4.20,OK 4.20,PASS
staff,domestic,normal,False,False,active,499.99,OK 4.20,OK 4.20,PASS
staff,domestic,normal,False,False,active,500.0,OK 0.00,OK 0.00,PASS
staff,domestic,normal,False,False,active,1000.0,OK 0.00,OK 0.00,PASS
staff,domestic,normal,False,False,frozen,-1.0,ERR ValueError: amount must be non-negative,ERR ValueError: amount must be non-negative,PASS
staff,domestic,normal,False,False,frozen,0.0,OK 0.00,OK 0.00,PASS
staff,domestic,normal,False,False,frozen,50.0,OK 6.00,OK 6.00,PASS
staff,domestic,normal,False,False,frozen,499.99,OK 6.00,OK 6.00,PASS
staff,domestic,normal,False,False,frozen,500.0,OK 6.00,OK 6.00,PASS
staff,domestic,normal,False,False,frozen,1000.0,OK 6.00,OK 6.00,PASS
staff,domestic,normal,False,False,banned,-1.0,ERR ValueError: amount must be non-negative,ERR ValueError: amount must be non-negative,PASS
staff,domestic,normal,False,False,banned,0.0,OK 0.00,OK 0.00,PASS
staff,domestic,normal,False,False,banned,50.0,ERR PermissionError: account is banned,ERR PermissionError: account is banned,PASS
staff,domestic,normal,False,False,banned,499.99,ERR PermissionError: account is banned,ERR PermissionError: account is banned,PASS
staff,domestic,normal,False,False,banned,500.0,ERR PermissionError: account is banned,ERR PermissionError: account is banned,PASS
staff,domestic,normal,False,False,banned,1000.0,ERR PermissionError: account is banned,ERR PermissionError: account is banned,PASS
staff,domestic,normal,False,True,active,-1.0,ERR ValueError: amount must be non-negative,ERR ValueError: amount must be non-negative,PASS
staff,domestic,normal,False,True,active,0.0,OK 0.00,OK 0.00,PASS
staff,domestic,normal,False,True,active,50.0,OK 0.00,OK 0.00,PASS
staff,domestic,normal,False,True,active,499.99,OK 0.00,OK 0.00,PASS
staff,domestic,normal,False,True,active,500.0,OK 0.00,OK 0.00,PASS
staff,domestic,normal,False,True,active,1000.0,OK 0.00,OK 0.00,PASS
staff,domestic,normal,False,True,frozen,-1.0,ERR ValueError: amount must be non-negative,ERR ValueError: amount must be non-negative,PASS
staff,domestic,normal,False,True,frozen,0.0,OK 0.00,OK 0.00,PASS
staff,domestic,normal,False,True,frozen,50.0,OK 6.00,OK 6.00,PASS
staff,domestic,normal,False,True,frozen,499.99,OK 6.00,OK 6.00,PASS
staff,domestic,normal,False,True,frozen,500.0,OK 6.00,OK 6.00,PASS
staff,domestic,normal,False,True,frozen,1000.0,OK 6.00,OK 6.00,PASS
staff,domestic,normal,False,True,banned,-1.0,ERR ValueError: amount must be non-negative,ERR ValueError: amount must be non-negative,PASS
staff,domestic,normal,False,True,banned,0.0,OK 0.00,OK 0.00,PASS
staff,domestic,normal,False,True,banned,50.0,ERR PermissionError: account is banned,ERR PermissionError: account is banned,PASS
staff,domestic,normal,False,True,banned,499.99,ERR PermissionError: account is banned,ERR PermissionError: account is banned,PASS
staff,domestic,normal,False,True,banned,500.0,ERR PermissionError: account is banned,ERR PermissionError: account is banned,PASS
staff,domestic,normal,False,True,banned,1000.0,ERR PermissionError: account is banned,ERR PermissionError: account is banned,PASS
staff,domestic,normal,True,False,active,-1.0,ERR ValueError: amount must be non-negative,ERR ValueError: amount must be non-negative,PASS
staff,domestic,normal,True,False,active,0.0,OK 0.00,OK 0.00,PASS
staff,domestic,normal,True,False,active,50.0,OK 11.20,OK 11.20,PASS
staff,domestic,normal,True,False,active,499.99,OK 11.20,OK 11.20,PASS
staff,domestic,normal,True,False,active,500.0,OK 7.00,OK 7.00,PASS
staff,domestic,normal,True,False,active,1000.0,OK 7.00,OK 7.00,PASS
staff,domestic,normal,True,False,frozen,-1.0,ERR ValueError: amount must be non-negative,ERR ValueError: amount must be non-negative,PASS
staff,domestic,normal,True,False,frozen,0.0,OK 0.00,OK 0.00,PASS
staff,domestic,normal,True,False,frozen,50.0,ERR RuntimeError: frozen account cannot use express,ERR RuntimeError: frozen account cannot use express,PASS
staff,domestic,normal,True,False,frozen,499.99,ERR RuntimeError: frozen account cannot use express,ERR RuntimeError: frozen account cannot use express,PASS
staff,domestic,normal,True,False,frozen,500.0,ERR RuntimeError: frozen account cannot use express,ERR RuntimeError: frozen account cannot use express,PASS
staff,domestic,normal,True,False,frozen,1000.0,ERR RuntimeError: frozen account cannot use express,ERR RuntimeError: frozen account cannot use express,PASS
staff,domestic,normal,True,False,banned,-1.0,ERR ValueError: amount must be non-negative,ERR ValueError: amount must be non-negative,PASS
staff,domestic,normal,True,False,banned,0.0,OK 0.00,OK 0.00,PASS
staff,domestic,normal,True,False,banned,50.0,ERR PermissionError: account is banned,ERR PermissionError: account is banned,PASS
staff,domestic,normal,True,False,banned,499.99,ERR PermissionError: account is banned,ERR PermissionError: account is banned,PASS
staff,domestic,normal,True,False,banned,500.0,ERR PermissionError: account is banned,ERR PermissionError: account is banned,PASS
staff,domestic,normal,True,False,banned,1000.0,ERR PermissionError: account is banned,ERR PermissionError: account is banned,PASS
staff,domestic,normal,True,True,active,-1.0,ERR ValueError: amount must be non-negative,ERR ValueError: amount must be non-negative,PASS
staff,domestic,normal,True,True,active,0.0,OK 0.00,OK 0.00,PASS
staff,domestic,normal,True,True,active,50.0,OK 9.70,OK 9.70,PASS
staff,domestic,normal,True,True,active,499.99,OK 9.70,OK 9.70,PASS
staff,domestic,normal,True,True,active,500.0,OK 5.50,OK 5.50,PASS
staff,domestic,normal,True,True,active,1000.0,OK 5.50,OK 5.50,PASS
staff,domestic,normal,True,True,frozen,-1.0,ERR ValueError: amount must be non-negative,ERR ValueError: amount must be non-negative,PASS
staff,domestic,normal,True,True,frozen,0.0,OK 0.00,OK 0.00,PASS
staff,domestic,normal,True,True,frozen,50.0,ERR RuntimeError: frozen account cannot use express,ERR RuntimeError: frozen account cannot use express,PASS
staff,domestic,normal,True,True,frozen,499.99,ERR RuntimeError: frozen account cannot use express,ERR RuntimeError: frozen account cannot use express,PASS
staff,domestic,normal,True,True,frozen,500.0,ERR RuntimeError: frozen account cannot use express,ERR RuntimeError: frozen account cannot use express,PASS
staff,domestic,normal,True,True,frozen,1000.0,ERR RuntimeError: frozen account cannot use express,ERR RuntimeError: frozen account cannot use express,PASS
staff,domestic,normal,True,True,banned,-1.0,ERR ValueError: amount must be non-negative,ERR ValueError: amount must be non-negative,PASS
staff,domestic,normal,True,True,banned,0.0,OK 0.00,OK 0.00,PASS
staff,domestic,normal,True,True,banned,50.0,ERR PermissionError: account is banned,ERR PermissionError: account is banned,PASS
staff,domestic,normal,True,True,banned,499.99,ERR PermissionError: account is banned,ERR PermissionError: account is banned,PASS
staff,domestic,normal,True,True,banned,500.0,ERR PermissionError: account is banned,ERR PermissionError: account is banned,PASS
staff,domestic,normal,True,True,banned,1000.0,ERR PermissionError: account is banned,ERR PermissionError: account is banned,PASS
staff,domestic,fragile,False,False,active,-1.0,ERR ValueError: amount must be non-negative,ERR ValueError: amount must be non-negative,PASS
staff,domestic,fragile,False,False,active,0.0,OK 0.00,OK 0.00,PASS
staff,domestic,fragile,False,False,active,50.0,OK 9.80,OK 9.80,PASS
staff,domestic,fragile,False,False,active,499.99,OK 9.80,OK 9.80,PASS
staff,domestic,fragile,False,False,active,500.0,OK 0.00,OK 0.00,PASS
staff,domestic,fragile,False,False,active,1000.0,OK 0.00,OK 0.00,PASS
staff,domestic,fragile,False,False,frozen,-1.0,ERR ValueError: amount must be non-negative,ERR ValueError: amount must be non-negative,PASS
staff,domestic,fragile,False,False,frozen,0.0,OK 0.00,OK 0.00,PASS
staff,domestic,fragile,False,False,frozen,50.0,OK 14.00,OK 14.00,PASS
staff,domestic,fragile,False,False,frozen,499.99,OK 14.00,OK 14.00,PASS
staff,domestic,fragile,False,False,frozen,500.0,OK 14.00,OK 14.00,PASS
staff,domestic,fragile,False,False,frozen,1000.0,OK 14.00,OK 14.00,PASS
staff,domestic,fragile,False,False,banned,-1.0,ERR ValueError: amount must be non-negative,ERR ValueError: amount must be non-negative,PASS
staff,domestic,fragile,False,False,banned,0.0,OK 0.00,OK 0.00,PASS
staff,domestic,fragile,False,False,banned,50.0,ERR PermissionError: account is banned,ERR PermissionError: account is banned,PASS
staff,domestic,fragile,False,False,banned,499.99,ERR PermissionError: account is banned,ERR PermissionError: account is banned,PASS
staff,domestic,fragile,False,False,banned,500.0,ERR PermissionError: account is banned,ERR PermissionError: account is banned,PASS
staff,domestic,fragile,False,False,banned,1000.0,ERR PermissionError: account is banned,ERR PermissionError: account is banned,PASS
staff,domestic,fragile,False,True,active,-1.0,ERR ValueError: amount must be non-negative,ERR ValueError: amount must be non-negative,PASS
staff,domestic,fragile,False,True,active,0.0,OK 0.00,OK 0.00,PASS
staff,domestic,fragile,False,True,active,50.0,OK 4.80,OK 4.80,PASS
staff,domestic,fragile,False,True,active,499.99,OK 4.80,OK 4.80,PASS
staff,domestic,fragile,False,True,active,500.0,OK 0.00,OK 0.00,PASS
staff,domestic,fragile,False,True,active,1000.0,OK 0.00,OK 0.00,PASS
staff,domestic,fragile,False,True,frozen,-1.0,ERR ValueError: amount must be non-negative,ERR ValueError: amount must be non-negative,PASS
staff,domestic,fragile,False,True,frozen,0.0,OK 0.00,OK 0.00,PASS
staff,domestic,fragile,False,True,frozen,50.0,OK 14.00,OK 14.00,PASS
staff,domestic,fragile,False,True,frozen,499.99,OK 14.00,OK 14.00,PASS
staff,domestic,fragile,False,True,frozen,500.0,OK 14.00,OK 14.00,PASS
staff,domestic,fragile,False,True,frozen,1000.0,OK 14.00,OK 14.00,PASS
staff,domestic,fragile,False,True,banned,-1.0,ERR ValueError: amount must be non-negative,ERR ValueError: amount must be non-negative,PASS
staff,domestic,fragile,False,True,banned,0.0,OK 0.00,OK 0.00,PASS
staff,domestic,fragile,False,True,banned,50.0,ERR PermissionError: account is banned,ERR PermissionError: account is banned,PASS
staff,domestic,fragile,False,True,banned,499.99,ERR PermissionError: account is banned,ERR PermissionError: account is banned,PASS
staff,domestic,fragile,False,True,banned,500.0,ERR PermissionError: account is banned,ERR PermissionError: account is banned,PASS
staff,domestic,fragile,False,True,banned,1000.0,ERR PermissionError: account is banned,ERR PermissionError: account is banned,PASS
staff,domestic,fragile,True,False,active,-1.0,ERR ValueError: amount must be non-negative,ERR ValueError: amount must be non-negative,PASS
staff,domestic,fragile,True,False,active,0.0,OK 0.00,OK 0.00,PASS
staff,domestic,fragile,True,False,active,50.0,OK 16.80,OK 16.80,PASS
staff,domestic,fragile,True,False,active,499.99,OK 16.80,OK 16.80,PASS
staff,domestic,fragile,True,False,active,500.0,OK 7.00,OK 7.00,PASS
staff,domestic,fragile,True,False,active,1000.0,OK 7.00,OK 7.00,PASS
staff,domestic,fragile,True,False,frozen,-1.0,ERR ValueError: amount must be non-negative,ERR ValueError: amount must be non-negative,PASS
staff,domestic,fragile,True,False,frozen,0.0,OK 0.00,OK 0.00,PASS
staff,domestic,fragile,True,False,frozen,50.0,ERR RuntimeError: frozen account cannot use express,ERR RuntimeError: frozen account cannot use express,PASS
staff,domestic,fragile,True,False,frozen,499.99,ERR RuntimeError: frozen account cannot use express,ERR RuntimeError: frozen account cannot use express,PASS
staff,domestic,fragile,True,False,frozen,500.0,ERR RuntimeError: frozen account cannot use express,ERR RuntimeError: frozen account cannot use express,PASS
staff,domestic,fragile,True,False,frozen,1000.0,ERR RuntimeError: frozen account cannot use express,ERR RuntimeError: frozen account cannot use express,PASS
staff,domestic,fragile,True,False,banned,-1.0,ERR ValueError: amount must be non-negative,ERR ValueError: amount must be non-negative,PASS
staff,domestic,fragile,True,False,banned,0.0,OK 0.00,OK 0.00,PASS
staff,domestic,fragile,True,False,banned,50.0,ERR PermissionError: account is banned,ERR PermissionError: account is banned,PASS
staff,domestic,fragile,True,False,banned,499.99,ERR PermissionError: account is banned,ERR PermissionError: account is banned,PASS
staff,domestic,fragile,True,False,banned,500.0,ERR PermissionError: account is banned,ERR PermissionError: account is banned,PASS
staff,domestic,fragile,True,False,banned,1000.0,ERR PermissionError: account is banned,ERR PermissionError: account is banned,PASS
staff,domestic,fragile,True,True,active,-1.0,ERR ValueError: amount must be non-negative,ERR ValueError: amount must be non-negative,PASS
staff,domestic,fragile,True,True,active,0.0,OK 0.00,OK 0.00,PASS
staff,domestic,fragile,True,True,active,50.0,OK 15.30,OK 15.30,PASS
staff,domestic,fragile,True,True,active,499.99,OK 15.30,OK 15.30,PASS
staff,domestic,fragile,True,True,active,500.0,OK 5.50,OK 5.50,PASS
staff,domestic,fragile,True,True,active,1000.0,OK 5.50,OK 5.50,PASS
staff,domestic,fragile,True,True,frozen,-1.0,ERR ValueError: amount must be non-negative,ERR ValueError: amount must be non-negative,PASS
staff,domestic,fragile,True,True,frozen,0.0,OK 0.00,OK 0.00,PASS
staff,domestic,fragile,True,True,frozen,50.0,ERR RuntimeError: frozen account cannot use express,ERR RuntimeError: frozen account cannot use express,PASS
staff,domestic,fragile,True,True,frozen,499.99,ERR RuntimeError: frozen account cannot use express,ERR RuntimeError: frozen account cannot use express,PASS
staff,domestic,fragile,True,True,frozen,500.0,ERR RuntimeError: frozen account cannot use express,ERR RuntimeError: frozen account cannot use express,PASS
staff,domestic,fragile,True,True,frozen,1000.0,ERR RuntimeError: frozen account cannot use express,ERR RuntimeError: frozen account cannot use express,PASS
staff,domestic,fragile,True,True,banned,-1.0,ERR ValueError: amount must be non-negative,ERR ValueError: amount must be non-negative,PASS
staff,domestic,fragile,True,True,banned,0.0,OK 0.00,OK 0.00,PASS
staff,domestic,fragile,True,True,banned,50.0,ERR PermissionError: account is banned,ERR PermissionError: account is banned,PASS
staff,domestic,fragile,True,True,banned,499.99,ERR PermissionError: account is banned,ERR PermissionError: account is banned,PASS
staff,domestic,fragile,True,True,banned,500.0,ERR PermissionError: account is banned,ERR PermissionError: account is banned,PASS
staff,domestic,fragile,True,True,banned,1000.0,ERR PermissionError: account is banned,ERR PermissionError: account is banned,PASS
staff,domestic,frozen,False,False,active,-1.0,ERR ValueError: amount must be non-negative,ERR ValueError: amount must be non-negative,PASS
staff,domestic,frozen,False,False,active,0.0,OK 0.00,OK 0.00,PASS
staff,domestic,frozen,False,False,active,50.0,OK 12.60,OK 12.60,PASS
staff,domestic,frozen,False,False,active,499.99,OK 12.60,OK 12.60,PASS
staff,domestic,frozen,False,False,active,500.0,OK 0.00,OK 0.00,PASS
staff,domestic,frozen,False,False,active,1000.0,OK 0.00,OK 0.00,PASS
staff,domestic,frozen,False,False,frozen,-1.0,ERR ValueError: amount must be non-negative,ERR ValueError: amount must be non-negative,PASS
staff,domestic,frozen,False,False,frozen,0.0,OK 0.00,OK 0.00,PASS
staff,domestic,frozen,False,False,frozen,50.0,OK 18.00,OK 18.00,PASS
staff,domestic,frozen,False,False,frozen,499.99,OK 18.00,OK 18.00,PASS
staff,domestic,frozen,False,False,frozen,500.0,OK 18.00,OK 18.00,PASS
staff,domestic,frozen,False,False,frozen,1000.0,OK 18.00,OK 18.00,PASS
staff,domestic,frozen,False,False,banned,-1.0,ERR ValueError: amount must be non-negative,ERR ValueError: amount must be non-negative,PASS
staff,domestic,frozen,False,False,banned,0.0,OK 0.00,OK 0.00,PASS
staff,domestic,frozen,False,False,banned,50.0,ERR PermissionError: account is banned,ERR PermissionError: account is banned,PASS
staff,domestic,frozen,False,False,banned,499.99,ERR PermissionError: account is banned,ERR PermissionError: account is banned,PASS
staff,domestic,frozen,False,False,banned,500.0,ERR PermissionError: account is banned,ERR PermissionError: account is banned,PASS
staff,domestic,frozen,False,False,banned,1000.0,ERR PermissionError: account is banned,ERR PermissionError: account is banned,PASS
staff,domestic,frozen,False,True,active,-1.0,ERR ValueError: amount must be non-negative,ERR ValueError: amount must be non-negative,PASS
staff,domestic,frozen,False,True,active,0.0,OK 0.00,OK 0.00,PASS
staff,domestic,frozen,False,True,active,50.0,OK 7.60,OK 7.60,PASS
staff,domestic,frozen,False,True,active,499.99,OK 7.60,OK 7.60,PASS
staff,domestic,frozen,False,True,active,500.0,OK 0.00,OK 0.00,PASS
staff,domestic,frozen,False,True,active,1000.0,OK 0.00,OK 0.00,PASS
staff,domestic,frozen,False,True,frozen,-1.0,ERR ValueError: amount must be non-negative,ERR ValueError: amount must be non-negative,PASS
staff,domestic,frozen,False,True,frozen,0.0,OK 0.00,OK 0.00,PASS
staff,domestic,frozen,False,True,frozen,50.0,OK 18.00,OK 18.00,PASS
staff,domestic,frozen,False,True,frozen,499.99,OK 18.00,OK 18.00,PASS
staff,domestic,frozen,False,True,frozen,500.0,OK 18.00,OK 18.00,PASS
staff,domestic,frozen,False,True,frozen,1000.0,OK 18.00,OK 18.00,PASS
staff,domestic,frozen,False,True,banned,-1.0,ERR ValueError: amount must be non-negative,ERR ValueError: amount must be non-negative,PASS
staff,domestic,frozen,False,True,banned,0.0,OK 0.00,OK 0.00,PASS
staff,domestic,frozen,False,True,banned,50.0,ERR PermissionError: account is banned,ERR PermissionError: account is banned,PASS
staff,domestic,frozen,False,True,banned,499.99,ERR PermissionError: account is banned,ERR PermissionError: account is banned,PASS
staff,domestic,frozen,False,True,banned,500.0,ERR PermissionError: account is banned,ERR PermissionError: account is banned,PASS
staff,domestic,frozen,False,True,banned,1000.0,ERR PermissionError: account is banned,ERR PermissionError: account is banned,PASS
staff,domestic,frozen,True,False,active,-1.0,ERR ValueError: amount must be non-negative,ERR ValueError: amount must be non-negative,PASS
staff,domestic,frozen,True,False,active,0.0,OK 0.00,OK 0.00,PASS
staff,domestic,frozen,True,False,active,50.0,OK 19.60,OK 19.60,PASS
staff,domestic,frozen,True,False,active,499.99,OK 19.60,OK 19.60,PASS
staff,domestic,frozen,True,False,active,500.0,OK 7.00,OK 7.00,PASS
staff,domestic,frozen,True,False,active,1000.0,OK 7.00,OK 7.00,PASS
staff,domestic,frozen,True,False,frozen,-1.0,ERR ValueError: amount must be non-negative,ERR ValueError: amount must be non-negative,PASS
staff,domestic,frozen,True,False,frozen,0.0,OK 0.00,OK 0.00,PASS
staff,domestic,frozen,True,False,frozen,50.0,ERR RuntimeError: frozen account cannot use express,ERR RuntimeError: frozen account cannot use express,PASS
staff,domestic,frozen,True,False,frozen,499.99,ERR RuntimeError: frozen account cannot use express,ERR RuntimeError: frozen account cannot use express,PASS
staff,domestic,frozen,True,False,frozen,500.0,ERR RuntimeError: frozen account cannot use express,ERR RuntimeError: frozen account cannot use express,PASS
staff,domestic,frozen,True,False,frozen,1000.0,ERR RuntimeError: frozen account cannot use express,ERR RuntimeError: frozen account cannot use express,PASS
staff,domestic,frozen,True,False,banned,-1.0,ERR ValueError: amount must be non-negative,ERR ValueError: amount must be non-negative,PASS
staff,domestic,frozen,True,False,banned,0.0,OK 0.00,OK 0.00,PASS
staff,domestic,frozen,True,False,banned,50.0,ERR PermissionError: account is banned,ERR PermissionError: account is banned,PASS
staff,domestic,frozen,True,False,banned,499.99,ERR PermissionError: account is banned,ERR PermissionError: account is banned,PASS
staff,domestic,frozen,True,False,banned,500.0,ERR PermissionError: account is banned,ERR PermissionError: account is banned,PASS
staff,domestic,frozen,True,False,banned,1000.0,ERR PermissionError: account is banned,ERR PermissionError: account is banned,PASS
staff,domestic,frozen,True,True,active,-1.0,ERR ValueError: amount must be non-negative,ERR ValueError: amount must be non-negative,PASS
staff,domestic,frozen,True,True,active,0.0,OK 0.00,OK 0.00,PASS
staff,domestic,frozen,True,True,active,50.0,OK 18.10,OK 18.10,PASS
staff,domestic,frozen,True,True,active,499.99,OK 18.10,OK 18.10,PASS
staff,domestic,frozen,True,True,active,500.0,OK 5.50,OK 5.50,PASS
staff,domestic,frozen,True,True,active,1000.0,OK 5.50,OK 5.50,PASS
staff,domestic,frozen,True,True,frozen,-1.0,ERR ValueError: amount must be non-negative,ERR ValueError: amount must be non-negative,PASS
staff,domestic,frozen,True,True,frozen,0.0,OK 0.00,OK 0.00,PASS
staff,domestic,frozen,True,True,frozen,50.0,ERR RuntimeError: frozen account cannot use express,ERR RuntimeError: frozen account cannot use express,PASS
staff,domestic,frozen,True,True,frozen,499.99,ERR RuntimeError: frozen account cannot use express,ERR RuntimeError: frozen account cannot use express,PASS
staff,domestic,frozen,True,True,frozen,500.0,ERR RuntimeError: frozen account cannot use express,ERR RuntimeError: frozen account cannot use express,PASS
staff,domestic,frozen,True,True,frozen,1000.0,ERR RuntimeError: frozen account cannot use express,ERR RuntimeError: frozen account cannot use express,PASS
staff,domestic,frozen,True,True,banned,-1.0,ERR ValueError: amount must be non-negative,ERR ValueError: amount must be non-negative,PASS
staff,domestic,frozen,True,True,banned,0.0,OK 0.00,OK 0.00,PASS
staff,domestic,frozen,True,True,banned,50.0,ERR PermissionError: account is banned,ERR PermissionError: account is banned,PASS
staff,domestic,frozen,True,True,banned,499.99,ERR PermissionError: account is banned,ERR PermissionError: account is banned,PASS
staff,domestic,frozen,True,True,banned,500.0,ERR PermissionError: account is banned,ERR PermissionError: account is banned,PASS
staff,domestic,frozen,True,True,banned,1000.0,ERR PermissionError: account is banned,ERR PermissionError: account is banned,PASS
staff,remote,normal,False,False,active,-1.0,ERR ValueError: amount must be non-negative,ERR ValueError: amount must be non-negative,PASS
staff,remote,normal,False,False,active,0.0,OK 0.00,OK 0.00,PASS
staff,remote,normal,False,False,active,50.0,OK 10.50,OK 10.50,PASS
staff,remote,normal,False,False,active,499.99,OK 10.50,OK 10.50,PASS
staff,remote,normal,False,False,active,500.0,OK 0.00,OK 0.00,PASS
staff,remote,normal,False,False,active,1000.0,OK 0.00,OK 0.00,PASS
staff,remote,normal,False,False,frozen,-1.0,ERR ValueError: amount must be non-negative,ERR ValueError: amount must be non-negative,PASS
staff,remote,normal,False,False,frozen,0.0,OK 0.00,OK 0.00,PASS
staff,remote,normal,False,False,frozen,50.0,OK 15.00,OK 15.00,PASS
staff,remote,normal,False,False,frozen,499.99,OK 15.00,OK 15.00,PASS
staff,remote,normal,False,False,frozen,500.0,OK 15.00,OK 15.00,PASS
staff,remote,normal,False,False,frozen,1000.0,OK 15.00,OK 15.00,PASS
staff,remote,normal,False,False,banned,-1.0,ERR ValueError: amount must be non-negative,ERR ValueError: amount must be non-negative,PASS
staff,remote,normal,False,False,banned,0.0,OK 0.00,OK 0.00,PASS
staff,remote,normal,False,False,banned,50.0,ERR PermissionError: account is banned,ERR PermissionError: account is banned,PASS
staff,remote,normal,False,False,banned,499.99,ERR PermissionError: account is banned,ERR PermissionError: account is banned,PASS
staff,remote,normal,False,False,banned,500.0,ERR PermissionError: account is banned,ERR PermissionError: account is banned,PASS
staff,remote,normal,False,False,banned,1000.0,ERR PermissionError: account is banned,ERR PermissionError: account is banned,PASS
staff,remote,normal,False,True,active,-1.0,ERR ValueError: amount must be non-negative,ERR ValueError: amount must be non-negative,PASS
staff,remote,normal,False,True,active,0.0,OK 0.00,OK 0.00,PASS
staff,remote,normal,False,True,active,50.0,OK 5.50,OK 5.50,PASS
staff,remote,normal,False,True,active,499.99,OK 5.50,OK 5.50,PASS
staff,remote,normal,False,True,active,500.0,OK 0.00,OK 0.00,PASS
staff,remote,normal,False,True,active,1000.0,OK 0.00,OK 0.00,PASS
staff,remote,normal,False,True,frozen,-1.0,ERR ValueError: amount must be non-negative,ERR ValueError: amount must be non-negative,PASS
staff,remote,normal,False,True,frozen,0.0,OK 0.00,OK 0.00,PASS
staff,remote,normal,False,True,frozen,50.0,OK 15.00,OK 15.00,PASS
staff,remote,normal,False,True,frozen,499.99,OK 15.00,OK 15.00,PASS
staff,remote,normal,False,True,frozen,500.0,OK 15.00,OK 15.00,PASS
staff,remote,normal,False,True,frozen,1000.0,OK 15.00,OK 15.00,PASS
staff,remote,normal,False,True,banned,-1.0,ERR ValueError: amount must be non-negative,ERR ValueError: amount must be non-negative,PASS
staff,remote,normal,False,True,banned,0.0,OK 0.00,OK 0.00,PASS
staff,remote,normal,False,True,banned,50.0,ERR PermissionError: account is banned,ERR PermissionError: account is banned,PASS
staff,remote,normal,False,True,banned,499.99,ERR PermissionError: account is banned,ERR PermissionError: account is banned,PASS
staff,remote,normal,False,True,banned,500.0,ERR PermissionError: account is banned,ERR PermissionError: account is banned,PASS
staff,remote,normal,False,True,banned,1000.0,ERR PermissionError: account is banned,ERR PermissionError: account is banned,PASS
staff,remote,normal,True,False,active,-1.0,ERR ValueError: amount must be non-negative,ERR ValueError: amount must be non-negative,PASS
staff,remote,normal,True,False,active,0.0,OK 0.00,OK 0.00,PASS
staff,remote,normal,True,False,active,50.0,OK 28.00,OK 28.00,PASS
staff,remote,normal,True,False,active,499.99,OK 28.00,OK 28.00,PASS
staff,remote,normal,True,False,active,500.0,OK 17.50,OK 17.50,PASS
staff,remote,normal,True,False,active,1000.0,OK 17.50,OK 17.50,PASS
staff,remote,normal,True,False,frozen,-1.0,ERR ValueError: amount must be non-negative,ERR ValueError: amount must be non-negative,PASS
staff,remote,normal,True,False,frozen,0.0,OK 0.00,OK 0.00,PASS
staff,remote,normal,True,False,frozen,50.0,ERR RuntimeError: frozen account cannot use express,ERR RuntimeError: frozen account cannot use express,PASS
staff,remote,normal,True,False,frozen,499.99,ERR RuntimeError: frozen account cannot use express,ERR RuntimeError: frozen account cannot use express,PASS
staff,remote,normal,True,False,frozen,500.0,ERR RuntimeError: frozen account cannot use express,ERR RuntimeError: frozen account cannot use express,PASS
staff,remote,normal,True,False,frozen,1000.0,ERR RuntimeError: frozen account cannot use express,ERR RuntimeError: frozen account cannot use express,PASS
staff,remote,normal,True,False,banned,-1.0,ERR ValueError: amount must be non-negative,ERR ValueError: amount must be non-negative,PASS
staff,remote,normal,True,False,banned,0.0,OK 0.00,OK 0.00,PASS
staff,remote,normal,True,False,banned,50.0,ERR PermissionError: account is banned,ERR PermissionError: account is banned,PASS
staff,remote,normal,True,False,banned,499.99,ERR PermissionError: account is banned,ERR PermissionError: account is banned,PASS
staff,remote,normal,True,False,banned,500.0,ERR PermissionError: account is banned,ERR PermissionError: account is banned,PASS
staff,remote,normal,True,False,banned,1000.0,ERR PermissionError: account is banned,ERR PermissionError: account is banned,PASS
staff,remote,normal,True,True,active,-1.0,ERR ValueError: amount must be non-negative,ERR ValueError: amount must be non-negative,PASS
staff,remote,normal,True,True,active,0.0,OK 0.00,OK 0.00,PASS
staff,remote,normal,True,True,active,50.0,OK 26.50,OK 26.50,PASS
staff,remote,normal,True,True,active,499.99,OK 26.50,OK 26.50,PASS
staff,remote,normal,True,True,active,500.0,OK 16.00,OK 16.00,PASS
staff,remote,normal,True,True,active,1000.0,OK 16.00,OK 16.00,PASS
staff,remote,normal,True,True,frozen,-1.0,ERR ValueError: amount must be non-negative,ERR ValueError: amount must be non-negative,PASS
staff,remote,normal,True,True,frozen,0.0,OK 0.00,OK 0.00,PASS
staff,remote,normal,True,True,frozen,50.0,ERR RuntimeError: frozen account cannot use express,ERR RuntimeError: frozen account cannot use express,PASS
staff,remote,normal,True,True,frozen,499.99,ERR RuntimeError: frozen account cannot use express,ERR RuntimeError: frozen account cannot use express,PASS
staff,remote,normal,True,True,frozen,500.0,ERR RuntimeError: frozen account cannot use express,ERR RuntimeError: frozen account cannot use express,PASS
staff,remote,normal,True,True,frozen,1000.0,ERR RuntimeError: frozen account cannot use express,ERR RuntimeError: frozen account cannot use express,PASS
staff,remote,normal,True,True,banned,-1.0,ERR ValueError: amount must be non-negative,ERR ValueError: amount must be non-negative,PASS
staff,remote,normal,True,True,banned,0.0,OK 0.00,OK 0.00,PASS
staff,remote,normal,True,True,banned,50.0,ERR PermissionError: account is banned,ERR PermissionError: account is banned,PASS
staff,remote,normal,True,True,banned,499.99,ERR PermissionError: account is banned,ERR PermissionError: account is banned,PASS
staff,remote,normal,True,True,banned,500.0,ERR PermissionError: account is banned,ERR PermissionError: account is banned,PASS
staff,remote,normal,True,True,banned,1000.0,ERR PermissionError: account is banned,ERR PermissionError: account is banned,PASS
staff,remote,fragile,False,False,active,-1.0,ERR ValueError: amount must be non-negative,ERR ValueError: amount must be non-negative,PASS
staff,remote,fragile,False,False,active,0.0,OK 0.00,OK 0.00,PASS
staff,remote,fragile,False,False,active,50.0,OK 16.10,OK 16.10,PASS
staff,remote,fragile,False,False,active,499.99,OK 16.10,OK 16.10,PASS
staff,remote,fragile,False,False,active,500.0,OK 0.00,OK 0.00,PASS
staff,remote,fragile,False,False,active,1000.0,OK 0.00,OK 0.00,PASS
staff,remote,fragile,False,False,frozen,-1.0,ERR ValueError: amount must be non-negative,ERR ValueError: amount must be non-negative,PASS
staff,remote,fragile,False,False,frozen,0.0,OK 0.00,OK 0.00,PASS
staff,remote,fragile,False,False,frozen,50.0,OK 23.00,OK 23.00,PASS
staff,remote,fragile,False,False,frozen,499.99,OK 23.00,OK 23.00,PASS
staff,remote,fragile,False,False,frozen,500.0,OK 23.00,OK 23.00,PASS
staff,remote,fragile,False,False,frozen,1000.0,OK 23.00,OK 23.00,PASS
staff,remote,fragile,False,False,banned,-1.0,ERR ValueError: amount must be non-negative,ERR ValueError: amount must be non-negative,PASS
staff,remote,fragile,False,False,banned,0.0,OK 0.00,OK 0.00,PASS
staff,remote,fragile,False,False,banned,50.0,ERR PermissionError: account is banned,ERR PermissionError: account is banned,PASS
staff,remote,fragile,False,False,banned,499.99,ERR PermissionError: account is banned,ERR PermissionError: account is banned,PASS
staff,remote,fragile,False,False,banned,500.0,ERR PermissionError: account is banned,ERR PermissionError: account is banned,PASS
staff,remote,fragile,False,False,banned,1000.0,ERR PermissionError: account is banned,ERR PermissionError: account is banned,PASS
staff,remote,fragile,False,True,active,-1.0,ERR ValueError: amount must be non-negative,ERR ValueError: amount must be non-negative,PASS
staff,remote,fragile,False,True,active,0.0,OK 0.00,OK 0.00,PASS
staff,remote,fragile,False,True,active,50.0,OK 11.10,OK 11.10,PASS
staff,remote,fragile,False,True,active,499.99,OK 11.10,OK 11.10,PASS
staff,remote,fragile,False,True,active,500.0,OK 0.00,OK 0.00,PASS
staff,remote,fragile,False,True,active,1000.0,OK 0.00,OK 0.00,PASS
staff,remote,fragile,False,True,frozen,-1.0,ERR ValueError: amount must be non-negative,ERR ValueError: amount must be non-negative,PASS
staff,remote,fragile,False,True,frozen,0.0,OK 0.00,OK 0.00,PASS
staff,remote,fragile,False,True,frozen,50.0,OK 23.00,OK 23.00,PASS
staff,remote,fragile,False,True,frozen,499.99,OK 23.00,OK 23.00,PASS
staff,remote,fragile,False,True,frozen,500.0,OK 23.00,OK 23.00,PASS
staff,remote,fragile,False,True,frozen,1000.0,OK 23.00,OK 23.00,PASS
staff,remote,fragile,False,True,banned,-1.0,ERR ValueError: amount must be non-negative,ERR ValueError: amount must be non-negative,PASS
staff,remote,fragile,False,True,banned,0.0,OK 0.00,OK 0.00,PASS
staff,remote,fragile,False,True,banned,50.0,ERR PermissionError: account is banned,ERR PermissionError: account is banned,PASS
staff,remote,fragile,False,True,banned,499.99,ERR PermissionError: account is banned,ERR PermissionError: account is banned,PASS
staff,remote,fragile,False,True,banned,500.0,ERR PermissionError: account is banned,ERR PermissionError: account is banned,PASS
staff,remote,fragile,False,True,banned,1000.0,ERR PermissionError: account is banned,ERR PermissionError: account is banned,PASS
staff,remote,fragile,True,False,active,-1.0,ERR ValueError: amount must be non-negative,ERR ValueError: amount must be non-negative,PASS
staff,remote,fragile,True,False,active,0.0,OK 0.00,OK 0.00,PASS
staff,remote,fragile,True,False,active,50.0,OK 33.60,OK 33.60,PASS
staff,remote,fragile,True,False,active,499.99,OK 33.60,OK 33.60,PASS
staff,remote,fragile,True,False,active,500.0,OK 17.50,OK 17.50,PASS
staff,remote,fragile,True,False,active,1000.0,OK 17.50,OK 17.50,PASS
staff,remote,fragile,True,False,frozen,-1.0,ERR ValueError: amount must be non-negative,ERR ValueError: amount must be non-negative,PASS
staff,remote,fragile,True,False,frozen,0.0,OK 0.00,OK 0.00,PASS
staff,remote,fragile,True,False,frozen,50.0,ERR RuntimeError: frozen account cannot use express,ERR RuntimeError: frozen account cannot use express,PASS
staff,remote,fragile,True,False,frozen,499.99,ERR RuntimeError: frozen account cannot use express,ERR RuntimeError: frozen account cannot use express,PASS
staff,remote,fragile,True,False,frozen,500.0,ERR RuntimeError: frozen account cannot use express,ERR RuntimeError: frozen account cannot use express,PASS
staff,remote,fragile,True,False,frozen,1000.0,ERR RuntimeError: frozen account cannot use express,ERR RuntimeError: frozen account cannot use express,PASS
staff,remote,fragile,True,False,banned,-1.0,ERR ValueError: amount must be non-negative,ERR ValueError: amount must be non-negative,PASS
staff,remote,fragile,True,False,banned,0.0,OK 0.00,OK 0.00,PASS
staff,remote,fragile,True,False,banned,50.0,ERR PermissionError: account is banned,ERR PermissionError: account is banned,PASS
staff,remote,fragile,True,False,banned,499.99,ERR PermissionError: account is banned,ERR PermissionError: account is banned,PASS
staff,remote,fragile,True,False,banned,500.0,ERR PermissionError: account is banned,ERR PermissionError: account is banned,PASS
staff,remote,fragile,True,False,banned,1000.0,ERR PermissionError: account is banned,ERR PermissionError: account is banned,PASS
staff,remote,fragile,True,True,active,-1.0,ERR ValueError: amount must be non-negative,ERR ValueError: amount must be non-negative,PASS
staff,remote,fragile,True,True,active,0.0,OK 0.00,OK 0.00,PASS
staff,remote,fragile,True,True,active,50.0,OK 32.10,OK 32.10,PASS
staff,remote,fragile,True,True,active,499.99,OK 32.10,OK 32.10,PASS
staff,remote,fragile,True,True,active,500.0,OK 16.00,OK 16.00,PASS
staff,remote,fragile,True,True,active,1000.0,OK 16.00,OK 16.00,PASS
staff,remote,fragile,True,True,frozen,-1.0,ERR ValueError: amount must be non-negative,ERR ValueError: amount must be non-negative,PASS
staff,remote,fragile,True,True,frozen,0.0,OK 0.00,OK 0.00,PASS
staff,remote,fragile,True,True,frozen,50.0,ERR RuntimeError: frozen account cannot use express,ERR RuntimeError: frozen account cannot use express,PASS
staff,remote,fragile,True,True,frozen,499.99,ERR RuntimeError: frozen account cannot use express,ERR RuntimeError: frozen account cannot use express,PASS
staff,remote,fragile,True,True,frozen,500.0,ERR RuntimeError: frozen account cannot use express,ERR RuntimeError: frozen account cannot use express,PASS
staff,remote,fragile,True,True,frozen,1000.0,ERR RuntimeError: frozen account cannot use express,ERR RuntimeError: frozen account cannot use express,PASS
staff,remote,fragile,True,True,banned,-1.0,ERR ValueError: amount must be non-negative,ERR ValueError: amount must be non-negative,PASS
staff,remote,fragile,True,True,banned,0.0,OK 0.00,OK 0.00,PASS
staff,remote,fragile,True,True,banned,50.0,ERR PermissionError: account is banned,ERR PermissionError: account is banned,PASS
staff,remote,fragile,True,True,banned,499.99,ERR PermissionError: account is banned,ERR PermissionError: account is banned,PASS
staff,remote,fragile,True,True,banned,500.0,ERR PermissionError: account is banned,ERR PermissionError: account is banned,PASS
staff,remote,fragile,True,True,banned,1000.0,ERR PermissionError: account is banned,ERR PermissionError: account is banned,PASS
staff,remote,frozen,False,False,active,-1.0,ERR ValueError: amount must be non-negative,ERR ValueError: amount must be non-negative,PASS
staff,remote,frozen,False,False,active,0.0,OK 0.00,OK 0.00,PASS
staff,remote,frozen,False,False,active,50.0,ERR ValueError: frozen goods cannot be shipped to remote area,ERR ValueError: frozen goods cannot be shipped to remote area,PASS
staff,remote,frozen,False,False,active,499.99,ERR ValueError: frozen goods cannot be shipped to remote area,ERR ValueError: frozen goods cannot be shipped to remote area,PASS
staff,remote,frozen,False,False,active,500.0,ERR ValueError: frozen goods cannot be shipped to remote area,ERR ValueError: frozen goods cannot be shipped to remote area,PASS
staff,remote,frozen,False,False,active,1000.0,ERR ValueError: frozen goods cannot be shipped to remote area,ERR ValueError: frozen goods cannot be shipped to remote area,PASS
staff,remote,frozen,False,False,frozen,-1.0,ERR ValueError: amount must be non-negative,ERR ValueError: amount must be non-negative,PASS
staff,remote,frozen,False,False,frozen,0.0,OK 0.00,OK 0.00,PASS
staff,remote,frozen,False,False,frozen,50.0,ERR ValueError: frozen goods cannot be shipped to remote area,ERR ValueError: frozen goods cannot be shipped to remote area,PASS
staff,remote,frozen,False,False,frozen,499.99,ERR ValueError: frozen goods cannot be shipped to remote area,ERR ValueError: frozen goods cannot be shipped to remote area,PASS
staff,remote,frozen,False,False,frozen,500.0,ERR ValueError: frozen goods cannot be shipped to remote area,ERR ValueError: frozen goods cannot be shipped to remote area,PASS
staff,remote,frozen,False,False,frozen,1000.0,ERR ValueError: frozen goods cannot be shipped to remote area,ERR ValueError: frozen goods cannot be shipped to remote area,PASS
staff,remote,frozen,False,False,banned,-1.0,ERR ValueError: amount must be non-negative,ERR ValueError: amount must be non-negative,PASS
staff,remote,frozen,False,False,banned,0.0,OK 0.00,OK 0.00,PASS
staff,remote,frozen,False,False,banned,50.0,ERR PermissionError: account is banned,ERR PermissionError: account is banned,PASS
staff,remote,frozen,False,False,banned,499.99,ERR PermissionError: account is banned,ERR PermissionError: account is banned,PASS
staff,remote,frozen,False,False,banned,500.0,ERR PermissionError: account is banned,ERR PermissionError: account is banned,PASS
staff,remote,frozen,False,False,banned,1000.0,ERR PermissionError: account is banned,ERR PermissionError: account is banned,PASS
staff,remote,frozen,False,True,active,-1.0,ERR ValueError: amount must be non-negative,ERR ValueError: amount must be non-negative,PASS
staff,remote,frozen,False,True,active,0.0,OK 0.00,OK 0.00,PASS
staff,remote,frozen,False,True,active,50.0,ERR ValueError: frozen goods cannot be shipped to remote area,ERR ValueError: frozen goods cannot be shipped to remote area,PASS
staff,remote,frozen,False,True,active,499.99,ERR ValueError: frozen goods cannot be shipped to remote area,ERR ValueError: frozen goods cannot be shipped to remote area,PASS
staff,remote,frozen,False,True,active,500.0,ERR ValueError: frozen goods cannot be shipped to remote area,ERR ValueError: frozen goods cannot be shipped to remote area,PASS
staff,remote,frozen,False,True,active,1000.0,ERR ValueError: frozen goods cannot be shipped to remote area,ERR ValueError: frozen goods cannot be shipped to remote area,PASS
staff,remote,frozen,False,True,frozen,-1.0,ERR ValueError: amount must be non-negative,ERR ValueError: amount must be non-negative,PASS
staff,remote,frozen,False,True,frozen,0.0,OK 0.00,OK 0.00,PASS
staff,remote,frozen,False,True,frozen,50.0,ERR ValueError: frozen goods cannot be shipped to remote area,ERR ValueError: frozen goods cannot be shipped to remote area,PASS
staff,remote,frozen,False,True,frozen,499.99,ERR ValueError: frozen goods cannot be shipped to remote area,ERR ValueError: frozen goods cannot be shipped to remote area,PASS
staff,remote,frozen,False,True,frozen,500.0,ERR ValueError: frozen goods cannot be shipped to remote area,ERR ValueError: frozen goods cannot be shipped to remote area,PASS
staff,remote,frozen,False,True,frozen,1000.0,ERR ValueError: frozen goods cannot be shipped to remote area,ERR ValueError: frozen goods cannot be shipped to remote area,PASS
staff,remote,frozen,False,True,banned,-1.0,ERR ValueError: amount must be non-negative,ERR ValueError: amount must be non-negative,PASS
staff,remote,frozen,False,True,banned,0.0,OK 0.00,OK 0.00,PASS
staff,remote,frozen,False,True,banned,50.0,ERR PermissionError: account is banned,ERR PermissionError: account is banned,PASS
staff,remote,frozen,False,True,banned,499.99,ERR PermissionError: account is banned,ERR PermissionError: account is banned,PASS
staff,remote,frozen,False,True,banned,500.0,ERR PermissionError: account is banned,ERR PermissionError: account is banned,PASS
staff,remote,frozen,False,True,banned,1000.0,ERR PermissionError: account is banned,ERR PermissionError: account is banned,PASS
staff,remote,frozen,True,False,active,-1.0,ERR ValueError: amount must be non-negative,ERR ValueError: amount must be non-negative,PASS
staff,remote,frozen,True,False,active,0.0,OK 0.00,OK 0.00,PASS
staff,remote,frozen,True,False,active,50.0,ERR ValueError: frozen goods cannot be shipped to remote area,ERR ValueError: frozen goods cannot be shipped to remote area,PASS
staff,remote,frozen,True,False,active,499.99,ERR ValueError: frozen goods cannot be shipped to remote area,ERR ValueError: frozen goods cannot be shipped to remote area,PASS
staff,remote,frozen,True,False,active,500.0,ERR ValueError: frozen goods cannot be shipped to remote area,ERR ValueError: frozen goods cannot be shipped to remote area,PASS
staff,remote,frozen,True,False,active,1000.0,ERR ValueError: frozen goods cannot be shipped to remote area,ERR ValueError: frozen goods cannot be shipped to remote area,PASS
staff,remote,frozen,True,False,frozen,-1.0,ERR ValueError: amount must be non-negative,ERR ValueError: amount must be non-negative,PASS
staff,remote,frozen,True,False,frozen,0.0,OK 0.00,OK 0.00,PASS
staff,remote,frozen,True,False,frozen,50.0,ERR RuntimeError: frozen account cannot use express,ERR RuntimeError: frozen account cannot use express,PASS
staff,remote,frozen,True,False,frozen,499.99,ERR RuntimeError: frozen account cannot use express,ERR RuntimeError: frozen account cannot use express,PASS
staff,remote,frozen,True,False,frozen,500.0,ERR RuntimeError: frozen account cannot use express,ERR RuntimeError: frozen account cannot use express,PASS
staff,remote,frozen,True,False,frozen,1000.0,ERR RuntimeError: frozen account cannot use express,ERR RuntimeError: frozen account cannot use express,PASS
staff,remote,frozen,True,False,banned,-1.0,ERR ValueError: amount must be non-negative,ERR ValueError: amount must be non-negative,PASS
staff,remote,frozen,True,False,banned,0.0,OK 0.00,OK 0.00,PASS
staff,remote,frozen,True,False,banned,50.0,ERR PermissionError: account is banned,ERR PermissionError: account is banned,PASS
staff,remote,frozen,True,False,banned,499.99,ERR PermissionError: account is banned,ERR PermissionError: account is banned,PASS
staff,remote,frozen,True,False,banned,500.0,ERR PermissionError: account is banned,ERR PermissionError: account is banned,PASS
staff,remote,frozen,True,False,banned,1000.0,ERR PermissionError: account is banned,ERR PermissionError: account is banned,PASS
staff,remote,frozen,True,True,active,-1.0,ERR ValueError: amount must be non-negative,ERR ValueError: amount must be non-negative,PASS
staff,remote,frozen,True,True,active,0.0,OK 0.00,OK 0.00,PASS
staff,remote,frozen,True,True,active,50.0,ERR ValueError: frozen goods cannot be shipped to remote area,ERR ValueError: frozen goods cannot be shipped to remote area,PASS
staff,remote,frozen,True,True,active,499.99,ERR ValueError: frozen goods cannot be shipped to remote area,ERR ValueError: frozen goods cannot be shipped to remote area,PASS
staff,remote,frozen,True,True,active,500.0,ERR ValueError: frozen goods cannot be shipped to remote area,ERR ValueError: frozen goods cannot be shipped to remote area,PASS
staff,remote,frozen,True,True,active,1000.0,ERR ValueError: frozen goods cannot be shipped to remote area,ERR ValueError: frozen goods cannot be shipped to remote area,PASS
staff,remote,frozen,True,True,frozen,-1.0,ERR ValueError: amount must be non-negative,ERR ValueError: amount must be non-negative,PASS
staff,remote,frozen,True,True,frozen,0.0,OK 0.00,OK 0.00,PASS
staff,remote,frozen,True,True,frozen,50.0,ERR RuntimeError: frozen account cannot use express,ERR RuntimeError: frozen account cannot use express,PASS
staff,remote,frozen,True,True,frozen,499.99,ERR RuntimeError: frozen account cannot use express,ERR RuntimeError: frozen account cannot use express,PASS
staff,remote,frozen,True,True,frozen,500.0,ERR RuntimeError: frozen account cannot use express,ERR RuntimeError: frozen account cannot use express,PASS
staff,remote,frozen,True,True,frozen,1000.0,ERR RuntimeError: frozen account cannot use express,ERR RuntimeError: frozen account cannot use express,PASS
staff,remote,frozen,True,True,banned,-1.0,ERR ValueError: amount must be non-negative,ERR ValueError: amount must be non-negative,PASS
staff,remote,frozen,True,True,banned,0.0,OK 0.00,OK 0.00,PASS
staff,remote,frozen,True,True,banned,50.0,ERR PermissionError: account is banned,ERR PermissionError: account is banned,PASS
staff,remote,frozen,True,True,banned,499.99,ERR PermissionError: account is banned,ERR PermissionError: account is banned,PASS
staff,remote,frozen,True,True,banned,500.0,ERR PermissionError: account is banned,ERR PermissionError: account is banned,PASS
staff,remote,frozen,True,True,banned,1000.0,ERR PermissionError: account is banned,ERR PermissionError: account is banned,PASS
staff,overseas,normal,False,False,active,-1.0,ERR ValueError: amount must be non-negative,ERR ValueError: amount must be non-negative,PASS
staff,overseas,normal,False,False,active,0.0,OK 0.00,OK 0.00,PASS
staff,overseas,normal,False,False,active,50.0,OK 28.00,OK 28.00,PASS
staff,overseas,normal,False,False,active,499.99,OK 28.00,OK 28.00,PASS
staff,overseas,normal,False,False,active,500.0,OK 28.00,OK 28.00,PASS
staff,overseas,normal,False,False,active,1000.0,OK 28.00,OK 28.00,PASS
staff,overseas,normal,False,False,frozen,-1.0,ERR ValueError: amount must be non-negative,ERR ValueError: amount must be non-negative,PASS
staff,overseas,normal,False,False,frozen,0.0,OK 0.00,OK 0.00,PASS
staff,overseas,normal,False,False,frozen,50.0,ERR PermissionError: frozen account cannot ship overseas,ERR PermissionError: frozen account cannot ship overseas,PASS
staff,overseas,normal,False,False,frozen,499.99,ERR PermissionError: frozen account cannot ship overseas,ERR PermissionError: frozen account cannot ship overseas,PASS
staff,overseas,normal,False,False,frozen,500.0,ERR PermissionError: frozen account cannot ship overseas,ERR PermissionError: frozen account cannot ship overseas,PASS
staff,overseas,normal,False,False,frozen,1000.0,ERR PermissionError: frozen account cannot ship overseas,ERR PermissionError: frozen account cannot ship overseas,PASS
staff,overseas,normal,False,False,banned,-1.0,ERR ValueError: amount must be non-negative,ERR ValueError: amount must be non-negative,PASS
staff,overseas,normal,False,False,banned,0.0,OK 0.00,OK 0.00,PASS
staff,overseas,normal,False,False,banned,50.0,ERR PermissionError: account is banned,ERR PermissionError: account is banned,PASS
staff,overseas,normal,False,False,banned,499.99,ERR PermissionError: account is banned,ERR PermissionError: account is banned,PASS
staff,overseas,normal,False,False,banned,500.0,ERR PermissionError: account is banned,ERR PermissionError: account is banned,PASS
staff,overseas,normal,False,False,banned,1000.0,ERR PermissionError: account is banned,ERR PermissionError: account is banned,PASS
staff,overseas,normal,False,True,active,-1.0,ERR ValueError: amount must be non-negative,ERR ValueError: amount must be non-negative,PASS
staff,overseas,normal,False,True,active,0.0,OK 0.00,OK 0.00,PASS
staff,overseas,normal,False,True,active,50.0,OK 23.00,OK 23.00,PASS
staff,overseas,normal,False,True,active,499.99,OK 23.00,OK 23.00,PASS
staff,overseas,normal,False,True,active,500.0,OK 23.00,OK 23.00,PASS
staff,overseas,normal,False,True,active,1000.0,OK 23.00,OK 23.00,PASS
staff,overseas,normal,False,True,frozen,-1.0,ERR ValueError: amount must be non-negative,ERR ValueError: amount must be non-negative,PASS
staff,overseas,normal,False,True,frozen,0.0,OK 0.00,OK 0.00,PASS
staff,overseas,normal,False,True,frozen,50.0,ERR PermissionError: frozen account cannot ship overseas,ERR PermissionError: frozen account cannot ship overseas,PASS
staff,overseas,normal,False,True,frozen,499.99,ERR PermissionError: frozen account cannot ship overseas,ERR PermissionError: frozen account cannot ship overseas,PASS
staff,overseas,normal,False,True,frozen,500.0,ERR PermissionError: frozen account cannot ship overseas,ERR PermissionError: frozen account cannot ship overseas,PASS
staff,overseas,normal,False,True,frozen,1000.0,ERR PermissionError: frozen account cannot ship overseas,ERR PermissionError: frozen account cannot ship overseas,PASS
staff,overseas,normal,False,True,banned,-1.0,ERR ValueError: amount must be non-negative,ERR ValueError: amount must be non-negative,PASS
staff,overseas,normal,False,True,banned,0.0,OK 0.00,OK 0.00,PASS
staff,overseas,normal,False,True,banned,50.0,ERR PermissionError: account is banned,ERR PermissionError: account is banned,PASS
staff,overseas,normal,False,True,banned,499.99,ERR PermissionError: account is banned,ERR PermissionError: account is banned,PASS
staff,overseas,normal,False,True,banned,500.0,ERR PermissionError: account is banned,ERR PermissionError: account is banned,PASS
staff,overseas,normal,False,True,banned,1000.0,ERR PermissionError: account is banned,ERR PermissionError: account is banned,PASS
staff,overseas,normal,True,False,active,-1.0,ERR ValueError: amount must be non-negative,ERR ValueError: amount must be non-negative,PASS
staff,overseas,normal,True,False,active,0.0,OK 0.00,OK 0.00,PASS
staff,overseas,normal,True,False,active,50.0,ERR RuntimeError: express not available for overseas orders,ERR RuntimeError: express not available for overseas orders,PASS
staff,overseas,normal,True,False,active,499.99,ERR RuntimeError: express not available for overseas orders,ERR RuntimeError: express not available for overseas orders,PASS
staff,overseas,normal,True,False,active,500.0,ERR RuntimeError: express not available for overseas orders,ERR RuntimeError: express not available for overseas orders,PASS
staff,overseas,normal,True,False,active,1000.0,ERR RuntimeError: express not available for overseas orders,ERR RuntimeError: express not available for overseas orders,PASS
staff,overseas,normal,True,False,frozen,-1.0,ERR ValueError: amount must be non-negative,ERR ValueError: amount must be non-negative,PASS
staff,overseas,normal,True,False,frozen,0.0,OK 0.00,OK 0.00,PASS
staff,overseas,normal,True,False,frozen,50.0,ERR PermissionError: frozen account cannot ship overseas,ERR PermissionError: frozen account cannot ship overseas,PASS
staff,overseas,normal,True,False,frozen,499.99,ERR PermissionError: frozen account cannot ship overseas,ERR PermissionError: frozen account cannot ship overseas,PASS
staff,overseas,normal,True,False,frozen,500.0,ERR PermissionError: frozen account cannot ship overseas,ERR PermissionError: frozen account cannot ship overseas,PASS
staff,overseas,normal,True,False,frozen,1000.0,ERR PermissionError: frozen account cannot ship overseas,ERR PermissionError: frozen account cannot ship overseas,PASS
staff,overseas,normal,True,False,banned,-1.0,ERR ValueError: amount must be non-negative,ERR ValueError: amount must be non-negative,PASS
staff,overseas,normal,True,False,banned,0.0,OK 0.00,OK 0.00,PASS
staff,overseas,normal,True,False,banned,50.0,ERR PermissionError: account is banned,ERR PermissionError: account is banned,PASS
staff,overseas,normal,True,False,banned,499.99,ERR PermissionError: account is banned,ERR PermissionError: account is banned,PASS
staff,overseas,normal,True,False,banned,500.0,ERR PermissionError: account is banned,ERR PermissionError: account is banned,PASS
staff,overseas,normal,True,False,banned,1000.0,ERR PermissionError: account is banned,ERR PermissionError: account is banned,PASS
staff,overseas,normal,True,True,active,-1.0,ERR ValueError: amount must be non-negative,ERR ValueError: amount must be non-negative,PASS
staff,overseas,normal,True,True,active,0.0,OK 0.00,OK 0.00,PASS
staff,overseas,normal,True,True,active,50.0,ERR RuntimeError: express not available for overseas orders,ERR RuntimeError: express not available for overseas orders,PASS
staff,overseas,normal,True,True,active,499.99,ERR RuntimeError: express not available for overseas orders,ERR RuntimeError: express not available for overseas orders,PASS
staff,overseas,normal,True,True,active,500.0,ERR RuntimeError: express not available for overseas orders,ERR RuntimeError: express not available for overseas orders,PASS
staff,overseas,normal,True,True,active,1000.0,ERR RuntimeError: express not available for overseas orders,ERR RuntimeError: express not available for overseas orders,PASS
staff,overseas,normal,True,True,frozen,-1.0,ERR ValueError: amount must be non-negative,ERR ValueError: amount must be non-negative,PASS
staff,overseas,normal,True,True,frozen,0.0,OK 0.00,OK 0.00,PASS
staff,overseas,normal,True,True,frozen,50.0,ERR PermissionError: frozen account cannot ship overseas,ERR PermissionError: frozen account cannot ship overseas,PASS
staff,overseas,normal,True,True,frozen,499.99,ERR PermissionError: frozen account cannot ship overseas,ERR PermissionError: frozen account cannot ship overseas,PASS
staff,overseas,normal,True,True,frozen,500.0,ERR PermissionError: frozen account cannot ship overseas,ERR PermissionError: frozen account cannot ship overseas,PASS
staff,overseas,normal,True,True,frozen,1000.0,ERR PermissionError: frozen account cannot ship overseas,ERR PermissionError: frozen account cannot ship overseas,PASS
staff,overseas,normal,True,True,banned,-1.0,ERR ValueError: amount must be non-negative,ERR ValueError: amount must be non-negative,PASS
staff,overseas,normal,True,True,banned,0.0,OK 0.00,OK 0.00,PASS
staff,overseas,normal,True,True,banned,50.0,ERR PermissionError: account is banned,ERR PermissionError: account is banned,PASS
staff,overseas,normal,True,True,banned,499.99,ERR PermissionError: account is banned,ERR PermissionError: account is banned,PASS
staff,overseas,normal,True,True,banned,500.0,ERR PermissionError: account is banned,ERR PermissionError: account is banned,PASS
staff,overseas,normal,True,True,banned,1000.0,ERR PermissionError: account is banned,ERR PermissionError: account is banned,PASS
staff,overseas,fragile,False,False,active,-1.0,ERR ValueError: amount must be non-negative,ERR ValueError: amount must be non-negative,PASS
staff,overseas,fragile,False,False,active,0.0,OK 0.00,OK 0.00,PASS
staff,overseas,fragile,False,False,active,50.0,OK 33.60,OK 33.60,PASS
staff,overseas,fragile,False,False,active,499.99,OK 33.60,OK 33.60,PASS
staff,overseas,fragile,False,False,active,500.0,OK 33.60,OK 33.60,PASS
staff,overseas,fragile,False,False,active,1000.0,OK 33.60,OK 33.60,PASS
staff,overseas,fragile,False,False,frozen,-1.0,ERR ValueError: amount must be non-negative,ERR ValueError: amount must be non-negative,PASS
staff,overseas,fragile,False,False,frozen,0.0,OK 0.00,OK 0.00,PASS
staff,overseas,fragile,False,False,frozen,50.0,ERR PermissionError: frozen account cannot ship overseas,ERR PermissionError: frozen account cannot ship overseas,PASS
staff,overseas,fragile,False,False,frozen,499.99,ERR PermissionError: frozen account cannot ship overseas,ERR PermissionError: frozen account cannot ship overseas,PASS
staff,overseas,fragile,False,False,frozen,500.0,ERR PermissionError: frozen account cannot ship overseas,ERR PermissionError: frozen account cannot ship overseas,PASS
staff,overseas,fragile,False,False,frozen,1000.0,ERR PermissionError: frozen account cannot ship overseas,ERR PermissionError: frozen account cannot ship overseas,PASS
staff,overseas,fragile,False,False,banned,-1.0,ERR ValueError: amount must be non-negative,ERR ValueError: amount must be non-negative,PASS
staff,overseas,fragile,False,False,banned,0.0,OK 0.00,OK 0.00,PASS
staff,overseas,fragile,False,False,banned,50.0,ERR PermissionError: account is banned,ERR PermissionError: account is banned,PASS
staff,overseas,fragile,False,False,banned,499.99,ERR PermissionError: account is banned,ERR PermissionError: account is banned,PASS
staff,overseas,fragile,False,False,banned,500.0,ERR PermissionError: account is banned,ERR PermissionError: account is banned,PASS
staff,overseas,fragile,False,False,banned,1000.0,ERR PermissionError: account is banned,ERR PermissionError: account is banned,PASS
staff,overseas,fragile,False,True,active,-1.0,ERR ValueError: amount must be non-negative,ERR ValueError: amount must be non-negative,PASS
staff,overseas,fragile,False,True,active,0.0,OK 0.00,OK 0.00,PASS
staff,overseas,fragile,False,True,active,50.0,OK 28.60,OK 28.60,PASS
staff,overseas,fragile,False,True,active,499.99,OK 28.60,OK 28.60,PASS
staff,overseas,fragile,False,True,active,500.0,OK 28.60,OK 28.60,PASS
staff,overseas,fragile,False,True,active,1000.0,OK 28.60,OK 28.60,PASS
staff,overseas,fragile,False,True,frozen,-1.0,ERR ValueError: amount must be non-negative,ERR ValueError: amount must be non-negative,PASS
staff,overseas,fragile,False,True,frozen,0.0,OK 0.00,OK 0.00,PASS
staff,overseas,fragile,False,True,frozen,50.0,ERR PermissionError: frozen account cannot ship overseas,ERR PermissionError: frozen account cannot ship overseas,PASS
staff,overseas,fragile,False,True,frozen,499.99,ERR PermissionError: frozen account cannot ship overseas,ERR PermissionError: frozen account cannot ship overseas,PASS
staff,overseas,fragile,False,True,frozen,500.0,ERR PermissionError: frozen account cannot ship overseas,ERR PermissionError: frozen account cannot ship overseas,PASS
staff,overseas,fragile,False,True,frozen,1000.0,ERR PermissionError: frozen account cannot ship overseas,ERR PermissionError: frozen account cannot ship overseas,PASS
staff,overseas,fragile,False,True,banned,-1.0,ERR ValueError: amount must be non-negative,ERR ValueError: amount must be non-negative,PASS
staff,overseas,fragile,False,True,banned,0.0,OK 0.00,OK 0.00,PASS
staff,overseas,fragile,False,True,banned,50.0,ERR PermissionError: account is banned,ERR PermissionError: account is banned,PASS
staff,overseas,fragile,False,True,banned,499.99,ERR PermissionError: account is banned,ERR PermissionError: account is banned,PASS
staff,overseas,fragile,False,True,banned,500.0,ERR PermissionError: account is banned,ERR PermissionError: account is banned,PASS
staff,overseas,fragile,False,True,banned,1000.0,ERR PermissionError: account is banned,ERR PermissionError: account is banned,PASS
staff,overseas,fragile,True,False,active,-1.0,ERR ValueError: amount must be non-negative,ERR ValueError: amount must be non-negative,PASS
staff,overseas,fragile,True,False,active,0.0,OK 0.00,OK 0.00,PASS
staff,overseas,fragile,True,False,active,50.0,ERR RuntimeError: express not available for overseas orders,ERR RuntimeError: express not available for overseas orders,PASS
staff,overseas,fragile,True,False,active,499.99,ERR RuntimeError: express not available for overseas orders,ERR RuntimeError: express not available for overseas orders,PASS
staff,overseas,fragile,True,False,active,500.0,ERR RuntimeError: express not available for overseas orders,ERR RuntimeError: express not available for overseas orders,PASS
staff,overseas,fragile,True,False,active,1000.0,ERR RuntimeError: express not available for overseas orders,ERR RuntimeError: express not available for overseas orders,PASS
staff,overseas,fragile,True,False,frozen,-1.0,ERR ValueError: amount must be non-negative,ERR ValueError: amount must be non-negative,PASS
staff,overseas,fragile,True,False,frozen,0.0,OK 0.00,OK 0.00,PASS
staff,overseas,fragile,True,False,frozen,50.0,ERR PermissionError: frozen account cannot ship overseas,ERR PermissionError: frozen account cannot ship overseas,PASS
staff,overseas,fragile,True,False,frozen,499.99,ERR PermissionError: frozen account cannot ship overseas,ERR PermissionError: frozen account cannot ship overseas,PASS
staff,overseas,fragile,True,False,frozen,500.0,ERR PermissionError: frozen account cannot ship overseas,ERR PermissionError: frozen account cannot ship overseas,PASS
staff,overseas,fragile,True,False,frozen,1000.0,ERR PermissionError: frozen account cannot ship overseas,ERR PermissionError: frozen account cannot ship overseas,PASS
staff,overseas,fragile,True,False,banned,-1.0,ERR ValueError: amount must be non-negative,ERR ValueError: amount must be non-negative,PASS
staff,overseas,fragile,True,False,banned,0.0,OK 0.00,OK 0.00,PASS
staff,overseas,fragile,True,False,banned,50.0,ERR PermissionError: account is banned,ERR PermissionError: account is banned,PASS
staff,overseas,fragile,True,False,banned,499.99,ERR PermissionError: account is banned,ERR PermissionError: account is banned,PASS
staff,overseas,fragile,True,False,banned,500.0,ERR PermissionError: account is banned,ERR PermissionError: account is banned,PASS
staff,overseas,fragile,True,False,banned,1000.0,ERR PermissionError: account is banned,ERR PermissionError: account is banned,PASS
staff,overseas,fragile,True,True,active,-1.0,ERR ValueError: amount must be non-negative,ERR ValueError: amount must be non-negative,PASS
staff,overseas,fragile,True,True,active,0.0,OK 0.00,OK 0.00,PASS
staff,overseas,fragile,True,True,active,50.0,ERR RuntimeError: express not available for overseas orders,ERR RuntimeError: express not available for overseas orders,PASS
staff,overseas,fragile,True,True,active,499.99,ERR RuntimeError: express not available for overseas orders,ERR RuntimeError: express not available for overseas orders,PASS
staff,overseas,fragile,True,True,active,500.0,ERR RuntimeError: express not available for overseas orders,ERR RuntimeError: express not available for overseas orders,PASS
staff,overseas,fragile,True,True,active,1000.0,ERR RuntimeError: express not available for overseas orders,ERR RuntimeError: express not available for overseas orders,PASS
staff,overseas,fragile,True,True,frozen,-1.0,ERR ValueError: amount must be non-negative,ERR ValueError: amount must be non-negative,PASS
staff,overseas,fragile,True,True,frozen,0.0,OK 0.00,OK 0.00,PASS
staff,overseas,fragile,True,True,frozen,50.0,ERR PermissionError: frozen account cannot ship overseas,ERR PermissionError: frozen account cannot ship overseas,PASS
staff,overseas,fragile,True,True,frozen,499.99,ERR PermissionError: frozen account cannot ship overseas,ERR PermissionError: frozen account cannot ship overseas,PASS
staff,overseas,fragile,True,True,frozen,500.0,ERR PermissionError: frozen account cannot ship overseas,ERR PermissionError: frozen account cannot ship overseas,PASS
staff,overseas,fragile,True,True,frozen,1000.0,ERR PermissionError: frozen account cannot ship overseas,ERR PermissionError: frozen account cannot ship overseas,PASS
staff,overseas,fragile,True,True,banned,-1.0,ERR ValueError: amount must be non-negative,ERR ValueError: amount must be non-negative,PASS
staff,overseas,fragile,True,True,banned,0.0,OK 0.00,OK 0.00,PASS
staff,overseas,fragile,True,True,banned,50.0,ERR PermissionError: account is banned,ERR PermissionError: account is banned,PASS
staff,overseas,fragile,True,True,banned,499.99,ERR PermissionError: account is banned,ERR PermissionError: account is banned,PASS
staff,overseas,fragile,True,True,banned,500.0,ERR PermissionError: account is banned,ERR PermissionError: account is banned,PASS
staff,overseas,fragile,True,True,banned,1000.0,ERR PermissionError: account is banned,ERR PermissionError: account is banned,PASS
staff,overseas,frozen,False,False,active,-1.0,ERR ValueError: amount must be non-negative,ERR ValueError: amount must be non-negative,PASS
staff,overseas,frozen,False,False,active,0.0,OK 0.00,OK 0.00,PASS
staff,overseas,frozen,False,False,active,50.0,ERR ValueError: frozen goods cannot be shipped overseas,ERR ValueError: frozen goods cannot be shipped overseas,PASS
staff,overseas,frozen,False,False,active,499.99,ERR ValueError: frozen goods cannot be shipped overseas,ERR ValueError: frozen goods cannot be shipped overseas,PASS
staff,overseas,frozen,False,False,active,500.0,ERR ValueError: frozen goods cannot be shipped overseas,ERR ValueError: frozen goods cannot be shipped overseas,PASS
staff,overseas,frozen,False,False,active,1000.0,ERR ValueError: frozen goods cannot be shipped overseas,ERR ValueError: frozen goods cannot be shipped overseas,PASS
staff,overseas,frozen,False,False,frozen,-1.0,ERR ValueError: amount must be non-negative,ERR ValueError: amount must be non-negative,PASS
staff,overseas,frozen,False,False,frozen,0.0,OK 0.00,OK 0.00,PASS
staff,overseas,frozen,False,False,frozen,50.0,ERR PermissionError: frozen account cannot ship overseas,ERR PermissionError: frozen account cannot ship overseas,PASS
staff,overseas,frozen,False,False,frozen,499.99,ERR PermissionError: frozen account cannot ship overseas,ERR PermissionError: frozen account cannot ship overseas,PASS
staff,overseas,frozen,False,False,frozen,500.0,ERR PermissionError: frozen account cannot ship overseas,ERR PermissionError: frozen account cannot ship overseas,PASS
staff,overseas,frozen,False,False,frozen,1000.0,ERR PermissionError: frozen account cannot ship overseas,ERR PermissionError: frozen account cannot ship overseas,PASS
staff,overseas,frozen,False,False,banned,-1.0,ERR ValueError: amount must be non-negative,ERR ValueError: amount must be non-negative,PASS
staff,overseas,frozen,False,False,banned,0.0,OK 0.00,OK 0.00,PASS
staff,overseas,frozen,False,False,banned,50.0,ERR PermissionError: account is banned,ERR PermissionError: account is banned,PASS
staff,overseas,frozen,False,False,banned,499.99,ERR PermissionError: account is banned,ERR PermissionError: account is banned,PASS
staff,overseas,frozen,False,False,banned,500.0,ERR PermissionError: account is banned,ERR PermissionError: account is banned,PASS
staff,overseas,frozen,False,False,banned,1000.0,ERR PermissionError: account is banned,ERR PermissionError: account is banned,PASS
staff,overseas,frozen,False,True,active,-1.0,ERR ValueError: amount must be non-negative,ERR ValueError: amount must be non-negative,PASS
staff,overseas,frozen,False,True,active,0.0,OK 0.00,OK 0.00,PASS
staff,overseas,frozen,False,True,active,50.0,ERR ValueError: frozen goods cannot be shipped overseas,ERR ValueError: frozen goods cannot be shipped overseas,PASS
staff,overseas,frozen,False,True,active,499.99,ERR ValueError: frozen goods cannot be shipped overseas,ERR ValueError: frozen goods cannot be shipped overseas,PASS
staff,overseas,frozen,False,True,active,500.0,ERR ValueError: frozen goods cannot be shipped overseas,ERR ValueError: frozen goods cannot be shipped overseas,PASS
staff,overseas,frozen,False,True,active,1000.0,ERR ValueError: frozen goods cannot be shipped overseas,ERR ValueError: frozen goods cannot be shipped overseas,PASS
staff,overseas,frozen,False,True,frozen,-1.0,ERR ValueError: amount must be non-negative,ERR ValueError: amount must be non-negative,PASS
staff,overseas,frozen,False,True,frozen,0.0,OK 0.00,OK 0.00,PASS
staff,overseas,frozen,False,True,frozen,50.0,ERR PermissionError: frozen account cannot ship overseas,ERR PermissionError: frozen account cannot ship overseas,PASS
staff,overseas,frozen,False,True,frozen,499.99,ERR PermissionError: frozen account cannot ship overseas,ERR PermissionError: frozen account cannot ship overseas,PASS
staff,overseas,frozen,False,True,frozen,500.0,ERR PermissionError: frozen account cannot ship overseas,ERR PermissionError: frozen account cannot ship overseas,PASS
staff,overseas,frozen,False,True,frozen,1000.0,ERR PermissionError: frozen account cannot ship overseas,ERR PermissionError: frozen account cannot ship overseas,PASS
staff,overseas,frozen,False,True,banned,-1.0,ERR ValueError: amount must be non-negative,ERR ValueError: amount must be non-negative,PASS
staff,overseas,frozen,False,True,banned,0.0,OK 0.00,OK 0.00,PASS
staff,overseas,frozen,False,True,banned,50.0,ERR PermissionError: account is banned,ERR PermissionError: account is banned,PASS
staff,overseas,frozen,False,True,banned,499.99,ERR PermissionError: account is banned,ERR PermissionError: account is banned,PASS
staff,overseas,frozen,False,True,banned,500.0,ERR PermissionError: account is banned,ERR PermissionError: account is banned,PASS
staff,overseas,frozen,False,True,banned,1000.0,ERR PermissionError: account is banned,ERR PermissionError: account is banned,PASS
staff,overseas,frozen,True,False,active,-1.0,ERR ValueError: amount must be non-negative,ERR ValueError: amount must be non-negative,PASS
staff,overseas,frozen,True,False,active,0.0,OK 0.00,OK 0.00,PASS
staff,overseas,frozen,True,False,active,50.0,ERR ValueError: frozen goods cannot be shipped overseas,ERR ValueError: frozen goods cannot be shipped overseas,PASS
staff,overseas,frozen,True,False,active,499.99,ERR ValueError: frozen goods cannot be shipped overseas,ERR ValueError: frozen goods cannot be shipped overseas,PASS
staff,overseas,frozen,True,False,active,500.0,ERR ValueError: frozen goods cannot be shipped overseas,ERR ValueError: frozen goods cannot be shipped overseas,PASS
staff,overseas,frozen,True,False,active,1000.0,ERR ValueError: frozen goods cannot be shipped overseas,ERR ValueError: frozen goods cannot be shipped overseas,PASS
staff,overseas,frozen,True,False,frozen,-1.0,ERR ValueError: amount must be non-negative,ERR ValueError: amount must be non-negative,PASS
staff,overseas,frozen,True,False,frozen,0.0,OK 0.00,OK 0.00,PASS
staff,overseas,frozen,True,False,frozen,50.0,ERR PermissionError: frozen account cannot ship overseas,ERR PermissionError: frozen account cannot ship overseas,PASS
staff,overseas,frozen,True,False,frozen,499.99,ERR PermissionError: frozen account cannot ship overseas,ERR PermissionError: frozen account cannot ship overseas,PASS
staff,overseas,frozen,True,False,frozen,500.0,ERR PermissionError: frozen account cannot ship overseas,ERR PermissionError: frozen account cannot ship overseas,PASS
staff,overseas,frozen,True,False,frozen,1000.0,ERR PermissionError: frozen account cannot ship overseas,ERR PermissionError: frozen account cannot ship overseas,PASS
staff,overseas,frozen,True,False,banned,-1.0,ERR ValueError: amount must be non-negative,ERR ValueError: amount must be non-negative,PASS
staff,overseas,frozen,True,False,banned,0.0,OK 0.00,OK 0.00,PASS
staff,overseas,frozen,True,False,banned,50.0,ERR PermissionError: account is banned,ERR PermissionError: account is banned,PASS
staff,overseas,frozen,True,False,banned,499.99,ERR PermissionError: account is banned,ERR PermissionError: account is banned,PASS
staff,overseas,frozen,True,False,banned,500.0,ERR PermissionError: account is banned,ERR PermissionError: account is banned,PASS
staff,overseas,frozen,True,False,banned,1000.0,ERR PermissionError: account is banned,ERR PermissionError: account is banned,PASS
staff,overseas,frozen,True,True,active,-1.0,ERR ValueError: amount must be non-negative,ERR ValueError: amount must be non-negative,PASS
staff,overseas,frozen,True,True,active,0.0,OK 0.00,OK 0.00,PASS
staff,overseas,frozen,True,True,active,50.0,ERR ValueError: frozen goods cannot be shipped overseas,ERR ValueError: frozen goods cannot be shipped overseas,PASS
staff,overseas,frozen,True,True,active,499.99,ERR ValueError: frozen goods cannot be shipped overseas,ERR ValueError: frozen goods cannot be shipped overseas,PASS
staff,overseas,frozen,True,True,active,500.0,ERR ValueError: frozen goods cannot be shipped overseas,ERR ValueError: frozen goods cannot be shipped overseas,PASS
staff,overseas,frozen,True,True,active,1000.0,ERR ValueError: frozen goods cannot be shipped overseas,ERR ValueError: frozen goods cannot be shipped overseas,PASS
staff,overseas,frozen,True,True,frozen,-1.0,ERR ValueError: amount must be non-negative,ERR ValueError: amount must be non-negative,PASS
staff,overseas,frozen,True,True,frozen,0.0,OK 0.00,OK 0.00,PASS
staff,overseas,frozen,True,True,frozen,50.0,ERR PermissionError: frozen account cannot ship overseas,ERR PermissionError: frozen account cannot ship overseas,PASS
staff,overseas,frozen,True,True,frozen,499.99,ERR PermissionError: frozen account cannot ship overseas,ERR PermissionError: frozen account cannot ship overseas,PASS
staff,overseas,frozen,True,True,frozen,500.0,ERR PermissionError: frozen account cannot ship overseas,ERR PermissionError: frozen account cannot ship overseas,PASS
staff,overseas,frozen,True,True,frozen,1000.0,ERR PermissionError: frozen account cannot ship overseas,ERR PermissionError: frozen account cannot ship overseas,PASS
staff,overseas,frozen,True,True,banned,-1.0,ERR ValueError: amount must be non-negative,ERR ValueError: amount must be non-negative,PASS
staff,overseas,frozen,True,True,banned,0.0,OK 0.00,OK 0.00,PASS
staff,overseas,frozen,True,True,banned,50.0,ERR PermissionError: account is banned,ERR PermissionError: account is banned,PASS
staff,overseas,frozen,True,True,banned,499.99,ERR PermissionError: account is banned,ERR PermissionError: account is banned,PASS
staff,overseas,frozen,True,True,banned,500.0,ERR PermissionError: account is banned,ERR PermissionError: account is banned,PASS
staff,overseas,frozen,True,True,banned,1000.0,ERR PermissionError: account is banned,ERR PermissionError: account is banned,PASS
