wrap_mode,filter,mag,out_x,out_y,u,v,value
repeat,nearest,1x,0,0,0.500000,0.500000,0.000000
repeat,bilinear,1x,0,0,0.500000,0.500000,0.000000
repeat,nearest,1x,1,0,1.500000,0.500000,1.000000
repeat,bilinear,1x,1,0,1.500000,0.500000,1.000000
repeat,nearest,1x,2,0,2.500000,0.500000,2.000000
repeat,bilinear,1x,2,0,2.500000,0.500000,2.000000
repeat,nearest,1x,3,0,3.500000,0.500000,3.000000
repeat,bilinear,1x,3,0,3.500000,0.500000,3.000000
repeat,nearest,1x,0,1,0.500000,1.500000,10.000000
repeat,bilinear,1x,0,1,0.500000,1.500000,10.000000
repeat,nearest,1x,1,1,1.500000,1.500000,11.000000
repeat,bilinear,1x,1,1,1.500000,1.500000,11.000000
repeat,nearest,1x,2,1,2.500000,1.500000,12.000000
repeat,bilinear,1x,2,1,2.500000,1.500000,12.000000
repeat,nearest,1x,3,1,3.500000,1.500000,13.000000
repeat,bilinear,1x,3,1,3.500000,1.500000,13.000000
repeat,nearest,1x,0,2,0.500000,2.500000,20.000000
repeat,bilinear,1x,0,2,0.500000,2.500000,20.000000
repeat,nearest,1x,1,2,1.500000,2.500000,21.000000
repeat,bilinear,1x,1,2,1.500000,2.500000,21.000000
repeat,nearest,1x,2,2,2.500000,2.500000,22.000000
repeat,bilinear,1x,2,2,2.500000,2.500000,22.000000
repeat,nearest,1x,3,2,3.500000,2.500000,23.000000
repeat,bilinear,1x,3,2,3.500000,2.500000,23.000000
repeat,nearest,1x,0,3,0.500000,3.500000,30.000000
repeat,bilinear,1x,0,3,0.500000,3.500000,30.000000
repeat,nearest,1x,1,3,1.500000,3.500000,31.000000
repeat,bilinear,1x,1,3,1.500000,3.500000,31.000000
repeat,nearest,1x,2,3,2.500000,3.500000,32.000000
repeat,bilinear,1x,2,3,2.500000,3.500000,32.000000
repeat,nearest,1x,3,3,3.500000,3.500000,33.000000
repeat,bilinear,1x,3,3,3.500000,3.500000,33.000000
repeat,nearest,2x,0,0,0.250000,0.250000,0.000000
repeat,bilinear,2x,0,0,0.250000,0.250000,8.250000
repeat,nearest,2x,1,0,0.750000,0.250000,0.000000
repeat,bilinear,2x,1,0,0.750000,0.250000,7.750000
repeat,nearest,2x,2,0,1.250000,0.250000,1.000000
repeat,bilinear,2x,2,0,1.250000,0.250000,8.250000
repeat,nearest,2x,3,0,1.750000,0.250000,1.000000
repeat,bilinear,2x,3,0,1.750000,0.250000,8.750000
repeat,nearest,2x,4,0,2.250000,0.250000,2.000000
repeat,bilinear,2x,4,0,2.250000,0.250000,9.250000
repeat,nearest,2x,5,0,2.750000,0.250000,2.000000
repeat,bilinear,2x,5,0,2.750000,0.250000,9.750000
repeat,nearest,2x,6,0,3.250000,0.250000,3.000000
repeat,bilinear,2x,6,0,3.250000,0.250000,10.250000
repeat,nearest,2x,7,0,3.750000,0.250000,3.000000
repeat,bilinear,2x,7,0,3.750000,0.250000,9.750000
repeat,nearest,2x,0,1,0.250000,0.750000,0.000000
repeat,bilinear,2x,0,1,0.250000,0.750000,3.250000
repeat,nearest,2x,1,1,0.750000,0.750000,0.000000
repeat,bilinear,2x,1,1,0.750000,0.750000,2.750000
repeat,nearest,2x,2,1,1.250000,0.750000,1.000000
repeat,bilinear,2x,2,1,1.250000,0.750000,3.250000
repeat,nearest,2x,3,1,1.750000,0.750000,1.000000
repeat,bilinear,2x,3,1,1.750000,0.750000,3.750000
repeat,nearest,2x,4,1,2.250000,0.750000,2.000000
repeat,bilinear,2x,4,1,2.250000,0.750000,4.250000
repeat,nearest,2x,5,1,2.750000,0.750000,2.000000
repeat,bilinear,2x,5,1,2.750000,0.750000,4.750000
repeat,nearest,2x,6,1,3.250000,0.750000,3.000000
repeat,bilinear,2x,6,1,3.250000,0.750000,5.250000
repeat,nearest,2x,7,1,3.750000,0.750000,3.000000
repeat,bilinear,2x,7,1,3.750000,0.750000,4.750000
repeat,nearest,2x,0,2,0.250000,1.250000,10.000000
repeat,bilinear,2x,0,2,0.250000,1.250000,8.250000
repeat,nearest,2x,1,2,0.750000,1.250000,10.000000
repeat,bilinear,2x,1,2,0.750000,1.250000,7.750000
repeat,nearest,2x,2,2,1.250000,1.250000,11.000000
repeat,bilinear,2x,2,2,1.250000,1.250000,8.250000
repeat,nearest,2x,3,2,1.750000,1.250000,11.000000
repeat,bilinear,2x,3,2,1.750000,1.250000,8.750000
repeat,nearest,2x,4,2,2.250000,1.250000,12.000000
repeat,bilinear,2x,4,2,2.250000,1.250000,9.250000
repeat,nearest,2x,5,2,2.750000,1.250000,12.000000
repeat,bilinear,2x,5,2,2.750000,1.250000,9.750000
repeat,nearest,2x,6,2,3.250000,1.250000,13.000000
repeat,bilinear,2x,6,2,3.250000,1.250000,10.250000
repeat,nearest,2x,7,2,3.750000,1.250000,13.000000
repeat,bilinear,2x,7,2,3.750000,1.250000,9.750000
repeat,nearest,2x,0,3,0.250000,1.750000,10.000000
repeat,bilinear,2x,0,3,0.250000,1.750000,13.250000
repeat,nearest,2x,1,3,0.750000,1.750000,10.000000
repeat,bilinear,2x,1,3,0.750000,1.750000,12.750000
repeat,nearest,2x,2,3,1.250000,1.750000,11.000000
repeat,bilinear,2x,2,3,1.250000,1.750000,13.250000
repeat,nearest,2x,3,3,1.750000,1.750000,11.000000
repeat,bilinear,2x,3,3,1.750000,1.750000,13.750000
repeat,nearest,2x,4,3,2.250000,1.750000,12.000000
repeat,bilinear,2x,4,3,2.250000,1.750000,14.250000
repeat,nearest,2x,5,3,2.750000,1.750000,12.000000
repeat,bilinear,2x,5,3,2.750000,1.750000,14.750000
repeat,nearest,2x,6,3,3.250000,1.750000,13.000000
repeat,bilinear,2x,6,3,3.250000,1.750000,15.250000
repeat,nearest,2x,7,3,3.750000,1.750000,13.000000
repeat,bilinear,2x,7,3,3.750000,1.750000,14.750000
repeat,nearest,2x,0,4,0.250000,2.250000,20.000000
repeat,bilinear,2x,0,4,0.250000,2.250000,18.250000
repeat,nearest,2x,1,4,0.750000,2.250000,20.000000
repeat,bilinear,2x,1,4,0.750000,2.250000,17.750000
repeat,nearest,2x,2,4,1.250000,2.250000,21.000000
repeat,bilinear,2x,2,4,1.250000,2.250000,18.250000
repeat,nearest,2x,3,4,1.750000,2.250000,21.000000
repeat,bilinear,2x,3,4,1.750000,2.250000,18.750000
repeat,nearest,2x,4,4,2.250000,2.250000,22.000000
repeat,bilinear,2x,4,4,2.250000,2.250000,19.250000
repeat,nearest,2x,5,4,2.750000,2.250000,22.000000
repeat,bilinear,2x,5,4,2.750000,2.250000,19.750000
repeat,nearest,2x,6,4,3.250000,2.250000,23.000000
repeat,bilinear,2x,6,4,3.250000,2.250000,20.250000
repeat,nearest,2x,7,4,3.750000,2.250000,23.000000
repeat,bilinear,2x,7,4,3.750000,2.250000,19.750000
repeat,nearest,2x,0,5,0.250000,2.750000,20.000000
repeat,bilinear,2x,0,5,0.250000,2.750000,23.250000
repeat,nearest,2x,1,5,0.750000,2.750000,20.000000
repeat,bilinear,2x,1,5,0.750000,2.750000,22.750000
repeat,nearest,2x,2,5,1.250000,2.750000,21.000000
repeat,bilinear,2x,2,5,1.250000,2.750000,23.250000
repeat,nearest,2x,3,5,1.750000,2.750000,21.000000
repeat,bilinear,2x,3,5,1.750000,2.750000,23.750000
repeat,nearest,2x,4,5,2.250000,2.750000,22.000000
repeat,bilinear,2x,4,5,2.250000,2.750000,24.250000
repeat,nearest,2x,5,5,2.750000,2.750000,22.000000
repeat,bilinear,2x,5,5,2.750000,2.750000,24.750000
repeat,nearest,2x,6,5,3.250000,2.750000,23.000000
repeat,bilinear,2x,6,5,3.250000,2.750000,25.250000
repeat,nearest,2x,7,5,3.750000,2.750000,23.000000
repeat,bilinear,2x,7,5,3.750000,2.750000,24.750000
repeat,nearest,2x,0,6,0.250000,3.250000,30.000000
repeat,bilinear,2x,0,6,0.250000,3.250000,28.250000
repeat,nearest,2x,1,6,0.750000,3.250000,30.000000
repeat,bilinear,2x,1,6,0.750000,3.250000,27.750000
repeat,nearest,2x,2,6,1.250000,3.250000,31.000000
repeat,bilinear,2x,2,6,1.250000,3.250000,28.250000
repeat,nearest,2x,3,6,1.750000,3.250000,31.000000
repeat,bilinear,2x,3,6,1.750000,3.250000,28.750000
repeat,nearest,2x,4,6,2.250000,3.250000,32.000000
repeat,bilinear,2x,4,6,2.250000,3.250000,29.250000
repeat,nearest,2x,5,6,2.750000,3.250000,32.000000
repeat,bilinear,2x,5,6,2.750000,3.250000,29.750000
repeat,nearest,2x,6,6,3.250000,3.250000,33.000000
repeat,bilinear,2x,6,6,3.250000,3.250000,30.250000
repeat,nearest,2x,7,6,3.750000,3.250000,33.000000
repeat,bilinear,2x,7,6,3.750000,3.250000,29.750000
repeat,nearest,2x,0,7,0.250000,3.750000,30.000000
repeat,bilinear,2x,0,7,0.250000,3.750000,23.250000
repeat,nearest,2x,1,7,0.750000,3.750000,30.000000
repeat,bilinear,2x,1,7,0.750000,3.750000,22.750000
repeat,nearest,2x,2,7,1.250000,3.750000,31.000000
repeat,bilinear,2x,2,7,1.250000,3.750000,23.250000
repeat,nearest,2x,3,7,1.750000,3.750000,31.000000
repeat,bilinear,2x,3,7,1.750000,3.750000,23.750000
repeat,nearest,2x,4,7,2.250000,3.750000,32.000000
repeat,bilinear,2x,4,7,2.250000,3.750000,24.250000
repeat,nearest,2x,5,7,2.750000,3.750000,32.000000
repeat,bilinear,2x,5,7,2.750000,3.750000,24.750000
repeat,nearest,2x,6,7,3.250000,3.750000,33.000000
repeat,bilinear,2x,6,7,3.250000,3.750000,25.250000
repeat,nearest,2x,7,7,3.750000,3.750000,33.000000
repeat,bilinear,2x,7,7,3.750000,3.750000,24.750000
repeat,nearest,3x,0,0,0.166667,0.166667,0.000000
repeat,bilinear,3x,0,0,0.166667,0.166667,11.000000
repeat,nearest,3x,1,0,0.500000,0.166667,0.000000
repeat,bilinear,3x,1,0,0.500000,0.166667,10.000000
repeat,nearest,3x,2,0,0.833333,0.166667,0.000000
repeat,bilinear,3x,2,0,0.833333,0.166667,10.333333
repeat,nearest,3x,3,0,1.166667,0.166667,1.000000
repeat,bilinear,3x,3,0,1.166667,0.166667,10.666667
repeat,nearest,3x,4,0,1.500000,0.166667,1.000000
repeat,bilinear,3x,4,0,1.500000,0.166667,11.000000
repeat,nearest,3x,5,0,1.833333,0.166667,1.000000
repeat,bilinear,3x,5,0,1.833333,0.166667,11.333333
repeat,nearest,3x,6,0,2.166667,0.166667,2.000000
repeat,bilinear,3x,6,0,2.166667,0.166667,11.666667
repeat,nearest,3x,7,0,2.500000,0.166667,2.000000
repeat,bilinear,3x,7,0,2.500000,0.166667,12.000000
repeat,nearest,3x,8,0,2.833333,0.166667,2.000000
repeat,bilinear,3x,8,0,2.833333,0.166667,12.333333
repeat,nearest,3x,9,0,3.166667,0.166667,3.000000
repeat,bilinear,3x,9,0,3.166667,0.166667,12.666667
repeat,nearest,3x,10,0,3.500000,0.166667,3.000000
repeat,bilinear,3x,10,0,3.500000,0.166667,13.000000
repeat,nearest,3x,11,0,3.833333,0.166667,3.000000
repeat,bilinear,3x,11,0,3.833333,0.166667,12.000000
repeat,nearest,3x,0,1,0.166667,0.500000,0.000000
repeat,bilinear,3x,0,1,0.166667,0.500000,1.000000
repeat,nearest,3x,1,1,0.500000,0.500000,0.000000
repeat,bilinear,3x,1,1,0.500000,0.500000,0.000000
repeat,nearest,3x,2,1,0.833333,0.500000,0.000000
repeat,bilinear,3x,2,1,0.833333,0.500000,0.333333
repeat,nearest,3x,3,1,1.166667,0.500000,1.000000
repeat,bilinear,3x,3,1,1.166667,0.500000,0.666667
repeat,nearest,3x,4,1,1.500000,0.500000,1.000000
repeat,bilinear,3x,4,1,1.500000,0.500000,1.000000
repeat,nearest,3x,5,1,1.833333,0.500000,1.000000
repeat,bilinear,3x,5,1,1.833333,0.500000,1.333333
repeat,nearest,3x,6,1,2.166667,0.500000,2.000000
repeat,bilinear,3x,6,1,2.166667,0.500000,1.666667
repeat,nearest,3x,7,1,2.500000,0.500000,2.000000
repeat,bilinear,3x,7,1,2.500000,0.500000,2.000000
repeat,nearest,3x,8,1,2.833333,0.500000,2.000000
repeat,bilinear,3x,8,1,2.833333,0.500000,2.333333
repeat,nearest,3x,9,1,3.166667,0.500000,3.000000
repeat,bilinear,3x,9,1,3.166667,0.500000,2.666667
repeat,nearest,3x,10,1,3.500000,0.500000,3.000000
repeat,bilinear,3x,10,1,3.500000,0.500000,3.000000
repeat,nearest,3x,11,1,3.833333,0.500000,3.000000
repeat,bilinear,3x,11,1,3.833333,0.500000,2.000000
repeat,nearest,3x,0,2,0.166667,0.833333,0.000000
repeat,bilinear,3x,0,2,0.166667,0.833333,4.333333
repeat,nearest,3x,1,2,0.500000,0.833333,0.000000
repeat,bilinear,3x,1,2,0.500000,0.833333,3.333333
repeat,nearest,3x,2,2,0.833333,0.833333,0.000000
repeat,bilinear,3x,2,2,0.833333,0.833333,3.666667
repeat,nearest,3x,3,2,1.166667,0.833333,1.000000
repeat,bilinear,3x,3,2,1.166667,0.833333,4.000000
repeat,nearest,3x,4,2,1.500000,0.833333,1.000000
repeat,bilinear,3x,4,2,1.500000,0.833333,4.333333
repeat,nearest,3x,5,2,1.833333,0.833333,1.000000
repeat,bilinear,3x,5,2,1.833333,0.833333,4.666667
repeat,nearest,3x,6,2,2.166667,0.833333,2.000000
repeat,bilinear,3x,6,2,2.166667,0.833333,5.000000
repeat,nearest,3x,7,2,2.500000,0.833333,2.000000
repeat,bilinear,3x,7,2,2.500000,0.833333,5.333333
repeat,nearest,3x,8,2,2.833333,0.833333,2.000000
repeat,bilinear,3x,8,2,2.833333,0.833333,5.666667
repeat,nearest,3x,9,2,3.166667,0.833333,3.000000
repeat,bilinear,3x,9,2,3.166667,0.833333,6.000000
repeat,nearest,3x,10,2,3.500000,0.833333,3.000000
repeat,bilinear,3x,10,2,3.500000,0.833333,6.333333
repeat,nearest,3x,11,2,3.833333,0.833333,3.000000
repeat,bilinear,3x,11,2,3.833333,0.833333,5.333333
repeat,nearest,3x,0,3,0.166667,1.166667,10.000000
repeat,bilinear,3x,0,3,0.166667,1.166667,7.666667
repeat,nearest,3x,1,3,0.500000,1.166667,10.000000
repeat,bilinear,3x,1,3,0.500000,1.166667,6.666667
repeat,nearest,3x,2,3,0.833333,1.166667,10.000000
repeat,bilinear,3x,2,3,0.833333,1.166667,7.000000
repeat,nearest,3x,3,3,1.166667,1.166667,11.000000
repeat,bilinear,3x,3,3,1.166667,1.166667,7.333333
repeat,nearest,3x,4,3,1.500000,1.166667,11.000000
repeat,bilinear,3x,4,3,1.500000,1.166667,7.666667
repeat,nearest,3x,5,3,1.833333,1.166667,11.000000
repeat,bilinear,3x,5,3,1.833333,1.166667,8.000000
repeat,nearest,3x,6,3,2.166667,1.166667,12.000000
repeat,bilinear,3x,6,3,2.166667,1.166667,8.333333
repeat,nearest,3x,7,3,2.500000,1.166667,12.000000
repeat,bilinear,3x,7,3,2.500000,1.166667,8.666667
repeat,nearest,3x,8,3,2.833333,1.166667,12.000000
repeat,bilinear,3x,8,3,2.833333,1.166667,9.000000
repeat,nearest,3x,9,3,3.166667,1.166667,13.000000
repeat,bilinear,3x,9,3,3.166667,1.166667,9.333333
repeat,nearest,3x,10,3,3.500000,1.166667,13.000000
repeat,bilinear,3x,10,3,3.500000,1.166667,9.666667
repeat,nearest,3x,11,3,3.833333,1.166667,13.000000
repeat,bilinear,3x,11,3,3.833333,1.166667,8.666667
repeat,nearest,3x,0,4,0.166667,1.500000,10.000000
repeat,bilinear,3x,0,4,0.166667,1.500000,11.000000
repeat,nearest,3x,1,4,0.500000,1.500000,10.000000
repeat,bilinear,3x,1,4,0.500000,1.500000,10.000000
repeat,nearest,3x,2,4,0.833333,1.500000,10.000000
repeat,bilinear,3x,2,4,0.833333,1.500000,10.333333
repeat,nearest,3x,3,4,1.166667,1.500000,11.000000
repeat,bilinear,3x,3,4,1.166667,1.500000,10.666667
repeat,nearest,3x,4,4,1.500000,1.500000,11.000000
repeat,bilinear,3x,4,4,1.500000,1.500000,11.000000
repeat,nearest,3x,5,4,1.833333,1.500000,11.000000
repeat,bilinear,3x,5,4,1.833333,1.500000,11.333333
repeat,nearest,3x,6,4,2.166667,1.500000,12.000000
repeat,bilinear,3x,6,4,2.166667,1.500000,11.666667
repeat,nearest,3x,7,4,2.500000,1.500000,12.000000
repeat,bilinear,3x,7,4,2.500000,1.500000,12.000000
repeat,nearest,3x,8,4,2.833333,1.500000,12.000000
repeat,bilinear,3x,8,4,2.833333,1.500000,12.333333
repeat,nearest,3x,9,4,3.166667,1.500000,13.000000
repeat,bilinear,3x,9,4,3.166667,1.500000,12.666667
repeat,nearest,3x,10,4,3.500000,1.500000,13.000000
repeat,bilinear,3x,10,4,3.500000,1.500000,13.000000
repeat,nearest,3x,11,4,3.833333,1.500000,13.000000
repeat,bilinear,3x,11,4,3.833333,1.500000,12.000000
repeat,nearest,3x,0,5,0.166667,1.833333,10.000000
repeat,bilinear,3x,0,5,0.166667,1.833333,14.333333
repeat,nearest,3x,1,5,0.500000,1.833333,10.000000
repeat,bilinear,3x,1,5,0.500000,1.833333,13.333333
repeat,nearest,3x,2,5,0.833333,1.833333,10.000000
repeat,bilinear,3x,2,5,0.833333,1.833333,13.666667
repeat,nearest,3x,3,5,1.166667,1.833333,11.000000
repeat,bilinear,3x,3,5,1.166667,1.833333,14.000000
repeat,nearest,3x,4,5,1.500000,1.833333,11.000000
repeat,bilinear,3x,4,5,1.500000,1.833333,14.333333
repeat,nearest,3x,5,5,1.833333,1.833333,11.000000
repeat,bilinear,3x,5,5,1.833333,1.833333,14.666667
repeat,nearest,3x,6,5,2.166667,1.833333,12.000000
repeat,bilinear,3x,6,5,2.166667,1.833333,15.000000
repeat,nearest,3x,7,5,2.500000,1.833333,12.000000
repeat,bilinear,3x,7,5,2.500000,1.833333,15.333333
repeat,nearest,3x,8,5,2.833333,1.833333,12.000000
repeat,bilinear,3x,8,5,2.833333,1.833333,15.666667
repeat,nearest,3x,9,5,3.166667,1.833333,13.000000
repeat,bilinear,3x,9,5,3.166667,1.833333,16.000000
repeat,nearest,3x,10,5,3.500000,1.833333,13.000000
repeat,bilinear,3x,10,5,3.500000,1.833333,16.333333
repeat,nearest,3x,11,5,3.833333,1.833333,13.000000
repeat,bilinear,3x,11,5,3.833333,1.833333,15.333333
repeat,nearest,3x,0,6,0.166667,2.166667,20.000000
repeat,bilinear,3x,0,6,0.166667,2.166667,17.666667
repeat,nearest,3x,1,6,0.500000,2.166667,20.000000
repeat,bilinear,3x,1,6,0.500000,2.166667,16.666667
repeat,nearest,3x,2,6,0.833333,2.166667,20.000000
repeat,bilinear,3x,2,6,0.833333,2.166667,17.000000
repeat,nearest,3x,3,6,1.166667,2.166667,21.000000
repeat,bilinear,3x,3,6,1.166667,2.166667,17.333333
repeat,nearest,3x,4,6,1.500000,2.166667,21.000000
repeat,bilinear,3x,4,6,1.500000,2.166667,17.666667
repeat,nearest,3x,5,6,1.833333,2.166667,21.000000
repeat,bilinear,3x,5,6,1.833333,2.166667,18.000000
repeat,nearest,3x,6,6,2.166667,2.166667,22.000000
repeat,bilinear,3x,6,6,2.166667,2.166667,18.333333
repeat,nearest,3x,7,6,2.500000,2.166667,22.000000
repeat,bilinear,3x,7,6,2.500000,2.166667,18.666667
repeat,nearest,3x,8,6,2.833333,2.166667,22.000000
repeat,bilinear,3x,8,6,2.833333,2.166667,19.000000
repeat,nearest,3x,9,6,3.166667,2.166667,23.000000
repeat,bilinear,3x,9,6,3.166667,2.166667,19.333333
repeat,nearest,3x,10,6,3.500000,2.166667,23.000000
repeat,bilinear,3x,10,6,3.500000,2.166667,19.666667
repeat,nearest,3x,11,6,3.833333,2.166667,23.000000
repeat,bilinear,3x,11,6,3.833333,2.166667,18.666667
repeat,nearest,3x,0,7,0.166667,2.500000,20.000000
repeat,bilinear,3x,0,7,0.166667,2.500000,21.000000
repeat,nearest,3x,1,7,0.500000,2.500000,20.000000
repeat,bilinear,3x,1,7,0.500000,2.500000,20.000000
repeat,nearest,3x,2,7,0.833333,2.500000,20.000000
repeat,bilinear,3x,2,7,0.833333,2.500000,20.333333
repeat,nearest,3x,3,7,1.166667,2.500000,21.000000
repeat,bilinear,3x,3,7,1.166667,2.500000,20.666667
repeat,nearest,3x,4,7,1.500000,2.500000,21.000000
repeat,bilinear,3x,4,7,1.500000,2.500000,21.000000
repeat,nearest,3x,5,7,1.833333,2.500000,21.000000
repeat,bilinear,3x,5,7,1.833333,2.500000,21.333333
repeat,nearest,3x,6,7,2.166667,2.500000,22.000000
repeat,bilinear,3x,6,7,2.166667,2.500000,21.666667
repeat,nearest,3x,7,7,2.500000,2.500000,22.000000
repeat,bilinear,3x,7,7,2.500000,2.500000,22.000000
repeat,nearest,3x,8,7,2.833333,2.500000,22.000000
repeat,bilinear,3x,8,7,2.833333,2.500000,22.333333
repeat,nearest,3x,9,7,3.166667,2.500000,23.000000
repeat,bilinear,3x,9,7,3.166667,2.500000,22.666667
repeat,nearest,3x,10,7,3.500000,2.500000,23.000000
repeat,bilinear,3x,10,7,3.500000,2.500000,23.000000
repeat,nearest,3x,11,7,3.833333,2.500000,23.000000
repeat,bilinear,3x,11,7,3.833333,2.500000,22.000000
repeat,nearest,3x,0,8,0.166667,2.833333,20.000000
repeat,bilinear,3x,0,8,0.166667,2.833333,24.333333
repeat,nearest,3x,1,8,0.500000,2.833333,20.000000
repeat,bilinear,3x,1,8,0.500000,2.833333,23.333333
repeat,nearest,3x,2,8,0.833333,2.833333,20.000000
repeat,bilinear,3x,2,8,0.833333,2.833333,23.666667
repeat,nearest,3x,3,8,1.166667,2.833333,21.000000
repeat,bilinear,3x,3,8,1.166667,2.833333,24.000000
repeat,nearest,3x,4,8,1.500000,2.833333,21.000000
repeat,bilinear,3x,4,8,1.500000,2.833333,24.333333
repeat,nearest,3x,5,8,1.833333,2.833333,21.000000
repeat,bilinear,3x,5,8,1.833333,2.833333,24.666667
repeat,nearest,3x,6,8,2.166667,2.833333,22.000000
repeat,bilinear,3x,6,8,2.166667,2.833333,25.000000
repeat,nearest,3x,7,8,2.500000,2.833333,22.000000
repeat,bilinear,3x,7,8,2.500000,2.833333,25.333333
repeat,nearest,3x,8,8,2.833333,2.833333,22.000000
repeat,bilinear,3x,8,8,2.833333,2.833333,25.666667
repeat,nearest,3x,9,8,3.166667,2.833333,23.000000
repeat,bilinear,3x,9,8,3.166667,2.833333,26.000000
repeat,nearest,3x,10,8,3.500000,2.833333,23.000000
repeat,bilinear,3x,10,8,3.500000,2.833333,26.333333
repeat,nearest,3x,11,8,3.833333,2.833333,23.000000
repeat,bilinear,3x,11,8,3.833333,2.833333,25.333333
repeat,nearest,3x,0,9,0.166667,3.166667,30.000000
repeat,bilinear,3x,0,9,0.166667,3.166667,27.666667
repeat,nearest,3x,1,9,0.500000,3.166667,30.000000
repeat,bilinear,3x,1,9,0.500000,3.166667,26.666667
repeat,nearest,3x,2,9,0.833333,3.166667,30.000000
repeat,bilinear,3x,2,9,0.833333,3.166667,27.000000
repeat,nearest,3x,3,9,1.166667,3.166667,31.000000
repeat,bilinear,3x,3,9,1.166667,3.166667,27.333333
repeat,nearest,3x,4,9,1.500000,3.166667,31.000000
repeat,bilinear,3x,4,9,1.500000,3.166667,27.666667
repeat,nearest,3x,5,9,1.833333,3.166667,31.000000
repeat,bilinear,3x,5,9,1.833333,3.166667,28.000000
repeat,nearest,3x,6,9,2.166667,3.166667,32.000000
repeat,bilinear,3x,6,9,2.166667,3.166667,28.333333
repeat,nearest,3x,7,9,2.500000,3.166667,32.000000
repeat,bilinear,3x,7,9,2.500000,3.166667,28.666667
repeat,nearest,3x,8,9,2.833333,3.166667,32.000000
repeat,bilinear,3x,8,9,2.833333,3.166667,29.000000
repeat,nearest,3x,9,9,3.166667,3.166667,33.000000
repeat,bilinear,3x,9,9,3.166667,3.166667,29.333333
repeat,nearest,3x,10,9,3.500000,3.166667,33.000000
repeat,bilinear,3x,10,9,3.500000,3.166667,29.666667
repeat,nearest,3x,11,9,3.833333,3.166667,33.000000
repeat,bilinear,3x,11,9,3.833333,3.166667,28.666667
repeat,nearest,3x,0,10,0.166667,3.500000,30.000000
repeat,bilinear,3x,0,10,0.166667,3.500000,31.000000
repeat,nearest,3x,1,10,0.500000,3.500000,30.000000
repeat,bilinear,3x,1,10,0.500000,3.500000,30.000000
repeat,nearest,3x,2,10,0.833333,3.500000,30.000000
repeat,bilinear,3x,2,10,0.833333,3.500000,30.333333
repeat,nearest,3x,3,10,1.166667,3.500000,31.000000
repeat,bilinear,3x,3,10,1.166667,3.500000,30.666667
repeat,nearest,3x,4,10,1.500000,3.500000,31.000000
repeat,bilinear,3x,4,10,1.500000,3.500000,31.000000
repeat,nearest,3x,5,10,1.833333,3.500000,31.000000
repeat,bilinear,3x,5,10,1.833333,3.500000,31.333333
repeat,nearest,3x,6,10,2.166667,3.500000,32.000000
repeat,bilinear,3x,6,10,2.166667,3.500000,31.666667
repeat,nearest,3x,7,10,2.500000,3.500000,32.000000
repeat,bilinear,3x,7,10,2.500000,3.500000,32.000000
repeat,nearest,3x,8,10,2.833333,3.500000,32.000000
repeat,bilinear,3x,8,10,2.833333,3.500000,32.333333
repeat,nearest,3x,9,10,3.166667,3.500000,33.000000
repeat,bilinear,3x,9,10,3.166667,3.500000,32.666667
repeat,nearest,3x,10,10,3.500000,3.500000,33.000000
repeat,bilinear,3x,10,10,3.500000,3.500000,33.000000
repeat,nearest,3x,11,10,3.833333,3.500000,33.000000
repeat,bilinear,3x,11,10,3.833333,3.500000,32.000000
repeat,nearest,3x,0,11,0.166667,3.833333,30.000000
repeat,bilinear,3x,0,11,0.166667,3.833333,21.000000
repeat,nearest,3x,1,11,0.500000,3.833333,30.000000
repeat,bilinear,3x,1,11,0.500000,3.833333,20.000000
repeat,nearest,3x,2,11,0.833333,3.833333,30.000000
repeat,bilinear,3x,2,11,0.833333,3.833333,20.333333
repeat,nearest,3x,3,11,1.166667,3.833333,31.000000
repeat,bilinear,3x,3,11,1.166667,3.833333,20.666667
repeat,nearest,3x,4,11,1.500000,3.833333,31.000000
repeat,bilinear,3x,4,11,1.500000,3.833333,21.000000
repeat,nearest,3x,5,11,1.833333,3.833333,31.000000
repeat,bilinear,3x,5,11,1.833333,3.833333,21.333333
repeat,nearest,3x,6,11,2.166667,3.833333,32.000000
repeat,bilinear,3x,6,11,2.166667,3.833333,21.666667
repeat,nearest,3x,7,11,2.500000,3.833333,32.000000
repeat,bilinear,3x,7,11,2.500000,3.833333,22.000000
repeat,nearest,3x,8,11,2.833333,3.833333,32.000000
repeat,bilinear,3x,8,11,2.833333,3.833333,22.333333
repeat,nearest,3x,9,11,3.166667,3.833333,33.000000
repeat,bilinear,3x,9,11,3.166667,3.833333,22.666667
repeat,nearest,3x,10,11,3.500000,3.833333,33.000000
repeat,bilinear,3x,10,11,3.500000,3.833333,23.000000
repeat,nearest,3x,11,11,3.833333,3.833333,33.000000
repeat,bilinear,3x,11,11,3.833333,3.833333,22.000000
repeat,nearest,4x,0,0,0.125000,0.125000,0.000000
repeat,bilinear,4x,0,0,0.125000,0.125000,12.375000
repeat,nearest,4x,1,0,0.375000,0.125000,0.000000
repeat,bilinear,4x,1,0,0.375000,0.125000,11.625000
repeat,nearest,4x,2,0,0.625000,0.125000,0.000000
repeat,bilinear,4x,2,0,0.625000,0.125000,11.375000
repeat,nearest,4x,3,0,0.875000,0.125000,0.000000
repeat,bilinear,4x,3,0,0.875000,0.125000,11.625000
repeat,nearest,4x,4,0,1.125000,0.125000,1.000000
repeat,bilinear,4x,4,0,1.125000,0.125000,11.875000
repeat,nearest,4x,5,0,1.375000,0.125000,1.000000
repeat,bilinear,4x,5,0,1.375000,0.125000,12.125000
repeat,nearest,4x,6,0,1.625000,0.125000,1.000000
repeat,bilinear,4x,6,0,1.625000,0.125000,12.375000
repeat,nearest,4x,7,0,1.875000,0.125000,1.000000
repeat,bilinear,4x,7,0,1.875000,0.125000,12.625000
repeat,nearest,4x,8,0,2.125000,0.125000,2.000000
repeat,bilinear,4x,8,0,2.125000,0.125000,12.875000
repeat,nearest,4x,9,0,2.375000,0.125000,2.000000
repeat,bilinear,4x,9,0,2.375000,0.125000,13.125000
repeat,nearest,4x,10,0,2.625000,0.125000,2.000000
repeat,bilinear,4x,10,0,2.625000,0.125000,13.375000
repeat,nearest,4x,11,0,2.875000,0.125000,2.000000
repeat,bilinear,4x,11,0,2.875000,0.125000,13.625000
repeat,nearest,4x,12,0,3.125000,0.125000,3.000000
repeat,bilinear,4x,12,0,3.125000,0.125000,13.875000
repeat,nearest,4x,13,0,3.375000,0.125000,3.000000
repeat,bilinear,4x,13,0,3.375000,0.125000,14.125000
repeat,nearest,4x,14,0,3.625000,0.125000,3.000000
repeat,bilinear,4x,14,0,3.625000,0.125000,13.875000
repeat,nearest,4x,15,0,3.875000,0.125000,3.000000
repeat,bilinear,4x,15,0,3.875000,0.125000,13.125000
repeat,nearest,4x,0,1,0.125000,0.375000,0.000000
repeat,bilinear,4x,0,1,0.125000,0.375000,4.875000
repeat,nearest,4x,1,1,0.375000,0.375000,0.000000
repeat,bilinear,4x,1,1,0.375000,0.375000,4.125000
repeat,nearest,4x,2,1,0.625000,0.375000,0.000000
repeat,bilinear,4x,2,1,0.625000,0.375000,3.875000
repeat,nearest,4x,3,1,0.875000,0.375000,0.000000
repeat,bilinear,4x,3,1,0.875000,0.375000,4.125000
repeat,nearest,4x,4,1,1.125000,0.375000,1.000000
repeat,bilinear,4x,4,1,1.125000,0.375000,4.375000
repeat,nearest,4x,5,1,1.375000,0.375000,1.000000
repeat,bilinear,4x,5,1,1.375000,0.375000,4.625000
repeat,nearest,4x,6,1,1.625000,0.375000,1.000000
repeat,bilinear,4x,6,1,1.625000,0.375000,4.875000
repeat,nearest,4x,7,1,1.875000,0.375000,1.000000
repeat,bilinear,4x,7,1,1.875000,0.375000,5.125000
repeat,nearest,4x,8,1,2.125000,0.375000,2.000000
repeat,bilinear,4x,8,1,2.125000,0.375000,5.375000
repeat,nearest,4x,9,1,2.375000,0.375000,2.000000
repeat,bilinear,4x,9,1,2.375000,0.375000,5.625000
repeat,nearest,4x,10,1,2.625000,0.375000,2.000000
repeat,bilinear,4x,10,1,2.625000,0.375000,5.875000
repeat,nearest,4x,11,1,2.875000,0.375000,2.000000
repeat,bilinear,4x,11,1,2.875000,0.375000,6.125000
repeat,nearest,4x,12,1,3.125000,0.375000,3.000000
repeat,bilinear,4x,12,1,3.125000,0.375000,6.375000
repeat,nearest,4x,13,1,3.375000,0.375000,3.000000
repeat,bilinear,4x,13,1,3.375000,0.375000,6.625000
repeat,nearest,4x,14,1,3.625000,0.375000,3.000000
repeat,bilinear,4x,14,1,3.625000,0.375000,6.375000
repeat,nearest,4x,15,1,3.875000,0.375000,3.000000
repeat,bilinear,4x,15,1,3.875000,0.375000,5.625000
repeat,nearest,4x,0,2,0.125000,0.625000,0.000000
repeat,bilinear,4x,0,2,0.125000,0.625000,2.375000
repeat,nearest,4x,1,2,0.375000,0.625000,0.000000
repeat,bilinear,4x,1,2,0.375000,0.625000,1.625000
repeat,nearest,4x,2,2,0.625000,0.625000,0.000000
repeat,bilinear,4x,2,2,0.625000,0.625000,1.375000
repeat,nearest,4x,3,2,0.875000,0.625000,0.000000
repeat,bilinear,4x,3,2,0.875000,0.625000,1.625000
repeat,nearest,4x,4,2,1.125000,0.625000,1.000000
repeat,bilinear,4x,4,2,1.125000,0.625000,1.875000
repeat,nearest,4x,5,2,1.375000,0.625000,1.000000
repeat,bilinear,4x,5,2,1.375000,0.625000,2.125000
repeat,nearest,4x,6,2,1.625000,0.625000,1.000000
repeat,bilinear,4x,6,2,1.625000,0.625000,2.375000
repeat,nearest,4x,7,2,1.875000,0.625000,1.000000
repeat,bilinear,4x,7,2,1.875000,0.625000,2.625000
repeat,nearest,4x,8,2,2.125000,0.625000,2.000000
repeat,bilinear,4x,8,2,2.125000,0.625000,2.875000
repeat,nearest,4x,9,2,2.375000,0.625000,2.000000
repeat,bilinear,4x,9,2,2.375000,0.625000,3.125000
repeat,nearest,4x,10,2,2.625000,0.625000,2.000000
repeat,bilinear,4x,10,2,2.625000,0.625000,3.375000
repeat,nearest,4x,11,2,2.875000,0.625000,2.000000
repeat,bilinear,4x,11,2,2.875000,0.625000,3.625000
repeat,nearest,4x,12,2,3.125000,0.625000,3.000000
repeat,bilinear,4x,12,2,3.125000,0.625000,3.875000
repeat,nearest,4x,13,2,3.375000,0.625000,3.000000
repeat,bilinear,4x,13,2,3.375000,0.625000,4.125000
repeat,nearest,4x,14,2,3.625000,0.625000,3.000000
repeat,bilinear,4x,14,2,3.625000,0.625000,3.875000
repeat,nearest,4x,15,2,3.875000,0.625000,3.000000
repeat,bilinear,4x,15,2,3.875000,0.625000,3.125000
repeat,nearest,4x,0,3,0.125000,0.875000,0.000000
repeat,bilinear,4x,0,3,0.125000,0.875000,4.875000
repeat,nearest,4x,1,3,0.375000,0.875000,0.000000
repeat,bilinear,4x,1,3,0.375000,0.875000,4.125000
repeat,nearest,4x,2,3,0.625000,0.875000,0.000000
repeat,bilinear,4x,2,3,0.625000,0.875000,3.875000
repeat,nearest,4x,3,3,0.875000,0.875000,0.000000
repeat,bilinear,4x,3,3,0.875000,0.875000,4.125000
repeat,nearest,4x,4,3,1.125000,0.875000,1.000000
repeat,bilinear,4x,4,3,1.125000,0.875000,4.375000
repeat,nearest,4x,5,3,1.375000,0.875000,1.000000
repeat,bilinear,4x,5,3,1.375000,0.875000,4.625000
repeat,nearest,4x,6,3,1.625000,0.875000,1.000000
repeat,bilinear,4x,6,3,1.625000,0.875000,4.875000
repeat,nearest,4x,7,3,1.875000,0.875000,1.000000
repeat,bilinear,4x,7,3,1.875000,0.875000,5.125000
repeat,nearest,4x,8,3,2.125000,0.875000,2.000000
repeat,bilinear,4x,8,3,2.125000,0.875000,5.375000
repeat,nearest,4x,9,3,2.375000,0.875000,2.000000
repeat,bilinear,4x,9,3,2.375000,0.875000,5.625000
repeat,nearest,4x,10,3,2.625000,0.875000,2.000000
repeat,bilinear,4x,10,3,2.625000,0.875000,5.875000
repeat,nearest,4x,11,3,2.875000,0.875000,2.000000
repeat,bilinear,4x,11,3,2.875000,0.875000,6.125000
repeat,nearest,4x,12,3,3.125000,0.875000,3.000000
repeat,bilinear,4x,12,3,3.125000,0.875000,6.375000
repeat,nearest,4x,13,3,3.375000,0.875000,3.000000
repeat,bilinear,4x,13,3,3.375000,0.875000,6.625000
repeat,nearest,4x,14,3,3.625000,0.875000,3.000000
repeat,bilinear,4x,14,3,3.625000,0.875000,6.375000
repeat,nearest,4x,15,3,3.875000,0.875000,3.000000
repeat,bilinear,4x,15,3,3.875000,0.875000,5.625000
repeat,nearest,4x,0,4,0.125000,1.125000,10.000000
repeat,bilinear,4x,0,4,0.125000,1.125000,7.375000
repeat,nearest,4x,1,4,0.375000,1.125000,10.000000
repeat,bilinear,4x,1,4,0.375000,1.125000,6.625000
repeat,nearest,4x,2,4,0.625000,1.125000,10.000000
repeat,bilinear,4x,2,4,0.625000,1.125000,6.375000
repeat,nearest,4x,3,4,0.875000,1.125000,10.000000
repeat,bilinear,4x,3,4,0.875000,1.125000,6.625000
repeat,nearest,4x,4,4,1.125000,1.125000,11.000000
repeat,bilinear,4x,4,4,1.125000,1.125000,6.875000
repeat,nearest,4x,5,4,1.375000,1.125000,11.000000
repeat,bilinear,4x,5,4,1.375000,1.125000,7.125000
repeat,nearest,4x,6,4,1.625000,1.125000,11.000000
repeat,bilinear,4x,6,4,1.625000,1.125000,7.375000
repeat,nearest,4x,7,4,1.875000,1.125000,11.000000
repeat,bilinear,4x,7,4,1.875000,1.125000,7.625000
repeat,nearest,4x,8,4,2.125000,1.125000,12.000000
repeat,bilinear,4x,8,4,2.125000,1.125000,7.875000
repeat,nearest,4x,9,4,2.375000,1.125000,12.000000
repeat,bilinear,4x,9,4,2.375000,1.125000,8.125000
repeat,nearest,4x,10,4,2.625000,1.125000,12.000000
repeat,bilinear,4x,10,4,2.625000,1.125000,8.375000
repeat,nearest,4x,11,4,2.875000,1.125000,12.000000
repeat,bilinear,4x,11,4,2.875000,1.125000,8.625000
repeat,nearest,4x,12,4,3.125000,1.125000,13.000000
repeat,bilinear,4x,12,4,3.125000,1.125000,8.875000
repeat,nearest,4x,13,4,3.375000,1.125000,13.000000
repeat,bilinear,4x,13,4,3.375000,1.125000,9.125000
repeat,nearest,4x,14,4,3.625000,1.125000,13.000000
repeat,bilinear,4x,14,4,3.625000,1.125000,8.875000
repeat,nearest,4x,15,4,3.875000,1.125000,13.000000
repeat,bilinear,4x,15,4,3.875000,1.125000,8.125000
repeat,nearest,4x,0,5,0.125000,1.375000,10.000000
repeat,bilinear,4x,0,5,0.125000,1.375000,9.875000
repeat,nearest,4x,1,5,0.375000,1.375000,10.000000
repeat,bilinear,4x,1,5,0.375000,1.375000,9.125000
repeat,nearest,4x,2,5,0.625000,1.375000,10.000000
repeat,bilinear,4x,2,5,0.625000,1.375000,8.875000
repeat,nearest,4x,3,5,0.875000,1.375000,10.000000
repeat,bilinear,4x,3,5,0.875000,1.375000,9.125000
repeat,nearest,4x,4,5,1.125000,1.375000,11.000000
repeat,bilinear,4x,4,5,1.125000,1.375000,9.375000
repeat,nearest,4x,5,5,1.375000,1.375000,11.000000
repeat,bilinear,4x,5,5,1.375000,1.375000,9.625000
repeat,nearest,4x,6,5,1.625000,1.375000,11.000000
repeat,bilinear,4x,6,5,1.625000,1.375000,9.875000
repeat,nearest,4x,7,5,1.875000,1.375000,11.000000
repeat,bilinear,4x,7,5,1.875000,1.375000,10.125000
repeat,nearest,4x,8,5,2.125000,1.375000,12.000000
repeat,bilinear,4x,8,5,2.125000,1.375000,10.375000
repeat,nearest,4x,9,5,2.375000,1.375000,12.000000
repeat,bilinear,4x,9,5,2.375000,1.375000,10.625000
repeat,nearest,4x,10,5,2.625000,1.375000,12.000000
repeat,bilinear,4x,10,5,2.625000,1.375000,10.875000
repeat,nearest,4x,11,5,2.875000,1.375000,12.000000
repeat,bilinear,4x,11,5,2.875000,1.375000,11.125000
repeat,nearest,4x,12,5,3.125000,1.375000,13.000000
repeat,bilinear,4x,12,5,3.125000,1.375000,11.375000
repeat,nearest,4x,13,5,3.375000,1.375000,13.000000
repeat,bilinear,4x,13,5,3.375000,1.375000,11.625000
repeat,nearest,4x,14,5,3.625000,1.375000,13.000000
repeat,bilinear,4x,14,5,3.625000,1.375000,11.375000
repeat,nearest,4x,15,5,3.875000,1.375000,13.000000
repeat,bilinear,4x,15,5,3.875000,1.375000,10.625000
repeat,nearest,4x,0,6,0.125000,1.625000,10.000000
repeat,bilinear,4x,0,6,0.125000,1.625000,12.375000
repeat,nearest,4x,1,6,0.375000,1.625000,10.000000
repeat,bilinear,4x,1,6,0.375000,1.625000,11.625000
repeat,nearest,4x,2,6,0.625000,1.625000,10.000000
repeat,bilinear,4x,2,6,0.625000,1.625000,11.375000
repeat,nearest,4x,3,6,0.875000,1.625000,10.000000
repeat,bilinear,4x,3,6,0.875000,1.625000,11.625000
repeat,nearest,4x,4,6,1.125000,1.625000,11.000000
repeat,bilinear,4x,4,6,1.125000,1.625000,11.875000
repeat,nearest,4x,5,6,1.375000,1.625000,11.000000
repeat,bilinear,4x,5,6,1.375000,1.625000,12.125000
repeat,nearest,4x,6,6,1.625000,1.625000,11.000000
repeat,bilinear,4x,6,6,1.625000,1.625000,12.375000
repeat,nearest,4x,7,6,1.875000,1.625000,11.000000
repeat,bilinear,4x,7,6,1.875000,1.625000,12.625000
repeat,nearest,4x,8,6,2.125000,1.625000,12.000000
repeat,bilinear,4x,8,6,2.125000,1.625000,12.875000
repeat,nearest,4x,9,6,2.375000,1.625000,12.000000
repeat,bilinear,4x,9,6,2.375000,1.625000,13.125000
repeat,nearest,4x,10,6,2.625000,1.625000,12.000000
repeat,bilinear,4x,10,6,2.625000,1.625000,13.375000
repeat,nearest,4x,11,6,2.875000,1.625000,12.000000
repeat,bilinear,4x,11,6,2.875000,1.625000,13.625000
repeat,nearest,4x,12,6,3.125000,1.625000,13.000000
repeat,bilinear,4x,12,6,3.125000,1.625000,13.875000
repeat,nearest,4x,13,6,3.375000,1.625000,13.000000
repeat,bilinear,4x,13,6,3.375000,1.625000,14.125000
repeat,nearest,4x,14,6,3.625000,1.625000,13.000000
repeat,bilinear,4x,14,6,3.625000,1.625000,13.875000
repeat,nearest,4x,15,6,3.875000,1.625000,13.000000
repeat,bilinear,4x,15,6,3.875000,1.625000,13.125000
repeat,nearest,4x,0,7,0.125000,1.875000,10.000000
repeat,bilinear,4x,0,7,0.125000,1.875000,14.875000
repeat,nearest,4x,1,7,0.375000,1.875000,10.000000
repeat,bilinear,4x,1,7,0.375000,1.875000,14.125000
repeat,nearest,4x,2,7,0.625000,1.875000,10.000000
repeat,bilinear,4x,2,7,0.625000,1.875000,13.875000
repeat,nearest,4x,3,7,0.875000,1.875000,10.000000
repeat,bilinear,4x,3,7,0.875000,1.875000,14.125000
repeat,nearest,4x,4,7,1.125000,1.875000,11.000000
repeat,bilinear,4x,4,7,1.125000,1.875000,14.375000
repeat,nearest,4x,5,7,1.375000,1.875000,11.000000
repeat,bilinear,4x,5,7,1.375000,1.875000,14.625000
repeat,nearest,4x,6,7,1.625000,1.875000,11.000000
repeat,bilinear,4x,6,7,1.625000,1.875000,14.875000
repeat,nearest,4x,7,7,1.875000,1.875000,11.000000
repeat,bilinear,4x,7,7,1.875000,1.875000,15.125000
repeat,nearest,4x,8,7,2.125000,1.875000,12.000000
repeat,bilinear,4x,8,7,2.125000,1.875000,15.375000
repeat,nearest,4x,9,7,2.375000,1.875000,12.000000
repeat,bilinear,4x,9,7,2.375000,1.875000,15.625000
repeat,nearest,4x,10,7,2.625000,1.875000,12.000000
repeat,bilinear,4x,10,7,2.625000,1.875000,15.875000
repeat,nearest,4x,11,7,2.875000,1.875000,12.000000
repeat,bilinear,4x,11,7,2.875000,1.875000,16.125000
repeat,nearest,4x,12,7,3.125000,1.875000,13.000000
repeat,bilinear,4x,12,7,3.125000,1.875000,16.375000
repeat,nearest,4x,13,7,3.375000,1.875000,13.000000
repeat,bilinear,4x,13,7,3.375000,1.875000,16.625000
repeat,nearest,4x,14,7,3.625000,1.875000,13.000000
repeat,bilinear,4x,14,7,3.625000,1.875000,16.375000
repeat,nearest,4x,15,7,3.875000,1.875000,13.000000
repeat,bilinear,4x,15,7,3.875000,1.875000,15.625000
repeat,nearest,4x,0,8,0.125000,2.125000,20.000000
repeat,bilinear,4x,0,8,0.125000,2.125000,17.375000
repeat,nearest,4x,1,8,0.375000,2.125000,20.000000
repeat,bilinear,4x,1,8,0.375000,2.125000,16.625000
repeat,nearest,4x,2,8,0.625000,2.125000,20.000000
repeat,bilinear,4x,2,8,0.625000,2.125000,16.375000
repeat,nearest,4x,3,8,0.875000,2.125000,20.000000
repeat,bilinear,4x,3,8,0.875000,2.125000,16.625000
repeat,nearest,4x,4,8,1.125000,2.125000,21.000000
repeat,bilinear,4x,4,8,1.125000,2.125000,16.875000
repeat,nearest,4x,5,8,1.375000,2.125000,21.000000
repeat,bilinear,4x,5,8,1.375000,2.125000,17.125000
repeat,nearest,4x,6,8,1.625000,2.125000,21.000000
repeat,bilinear,4x,6,8,1.625000,2.125000,17.375000
repeat,nearest,4x,7,8,1.875000,2.125000,21.000000
repeat,bilinear,4x,7,8,1.875000,2.125000,17.625000
repeat,nearest,4x,8,8,2.125000,2.125000,22.000000
repeat,bilinear,4x,8,8,2.125000,2.125000,17.875000
repeat,nearest,4x,9,8,2.375000,2.125000,22.000000
repeat,bilinear,4x,9,8,2.375000,2.125000,18.125000
repeat,nearest,4x,10,8,2.625000,2.125000,22.000000
repeat,bilinear,4x,10,8,2.625000,2.125000,18.375000
repeat,nearest,4x,11,8,2.875000,2.125000,22.000000
repeat,bilinear,4x,11,8,2.875000,2.125000,18.625000
repeat,nearest,4x,12,8,3.125000,2.125000,23.000000
repeat,bilinear,4x,12,8,3.125000,2.125000,18.875000
repeat,nearest,4x,13,8,3.375000,2.125000,23.000000
repeat,bilinear,4x,13,8,3.375000,2.125000,19.125000
repeat,nearest,4x,14,8,3.625000,2.125000,23.000000
repeat,bilinear,4x,14,8,3.625000,2.125000,18.875000
repeat,nearest,4x,15,8,3.875000,2.125000,23.000000
repeat,bilinear,4x,15,8,3.875000,2.125000,18.125000
repeat,nearest,4x,0,9,0.125000,2.375000,20.000000
repeat,bilinear,4x,0,9,0.125000,2.375000,19.875000
repeat,nearest,4x,1,9,0.375000,2.375000,20.000000
repeat,bilinear,4x,1,9,0.375000,2.375000,19.125000
repeat,nearest,4x,2,9,0.625000,2.375000,20.000000
repeat,bilinear,4x,2,9,0.625000,2.375000,18.875000
repeat,nearest,4x,3,9,0.875000,2.375000,20.000000
repeat,bilinear,4x,3,9,0.875000,2.375000,19.125000
repeat,nearest,4x,4,9,1.125000,2.375000,21.000000
repeat,bilinear,4x,4,9,1.125000,2.375000,19.375000
repeat,nearest,4x,5,9,1.375000,2.375000,21.000000
repeat,bilinear,4x,5,9,1.375000,2.375000,19.625000
repeat,nearest,4x,6,9,1.625000,2.375000,21.000000
repeat,bilinear,4x,6,9,1.625000,2.375000,19.875000
repeat,nearest,4x,7,9,1.875000,2.375000,21.000000
repeat,bilinear,4x,7,9,1.875000,2.375000,20.125000
repeat,nearest,4x,8,9,2.125000,2.375000,22.000000
repeat,bilinear,4x,8,9,2.125000,2.375000,20.375000
repeat,nearest,4x,9,9,2.375000,2.375000,22.000000
repeat,bilinear,4x,9,9,2.375000,2.375000,20.625000
repeat,nearest,4x,10,9,2.625000,2.375000,22.000000
repeat,bilinear,4x,10,9,2.625000,2.375000,20.875000
repeat,nearest,4x,11,9,2.875000,2.375000,22.000000
repeat,bilinear,4x,11,9,2.875000,2.375000,21.125000
repeat,nearest,4x,12,9,3.125000,2.375000,23.000000
repeat,bilinear,4x,12,9,3.125000,2.375000,21.375000
repeat,nearest,4x,13,9,3.375000,2.375000,23.000000
repeat,bilinear,4x,13,9,3.375000,2.375000,21.625000
repeat,nearest,4x,14,9,3.625000,2.375000,23.000000
repeat,bilinear,4x,14,9,3.625000,2.375000,21.375000
repeat,nearest,4x,15,9,3.875000,2.375000,23.000000
repeat,bilinear,4x,15,9,3.875000,2.375000,20.625000
repeat,nearest,4x,0,10,0.125000,2.625000,20.000000
repeat,bilinear,4x,0,10,0.125000,2.625000,22.375000
repeat,nearest,4x,1,10,0.375000,2.625000,20.000000
repeat,bilinear,4x,1,10,0.375000,2.625000,21.625000
repeat,nearest,4x,2,10,0.625000,2.625000,20.000000
repeat,bilinear,4x,2,10,0.625000,2.625000,21.375000
repeat,nearest,4x,3,10,0.875000,2.625000,20.000000
repeat,bilinear,4x,3,10,0.875000,2.625000,21.625000
repeat,nearest,4x,4,10,1.125000,2.625000,21.000000
repeat,bilinear,4x,4,10,1.125000,2.625000,21.875000
repeat,nearest,4x,5,10,1.375000,2.625000,21.000000
repeat,bilinear,4x,5,10,1.375000,2.625000,22.125000
repeat,nearest,4x,6,10,1.625000,2.625000,21.000000
repeat,bilinear,4x,6,10,1.625000,2.625000,22.375000
repeat,nearest,4x,7,10,1.875000,2.625000,21.000000
repeat,bilinear,4x,7,10,1.875000,2.625000,22.625000
repeat,nearest,4x,8,10,2.125000,2.625000,22.000000
repeat,bilinear,4x,8,10,2.125000,2.625000,22.875000
repeat,nearest,4x,9,10,2.375000,2.625000,22.000000
repeat,bilinear,4x,9,10,2.375000,2.625000,23.125000
repeat,nearest,4x,10,10,2.625000,2.625000,22.000000
repeat,bilinear,4x,10,10,2.625000,2.625000,23.375000
repeat,nearest,4x,11,10,2.875000,2.625000,22.000000
repeat,bilinear,4x,11,10,2.875000,2.625000,23.625000
repeat,nearest,4x,12,10,3.125000,2.625000,23.000000
repeat,bilinear,4x,12,10,3.125000,2.625000,23.875000
repeat,nearest,4x,13,10,3.375000,2.625000,23.000000
repeat,bilinear,4x,13,10,3.375000,2.625000,24.125000
repeat,nearest,4x,14,10,3.625000,2.625000,23.000000
repeat,bilinear,4x,14,10,3.625000,2.625000,23.875000
repeat,nearest,4x,15,10,3.875000,2.625000,23.000000
repeat,bilinear,4x,15,10,3.875000,2.625000,23.125000
repeat,nearest,4x,0,11,0.125000,2.875000,20.000000
repeat,bilinear,4x,0,11,0.125000,2.875000,24.875000
repeat,nearest,4x,1,11,0.375000,2.875000,20.000000
repeat,bilinear,4x,1,11,0.375000,2.875000,24.125000
repeat,nearest,4x,2,11,0.625000,2.875000,20.000000
repeat,bilinear,4x,2,11,0.625000,2.875000,23.875000
repeat,nearest,4x,3,11,0.875000,2.875000,20.000000
repeat,bilinear,4x,3,11,0.875000,2.875000,24.125000
repeat,nearest,4x,4,11,1.125000,2.875000,21.000000
repeat,bilinear,4x,4,11,1.125000,2.875000,24.375000
repeat,nearest,4x,5,11,1.375000,2.875000,21.000000
repeat,bilinear,4x,5,11,1.375000,2.875000,24.625000
repeat,nearest,4x,6,11,1.625000,2.875000,21.000000
repeat,bilinear,4x,6,11,1.625000,2.875000,24.875000
repeat,nearest,4x,7,11,1.875000,2.875000,21.000000
repeat,bilinear,4x,7,11,1.875000,2.875000,25.125000
repeat,nearest,4x,8,11,2.125000,2.875000,22.000000
repeat,bilinear,4x,8,11,2.125000,2.875000,25.375000
repeat,nearest,4x,9,11,2.375000,2.875000,22.000000
repeat,bilinear,4x,9,11,2.375000,2.875000,25.625000
repeat,nearest,4x,10,11,2.625000,2.875000,22.000000
repeat,bilinear,4x,10,11,2.625000,2.875000,25.875000
repeat,nearest,4x,11,11,2.875000,2.875000,22.000000
repeat,bilinear,4x,11,11,2.875000,2.875000,26.125000
repeat,nearest,4x,12,11,3.125000,2.875000,23.000000
repeat,bilinear,4x,12,11,3.125000,2.875000,26.375000
repeat,nearest,4x,13,11,3.375000,2.875000,23.000000
repeat,bilinear,4x,13,11,3.375000,2.875000,26.625000
repeat,nearest,4x,14,11,3.625000,2.875000,23.000000
repeat,bilinear,4x,14,11,3.625000,2.875000,26.375000
repeat,nearest,4x,15,11,3.875000,2.875000,23.000000
repeat,bilinear,4x,15,11,3.875000,2.875000,25.625000
repeat,nearest,4x,0,12,0.125000,3.125000,30.000000
repeat,bilinear,4x,0,12,0.125000,3.125000,27.375000
repeat,nearest,4x,1,12,0.375000,3.125000,30.000000
repeat,bilinear,4x,1,12,0.375000,3.125000,26.625000
repeat,nearest,4x,2,12,0.625000,3.125000,30.000000
repeat,bilinear,4x,2,12,0.625000,3.125000,26.375000
repeat,nearest,4x,3,12,0.875000,3.125000,30.000000
repeat,bilinear,4x,3,12,0.875000,3.125000,26.625000
repeat,nearest,4x,4,12,1.125000,3.125000,31.000000
repeat,bilinear,4x,4,12,1.125000,3.125000,26.875000
repeat,nearest,4x,5,12,1.375000,3.125000,31.000000
repeat,bilinear,4x,5,12,1.375000,3.125000,27.125000
repeat,nearest,4x,6,12,1.625000,3.125000,31.000000
repeat,bilinear,4x,6,12,1.625000,3.125000,27.375000
repeat,nearest,4x,7,12,1.875000,3.125000,31.000000
repeat,bilinear,4x,7,12,1.875000,3.125000,27.625000
repeat,nearest,4x,8,12,2.125000,3.125000,32.000000
repeat,bilinear,4x,8,12,2.125000,3.125000,27.875000
repeat,nearest,4x,9,12,2.375000,3.125000,32.000000
repeat,bilinear,4x,9,12,2.375000,3.125000,28.125000
repeat,nearest,4x,10,12,2.625000,3.125000,32.000000
repeat,bilinear,4x,10,12,2.625000,3.125000,28.375000
repeat,nearest,4x,11,12,2.875000,3.125000,32.000000
repeat,bilinear,4x,11,12,2.875000,3.125000,28.625000
repeat,nearest,4x,12,12,3.125000,3.125000,33.000000
repeat,bilinear,4x,12,12,3.125000,3.125000,28.875000
repeat,nearest,4x,13,12,3.375000,3.125000,33.000000
repeat,bilinear,4x,13,12,3.375000,3.125000,29.125000
repeat,nearest,4x,14,12,3.625000,3.125000,33.000000
repeat,bilinear,4x,14,12,3.625000,3.125000,28.875000
repeat,nearest,4x,15,12,3.875000,3.125000,33.000000
repeat,bilinear,4x,15,12,3.875000,3.125000,28.125000
repeat,nearest,4x,0,13,0.125000,3.375000,30.000000
repeat,bilinear,4x,0,13,0.125000,3.375000,29.875000
repeat,nearest,4x,1,13,0.375000,3.375000,30.000000
repeat,bilinear,4x,1,13,0.375000,3.375000,29.125000
repeat,nearest,4x,2,13,0.625000,3.375000,30.000000
repeat,bilinear,4x,2,13,0.625000,3.375000,28.875000
repeat,nearest,4x,3,13,0.875000,3.375000,30.000000
repeat,bilinear,4x,3,13,0.875000,3.375000,29.125000
repeat,nearest,4x,4,13,1.125000,3.375000,31.000000
repeat,bilinear,4x,4,13,1.125000,3.375000,29.375000
repeat,nearest,4x,5,13,1.375000,3.375000,31.000000
repeat,bilinear,4x,5,13,1.375000,3.375000,29.625000
repeat,nearest,4x,6,13,1.625000,3.375000,31.000000
repeat,bilinear,4x,6,13,1.625000,3.375000,29.875000
repeat,nearest,4x,7,13,1.875000,3.375000,31.000000
repeat,bilinear,4x,7,13,1.875000,3.375000,30.125000
repeat,nearest,4x,8,13,2.125000,3.375000,32.000000
repeat,bilinear,4x,8,13,2.125000,3.375000,30.375000
repeat,nearest,4x,9,13,2.375000,3.375000,32.000000
repeat,bilinear,4x,9,13,2.375000,3.375000,30.625000
repeat,nearest,4x,10,13,2.625000,3.375000,32.000000
repeat,bilinear,4x,10,13,2.625000,3.375000,30.875000
repeat,nearest,4x,11,13,2.875000,3.375000,32.000000
repeat,bilinear,4x,11,13,2.875000,3.375000,31.125000
repeat,nearest,4x,12,13,3.125000,3.375000,33.000000
repeat,bilinear,4x,12,13,3.125000,3.375000,31.375000
repeat,nearest,4x,13,13,3.375000,3.375000,33.000000
repeat,bilinear,4x,13,13,3.375000,3.375000,31.625000
repeat,nearest,4x,14,13,3.625000,3.375000,33.000000
repeat,bilinear,4x,14,13,3.625000,3.375000,31.375000
repeat,nearest,4x,15,13,3.875000,3.375000,33.000000
repeat,bilinear,4x,15,13,3.875000,3.375000,30.625000
repeat,nearest,4x,0,14,0.125000,3.625000,30.000000
repeat,bilinear,4x,0,14,0.125000,3.625000,27.375000
repeat,nearest,4x,1,14,0.375000,3.625000,30.000000
repeat,bilinear,4x,1,14,0.375000,3.625000,26.625000
repeat,nearest,4x,2,14,0.625000,3.625000,30.000000
repeat,bilinear,4x,2,14,0.625000,3.625000,26.375000
repeat,nearest,4x,3,14,0.875000,3.625000,30.000000
repeat,bilinear,4x,3,14,0.875000,3.625000,26.625000
repeat,nearest,4x,4,14,1.125000,3.625000,31.000000
repeat,bilinear,4x,4,14,1.125000,3.625000,26.875000
repeat,nearest,4x,5,14,1.375000,3.625000,31.000000
repeat,bilinear,4x,5,14,1.375000,3.625000,27.125000
repeat,nearest,4x,6,14,1.625000,3.625000,31.000000
repeat,bilinear,4x,6,14,1.625000,3.625000,27.375000
repeat,nearest,4x,7,14,1.875000,3.625000,31.000000
repeat,bilinear,4x,7,14,1.875000,3.625000,27.625000
repeat,nearest,4x,8,14,2.125000,3.625000,32.000000
repeat,bilinear,4x,8,14,2.125000,3.625000,27.875000
repeat,nearest,4x,9,14,2.375000,3.625000,32.000000
repeat,bilinear,4x,9,14,2.375000,3.625000,28.125000
repeat,nearest,4x,10,14,2.625000,3.625000,32.000000
repeat,bilinear,4x,10,14,2.625000,3.625000,28.375000
repeat,nearest,4x,11,14,2.875000,3.625000,32.000000
repeat,bilinear,4x,11,14,2.875000,3.625000,28.625000
repeat,nearest,4x,12,14,3.125000,3.625000,33.000000
repeat,bilinear,4x,12,14,3.125000,3.625000,28.875000
repeat,nearest,4x,13,14,3.375000,3.625000,33.000000
repeat,bilinear,4x,13,14,3.375000,3.625000,29.125000
repeat,nearest,4x,14,14,3.625000,3.625000,33.000000
repeat,bilinear,4x,14,14,3.625000,3.625000,28.875000
repeat,nearest,4x,15,14,3.875000,3.625000,33.000000
repeat,bilinear,4x,15,14,3.875000,3.625000,28.125000
repeat,nearest,4x,0,15,0.125000,3.875000,30.000000
repeat,bilinear,4x,0,15,0.125000,3.875000,19.875000
repeat,nearest,4x,1,15,0.375000,3.875000,30.000000
repeat,bilinear,4x,1,15,0.375000,3.875000,19.125000
repeat,nearest,4x,2,15,0.625000,3.875000,30.000000
repeat,bilinear,4x,2,15,0.625000,3.875000,18.875000
repeat,nearest,4x,3,15,0.875000,3.875000,30.000000
repeat,bilinear,4x,3,15,0.875000,3.875000,19.125000
repeat,nearest,4x,4,15,1.125000,3.875000,31.000000
repeat,bilinear,4x,4,15,1.125000,3.875000,19.375000
repeat,nearest,4x,5,15,1.375000,3.875000,31.000000
repeat,bilinear,4x,5,15,1.375000,3.875000,19.625000
repeat,nearest,4x,6,15,1.625000,3.875000,31.000000
repeat,bilinear,4x,6,15,1.625000,3.875000,19.875000
repeat,nearest,4x,7,15,1.875000,3.875000,31.000000
repeat,bilinear,4x,7,15,1.875000,3.875000,20.125000
repeat,nearest,4x,8,15,2.125000,3.875000,32.000000
repeat,bilinear,4x,8,15,2.125000,3.875000,20.375000
repeat,nearest,4x,9,15,2.375000,3.875000,32.000000
repeat,bilinear,4x,9,15,2.375000,3.875000,20.625000
repeat,nearest,4x,10,15,2.625000,3.875000,32.000000
repeat,bilinear,4x,10,15,2.625000,3.875000,20.875000
repeat,nearest,4x,11,15,2.875000,3.875000,32.000000
repeat,bilinear,4x,11,15,2.875000,3.875000,21.125000
repeat,nearest,4x,12,15,3.125000,3.875000,33.000000
repeat,bilinear,4x,12,15,3.125000,3.875000,21.375000
repeat,nearest,4x,13,15,3.375000,3.875000,33.000000
repeat,bilinear,4x,13,15,3.375000,3.875000,21.625000
repeat,nearest,4x,14,15,3.625000,3.875000,33.000000
repeat,bilinear,4x,14,15,3.625000,3.875000,21.375000
repeat,nearest,4x,15,15,3.875000,3.875000,33.000000
repeat,bilinear,4x,15,15,3.875000,3.875000,20.625000
clamp,nearest,1x,0,0,0.500000,0.500000,0.000000
clamp,bilinear,1x,0,0,0.500000,0.500000,0.000000
clamp,nearest,1x,1,0,1.500000,0.500000,1.000000
clamp,bilinear,1x,1,0,1.500000,0.500000,1.000000
clamp,nearest,1x,2,0,2.500000,0.500000,2.000000
clamp,bilinear,1x,2,0,2.500000,0.500000,2.000000
clamp,nearest,1x,3,0,3.500000,0.500000,3.000000
clamp,bilinear,1x,3,0,3.500000,0.500000,3.000000
clamp,nearest,1x,0,1,0.500000,1.500000,10.000000
clamp,bilinear,1x,0,1,0.500000,1.500000,10.000000
clamp,nearest,1x,1,1,1.500000,1.500000,11.000000
clamp,bilinear,1x,1,1,1.500000,1.500000,11.000000
clamp,nearest,1x,2,1,2.500000,1.500000,12.000000
clamp,bilinear,1x,2,1,2.500000,1.500000,12.000000
clamp,nearest,1x,3,1,3.500000,1.500000,13.000000
clamp,bilinear,1x,3,1,3.500000,1.500000,13.000000
clamp,nearest,1x,0,2,0.500000,2.500000,20.000000
clamp,bilinear,1x,0,2,0.500000,2.500000,20.000000
clamp,nearest,1x,1,2,1.500000,2.500000,21.000000
clamp,bilinear,1x,1,2,1.500000,2.500000,21.000000
clamp,nearest,1x,2,2,2.500000,2.500000,22.000000
clamp,bilinear,1x,2,2,2.500000,2.500000,22.000000
clamp,nearest,1x,3,2,3.500000,2.500000,23.000000
clamp,bilinear,1x,3,2,3.500000,2.500000,23.000000
clamp,nearest,1x,0,3,0.500000,3.500000,30.000000
clamp,bilinear,1x,0,3,0.500000,3.500000,30.000000
clamp,nearest,1x,1,3,1.500000,3.500000,31.000000
clamp,bilinear,1x,1,3,1.500000,3.500000,31.000000
clamp,nearest,1x,2,3,2.500000,3.500000,32.000000
clamp,bilinear,1x,2,3,2.500000,3.500000,32.000000
clamp,nearest,1x,3,3,3.500000,3.500000,33.000000
clamp,bilinear,1x,3,3,3.500000,3.500000,33.000000
clamp,nearest,2x,0,0,0.250000,0.250000,0.000000
clamp,bilinear,2x,0,0,0.250000,0.250000,0.000000
clamp,nearest,2x,1,0,0.750000,0.250000,0.000000
clamp,bilinear,2x,1,0,0.750000,0.250000,0.250000
clamp,nearest,2x,2,0,1.250000,0.250000,1.000000
clamp,bilinear,2x,2,0,1.250000,0.250000,0.750000
clamp,nearest,2x,3,0,1.750000,0.250000,1.000000
clamp,bilinear,2x,3,0,1.750000,0.250000,1.250000
clamp,nearest,2x,4,0,2.250000,0.250000,2.000000
clamp,bilinear,2x,4,0,2.250000,0.250000,1.750000
clamp,nearest,2x,5,0,2.750000,0.250000,2.000000
clamp,bilinear,2x,5,0,2.750000,0.250000,2.250000
clamp,nearest,2x,6,0,3.250000,0.250000,3.000000
clamp,bilinear,2x,6,0,3.250000,0.250000,2.750000
clamp,nearest,2x,7,0,3.750000,0.250000,3.000000
clamp,bilinear,2x,7,0,3.750000,0.250000,3.000000
clamp,nearest,2x,0,1,0.250000,0.750000,0.000000
clamp,bilinear,2x,0,1,0.250000,0.750000,2.500000
clamp,nearest,2x,1,1,0.750000,0.750000,0.000000
clamp,bilinear,2x,1,1,0.750000,0.750000,2.750000
clamp,nearest,2x,2,1,1.250000,0.750000,1.000000
clamp,bilinear,2x,2,1,1.250000,0.750000,3.250000
clamp,nearest,2x,3,1,1.750000,0.750000,1.000000
clamp,bilinear,2x,3,1,1.750000,0.750000,3.750000
clamp,nearest,2x,4,1,2.250000,0.750000,2.000000
clamp,bilinear,2x,4,1,2.250000,0.750000,4.250000
clamp,nearest,2x,5,1,2.750000,0.750000,2.000000
clamp,bilinear,2x,5,1,2.750000,0.750000,4.750000
clamp,nearest,2x,6,1,3.250000,0.750000,3.000000
clamp,bilinear,2x,6,1,3.250000,0.750000,5.250000
clamp,nearest,2x,7,1,3.750000,0.750000,3.000000
clamp,bilinear,2x,7,1,3.750000,0.750000,5.500000
clamp,nearest,2x,0,2,0.250000,1.250000,10.000000
clamp,bilinear,2x,0,2,0.250000,1.250000,7.500000
clamp,nearest,2x,1,2,0.750000,1.250000,10.000000
clamp,bilinear,2x,1,2,0.750000,1.250000,7.750000
clamp,nearest,2x,2,2,1.250000,1.250000,11.000000
clamp,bilinear,2x,2,2,1.250000,1.250000,8.250000
clamp,nearest,2x,3,2,1.750000,1.250000,11.000000
clamp,bilinear,2x,3,2,1.750000,1.250000,8.750000
clamp,nearest,2x,4,2,2.250000,1.250000,12.000000
clamp,bilinear,2x,4,2,2.250000,1.250000,9.250000
clamp,nearest,2x,5,2,2.750000,1.250000,12.000000
clamp,bilinear,2x,5,2,2.750000,1.250000,9.750000
clamp,nearest,2x,6,2,3.250000,1.250000,13.000000
clamp,bilinear,2x,6,2,3.250000,1.250000,10.250000
clamp,nearest,2x,7,2,3.750000,1.250000,13.000000
clamp,bilinear,2x,7,2,3.750000,1.250000,10.500000
clamp,nearest,2x,0,3,0.250000,1.750000,10.000000
clamp,bilinear,2x,0,3,0.250000,1.750000,12.500000
clamp,nearest,2x,1,3,0.750000,1.750000,10.000000
clamp,bilinear,2x,1,3,0.750000,1.750000,12.750000
clamp,nearest,2x,2,3,1.250000,1.750000,11.000000
clamp,bilinear,2x,2,3,1.250000,1.750000,13.250000
clamp,nearest,2x,3,3,1.750000,1.750000,11.000000
clamp,bilinear,2x,3,3,1.750000,1.750000,13.750000
clamp,nearest,2x,4,3,2.250000,1.750000,12.000000
clamp,bilinear,2x,4,3,2.250000,1.750000,14.250000
clamp,nearest,2x,5,3,2.750000,1.750000,12.000000
clamp,bilinear,2x,5,3,2.750000,1.750000,14.750000
clamp,nearest,2x,6,3,3.250000,1.750000,13.000000
clamp,bilinear,2x,6,3,3.250000,1.750000,15.250000
clamp,nearest,2x,7,3,3.750000,1.750000,13.000000
clamp,bilinear,2x,7,3,3.750000,1.750000,15.500000
clamp,nearest,2x,0,4,0.250000,2.250000,20.000000
clamp,bilinear,2x,0,4,0.250000,2.250000,17.500000
clamp,nearest,2x,1,4,0.750000,2.250000,20.000000
clamp,bilinear,2x,1,4,0.750000,2.250000,17.750000
clamp,nearest,2x,2,4,1.250000,2.250000,21.000000
clamp,bilinear,2x,2,4,1.250000,2.250000,18.250000
clamp,nearest,2x,3,4,1.750000,2.250000,21.000000
clamp,bilinear,2x,3,4,1.750000,2.250000,18.750000
clamp,nearest,2x,4,4,2.250000,2.250000,22.000000
clamp,bilinear,2x,4,4,2.250000,2.250000,19.250000
clamp,nearest,2x,5,4,2.750000,2.250000,22.000000
clamp,bilinear,2x,5,4,2.750000,2.250000,19.750000
clamp,nearest,2x,6,4,3.250000,2.250000,23.000000
clamp,bilinear,2x,6,4,3.250000,2.250000,20.250000
clamp,nearest,2x,7,4,3.750000,2.250000,23.000000
clamp,bilinear,2x,7,4,3.750000,2.250000,20.500000
clamp,nearest,2x,0,5,0.250000,2.750000,20.000000
clamp,bilinear,2x,0,5,0.250000,2.750000,22.500000
clamp,nearest,2x,1,5,0.750000,2.750000,20.000000
clamp,bilinear,2x,1,5,0.750000,2.750000,22.750000
clamp,nearest,2x,2,5,1.250000,2.750000,21.000000
clamp,bilinear,2x,2,5,1.250000,2.750000,23.250000
clamp,nearest,2x,3,5,1.750000,2.750000,21.000000
clamp,bilinear,2x,3,5,1.750000,2.750000,23.750000
clamp,nearest,2x,4,5,2.250000,2.750000,22.000000
clamp,bilinear,2x,4,5,2.250000,2.750000,24.250000
clamp,nearest,2x,5,5,2.750000,2.750000,22.000000
clamp,bilinear,2x,5,5,2.750000,2.750000,24.750000
clamp,nearest,2x,6,5,3.250000,2.750000,23.000000
clamp,bilinear,2x,6,5,3.250000,2.750000,25.250000
clamp,nearest,2x,7,5,3.750000,2.750000,23.000000
clamp,bilinear,2x,7,5,3.750000,2.750000,25.500000
clamp,nearest,2x,0,6,0.250000,3.250000,30.000000
clamp,bilinear,2x,0,6,0.250000,3.250000,27.500000
clamp,nearest,2x,1,6,0.750000,3.250000,30.000000
clamp,bilinear,2x,1,6,0.750000,3.250000,27.750000
clamp,nearest,2x,2,6,1.250000,3.250000,31.000000
clamp,bilinear,2x,2,6,1.250000,3.250000,28.250000
clamp,nearest,2x,3,6,1.750000,3.250000,31.000000
clamp,bilinear,2x,3,6,1.750000,3.250000,28.750000
clamp,nearest,2x,4,6,2.250000,3.250000,32.000000
clamp,bilinear,2x,4,6,2.250000,3.250000,29.250000
clamp,nearest,2x,5,6,2.750000,3.250000,32.000000
clamp,bilinear,2x,5,6,2.750000,3.250000,29.750000
clamp,nearest,2x,6,6,3.250000,3.250000,33.000000
clamp,bilinear,2x,6,6,3.250000,3.250000,30.250000
clamp,nearest,2x,7,6,3.750000,3.250000,33.000000
clamp,bilinear,2x,7,6,3.750000,3.250000,30.500000
clamp,nearest,2x,0,7,0.250000,3.750000,30.000000
clamp,bilinear,2x,0,7,0.250000,3.750000,30.000000
clamp,nearest,2x,1,7,0.750000,3.750000,30.000000
clamp,bilinear,2x,1,7,0.750000,3.750000,30.250000
clamp,nearest,2x,2,7,1.250000,3.750000,31.000000
clamp,bilinear,2x,2,7,1.250000,3.750000,30.750000
clamp,nearest,2x,3,7,1.750000,3.750000,31.000000
clamp,bilinear,2x,3,7,1.750000,3.750000,31.250000
clamp,nearest,2x,4,7,2.250000,3.750000,32.000000
clamp,bilinear,2x,4,7,2.250000,3.750000,31.750000
clamp,nearest,2x,5,7,2.750000,3.750000,32.000000
clamp,bilinear,2x,5,7,2.750000,3.750000,32.250000
clamp,nearest,2x,6,7,3.250000,3.750000,33.000000
clamp,bilinear,2x,6,7,3.250000,3.750000,32.750000
clamp,nearest,2x,7,7,3.750000,3.750000,33.000000
clamp,bilinear,2x,7,7,3.750000,3.750000,33.000000
clamp,nearest,3x,0,0,0.166667,0.166667,0.000000
clamp,bilinear,3x,0,0,0.166667,0.166667,0.000000
clamp,nearest,3x,1,0,0.500000,0.166667,0.000000
clamp,bilinear,3x,1,0,0.500000,0.166667,0.000000
clamp,nearest,3x,2,0,0.833333,0.166667,0.000000
clamp,bilinear,3x,2,0,0.833333,0.166667,0.333333
clamp,nearest,3x,3,0,1.166667,0.166667,1.000000
clamp,bilinear,3x,3,0,1.166667,0.166667,0.666667
clamp,nearest,3x,4,0,1.500000,0.166667,1.000000
clamp,bilinear,3x,4,0,1.500000,0.166667,1.000000
clamp,nearest,3x,5,0,1.833333,0.166667,1.000000
clamp,bilinear,3x,5,0,1.833333,0.166667,1.333333
clamp,nearest,3x,6,0,2.166667,0.166667,2.000000
clamp,bilinear,3x,6,0,2.166667,0.166667,1.666667
clamp,nearest,3x,7,0,2.500000,0.166667,2.000000
clamp,bilinear,3x,7,0,2.500000,0.166667,2.000000
clamp,nearest,3x,8,0,2.833333,0.166667,2.000000
clamp,bilinear,3x,8,0,2.833333,0.166667,2.333333
clamp,nearest,3x,9,0,3.166667,0.166667,3.000000
clamp,bilinear,3x,9,0,3.166667,0.166667,2.666667
clamp,nearest,3x,10,0,3.500000,0.166667,3.000000
clamp,bilinear,3x,10,0,3.500000,0.166667,3.000000
clamp,nearest,3x,11,0,3.833333,0.166667,3.000000
clamp,bilinear,3x,11,0,3.833333,0.166667,3.000000
clamp,nearest,3x,0,1,0.166667,0.500000,0.000000
clamp,bilinear,3x,0,1,0.166667,0.500000,0.000000
clamp,nearest,3x,1,1,0.500000,0.500000,0.000000
clamp,bilinear,3x,1,1,0.500000,0.500000,0.000000
clamp,nearest,3x,2,1,0.833333,0.500000,0.000000
clamp,bilinear,3x,2,1,0.833333,0.500000,0.333333
clamp,nearest,3x,3,1,1.166667,0.500000,1.000000
clamp,bilinear,3x,3,1,1.166667,0.500000,0.666667
clamp,nearest,3x,4,1,1.500000,0.500000,1.000000
clamp,bilinear,3x,4,1,1.500000,0.500000,1.000000
clamp,nearest,3x,5,1,1.833333,0.500000,1.000000
clamp,bilinear,3x,5,1,1.833333,0.500000,1.333333
clamp,nearest,3x,6,1,2.166667,0.500000,2.000000
clamp,bilinear,3x,6,1,2.166667,0.500000,1.666667
clamp,nearest,3x,7,1,2.500000,0.500000,2.000000
clamp,bilinear,3x,7,1,2.500000,0.500000,2.000000
clamp,nearest,3x,8,1,2.833333,0.500000,2.000000
clamp,bilinear,3x,8,1,2.833333,0.500000,2.333333
clamp,nearest,3x,9,1,3.166667,0.500000,3.000000
clamp,bilinear,3x,9,1,3.166667,0.500000,2.666667
clamp,nearest,3x,10,1,3.500000,0.500000,3.000000
clamp,bilinear,3x,10,1,3.500000,0.500000,3.000000
clamp,nearest,3x,11,1,3.833333,0.500000,3.000000
clamp,bilinear,3x,11,1,3.833333,0.500000,3.000000
clamp,nearest,3x,0,2,0.166667,0.833333,0.000000
clamp,bilinear,3x,0,2,0.166667,0.833333,3.333333
clamp,nearest,3x,1,2,0.500000,0.833333,0.000000
clamp,bilinear,3x,1,2,0.500000,0.833333,3.333333
clamp,nearest,3x,2,2,0.833333,0.833333,0.000000
clamp,bilinear,3x,2,2,0.833333,0.833333,3.666667
clamp,nearest,3x,3,2,1.166667,0.833333,1.000000
clamp,bilinear,3x,3,2,1.166667,0.833333,4.000000
clamp,nearest,3x,4,2,1.500000,0.833333,1.000000
clamp,bilinear,3x,4,2,1.500000,0.833333,4.333333
clamp,nearest,3x,5,2,1.833333,0.833333,1.000000
clamp,bilinear,3x,5,2,1.833333,0.833333,4.666667
clamp,nearest,3x,6,2,2.166667,0.833333,2.000000
clamp,bilinear,3x,6,2,2.166667,0.833333,5.000000
clamp,nearest,3x,7,2,2.500000,0.833333,2.000000
clamp,bilinear,3x,7,2,2.500000,0.833333,5.333333
clamp,nearest,3x,8,2,2.833333,0.833333,2.000000
clamp,bilinear,3x,8,2,2.833333,0.833333,5.666667
clamp,nearest,3x,9,2,3.166667,0.833333,3.000000
clamp,bilinear,3x,9,2,3.166667,0.833333,6.000000
clamp,nearest,3x,10,2,3.500000,0.833333,3.000000
clamp,bilinear,3x,10,2,3.500000,0.833333,6.333333
clamp,nearest,3x,11,2,3.833333,0.833333,3.000000
clamp,bilinear,3x,11,2,3.833333,0.833333,6.333333
clamp,nearest,3x,0,3,0.166667,1.166667,10.000000
clamp,bilinear,3x,0,3,0.166667,1.166667,6.666667
clamp,nearest,3x,1,3,0.500000,1.166667,10.000000
clamp,bilinear,3x,1,3,0.500000,1.166667,6.666667
clamp,nearest,3x,2,3,0.833333,1.166667,10.000000
clamp,bilinear,3x,2,3,0.833333,1.166667,7.000000
clamp,nearest,3x,3,3,1.166667,1.166667,11.000000
clamp,bilinear,3x,3,3,1.166667,1.166667,7.333333
clamp,nearest,3x,4,3,1.500000,1.166667,11.000000
clamp,bilinear,3x,4,3,1.500000,1.166667,7.666667
clamp,nearest,3x,5,3,1.833333,1.166667,11.000000
clamp,bilinear,3x,5,3,1.833333,1.166667,8.000000
clamp,nearest,3x,6,3,2.166667,1.166667,12.000000
clamp,bilinear,3x,6,3,2.166667,1.166667,8.333333
clamp,nearest,3x,7,3,2.500000,1.166667,12.000000
clamp,bilinear,3x,7,3,2.500000,1.166667,8.666667
clamp,nearest,3x,8,3,2.833333,1.166667,12.000000
clamp,bilinear,3x,8,3,2.833333,1.166667,9.000000
clamp,nearest,3x,9,3,3.166667,1.166667,13.000000
clamp,bilinear,3x,9,3,3.166667,1.166667,9.333333
clamp,nearest,3x,10,3,3.500000,1.166667,13.000000
clamp,bilinear,3x,10,3,3.500000,1.166667,9.666667
clamp,nearest,3x,11,3,3.833333,1.166667,13.000000
clamp,bilinear,3x,11,3,3.833333,1.166667,9.666667
clamp,nearest,3x,0,4,0.166667,1.500000,10.000000
clamp,bilinear,3x,0,4,0.166667,1.500000,10.000000
clamp,nearest,3x,1,4,0.500000,1.500000,10.000000
clamp,bilinear,3x,1,4,0.500000,1.500000,10.000000
clamp,nearest,3x,2,4,0.833333,1.500000,10.000000
clamp,bilinear,3x,2,4,0.833333,1.500000,10.333333
clamp,nearest,3x,3,4,1.166667,1.500000,11.000000
clamp,bilinear,3x,3,4,1.166667,1.500000,10.666667
clamp,nearest,3x,4,4,1.500000,1.500000,11.000000
clamp,bilinear,3x,4,4,1.500000,1.500000,11.000000
clamp,nearest,3x,5,4,1.833333,1.500000,11.000000
clamp,bilinear,3x,5,4,1.833333,1.500000,11.333333
clamp,nearest,3x,6,4,2.166667,1.500000,12.000000
clamp,bilinear,3x,6,4,2.166667,1.500000,11.666667
clamp,nearest,3x,7,4,2.500000,1.500000,12.000000
clamp,bilinear,3x,7,4,2.500000,1.500000,12.000000
clamp,nearest,3x,8,4,2.833333,1.500000,12.000000
clamp,bilinear,3x,8,4,2.833333,1.500000,12.333333
clamp,nearest,3x,9,4,3.166667,1.500000,13.000000
clamp,bilinear,3x,9,4,3.166667,1.500000,12.666667
clamp,nearest,3x,10,4,3.500000,1.500000,13.000000
clamp,bilinear,3x,10,4,3.500000,1.500000,13.000000
clamp,nearest,3x,11,4,3.833333,1.500000,13.000000
clamp,bilinear,3x,11,4,3.833333,1.500000,13.000000
clamp,nearest,3x,0,5,0.166667,1.833333,10.000000
clamp,bilinear,3x,0,5,0.166667,1.833333,13.333333
clamp,nearest,3x,1,5,0.500000,1.833333,10.000000
clamp,bilinear,3x,1,5,0.500000,1.833333,13.333333
clamp,nearest,3x,2,5,0.833333,1.833333,10.000000
clamp,bilinear,3x,2,5,0.833333,1.833333,13.666667
clamp,nearest,3x,3,5,1.166667,1.833333,11.000000
clamp,bilinear,3x,3,5,1.166667,1.833333,14.000000
clamp,nearest,3x,4,5,1.500000,1.833333,11.000000
clamp,bilinear,3x,4,5,1.500000,1.833333,14.333333
clamp,nearest,3x,5,5,1.833333,1.833333,11.000000
clamp,bilinear,3x,5,5,1.833333,1.833333,14.666667
clamp,nearest,3x,6,5,2.166667,1.833333,12.000000
clamp,bilinear,3x,6,5,2.166667,1.833333,15.000000
clamp,nearest,3x,7,5,2.500000,1.833333,12.000000
clamp,bilinear,3x,7,5,2.500000,1.833333,15.333333
clamp,nearest,3x,8,5,2.833333,1.833333,12.000000
clamp,bilinear,3x,8,5,2.833333,1.833333,15.666667
clamp,nearest,3x,9,5,3.166667,1.833333,13.000000
clamp,bilinear,3x,9,5,3.166667,1.833333,16.000000
clamp,nearest,3x,10,5,3.500000,1.833333,13.000000
clamp,bilinear,3x,10,5,3.500000,1.833333,16.333333
clamp,nearest,3x,11,5,3.833333,1.833333,13.000000
clamp,bilinear,3x,11,5,3.833333,1.833333,16.333333
clamp,nearest,3x,0,6,0.166667,2.166667,20.000000
clamp,bilinear,3x,0,6,0.166667,2.166667,16.666667
clamp,nearest,3x,1,6,0.500000,2.166667,20.000000
clamp,bilinear,3x,1,6,0.500000,2.166667,16.666667
clamp,nearest,3x,2,6,0.833333,2.166667,20.000000
clamp,bilinear,3x,2,6,0.833333,2.166667,17.000000
clamp,nearest,3x,3,6,1.166667,2.166667,21.000000
clamp,bilinear,3x,3,6,1.166667,2.166667,17.333333
clamp,nearest,3x,4,6,1.500000,2.166667,21.000000
clamp,bilinear,3x,4,6,1.500000,2.166667,17.666667
clamp,nearest,3x,5,6,1.833333,2.166667,21.000000
clamp,bilinear,3x,5,6,1.833333,2.166667,18.000000
clamp,nearest,3x,6,6,2.166667,2.166667,22.000000
clamp,bilinear,3x,6,6,2.166667,2.166667,18.333333
clamp,nearest,3x,7,6,2.500000,2.166667,22.000000
clamp,bilinear,3x,7,6,2.500000,2.166667,18.666667
clamp,nearest,3x,8,6,2.833333,2.166667,22.000000
clamp,bilinear,3x,8,6,2.833333,2.166667,19.000000
clamp,nearest,3x,9,6,3.166667,2.166667,23.000000
clamp,bilinear,3x,9,6,3.166667,2.166667,19.333333
clamp,nearest,3x,10,6,3.500000,2.166667,23.000000
clamp,bilinear,3x,10,6,3.500000,2.166667,19.666667
clamp,nearest,3x,11,6,3.833333,2.166667,23.000000
clamp,bilinear,3x,11,6,3.833333,2.166667,19.666667
clamp,nearest,3x,0,7,0.166667,2.500000,20.000000
clamp,bilinear,3x,0,7,0.166667,2.500000,20.000000
clamp,nearest,3x,1,7,0.500000,2.500000,20.000000
clamp,bilinear,3x,1,7,0.500000,2.500000,20.000000
clamp,nearest,3x,2,7,0.833333,2.500000,20.000000
clamp,bilinear,3x,2,7,0.833333,2.500000,20.333333
clamp,nearest,3x,3,7,1.166667,2.500000,21.000000
clamp,bilinear,3x,3,7,1.166667,2.500000,20.666667
clamp,nearest,3x,4,7,1.500000,2.500000,21.000000
clamp,bilinear,3x,4,7,1.500000,2.500000,21.000000
clamp,nearest,3x,5,7,1.833333,2.500000,21.000000
clamp,bilinear,3x,5,7,1.833333,2.500000,21.333333
clamp,nearest,3x,6,7,2.166667,2.500000,22.000000
clamp,bilinear,3x,6,7,2.166667,2.500000,21.666667
clamp,nearest,3x,7,7,2.500000,2.500000,22.000000
clamp,bilinear,3x,7,7,2.500000,2.500000,22.000000
clamp,nearest,3x,8,7,2.833333,2.500000,22.000000
clamp,bilinear,3x,8,7,2.833333,2.500000,22.333333
clamp,nearest,3x,9,7,3.166667,2.500000,23.000000
clamp,bilinear,3x,9,7,3.166667,2.500000,22.666667
clamp,nearest,3x,10,7,3.500000,2.500000,23.000000
clamp,bilinear,3x,10,7,3.500000,2.500000,23.000000
clamp,nearest,3x,11,7,3.833333,2.500000,23.000000
clamp,bilinear,3x,11,7,3.833333,2.500000,23.000000
clamp,nearest,3x,0,8,0.166667,2.833333,20.000000
clamp,bilinear,3x,0,8,0.166667,2.833333,23.333333
clamp,nearest,3x,1,8,0.500000,2.833333,20.000000
clamp,bilinear,3x,1,8,0.500000,2.833333,23.333333
clamp,nearest,3x,2,8,0.833333,2.833333,20.000000
clamp,bilinear,3x,2,8,0.833333,2.833333,23.666667
clamp,nearest,3x,3,8,1.166667,2.833333,21.000000
clamp,bilinear,3x,3,8,1.166667,2.833333,24.000000
clamp,nearest,3x,4,8,1.500000,2.833333,21.000000
clamp,bilinear,3x,4,8,1.500000,2.833333,24.333333
clamp,nearest,3x,5,8,1.833333,2.833333,21.000000
clamp,bilinear,3x,5,8,1.833333,2.833333,24.666667
clamp,nearest,3x,6,8,2.166667,2.833333,22.000000
clamp,bilinear,3x,6,8,2.166667,2.833333,25.000000
clamp,nearest,3x,7,8,2.500000,2.833333,22.000000
clamp,bilinear,3x,7,8,2.500000,2.833333,25.333333
clamp,nearest,3x,8,8,2.833333,2.833333,22.000000
clamp,bilinear,3x,8,8,2.833333,2.833333,25.666667
clamp,nearest,3x,9,8,3.166667,2.833333,23.000000
clamp,bilinear,3x,9,8,3.166667,2.833333,26.000000
clamp,nearest,3x,10,8,3.500000,2.833333,23.000000
clamp,bilinear,3x,10,8,3.500000,2.833333,26.333333
clamp,nearest,3x,11,8,3.833333,2.833333,23.000000
clamp,bilinear,3x,11,8,3.833333,2.833333,26.333333
clamp,nearest,3x,0,9,0.166667,3.166667,30.000000
clamp,bilinear,3x,0,9,0.166667,3.166667,26.666667
clamp,nearest,3x,1,9,0.500000,3.166667,30.000000
clamp,bilinear,3x,1,9,0.500000,3.166667,26.666667
clamp,nearest,3x,2,9,0.833333,3.166667,30.000000
clamp,bilinear,3x,2,9,0.833333,3.166667,27.000000
clamp,nearest,3x,3,9,1.166667,3.166667,31.000000
clamp,bilinear,3x,3,9,1.166667,3.166667,27.333333
clamp,nearest,3x,4,9,1.500000,3.166667,31.000000
clamp,bilinear,3x,4,9,1.500000,3.166667,27.666667
clamp,nearest,3x,5,9,1.833333,3.166667,31.000000
clamp,bilinear,3x,5,9,1.833333,3.166667,28.000000
clamp,nearest,3x,6,9,2.166667,3.166667,32.000000
clamp,bilinear,3x,6,9,2.166667,3.166667,28.333333
clamp,nearest,3x,7,9,2.500000,3.166667,32.000000
clamp,bilinear,3x,7,9,2.500000,3.166667,28.666667
clamp,nearest,3x,8,9,2.833333,3.166667,32.000000
clamp,bilinear,3x,8,9,2.833333,3.166667,29.000000
clamp,nearest,3x,9,9,3.166667,3.166667,33.000000
clamp,bilinear,3x,9,9,3.166667,3.166667,29.333333
clamp,nearest,3x,10,9,3.500000,3.166667,33.000000
clamp,bilinear,3x,10,9,3.500000,3.166667,29.666667
clamp,nearest,3x,11,9,3.833333,3.166667,33.000000
clamp,bilinear,3x,11,9,3.833333,3.166667,29.666667
clamp,nearest,3x,0,10,0.166667,3.500000,30.000000
clamp,bilinear,3x,0,10,0.166667,3.500000,30.000000
clamp,nearest,3x,1,10,0.500000,3.500000,30.000000
clamp,bilinear,3x,1,10,0.500000,3.500000,30.000000
clamp,nearest,3x,2,10,0.833333,3.500000,30.000000
clamp,bilinear,3x,2,10,0.833333,3.500000,30.333333
clamp,nearest,3x,3,10,1.166667,3.500000,31.000000
clamp,bilinear,3x,3,10,1.166667,3.500000,30.666667
clamp,nearest,3x,4,10,1.500000,3.500000,31.000000
clamp,bilinear,3x,4,10,1.500000,3.500000,31.000000
clamp,nearest,3x,5,10,1.833333,3.500000,31.000000
clamp,bilinear,3x,5,10,1.833333,3.500000,31.333333
clamp,nearest,3x,6,10,2.166667,3.500000,32.000000
clamp,bilinear,3x,6,10,2.166667,3.500000,31.666667
clamp,nearest,3x,7,10,2.500000,3.500000,32.000000
clamp,bilinear,3x,7,10,2.500000,3.500000,32.000000
clamp,nearest,3x,8,10,2.833333,3.500000,32.000000
clamp,bilinear,3x,8,10,2.833333,3.500000,32.333333
clamp,nearest,3x,9,10,3.166667,3.500000,33.000000
clamp,bilinear,3x,9,10,3.166667,3.500000,32.666667
clamp,nearest,3x,10,10,3.500000,3.500000,33.000000
clamp,bilinear,3x,10,10,3.500000,3.500000,33.000000
clamp,nearest,3x,11,10,3.833333,3.500000,33.000000
clamp,bilinear,3x,11,10,3.833333,3.500000,33.000000
clamp,nearest,3x,0,11,0.166667,3.833333,30.000000
clamp,bilinear,3x,0,11,0.166667,3.833333,30.000000
clamp,nearest,3x,1,11,0.500000,3.833333,30.000000
clamp,bilinear,3x,1,11,0.500000,3.833333,30.000000
clamp,nearest,3x,2,11,0.833333,3.833333,30.000000
clamp,bilinear,3x,2,11,0.833333,3.833333,30.333333
clamp,nearest,3x,3,11,1.166667,3.833333,31.000000
clamp,bilinear,3x,3,11,1.166667,3.833333,30.666667
clamp,nearest,3x,4,11,1.500000,3.833333,31.000000
clamp,bilinear,3x,4,11,1.500000,3.833333,31.000000
clamp,nearest,3x,5,11,1.833333,3.833333,31.000000
clamp,bilinear,3x,5,11,1.833333,3.833333,31.333333
clamp,nearest,3x,6,11,2.166667,3.833333,32.000000
clamp,bilinear,3x,6,11,2.166667,3.833333,31.666667
clamp,nearest,3x,7,11,2.500000,3.833333,32.000000
clamp,bilinear,3x,7,11,2.500000,3.833333,32.000000
clamp,nearest,3x,8,11,2.833333,3.833333,32.000000
clamp,bilinear,3x,8,11,2.833333,3.833333,32.333333
clamp,nearest,3x,9,11,3.166667,3.833333,33.000000
clamp,bilinear,3x,9,11,3.166667,3.833333,32.666667
clamp,nearest,3x,10,11,3.500000,3.833333,33.000000
clamp,bilinear,3x,10,11,3.500000,3.833333,33.000000
clamp,nearest,3x,11,11,3.833333,3.833333,33.000000
clamp,bilinear,3x,11,11,3.833333,3.833333,33.000000
clamp,nearest,4x,0,0,0.125000,0.125000,0.000000
clamp,bilinear,4x,0,0,0.125000,0.125000,0.000000
clamp,nearest,4x,1,0,0.375000,0.125000,0.000000
clamp,bilinear,4x,1,0,0.375000,0.125000,0.000000
clamp,nearest,4x,2,0,0.625000,0.125000,0.000000
clamp,bilinear,4x,2,0,0.625000,0.125000,0.125000
clamp,nearest,4x,3,0,0.875000,0.125000,0.000000
clamp,bilinear,4x,3,0,0.875000,0.125000,0.375000
clamp,nearest,4x,4,0,1.125000,0.125000,1.000000
clamp,bilinear,4x,4,0,1.125000,0.125000,0.625000
clamp,nearest,4x,5,0,1.375000,0.125000,1.000000
clamp,bilinear,4x,5,0,1.375000,0.125000,0.875000
clamp,nearest,4x,6,0,1.625000,0.125000,1.000000
clamp,bilinear,4x,6,0,1.625000,0.125000,1.125000
clamp,nearest,4x,7,0,1.875000,0.125000,1.000000
clamp,bilinear,4x,7,0,1.875000,0.125000,1.375000
clamp,nearest,4x,8,0,2.125000,0.125000,2.000000
clamp,bilinear,4x,8,0,2.125000,0.125000,1.625000
clamp,nearest,4x,9,0,2.375000,0.125000,2.000000
clamp,bilinear,4x,9,0,2.375000,0.125000,1.875000
clamp,nearest,4x,10,0,2.625000,0.125000,2.000000
clamp,bilinear,4x,10,0,2.625000,0.125000,2.125000
clamp,nearest,4x,11,0,2.875000,0.125000,2.000000
clamp,bilinear,4x,11,0,2.875000,0.125000,2.375000
clamp,nearest,4x,12,0,3.125000,0.125000,3.000000
clamp,bilinear,4x,12,0,3.125000,0.125000,2.625000
clamp,nearest,4x,13,0,3.375000,0.125000,3.000000
clamp,bilinear,4x,13,0,3.375000,0.125000,2.875000
clamp,nearest,4x,14,0,3.625000,0.125000,3.000000
clamp,bilinear,4x,14,0,3.625000,0.125000,3.000000
clamp,nearest,4x,15,0,3.875000,0.125000,3.000000
clamp,bilinear,4x,15,0,3.875000,0.125000,3.000000
clamp,nearest,4x,0,1,0.125000,0.375000,0.000000
clamp,bilinear,4x,0,1,0.125000,0.375000,0.000000
clamp,nearest,4x,1,1,0.375000,0.375000,0.000000
clamp,bilinear,4x,1,1,0.375000,0.375000,0.000000
clamp,nearest,4x,2,1,0.625000,0.375000,0.000000
clamp,bilinear,4x,2,1,0.625000,0.375000,0.125000
clamp,nearest,4x,3,1,0.875000,0.375000,0.000000
clamp,bilinear,4x,3,1,0.875000,0.375000,0.375000
clamp,nearest,4x,4,1,1.125000,0.375000,1.000000
clamp,bilinear,4x,4,1,1.125000,0.375000,0.625000
clamp,nearest,4x,5,1,1.375000,0.375000,1.000000
clamp,bilinear,4x,5,1,1.375000,0.375000,0.875000
clamp,nearest,4x,6,1,1.625000,0.375000,1.000000
clamp,bilinear,4x,6,1,1.625000,0.375000,1.125000
clamp,nearest,4x,7,1,1.875000,0.375000,1.000000
clamp,bilinear,4x,7,1,1.875000,0.375000,1.375000
clamp,nearest,4x,8,1,2.125000,0.375000,2.000000
clamp,bilinear,4x,8,1,2.125000,0.375000,1.625000
clamp,nearest,4x,9,1,2.375000,0.375000,2.000000
clamp,bilinear,4x,9,1,2.375000,0.375000,1.875000
clamp,nearest,4x,10,1,2.625000,0.375000,2.000000
clamp,bilinear,4x,10,1,2.625000,0.375000,2.125000
clamp,nearest,4x,11,1,2.875000,0.375000,2.000000
clamp,bilinear,4x,11,1,2.875000,0.375000,2.375000
clamp,nearest,4x,12,1,3.125000,0.375000,3.000000
clamp,bilinear,4x,12,1,3.125000,0.375000,2.625000
clamp,nearest,4x,13,1,3.375000,0.375000,3.000000
clamp,bilinear,4x,13,1,3.375000,0.375000,2.875000
clamp,nearest,4x,14,1,3.625000,0.375000,3.000000
clamp,bilinear,4x,14,1,3.625000,0.375000,3.000000
clamp,nearest,4x,15,1,3.875000,0.375000,3.000000
clamp,bilinear,4x,15,1,3.875000,0.375000,3.000000
clamp,nearest,4x,0,2,0.125000,0.625000,0.000000
clamp,bilinear,4x,0,2,0.125000,0.625000,1.250000
clamp,nearest,4x,1,2,0.375000,0.625000,0.000000
clamp,bilinear,4x,1,2,0.375000,0.625000,1.250000
clamp,nearest,4x,2,2,0.625000,0.625000,0.000000
clamp,bilinear,4x,2,2,0.625000,0.625000,1.375000
clamp,nearest,4x,3,2,0.875000,0.625000,0.000000
clamp,bilinear,4x,3,2,0.875000,0.625000,1.625000
clamp,nearest,4x,4,2,1.125000,0.625000,1.000000
clamp,bilinear,4x,4,2,1.125000,0.625000,1.875000
clamp,nearest,4x,5,2,1.375000,0.625000,1.000000
clamp,bilinear,4x,5,2,1.375000,0.625000,2.125000
clamp,nearest,4x,6,2,1.625000,0.625000,1.000000
clamp,bilinear,4x,6,2,1.625000,0.625000,2.375000
clamp,nearest,4x,7,2,1.875000,0.625000,1.000000
clamp,bilinear,4x,7,2,1.875000,0.625000,2.625000
clamp,nearest,4x,8,2,2.125000,0.625000,2.000000
clamp,bilinear,4x,8,2,2.125000,0.625000,2.875000
clamp,nearest,4x,9,2,2.375000,0.625000,2.000000
clamp,bilinear,4x,9,2,2.375000,0.625000,3.125000
clamp,nearest,4x,10,2,2.625000,0.625000,2.000000
clamp,bilinear,4x,10,2,2.625000,0.625000,3.375000
clamp,nearest,4x,11,2,2.875000,0.625000,2.000000
clamp,bilinear,4x,11,2,2.875000,0.625000,3.625000
clamp,nearest,4x,12,2,3.125000,0.625000,3.000000
clamp,bilinear,4x,12,2,3.125000,0.625000,3.875000
clamp,nearest,4x,13,2,3.375000,0.625000,3.000000
clamp,bilinear,4x,13,2,3.375000,0.625000,4.125000
clamp,nearest,4x,14,2,3.625000,0.625000,3.000000
clamp,bilinear,4x,14,2,3.625000,0.625000,4.250000
clamp,nearest,4x,15,2,3.875000,0.625000,3.000000
clamp,bilinear,4x,15,2,3.875000,0.625000,4.250000
clamp,nearest,4x,0,3,0.125000,0.875000,0.000000
clamp,bilinear,4x,0,3,0.125000,0.875000,3.750000
clamp,nearest,4x,1,3,0.375000,0.875000,0.000000
clamp,bilinear,4x,1,3,0.375000,0.875000,3.750000
clamp,nearest,4x,2,3,0.625000,0.875000,0.000000
clamp,bilinear,4x,2,3,0.625000,0.875000,3.875000
clamp,nearest,4x,3,3,0.875000,0.875000,0.000000
clamp,bilinear,4x,3,3,0.875000,0.875000,4.125000
clamp,nearest,4x,4,3,1.125000,0.875000,1.000000
clamp,bilinear,4x,4,3,1.125000,0.875000,4.375000
clamp,nearest,4x,5,3,1.375000,0.875000,1.000000
clamp,bilinear,4x,5,3,1.375000,0.875000,4.625000
clamp,nearest,4x,6,3,1.625000,0.875000,1.000000
clamp,bilinear,4x,6,3,1.625000,0.875000,4.875000
clamp,nearest,4x,7,3,1.875000,0.875000,1.000000
clamp,bilinear,4x,7,3,1.875000,0.875000,5.125000
clamp,nearest,4x,8,3,2.125000,0.875000,2.000000
clamp,bilinear,4x,8,3,2.125000,0.875000,5.375000
clamp,nearest,4x,9,3,2.375000,0.875000,2.000000
clamp,bilinear,4x,9,3,2.375000,0.875000,5.625000
clamp,nearest,4x,10,3,2.625000,0.875000,2.000000
clamp,bilinear,4x,10,3,2.625000,0.875000,5.875000
clamp,nearest,4x,11,3,2.875000,0.875000,2.000000
clamp,bilinear,4x,11,3,2.875000,0.875000,6.125000
clamp,nearest,4x,12,3,3.125000,0.875000,3.000000
clamp,bilinear,4x,12,3,3.125000,0.875000,6.375000
clamp,nearest,4x,13,3,3.375000,0.875000,3.000000
clamp,bilinear,4x,13,3,3.375000,0.875000,6.625000
clamp,nearest,4x,14,3,3.625000,0.875000,3.000000
clamp,bilinear,4x,14,3,3.625000,0.875000,6.750000
clamp,nearest,4x,15,3,3.875000,0.875000,3.000000
clamp,bilinear,4x,15,3,3.875000,0.875000,6.750000
clamp,nearest,4x,0,4,0.125000,1.125000,10.000000
clamp,bilinear,4x,0,4,0.125000,1.125000,6.250000
clamp,nearest,4x,1,4,0.375000,1.125000,10.000000
clamp,bilinear,4x,1,4,0.375000,1.125000,6.250000
clamp,nearest,4x,2,4,0.625000,1.125000,10.000000
clamp,bilinear,4x,2,4,0.625000,1.125000,6.375000
clamp,nearest,4x,3,4,0.875000,1.125000,10.000000
clamp,bilinear,4x,3,4,0.875000,1.125000,6.625000
clamp,nearest,4x,4,4,1.125000,1.125000,11.000000
clamp,bilinear,4x,4,4,1.125000,1.125000,6.875000
clamp,nearest,4x,5,4,1.375000,1.125000,11.000000
clamp,bilinear,4x,5,4,1.375000,1.125000,7.125000
clamp,nearest,4x,6,4,1.625000,1.125000,11.000000
clamp,bilinear,4x,6,4,1.625000,1.125000,7.375000
clamp,nearest,4x,7,4,1.875000,1.125000,11.000000
clamp,bilinear,4x,7,4,1.875000,1.125000,7.625000
clamp,nearest,4x,8,4,2.125000,1.125000,12.000000
clamp,bilinear,4x,8,4,2.125000,1.125000,7.875000
clamp,nearest,4x,9,4,2.375000,1.125000,12.000000
clamp,bilinear,4x,9,4,2.375000,1.125000,8.125000
clamp,nearest,4x,10,4,2.625000,1.125000,12.000000
clamp,bilinear,4x,10,4,2.625000,1.125000,8.375000
clamp,nearest,4x,11,4,2.875000,1.125000,12.000000
clamp,bilinear,4x,11,4,2.875000,1.125000,8.625000
clamp,nearest,4x,12,4,3.125000,1.125000,13.000000
clamp,bilinear,4x,12,4,3.125000,1.125000,8.875000
clamp,nearest,4x,13,4,3.375000,1.125000,13.000000
clamp,bilinear,4x,13,4,3.375000,1.125000,9.125000
clamp,nearest,4x,14,4,3.625000,1.125000,13.000000
clamp,bilinear,4x,14,4,3.625000,1.125000,9.250000
clamp,nearest,4x,15,4,3.875000,1.125000,13.000000
clamp,bilinear,4x,15,4,3.875000,1.125000,9.250000
clamp,nearest,4x,0,5,0.125000,1.375000,10.000000
clamp,bilinear,4x,0,5,0.125000,1.375000,8.750000
clamp,nearest,4x,1,5,0.375000,1.375000,10.000000
clamp,bilinear,4x,1,5,0.375000,1.375000,8.750000
clamp,nearest,4x,2,5,0.625000,1.375000,10.000000
clamp,bilinear,4x,2,5,0.625000,1.375000,8.875000
clamp,nearest,4x,3,5,0.875000,1.375000,10.000000
clamp,bilinear,4x,3,5,0.875000,1.375000,9.125000
clamp,nearest,4x,4,5,1.125000,1.375000,11.000000
clamp,bilinear,4x,4,5,1.125000,1.375000,9.375000
clamp,nearest,4x,5,5,1.375000,1.375000,11.000000
clamp,bilinear,4x,5,5,1.375000,1.375000,9.625000
clamp,nearest,4x,6,5,1.625000,1.375000,11.000000
clamp,bilinear,4x,6,5,1.625000,1.375000,9.875000
clamp,nearest,4x,7,5,1.875000,1.375000,11.000000
clamp,bilinear,4x,7,5,1.875000,1.375000,10.125000
clamp,nearest,4x,8,5,2.125000,1.375000,12.000000
clamp,bilinear,4x,8,5,2.125000,1.375000,10.375000
clamp,nearest,4x,9,5,2.375000,1.375000,12.000000
clamp,bilinear,4x,9,5,2.375000,1.375000,10.625000
clamp,nearest,4x,10,5,2.625000,1.375000,12.000000
clamp,bilinear,4x,10,5,2.625000,1.375000,10.875000
clamp,nearest,4x,11,5,2.875000,1.375000,12.000000
clamp,bilinear,4x,11,5,2.875000,1.375000,11.125000
clamp,nearest,4x,12,5,3.125000,1.375000,13.000000
clamp,bilinear,4x,12,5,3.125000,1.375000,11.375000
clamp,nearest,4x,13,5,3.375000,1.375000,13.000000
clamp,bilinear,4x,13,5,3.375000,1.375000,11.625000
clamp,nearest,4x,14,5,3.625000,1.375000,13.000000
clamp,bilinear,4x,14,5,3.625000,1.375000,11.750000
clamp,nearest,4x,15,5,3.875000,1.375000,13.000000
clamp,bilinear,4x,15,5,3.875000,1.375000,11.750000
clamp,nearest,4x,0,6,0.125000,1.625000,10.000000
clamp,bilinear,4x,0,6,0.125000,1.625000,11.250000
clamp,nearest,4x,1,6,0.375000,1.625000,10.000000
clamp,bilinear,4x,1,6,0.375000,1.625000,11.250000
clamp,nearest,4x,2,6,0.625000,1.625000,10.000000
clamp,bilinear,4x,2,6,0.625000,1.625000,11.375000
clamp,nearest,4x,3,6,0.875000,1.625000,10.000000
clamp,bilinear,4x,3,6,0.875000,1.625000,11.625000
clamp,nearest,4x,4,6,1.125000,1.625000,11.000000
clamp,bilinear,4x,4,6,1.125000,1.625000,11.875000
clamp,nearest,4x,5,6,1.375000,1.625000,11.000000
clamp,bilinear,4x,5,6,1.375000,1.625000,12.125000
clamp,nearest,4x,6,6,1.625000,1.625000,11.000000
clamp,bilinear,4x,6,6,1.625000,1.625000,12.375000
clamp,nearest,4x,7,6,1.875000,1.625000,11.000000
clamp,bilinear,4x,7,6,1.875000,1.625000,12.625000
clamp,nearest,4x,8,6,2.125000,1.625000,12.000000
clamp,bilinear,4x,8,6,2.125000,1.625000,12.875000
clamp,nearest,4x,9,6,2.375000,1.625000,12.000000
clamp,bilinear,4x,9,6,2.375000,1.625000,13.125000
clamp,nearest,4x,10,6,2.625000,1.625000,12.000000
clamp,bilinear,4x,10,6,2.625000,1.625000,13.375000
clamp,nearest,4x,11,6,2.875000,1.625000,12.000000
clamp,bilinear,4x,11,6,2.875000,1.625000,13.625000
clamp,nearest,4x,12,6,3.125000,1.625000,13.000000
clamp,bilinear,4x,12,6,3.125000,1.625000,13.875000
clamp,nearest,4x,13,6,3.375000,1.625000,13.000000
clamp,bilinear,4x,13,6,3.375000,1.625000,14.125000
clamp,nearest,4x,14,6,3.625000,1.625000,13.000000
clamp,bilinear,4x,14,6,3.625000,1.625000,14.250000
clamp,nearest,4x,15,6,3.875000,1.625000,13.000000
clamp,bilinear,4x,15,6,3.875000,1.625000,14.250000
clamp,nearest,4x,0,7,0.125000,1.875000,10.000000
clamp,bilinear,4x,0,7,0.125000,1.875000,13.750000
clamp,nearest,4x,1,7,0.375000,1.875000,10.000000
clamp,bilinear,4x,1,7,0.375000,1.875000,13.750000
clamp,nearest,4x,2,7,0.625000,1.875000,10.000000
clamp,bilinear,4x,2,7,0.625000,1.875000,13.875000
clamp,nearest,4x,3,7,0.875000,1.875000,10.000000
clamp,bilinear,4x,3,7,0.875000,1.875000,14.125000
clamp,nearest,4x,4,7,1.125000,1.875000,11.000000
clamp,bilinear,4x,4,7,1.125000,1.875000,14.375000
clamp,nearest,4x,5,7,1.375000,1.875000,11.000000
clamp,bilinear,4x,5,7,1.375000,1.875000,14.625000
clamp,nearest,4x,6,7,1.625000,1.875000,11.000000
clamp,bilinear,4x,6,7,1.625000,1.875000,14.875000
clamp,nearest,4x,7,7,1.875000,1.875000,11.000000
clamp,bilinear,4x,7,7,1.875000,1.875000,15.125000
clamp,nearest,4x,8,7,2.125000,1.875000,12.000000
clamp,bilinear,4x,8,7,2.125000,1.875000,15.375000
clamp,nearest,4x,9,7,2.375000,1.875000,12.000000
clamp,bilinear,4x,9,7,2.375000,1.875000,15.625000
clamp,nearest,4x,10,7,2.625000,1.875000,12.000000
clamp,bilinear,4x,10,7,2.625000,1.875000,15.875000
clamp,nearest,4x,11,7,2.875000,1.875000,12.000000
clamp,bilinear,4x,11,7,2.875000,1.875000,16.125000
clamp,nearest,4x,12,7,3.125000,1.875000,13.000000
clamp,bilinear,4x,12,7,3.125000,1.875000,16.375000
clamp,nearest,4x,13,7,3.375000,1.875000,13.000000
clamp,bilinear,4x,13,7,3.375000,1.875000,16.625000
clamp,nearest,4x,14,7,3.625000,1.875000,13.000000
clamp,bilinear,4x,14,7,3.625000,1.875000,16.750000
clamp,nearest,4x,15,7,3.875000,1.875000,13.000000
clamp,bilinear,4x,15,7,3.875000,1.875000,16.750000
clamp,nearest,4x,0,8,0.125000,2.125000,20.000000
clamp,bilinear,4x,0,8,0.125000,2.125000,16.250000
clamp,nearest,4x,1,8,0.375000,2.125000,20.000000
clamp,bilinear,4x,1,8,0.375000,2.125000,16.250000
clamp,nearest,4x,2,8,0.625000,2.125000,20.000000
clamp,bilinear,4x,2,8,0.625000,2.125000,16.375000
clamp,nearest,4x,3,8,0.875000,2.125000,20.000000
clamp,bilinear,4x,3,8,0.875000,2.125000,16.625000
clamp,nearest,4x,4,8,1.125000,2.125000,21.000000
clamp,bilinear,4x,4,8,1.125000,2.125000,16.875000
clamp,nearest,4x,5,8,1.375000,2.125000,21.000000
clamp,bilinear,4x,5,8,1.375000,2.125000,17.125000
clamp,nearest,4x,6,8,1.625000,2.125000,21.000000
clamp,bilinear,4x,6,8,1.625000,2.125000,17.375000
clamp,nearest,4x,7,8,1.875000,2.125000,21.000000
clamp,bilinear,4x,7,8,1.875000,2.125000,17.625000
clamp,nearest,4x,8,8,2.125000,2.125000,22.000000
clamp,bilinear,4x,8,8,2.125000,2.125000,17.875000
clamp,nearest,4x,9,8,2.375000,2.125000,22.000000
clamp,bilinear,4x,9,8,2.375000,2.125000,18.125000
clamp,nearest,4x,10,8,2.625000,2.125000,22.000000
clamp,bilinear,4x,10,8,2.625000,2.125000,18.375000
clamp,nearest,4x,11,8,2.875000,2.125000,22.000000
clamp,bilinear,4x,11,8,2.875000,2.125000,18.625000
clamp,nearest,4x,12,8,3.125000,2.125000,23.000000
clamp,bilinear,4x,12,8,3.125000,2.125000,18.875000
clamp,nearest,4x,13,8,3.375000,2.125000,23.000000
clamp,bilinear,4x,13,8,3.375000,2.125000,19.125000
clamp,nearest,4x,14,8,3.625000,2.125000,23.000000
clamp,bilinear,4x,14,8,3.625000,2.125000,19.250000
clamp,nearest,4x,15,8,3.875000,2.125000,23.000000
clamp,bilinear,4x,15,8,3.875000,2.125000,19.250000
clamp,nearest,4x,0,9,0.125000,2.375000,20.000000
clamp,bilinear,4x,0,9,0.125000,2.375000,18.750000
clamp,nearest,4x,1,9,0.375000,2.375000,20.000000
clamp,bilinear,4x,1,9,0.375000,2.375000,18.750000
clamp,nearest,4x,2,9,0.625000,2.375000,20.000000
clamp,bilinear,4x,2,9,0.625000,2.375000,18.875000
clamp,nearest,4x,3,9,0.875000,2.375000,20.000000
clamp,bilinear,4x,3,9,0.875000,2.375000,19.125000
clamp,nearest,4x,4,9,1.125000,2.375000,21.000000
clamp,bilinear,4x,4,9,1.125000,2.375000,19.375000
clamp,nearest,4x,5,9,1.375000,2.375000,21.000000
clamp,bilinear,4x,5,9,1.375000,2.375000,19.625000
clamp,nearest,4x,6,9,1.625000,2.375000,21.000000
clamp,bilinear,4x,6,9,1.625000,2.375000,19.875000
clamp,nearest,4x,7,9,1.875000,2.375000,21.000000
clamp,bilinear,4x,7,9,1.875000,2.375000,20.125000
clamp,nearest,4x,8,9,2.125000,2.375000,22.000000
clamp,bilinear,4x,8,9,2.125000,2.375000,20.375000
clamp,nearest,4x,9,9,2.375000,2.375000,22.000000
clamp,bilinear,4x,9,9,2.375000,2.375000,20.625000
clamp,nearest,4x,10,9,2.625000,2.375000,22.000000
clamp,bilinear,4x,10,9,2.625000,2.375000,20.875000
clamp,nearest,4x,11,9,2.875000,2.375000,22.000000
clamp,bilinear,4x,11,9,2.875000,2.375000,21.125000
clamp,nearest,4x,12,9,3.125000,2.375000,23.000000
clamp,bilinear,4x,12,9,3.125000,2.375000,21.375000
clamp,nearest,4x,13,9,3.375000,2.375000,23.000000
clamp,bilinear,4x,13,9,3.375000,2.375000,21.625000
clamp,nearest,4x,14,9,3.625000,2.375000,23.000000
clamp,bilinear,4x,14,9,3.625000,2.375000,21.750000
clamp,nearest,4x,15,9,3.875000,2.375000,23.000000
clamp,bilinear,4x,15,9,3.875000,2.375000,21.750000
clamp,nearest,4x,0,10,0.125000,2.625000,20.000000
clamp,bilinear,4x,0,10,0.125000,2.625000,21.250000
clamp,nearest,4x,1,10,0.375000,2.625000,20.000000
clamp,bilinear,4x,1,10,0.375000,2.625000,21.250000
clamp,nearest,4x,2,10,0.625000,2.625000,20.000000
clamp,bilinear,4x,2,10,0.625000,2.625000,21.375000
clamp,nearest,4x,3,10,0.875000,2.625000,20.000000
clamp,bilinear,4x,3,10,0.875000,2.625000,21.625000
clamp,nearest,4x,4,10,1.125000,2.625000,21.000000
clamp,bilinear,4x,4,10,1.125000,2.625000,21.875000
clamp,nearest,4x,5,10,1.375000,2.625000,21.000000
clamp,bilinear,4x,5,10,1.375000,2.625000,22.125000
clamp,nearest,4x,6,10,1.625000,2.625000,21.000000
clamp,bilinear,4x,6,10,1.625000,2.625000,22.375000
clamp,nearest,4x,7,10,1.875000,2.625000,21.000000
clamp,bilinear,4x,7,10,1.875000,2.625000,22.625000
clamp,nearest,4x,8,10,2.125000,2.625000,22.000000
clamp,bilinear,4x,8,10,2.125000,2.625000,22.875000
clamp,nearest,4x,9,10,2.375000,2.625000,22.000000
clamp,bilinear,4x,9,10,2.375000,2.625000,23.125000
clamp,nearest,4x,10,10,2.625000,2.625000,22.000000
clamp,bilinear,4x,10,10,2.625000,2.625000,23.375000
clamp,nearest,4x,11,10,2.875000,2.625000,22.000000
clamp,bilinear,4x,11,10,2.875000,2.625000,23.625000
clamp,nearest,4x,12,10,3.125000,2.625000,23.000000
clamp,bilinear,4x,12,10,3.125000,2.625000,23.875000
clamp,nearest,4x,13,10,3.375000,2.625000,23.000000
clamp,bilinear,4x,13,10,3.375000,2.625000,24.125000
clamp,nearest,4x,14,10,3.625000,2.625000,23.000000
clamp,bilinear,4x,14,10,3.625000,2.625000,24.250000
clamp,nearest,4x,15,10,3.875000,2.625000,23.000000
clamp,bilinear,4x,15,10,3.875000,2.625000,24.250000
clamp,nearest,4x,0,11,0.125000,2.875000,20.000000
clamp,bilinear,4x,0,11,0.125000,2.875000,23.750000
clamp,nearest,4x,1,11,0.375000,2.875000,20.000000
clamp,bilinear,4x,1,11,0.375000,2.875000,23.750000
clamp,nearest,4x,2,11,0.625000,2.875000,20.000000
clamp,bilinear,4x,2,11,0.625000,2.875000,23.875000
clamp,nearest,4x,3,11,0.875000,2.875000,20.000000
clamp,bilinear,4x,3,11,0.875000,2.875000,24.125000
clamp,nearest,4x,4,11,1.125000,2.875000,21.000000
clamp,bilinear,4x,4,11,1.125000,2.875000,24.375000
clamp,nearest,4x,5,11,1.375000,2.875000,21.000000
clamp,bilinear,4x,5,11,1.375000,2.875000,24.625000
clamp,nearest,4x,6,11,1.625000,2.875000,21.000000
clamp,bilinear,4x,6,11,1.625000,2.875000,24.875000
clamp,nearest,4x,7,11,1.875000,2.875000,21.000000
clamp,bilinear,4x,7,11,1.875000,2.875000,25.125000
clamp,nearest,4x,8,11,2.125000,2.875000,22.000000
clamp,bilinear,4x,8,11,2.125000,2.875000,25.375000
clamp,nearest,4x,9,11,2.375000,2.875000,22.000000
clamp,bilinear,4x,9,11,2.375000,2.875000,25.625000
clamp,nearest,4x,10,11,2.625000,2.875000,22.000000
clamp,bilinear,4x,10,11,2.625000,2.875000,25.875000
clamp,nearest,4x,11,11,2.875000,2.875000,22.000000
clamp,bilinear,4x,11,11,2.875000,2.875000,26.125000
clamp,nearest,4x,12,11,3.125000,2.875000,23.000000
clamp,bilinear,4x,12,11,3.125000,2.875000,26.375000
clamp,nearest,4x,13,11,3.375000,2.875000,23.000000
clamp,bilinear,4x,13,11,3.375000,2.875000,26.625000
clamp,nearest,4x,14,11,3.625000,2.875000,23.000000
clamp,bilinear,4x,14,11,3.625000,2.875000,26.750000
clamp,nearest,4x,15,11,3.875000,2.875000,23.000000
clamp,bilinear,4x,15,11,3.875000,2.875000,26.750000
clamp,nearest,4x,0,12,0.125000,3.125000,30.000000
clamp,bilinear,4x,0,12,0.125000,3.125000,26.250000
clamp,nearest,4x,1,12,0.375000,3.125000,30.000000
clamp,bilinear,4x,1,12,0.375000,3.125000,26.250000
clamp,nearest,4x,2,12,0.625000,3.125000,30.000000
clamp,bilinear,4x,2,12,0.625000,3.125000,26.375000
clamp,nearest,4x,3,12,0.875000,3.125000,30.000000
clamp,bilinear,4x,3,12,0.875000,3.125000,26.625000
clamp,nearest,4x,4,12,1.125000,3.125000,31.000000
clamp,bilinear,4x,4,12,1.125000,3.125000,26.875000
clamp,nearest,4x,5,12,1.375000,3.125000,31.000000
clamp,bilinear,4x,5,12,1.375000,3.125000,27.125000
clamp,nearest,4x,6,12,1.625000,3.125000,31.000000
clamp,bilinear,4x,6,12,1.625000,3.125000,27.375000
clamp,nearest,4x,7,12,1.875000,3.125000,31.000000
clamp,bilinear,4x,7,12,1.875000,3.125000,27.625000
clamp,nearest,4x,8,12,2.125000,3.125000,32.000000
clamp,bilinear,4x,8,12,2.125000,3.125000,27.875000
clamp,nearest,4x,9,12,2.375000,3.125000,32.000000
clamp,bilinear,4x,9,12,2.375000,3.125000,28.125000
clamp,nearest,4x,10,12,2.625000,3.125000,32.000000
clamp,bilinear,4x,10,12,2.625000,3.125000,28.375000
clamp,nearest,4x,11,12,2.875000,3.125000,32.000000
clamp,bilinear,4x,11,12,2.875000,3.125000,28.625000
clamp,nearest,4x,12,12,3.125000,3.125000,33.000000
clamp,bilinear,4x,12,12,3.125000,3.125000,28.875000
clamp,nearest,4x,13,12,3.375000,3.125000,33.000000
clamp,bilinear,4x,13,12,3.375000,3.125000,29.125000
clamp,nearest,4x,14,12,3.625000,3.125000,33.000000
clamp,bilinear,4x,14,12,3.625000,3.125000,29.250000
clamp,nearest,4x,15,12,3.875000,3.125000,33.000000
clamp,bilinear,4x,15,12,3.875000,3.125000,29.250000
clamp,nearest,4x,0,13,0.125000,3.375000,30.000000
clamp,bilinear,4x,0,13,0.125000,3.375000,28.750000
clamp,nearest,4x,1,13,0.375000,3.375000,30.000000
clamp,bilinear,4x,1,13,0.375000,3.375000,28.750000
clamp,nearest,4x,2,13,0.625000,3.375000,30.000000
clamp,bilinear,4x,2,13,0.625000,3.375000,28.875000
clamp,nearest,4x,3,13,0.875000,3.375000,30.000000
clamp,bilinear,4x,3,13,0.875000,3.375000,29.125000
clamp,nearest,4x,4,13,1.125000,3.375000,31.000000
clamp,bilinear,4x,4,13,1.125000,3.375000,29.375000
clamp,nearest,4x,5,13,1.375000,3.375000,31.000000
clamp,bilinear,4x,5,13,1.375000,3.375000,29.625000
clamp,nearest,4x,6,13,1.625000,3.375000,31.000000
clamp,bilinear,4x,6,13,1.625000,3.375000,29.875000
clamp,nearest,4x,7,13,1.875000,3.375000,31.000000
clamp,bilinear,4x,7,13,1.875000,3.375000,30.125000
clamp,nearest,4x,8,13,2.125000,3.375000,32.000000
clamp,bilinear,4x,8,13,2.125000,3.375000,30.375000
clamp,nearest,4x,9,13,2.375000,3.375000,32.000000
clamp,bilinear,4x,9,13,2.375000,3.375000,30.625000
clamp,nearest,4x,10,13,2.625000,3.375000,32.000000
clamp,bilinear,4x,10,13,2.625000,3.375000,30.875000
clamp,nearest,4x,11,13,2.875000,3.375000,32.000000
clamp,bilinear,4x,11,13,2.875000,3.375000,31.125000
clamp,nearest,4x,12,13,3.125000,3.375000,33.000000
clamp,bilinear,4x,12,13,3.125000,3.375000,31.375000
clamp,nearest,4x,13,13,3.375000,3.375000,33.000000
clamp,bilinear,4x,13,13,3.375000,3.375000,31.625000
clamp,nearest,4x,14,13,3.625000,3.375000,33.000000
clamp,bilinear,4x,14,13,3.625000,3.375000,31.750000
clamp,nearest,4x,15,13,3.875000,3.375000,33.000000
clamp,bilinear,4x,15,13,3.875000,3.375000,31.750000
clamp,nearest,4x,0,14,0.125000,3.625000,30.000000
clamp,bilinear,4x,0,14,0.125000,3.625000,30.000000
clamp,nearest,4x,1,14,0.375000,3.625000,30.000000
clamp,bilinear,4x,1,14,0.375000,3.625000,30.000000
clamp,nearest,4x,2,14,0.625000,3.625000,30.000000
clamp,bilinear,4x,2,14,0.625000,3.625000,30.125000
clamp,nearest,4x,3,14,0.875000,3.625000,30.000000
clamp,bilinear,4x,3,14,0.875000,3.625000,30.375000
clamp,nearest,4x,4,14,1.125000,3.625000,31.000000
clamp,bilinear,4x,4,14,1.125000,3.625000,30.625000
clamp,nearest,4x,5,14,1.375000,3.625000,31.000000
clamp,bilinear,4x,5,14,1.375000,3.625000,30.875000
clamp,nearest,4x,6,14,1.625000,3.625000,31.000000
clamp,bilinear,4x,6,14,1.625000,3.625000,31.125000
clamp,nearest,4x,7,14,1.875000,3.625000,31.000000
clamp,bilinear,4x,7,14,1.875000,3.625000,31.375000
clamp,nearest,4x,8,14,2.125000,3.625000,32.000000
clamp,bilinear,4x,8,14,2.125000,3.625000,31.625000
clamp,nearest,4x,9,14,2.375000,3.625000,32.000000
clamp,bilinear,4x,9,14,2.375000,3.625000,31.875000
clamp,nearest,4x,10,14,2.625000,3.625000,32.000000
clamp,bilinear,4x,10,14,2.625000,3.625000,32.125000
clamp,nearest,4x,11,14,2.875000,3.625000,32.000000
clamp,bilinear,4x,11,14,2.875000,3.625000,32.375000
clamp,nearest,4x,12,14,3.125000,3.625000,33.000000
clamp,bilinear,4x,12,14,3.125000,3.625000,32.625000
clamp,nearest,4x,13,14,3.375000,3.625000,33.000000
clamp,bilinear,4x,13,14,3.375000,3.625000,32.875000
clamp,nearest,4x,14,14,3.625000,3.625000,33.000000
clamp,bilinear,4x,14,14,3.625000,3.625000,33.000000
clamp,nearest,4x,15,14,3.875000,3.625000,33.000000
clamp,bilinear,4x,15,14,3.875000,3.625000,33.000000
clamp,nearest,4x,0,15,0.125000,3.875000,30.000000
clamp,bilinear,4x,0,15,0.125000,3.875000,30.000000
clamp,nearest,4x,1,15,0.375000,3.875000,30.000000
clamp,bilinear,4x,1,15,0.375000,3.875000,30.000000
clamp,nearest,4x,2,15,0.625000,3.875000,30.000000
clamp,bilinear,4x,2,15,0.625000,3.875000,30.125000
clamp,nearest,4x,3,15,0.875000,3.875000,30.000000
clamp,bilinear,4x,3,15,0.875000,3.875000,30.375000
clamp,nearest,4x,4,15,1.125000,3.875000,31.000000
clamp,bilinear,4x,4,15,1.125000,3.875000,30.625000
clamp,nearest,4x,5,15,1.375000,3.875000,31.000000
clamp,bilinear,4x,5,15,1.375000,3.875000,30.875000
clamp,nearest,4x,6,15,1.625000,3.875000,31.000000
clamp,bilinear,4x,6,15,1.625000,3.875000,31.125000
clamp,nearest,4x,7,15,1.875000,3.875000,31.000000
clamp,bilinear,4x,7,15,1.875000,3.875000,31.375000
clamp,nearest,4x,8,15,2.125000,3.875000,32.000000
clamp,bilinear,4x,8,15,2.125000,3.875000,31.625000
clamp,nearest,4x,9,15,2.375000,3.875000,32.000000
clamp,bilinear,4x,9,15,2.375000,3.875000,31.875000
clamp,nearest,4x,10,15,2.625000,3.875000,32.000000
clamp,bilinear,4x,10,15,2.625000,3.875000,32.125000
clamp,nearest,4x,11,15,2.875000,3.875000,32.000000
clamp,bilinear,4x,11,15,2.875000,3.875000,32.375000
clamp,nearest,4x,12,15,3.125000,3.875000,33.000000
clamp,bilinear,4x,12,15,3.125000,3.875000,32.625000
clamp,nearest,4x,13,15,3.375000,3.875000,33.000000
clamp,bilinear,4x,13,15,3.375000,3.875000,32.875000
clamp,nearest,4x,14,15,3.625000,3.875000,33.000000
clamp,bilinear,4x,14,15,3.625000,3.875000,33.000000
clamp,nearest,4x,15,15,3.875000,3.875000,33.000000
clamp,bilinear,4x,15,15,3.875000,3.875000,33.000000
mirror,nearest,1x,0,0,0.500000,0.500000,0.000000
mirror,bilinear,1x,0,0,0.500000,0.500000,0.000000
mirror,nearest,1x,1,0,1.500000,0.500000,1.000000
mirror,bilinear,1x,1,0,1.500000,0.500000,1.000000
mirror,nearest,1x,2,0,2.500000,0.500000,2.000000
mirror,bilinear,1x,2,0,2.500000,0.500000,2.000000
mirror,nearest,1x,3,0,3.500000,0.500000,3.000000
mirror,bilinear,1x,3,0,3.500000,0.500000,3.000000
mirror,nearest,1x,0,1,0.500000,1.500000,10.000000
mirror,bilinear,1x,0,1,0.500000,1.500000,10.000000
mirror,nearest,1x,1,1,1.500000,1.500000,11.000000
mirror,bilinear,1x,1,1,1.500000,1.500000,11.000000
mirror,nearest,1x,2,1,2.500000,1.500000,12.000000
mirror,bilinear,1x,2,1,2.500000,1.500000,12.000000
mirror,nearest,1x,3,1,3.500000,1.500000,13.000000
mirror,bilinear,1x,3,1,3.500000,1.500000,13.000000
mirror,nearest,1x,0,2,0.500000,2.500000,20.000000
mirror,bilinear,1x,0,2,0.500000,2.500000,20.000000
mirror,nearest,1x,1,2,1.500000,2.500000,21.000000
mirror,bilinear,1x,1,2,1.500000,2.500000,21.000000
mirror,nearest,1x,2,2,2.500000,2.500000,22.000000
mirror,bilinear,1x,2,2,2.500000,2.500000,22.000000
mirror,nearest,1x,3,2,3.500000,2.500000,23.000000
mirror,bilinear,1x,3,2,3.500000,2.500000,23.000000
mirror,nearest,1x,0,3,0.500000,3.500000,30.000000
mirror,bilinear,1x,0,3,0.500000,3.500000,30.000000
mirror,nearest,1x,1,3,1.500000,3.500000,31.000000
mirror,bilinear,1x,1,3,1.500000,3.500000,31.000000
mirror,nearest,1x,2,3,2.500000,3.500000,32.000000
mirror,bilinear,1x,2,3,2.500000,3.500000,32.000000
mirror,nearest,1x,3,3,3.500000,3.500000,33.000000
mirror,bilinear,1x,3,3,3.500000,3.500000,33.000000
mirror,nearest,2x,0,0,0.250000,0.250000,0.000000
mirror,bilinear,2x,0,0,0.250000,0.250000,0.000000
mirror,nearest,2x,1,0,0.750000,0.250000,0.000000
mirror,bilinear,2x,1,0,0.750000,0.250000,0.250000
mirror,nearest,2x,2,0,1.250000,0.250000,1.000000
mirror,bilinear,2x,2,0,1.250000,0.250000,0.750000
mirror,nearest,2x,3,0,1.750000,0.250000,1.000000
mirror,bilinear,2x,3,0,1.750000,0.250000,1.250000
mirror,nearest,2x,4,0,2.250000,0.250000,2.000000
mirror,bilinear,2x,4,0,2.250000,0.250000,1.750000
mirror,nearest,2x,5,0,2.750000,0.250000,2.000000
mirror,bilinear,2x,5,0,2.750000,0.250000,2.250000
mirror,nearest,2x,6,0,3.250000,0.250000,3.000000
mirror,bilinear,2x,6,0,3.250000,0.250000,2.750000
mirror,nearest,2x,7,0,3.750000,0.250000,3.000000
mirror,bilinear,2x,7,0,3.750000,0.250000,3.000000
mirror,nearest,2x,0,1,0.250000,0.750000,0.000000
mirror,bilinear,2x,0,1,0.250000,0.750000,2.500000
mirror,nearest,2x,1,1,0.750000,0.750000,0.000000
mirror,bilinear,2x,1,1,0.750000,0.750000,2.750000
mirror,nearest,2x,2,1,1.250000,0.750000,1.000000
mirror,bilinear,2x,2,1,1.250000,0.750000,3.250000
mirror,nearest,2x,3,1,1.750000,0.750000,1.000000
mirror,bilinear,2x,3,1,1.750000,0.750000,3.750000
mirror,nearest,2x,4,1,2.250000,0.750000,2.000000
mirror,bilinear,2x,4,1,2.250000,0.750000,4.250000
mirror,nearest,2x,5,1,2.750000,0.750000,2.000000
mirror,bilinear,2x,5,1,2.750000,0.750000,4.750000
mirror,nearest,2x,6,1,3.250000,0.750000,3.000000
mirror,bilinear,2x,6,1,3.250000,0.750000,5.250000
mirror,nearest,2x,7,1,3.750000,0.750000,3.000000
mirror,bilinear,2x,7,1,3.750000,0.750000,5.500000
mirror,nearest,2x,0,2,0.250000,1.250000,10.000000
mirror,bilinear,2x,0,2,0.250000,1.250000,7.500000
mirror,nearest,2x,1,2,0.750000,1.250000,10.000000
mirror,bilinear,2x,1,2,0.750000,1.250000,7.750000
mirror,nearest,2x,2,2,1.250000,1.250000,11.000000
mirror,bilinear,2x,2,2,1.250000,1.250000,8.250000
mirror,nearest,2x,3,2,1.750000,1.250000,11.000000
mirror,bilinear,2x,3,2,1.750000,1.250000,8.750000
mirror,nearest,2x,4,2,2.250000,1.250000,12.000000
mirror,bilinear,2x,4,2,2.250000,1.250000,9.250000
mirror,nearest,2x,5,2,2.750000,1.250000,12.000000
mirror,bilinear,2x,5,2,2.750000,1.250000,9.750000
mirror,nearest,2x,6,2,3.250000,1.250000,13.000000
mirror,bilinear,2x,6,2,3.250000,1.250000,10.250000
mirror,nearest,2x,7,2,3.750000,1.250000,13.000000
mirror,bilinear,2x,7,2,3.750000,1.250000,10.500000
mirror,nearest,2x,0,3,0.250000,1.750000,10.000000
mirror,bilinear,2x,0,3,0.250000,1.750000,12.500000
mirror,nearest,2x,1,3,0.750000,1.750000,10.000000
mirror,bilinear,2x,1,3,0.750000,1.750000,12.750000
mirror,nearest,2x,2,3,1.250000,1.750000,11.000000
mirror,bilinear,2x,2,3,1.250000,1.750000,13.250000
mirror,nearest,2x,3,3,1.750000,1.750000,11.000000
mirror,bilinear,2x,3,3,1.750000,1.750000,13.750000
mirror,nearest,2x,4,3,2.250000,1.750000,12.000000
mirror,bilinear,2x,4,3,2.250000,1.750000,14.250000
mirror,nearest,2x,5,3,2.750000,1.750000,12.000000
mirror,bilinear,2x,5,3,2.750000,1.750000,14.750000
mirror,nearest,2x,6,3,3.250000,1.750000,13.000000
mirror,bilinear,2x,6,3,3.250000,1.750000,15.250000
mirror,nearest,2x,7,3,3.750000,1.750000,13.000000
mirror,bilinear,2x,7,3,3.750000,1.750000,15.500000
mirror,nearest,2x,0,4,0.250000,2.250000,20.000000
mirror,bilinear,2x,0,4,0.250000,2.250000,17.500000
mirror,nearest,2x,1,4,0.750000,2.250000,20.000000
mirror,bilinear,2x,1,4,0.750000,2.250000,17.750000
mirror,nearest,2x,2,4,1.250000,2.250000,21.000000
mirror,bilinear,2x,2,4,1.250000,2.250000,18.250000
mirror,nearest,2x,3,4,1.750000,2.250000,21.000000
mirror,bilinear,2x,3,4,1.750000,2.250000,18.750000
mirror,nearest,2x,4,4,2.250000,2.250000,22.000000
mirror,bilinear,2x,4,4,2.250000,2.250000,19.250000
mirror,nearest,2x,5,4,2.750000,2.250000,22.000000
mirror,bilinear,2x,5,4,2.750000,2.250000,19.750000
mirror,nearest,2x,6,4,3.250000,2.250000,23.000000
mirror,bilinear,2x,6,4,3.250000,2.250000,20.250000
mirror,nearest,2x,7,4,3.750000,2.250000,23.000000
mirror,bilinear,2x,7,4,3.750000,2.250000,20.500000
mirror,nearest,2x,0,5,0.250000,2.750000,20.000000
mirror,bilinear,2x,0,5,0.250000,2.750000,22.500000
mirror,nearest,2x,1,5,0.750000,2.750000,20.000000
mirror,bilinear,2x,1,5,0.750000,2.750000,22.750000
mirror,nearest,2x,2,5,1.250000,2.750000,21.000000
mirror,bilinear,2x,2,5,1.250000,2.750000,23.250000
mirror,nearest,2x,3,5,1.750000,2.750000,21.000000
mirror,bilinear,2x,3,5,1.750000,2.750000,23.750000
mirror,nearest,2x,4,5,2.250000,2.750000,22.000000
mirror,bilinear,2x,4,5,2.250000,2.750000,24.250000
mirror,nearest,2x,5,5,2.750000,2.750000,22.000000
mirror,bilinear,2x,5,5,2.750000,2.750000,24.750000
mirror,nearest,2x,6,5,3.250000,2.750000,23.000000
mirror,bilinear,2x,6,5,3.250000,2.750000,25.250000
mirror,nearest,2x,7,5,3.750000,2.750000,23.000000
mirror,bilinear,2x,7,5,3.750000,2.750000,25.500000
mirror,nearest,2x,0,6,0.250000,3.250000,30.000000
mirror,bilinear,2x,0,6,0.250000,3.250000,27.500000
mirror,nearest,2x,1,6,0.750000,3.250000,30.000000
mirror,bilinear,2x,1,6,0.750000,3.250000,27.750000
mirror,nearest,2x,2,6,1.250000,3.250000,31.000000
mirror,bilinear,2x,2,6,1.250000,3.250000,28.250000
mirror,nearest,2x,3,6,1.750000,3.250000,31.000000
mirror,bilinear,2x,3,6,1.750000,3.250000,28.750000
mirror,nearest,2x,4,6,2.250000,3.250000,32.000000
mirror,bilinear,2x,4,6,2.250000,3.250000,29.250000
mirror,nearest,2x,5,6,2.750000,3.250000,32.000000
mirror,bilinear,2x,5,6,2.750000,3.250000,29.750000
mirror,nearest,2x,6,6,3.250000,3.250000,33.000000
mirror,bilinear,2x,6,6,3.250000,3.250000,30.250000
mirror,nearest,2x,7,6,3.750000,3.250000,33.000000
mirror,bilinear,2x,7,6,3.750000,3.250000,30.500000
mirror,nearest,2x,0,7,0.250000,3.750000,30.000000
mirror,bilinear,2x,0,7,0.250000,3.750000,30.000000
mirror,nearest,2x,1,7,0.750000,3.750000,30.000000
mirror,bilinear,2x,1,7,0.750000,3.750000,30.250000
mirror,nearest,2x,2,7,1.250000,3.750000,31.000000
mirror,bilinear,2x,2,7,1.250000,3.750000,30.750000
mirror,nearest,2x,3,7,1.750000,3.750000,31.000000
mirror,bilinear,2x,3,7,1.750000,3.750000,31.250000
mirror,nearest,2x,4,7,2.250000,3.750000,32.000000
mirror,bilinear,2x,4,7,2.250000,3.750000,31.750000
mirror,nearest,2x,5,7,2.750000,3.750000,32.000000
mirror,bilinear,2x,5,7,2.750000,3.750000,32.250000
mirror,nearest,2x,6,7,3.250000,3.750000,33.000000
mirror,bilinear,2x,6,7,3.250000,3.750000,32.750000
mirror,nearest,2x,7,7,3.750000,3.750000,33.000000
mirror,bilinear,2x,7,7,3.750000,3.750000,33.000000
mirror,nearest,3x,0,0,0.166667,0.166667,0.000000
mirror,bilinear,3x,0,0,0.166667,0.166667,0.000000
mirror,nearest,3x,1,0,0.500000,0.166667,0.000000
mirror,bilinear,3x,1,0,0.500000,0.166667,0.000000
mirror,nearest,3x,2,0,0.833333,0.166667,0.000000
mirror,bilinear,3x,2,0,0.833333,0.166667,0.333333
mirror,nearest,3x,3,0,1.166667,0.166667,1.000000
mirror,bilinear,3x,3,0,1.166667,0.166667,0.666667
mirror,nearest,3x,4,0,1.500000,0.166667,1.000000
mirror,bilinear,3x,4,0,1.500000,0.166667,1.000000
mirror,nearest,3x,5,0,1.833333,0.166667,1.000000
mirror,bilinear,3x,5,0,1.833333,0.166667,1.333333
mirror,nearest,3x,6,0,2.166667,0.166667,2.000000
mirror,bilinear,3x,6,0,2.166667,0.166667,1.666667
mirror,nearest,3x,7,0,2.500000,0.166667,2.000000
mirror,bilinear,3x,7,0,2.500000,0.166667,2.000000
mirror,nearest,3x,8,0,2.833333,0.166667,2.000000
mirror,bilinear,3x,8,0,2.833333,0.166667,2.333333
mirror,nearest,3x,9,0,3.166667,0.166667,3.000000
mirror,bilinear,3x,9,0,3.166667,0.166667,2.666667
mirror,nearest,3x,10,0,3.500000,0.166667,3.000000
mirror,bilinear,3x,10,0,3.500000,0.166667,3.000000
mirror,nearest,3x,11,0,3.833333,0.166667,3.000000
mirror,bilinear,3x,11,0,3.833333,0.166667,3.000000
mirror,nearest,3x,0,1,0.166667,0.500000,0.000000
mirror,bilinear,3x,0,1,0.166667,0.500000,0.000000
mirror,nearest,3x,1,1,0.500000,0.500000,0.000000
mirror,bilinear,3x,1,1,0.500000,0.500000,0.000000
mirror,nearest,3x,2,1,0.833333,0.500000,0.000000
mirror,bilinear,3x,2,1,0.833333,0.500000,0.333333
mirror,nearest,3x,3,1,1.166667,0.500000,1.000000
mirror,bilinear,3x,3,1,1.166667,0.500000,0.666667
mirror,nearest,3x,4,1,1.500000,0.500000,1.000000
mirror,bilinear,3x,4,1,1.500000,0.500000,1.000000
mirror,nearest,3x,5,1,1.833333,0.500000,1.000000
mirror,bilinear,3x,5,1,1.833333,0.500000,1.333333
mirror,nearest,3x,6,1,2.166667,0.500000,2.000000
mirror,bilinear,3x,6,1,2.166667,0.500000,1.666667
mirror,nearest,3x,7,1,2.500000,0.500000,2.000000
mirror,bilinear,3x,7,1,2.500000,0.500000,2.000000
mirror,nearest,3x,8,1,2.833333,0.500000,2.000000
mirror,bilinear,3x,8,1,2.833333,0.500000,2.333333
mirror,nearest,3x,9,1,3.166667,0.500000,3.000000
mirror,bilinear,3x,9,1,3.166667,0.500000,2.666667
mirror,nearest,3x,10,1,3.500000,0.500000,3.000000
mirror,bilinear,3x,10,1,3.500000,0.500000,3.000000
mirror,nearest,3x,11,1,3.833333,0.500000,3.000000
mirror,bilinear,3x,11,1,3.833333,0.500000,3.000000
mirror,nearest,3x,0,2,0.166667,0.833333,0.000000
mirror,bilinear,3x,0,2,0.166667,0.833333,3.333333
mirror,nearest,3x,1,2,0.500000,0.833333,0.000000
mirror,bilinear,3x,1,2,0.500000,0.833333,3.333333
mirror,nearest,3x,2,2,0.833333,0.833333,0.000000
mirror,bilinear,3x,2,2,0.833333,0.833333,3.666667
mirror,nearest,3x,3,2,1.166667,0.833333,1.000000
mirror,bilinear,3x,3,2,1.166667,0.833333,4.000000
mirror,nearest,3x,4,2,1.500000,0.833333,1.000000
mirror,bilinear,3x,4,2,1.500000,0.833333,4.333333
mirror,nearest,3x,5,2,1.833333,0.833333,1.000000
mirror,bilinear,3x,5,2,1.833333,0.833333,4.666667
mirror,nearest,3x,6,2,2.166667,0.833333,2.000000
mirror,bilinear,3x,6,2,2.166667,0.833333,5.000000
mirror,nearest,3x,7,2,2.500000,0.833333,2.000000
mirror,bilinear,3x,7,2,2.500000,0.833333,5.333333
mirror,nearest,3x,8,2,2.833333,0.833333,2.000000
mirror,bilinear,3x,8,2,2.833333,0.833333,5.666667
mirror,nearest,3x,9,2,3.166667,0.833333,3.000000
mirror,bilinear,3x,9,2,3.166667,0.833333,6.000000
mirror,nearest,3x,10,2,3.500000,0.833333,3.000000
mirror,bilinear,3x,10,2,3.500000,0.833333,6.333333
mirror,nearest,3x,11,2,3.833333,0.833333,3.000000
mirror,bilinear,3x,11,2,3.833333,0.833333,6.333333
mirror,nearest,3x,0,3,0.166667,1.166667,10.000000
mirror,bilinear,3x,0,3,0.166667,1.166667,6.666667
mirror,nearest,3x,1,3,0.500000,1.166667,10.000000
mirror,bilinear,3x,1,3,0.500000,1.166667,6.666667
mirror,nearest,3x,2,3,0.833333,1.166667,10.000000
mirror,bilinear,3x,2,3,0.833333,1.166667,7.000000
mirror,nearest,3x,3,3,1.166667,1.166667,11.000000
mirror,bilinear,3x,3,3,1.166667,1.166667,7.333333
mirror,nearest,3x,4,3,1.500000,1.166667,11.000000
mirror,bilinear,3x,4,3,1.500000,1.166667,7.666667
mirror,nearest,3x,5,3,1.833333,1.166667,11.000000
mirror,bilinear,3x,5,3,1.833333,1.166667,8.000000
mirror,nearest,3x,6,3,2.166667,1.166667,12.000000
mirror,bilinear,3x,6,3,2.166667,1.166667,8.333333
mirror,nearest,3x,7,3,2.500000,1.166667,12.000000
mirror,bilinear,3x,7,3,2.500000,1.166667,8.666667
mirror,nearest,3x,8,3,2.833333,1.166667,12.000000
mirror,bilinear,3x,8,3,2.833333,1.166667,9.000000
mirror,nearest,3x,9,3,3.166667,1.166667,13.000000
mirror,bilinear,3x,9,3,3.166667,1.166667,9.333333
mirror,nearest,3x,10,3,3.500000,1.166667,13.000000
mirror,bilinear,3x,10,3,3.500000,1.166667,9.666667
mirror,nearest,3x,11,3,3.833333,1.166667,13.000000
mirror,bilinear,3x,11,3,3.833333,1.166667,9.666667
mirror,nearest,3x,0,4,0.166667,1.500000,10.000000
mirror,bilinear,3x,0,4,0.166667,1.500000,10.000000
mirror,nearest,3x,1,4,0.500000,1.500000,10.000000
mirror,bilinear,3x,1,4,0.500000,1.500000,10.000000
mirror,nearest,3x,2,4,0.833333,1.500000,10.000000
mirror,bilinear,3x,2,4,0.833333,1.500000,10.333333
mirror,nearest,3x,3,4,1.166667,1.500000,11.000000
mirror,bilinear,3x,3,4,1.166667,1.500000,10.666667
mirror,nearest,3x,4,4,1.500000,1.500000,11.000000
mirror,bilinear,3x,4,4,1.500000,1.500000,11.000000
mirror,nearest,3x,5,4,1.833333,1.500000,11.000000
mirror,bilinear,3x,5,4,1.833333,1.500000,11.333333
mirror,nearest,3x,6,4,2.166667,1.500000,12.000000
mirror,bilinear,3x,6,4,2.166667,1.500000,11.666667
mirror,nearest,3x,7,4,2.500000,1.500000,12.000000
mirror,bilinear,3x,7,4,2.500000,1.500000,12.000000
mirror,nearest,3x,8,4,2.833333,1.500000,12.000000
mirror,bilinear,3x,8,4,2.833333,1.500000,12.333333
mirror,nearest,3x,9,4,3.166667,1.500000,13.000000
mirror,bilinear,3x,9,4,3.166667,1.500000,12.666667
mirror,nearest,3x,10,4,3.500000,1.500000,13.000000
mirror,bilinear,3x,10,4,3.500000,1.500000,13.000000
mirror,nearest,3x,11,4,3.833333,1.500000,13.000000
mirror,bilinear,3x,11,4,3.833333,1.500000,13.000000
mirror,nearest,3x,0,5,0.166667,1.833333,10.000000
mirror,bilinear,3x,0,5,0.166667,1.833333,13.333333
mirror,nearest,3x,1,5,0.500000,1.833333,10.000000
mirror,bilinear,3x,1,5,0.500000,1.833333,13.333333
mirror,nearest,3x,2,5,0.833333,1.833333,10.000000
mirror,bilinear,3x,2,5,0.833333,1.833333,13.666667
mirror,nearest,3x,3,5,1.166667,1.833333,11.000000
mirror,bilinear,3x,3,5,1.166667,1.833333,14.000000
mirror,nearest,3x,4,5,1.500000,1.833333,11.000000
mirror,bilinear,3x,4,5,1.500000,1.833333,14.333333
mirror,nearest,3x,5,5,1.833333,1.833333,11.000000
mirror,bilinear,3x,5,5,1.833333,1.833333,14.666667
mirror,nearest,3x,6,5,2.166667,1.833333,12.000000
mirror,bilinear,3x,6,5,2.166667,1.833333,15.000000
mirror,nearest,3x,7,5,2.500000,1.833333,12.000000
mirror,bilinear,3x,7,5,2.500000,1.833333,15.333333
mirror,nearest,3x,8,5,2.833333,1.833333,12.000000
mirror,bilinear,3x,8,5,2.833333,1.833333,15.666667
mirror,nearest,3x,9,5,3.166667,1.833333,13.000000
mirror,bilinear,3x,9,5,3.166667,1.833333,16.000000
mirror,nearest,3x,10,5,3.500000,1.833333,13.000000
mirror,bilinear,3x,10,5,3.500000,1.833333,16.333333
mirror,nearest,3x,11,5,3.833333,1.833333,13.000000
mirror,bilinear,3x,11,5,3.833333,1.833333,16.333333
mirror,nearest,3x,0,6,0.166667,2.166667,20.000000
mirror,bilinear,3x,0,6,0.166667,2.166667,16.666667
mirror,nearest,3x,1,6,0.500000,2.166667,20.000000
mirror,bilinear,3x,1,6,0.500000,2.166667,16.666667
mirror,nearest,3x,2,6,0.833333,2.166667,20.000000
mirror,bilinear,3x,2,6,0.833333,2.166667,17.000000
mirror,nearest,3x,3,6,1.166667,2.166667,21.000000
mirror,bilinear,3x,3,6,1.166667,2.166667,17.333333
mirror,nearest,3x,4,6,1.500000,2.166667,21.000000
mirror,bilinear,3x,4,6,1.500000,2.166667,17.666667
mirror,nearest,3x,5,6,1.833333,2.166667,21.000000
mirror,bilinear,3x,5,6,1.833333,2.166667,18.000000
mirror,nearest,3x,6,6,2.166667,2.166667,22.000000
mirror,bilinear,3x,6,6,2.166667,2.166667,18.333333
mirror,nearest,3x,7,6,2.500000,2.166667,22.000000
mirror,bilinear,3x,7,6,2.500000,2.166667,18.666667
mirror,nearest,3x,8,6,2.833333,2.166667,22.000000
mirror,bilinear,3x,8,6,2.833333,2.166667,19.000000
mirror,nearest,3x,9,6,3.166667,2.166667,23.000000
mirror,bilinear,3x,9,6,3.166667,2.166667,19.333333
mirror,nearest,3x,10,6,3.500000,2.166667,23.000000
mirror,bilinear,3x,10,6,3.500000,2.166667,19.666667
mirror,nearest,3x,11,6,3.833333,2.166667,23.000000
mirror,bilinear,3x,11,6,3.833333,2.166667,19.666667
mirror,nearest,3x,0,7,0.166667,2.500000,20.000000
mirror,bilinear,3x,0,7,0.166667,2.500000,20.000000
mirror,nearest,3x,1,7,0.500000,2.500000,20.000000
mirror,bilinear,3x,1,7,0.500000,2.500000,20.000000
mirror,nearest,3x,2,7,0.833333,2.500000,20.000000
mirror,bilinear,3x,2,7,0.833333,2.500000,20.333333
mirror,nearest,3x,3,7,1.166667,2.500000,21.000000
mirror,bilinear,3x,3,7,1.166667,2.500000,20.666667
mirror,nearest,3x,4,7,1.500000,2.500000,21.000000
mirror,bilinear,3x,4,7,1.500000,2.500000,21.000000
mirror,nearest,3x,5,7,1.833333,2.500000,21.000000
mirror,bilinear,3x,5,7,1.833333,2.500000,21.333333
mirror,nearest,3x,6,7,2.166667,2.500000,22.000000
mirror,bilinear,3x,6,7,2.166667,2.500000,21.666667
mirror,nearest,3x,7,7,2.500000,2.500000,22.000000
mirror,bilinear,3x,7,7,2.500000,2.500000,22.000000
mirror,nearest,3x,8,7,2.833333,2.500000,22.000000
mirror,bilinear,3x,8,7,2.833333,2.500000,22.333333
mirror,nearest,3x,9,7,3.166667,2.500000,23.000000
mirror,bilinear,3x,9,7,3.166667,2.500000,22.666667
mirror,nearest,3x,10,7,3.500000,2.500000,23.000000
mirror,bilinear,3x,10,7,3.500000,2.500000,23.000000
mirror,nearest,3x,11,7,3.833333,2.500000,23.000000
mirror,bilinear,3x,11,7,3.833333,2.500000,23.000000
mirror,nearest,3x,0,8,0.166667,2.833333,20.000000
mirror,bilinear,3x,0,8,0.166667,2.833333,23.333333
mirror,nearest,3x,1,8,0.500000,2.833333,20.000000
mirror,bilinear,3x,1,8,0.500000,2.833333,23.333333
mirror,nearest,3x,2,8,0.833333,2.833333,20.000000
mirror,bilinear,3x,2,8,0.833333,2.833333,23.666667
mirror,nearest,3x,3,8,1.166667,2.833333,21.000000
mirror,bilinear,3x,3,8,1.166667,2.833333,24.000000
mirror,nearest,3x,4,8,1.500000,2.833333,21.000000
mirror,bilinear,3x,4,8,1.500000,2.833333,24.333333
mirror,nearest,3x,5,8,1.833333,2.833333,21.000000
mirror,bilinear,3x,5,8,1.833333,2.833333,24.666667
mirror,nearest,3x,6,8,2.166667,2.833333,22.000000
mirror,bilinear,3x,6,8,2.166667,2.833333,25.000000
mirror,nearest,3x,7,8,2.500000,2.833333,22.000000
mirror,bilinear,3x,7,8,2.500000,2.833333,25.333333
mirror,nearest,3x,8,8,2.833333,2.833333,22.000000
mirror,bilinear,3x,8,8,2.833333,2.833333,25.666667
mirror,nearest,3x,9,8,3.166667,2.833333,23.000000
mirror,bilinear,3x,9,8,3.166667,2.833333,26.000000
mirror,nearest,3x,10,8,3.500000,2.833333,23.000000
mirror,bilinear,3x,10,8,3.500000,2.833333,26.333333
mirror,nearest,3x,11,8,3.833333,2.833333,23.000000
mirror,bilinear,3x,11,8,3.833333,2.833333,26.333333
mirror,nearest,3x,0,9,0.166667,3.166667,30.000000
mirror,bilinear,3x,0,9,0.166667,3.166667,26.666667
mirror,nearest,3x,1,9,0.500000,3.166667,30.000000
mirror,bilinear,3x,1,9,0.500000,3.166667,26.666667
mirror,nearest,3x,2,9,0.833333,3.166667,30.000000
mirror,bilinear,3x,2,9,0.833333,3.166667,27.000000
mirror,nearest,3x,3,9,1.166667,3.166667,31.000000
mirror,bilinear,3x,3,9,1.166667,3.166667,27.333333
mirror,nearest,3x,4,9,1.500000,3.166667,31.000000
mirror,bilinear,3x,4,9,1.500000,3.166667,27.666667
mirror,nearest,3x,5,9,1.833333,3.166667,31.000000
mirror,bilinear,3x,5,9,1.833333,3.166667,28.000000
mirror,nearest,3x,6,9,2.166667,3.166667,32.000000
mirror,bilinear,3x,6,9,2.166667,3.166667,28.333333
mirror,nearest,3x,7,9,2.500000,3.166667,32.000000
mirror,bilinear,3x,7,9,2.500000,3.166667,28.666667
mirror,nearest,3x,8,9,2.833333,3.166667,32.000000
mirror,bilinear,3x,8,9,2.833333,3.166667,29.000000
mirror,nearest,3x,9,9,3.166667,3.166667,33.000000
mirror,bilinear,3x,9,9,3.166667,3.166667,29.333333
mirror,nearest,3x,10,9,3.500000,3.166667,33.000000
mirror,bilinear,3x,10,9,3.500000,3.166667,29.666667
mirror,nearest,3x,11,9,3.833333,3.166667,33.000000
mirror,bilinear,3x,11,9,3.833333,3.166667,29.666667
mirror,nearest,3x,0,10,0.166667,3.500000,30.000000
mirror,bilinear,3x,0,10,0.166667,3.500000,30.000000
mirror,nearest,3x,1,10,0.500000,3.500000,30.000000
mirror,bilinear,3x,1,10,0.500000,3.500000,30.000000
mirror,nearest,3x,2,10,0.833333,3.500000,30.000000
mirror,bilinear,3x,2,10,0.833333,3.500000,30.333333
mirror,nearest,3x,3,10,1.166667,3.500000,31.000000
mirror,bilinear,3x,3,10,1.166667,3.500000,30.666667
mirror,nearest,3x,4,10,1.500000,3.500000,31.000000
mirror,bilinear,3x,4,10,1.500000,3.500000,31.000000
mirror,nearest,3x,5,10,1.833333,3.500000,31.000000
mirror,bilinear,3x,5,10,1.833333,3.500000,31.333333
mirror,nearest,3x,6,10,2.166667,3.500000,32.000000
mirror,bilinear,3x,6,10,2.166667,3.500000,31.666667
mirror,nearest,3x,7,10,2.500000,3.500000,32.000000
mirror,bilinear,3x,7,10,2.500000,3.500000,32.000000
mirror,nearest,3x,8,10,2.833333,3.500000,32.000000
mirror,bilinear,3x,8,10,2.833333,3.500000,32.333333
mirror,nearest,3x,9,10,3.166667,3.500000,33.000000
mirror,bilinear,3x,9,10,3.166667,3.500000,32.666667
mirror,nearest,3x,10,10,3.500000,3.500000,33.000000
mirror,bilinear,3x,10,10,3.500000,3.500000,33.000000
mirror,nearest,3x,11,10,3.833333,3.500000,33.000000
mirror,bilinear,3x,11,10,3.833333,3.500000,33.000000
mirror,nearest,3x,0,11,0.166667,3.833333,30.000000
mirror,bilinear,3x,0,11,0.166667,3.833333,30.000000
mirror,nearest,3x,1,11,0.500000,3.833333,30.000000
mirror,bilinear,3x,1,11,0.500000,3.833333,30.000000
mirror,nearest,3x,2,11,0.833333,3.833333,30.000000
mirror,bilinear,3x,2,11,0.833333,3.833333,30.333333
mirror,nearest,3x,3,11,1.166667,3.833333,31.000000
mirror,bilinear,3x,3,11,1.166667,3.833333,30.666667
mirror,nearest,3x,4,11,1.500000,3.833333,31.000000
mirror,bilinear,3x,4,11,1.500000,3.833333,31.000000
mirror,nearest,3x,5,11,1.833333,3.833333,31.000000
mirror,bilinear,3x,5,11,1.833333,3.833333,31.333333
mirror,nearest,3x,6,11,2.166667,3.833333,32.000000
mirror,bilinear,3x,6,11,2.166667,3.833333,31.666667
mirror,nearest,3x,7,11,2.500000,3.833333,32.000000
mirror,bilinear,3x,7,11,2.500000,3.833333,32.000000
mirror,nearest,3x,8,11,2.833333,3.833333,32.000000
mirror,bilinear,3x,8,11,2.833333,3.833333,32.333333
mirror,nearest,3x,9,11,3.166667,3.833333,33.000000
mirror,bilinear,3x,9,11,3.166667,3.833333,32.666667
mirror,nearest,3x,10,11,3.500000,3.833333,33.000000
mirror,bilinear,3x,10,11,3.500000,3.833333,33.000000
mirror,nearest,3x,11,11,3.833333,3.833333,33.000000
mirror,bilinear,3x,11,11,3.833333,3.833333,33.000000
mirror,nearest,4x,0,0,0.125000,0.125000,0.000000
mirror,bilinear,4x,0,0,0.125000,0.125000,0.000000
mirror,nearest,4x,1,0,0.375000,0.125000,0.000000
mirror,bilinear,4x,1,0,0.375000,0.125000,0.000000
mirror,nearest,4x,2,0,0.625000,0.125000,0.000000
mirror,bilinear,4x,2,0,0.625000,0.125000,0.125000
mirror,nearest,4x,3,0,0.875000,0.125000,0.000000
mirror,bilinear,4x,3,0,0.875000,0.125000,0.375000
mirror,nearest,4x,4,0,1.125000,0.125000,1.000000
mirror,bilinear,4x,4,0,1.125000,0.125000,0.625000
mirror,nearest,4x,5,0,1.375000,0.125000,1.000000
mirror,bilinear,4x,5,0,1.375000,0.125000,0.875000
mirror,nearest,4x,6,0,1.625000,0.125000,1.000000
mirror,bilinear,4x,6,0,1.625000,0.125000,1.125000
mirror,nearest,4x,7,0,1.875000,0.125000,1.000000
mirror,bilinear,4x,7,0,1.875000,0.125000,1.375000
mirror,nearest,4x,8,0,2.125000,0.125000,2.000000
mirror,bilinear,4x,8,0,2.125000,0.125000,1.625000
mirror,nearest,4x,9,0,2.375000,0.125000,2.000000
mirror,bilinear,4x,9,0,2.375000,0.125000,1.875000
mirror,nearest,4x,10,0,2.625000,0.125000,2.000000
mirror,bilinear,4x,10,0,2.625000,0.125000,2.125000
mirror,nearest,4x,11,0,2.875000,0.125000,2.000000
mirror,bilinear,4x,11,0,2.875000,0.125000,2.375000
mirror,nearest,4x,12,0,3.125000,0.125000,3.000000
mirror,bilinear,4x,12,0,3.125000,0.125000,2.625000
mirror,nearest,4x,13,0,3.375000,0.125000,3.000000
mirror,bilinear,4x,13,0,3.375000,0.125000,2.875000
mirror,nearest,4x,14,0,3.625000,0.125000,3.000000
mirror,bilinear,4x,14,0,3.625000,0.125000,3.000000
mirror,nearest,4x,15,0,3.875000,0.125000,3.000000
mirror,bilinear,4x,15,0,3.875000,0.125000,3.000000
mirror,nearest,4x,0,1,0.125000,0.375000,0.000000
mirror,bilinear,4x,0,1,0.125000,0.375000,0.000000
mirror,nearest,4x,1,1,0.375000,0.375000,0.000000
mirror,bilinear,4x,1,1,0.375000,0.375000,0.000000
mirror,nearest,4x,2,1,0.625000,0.375000,0.000000
mirror,bilinear,4x,2,1,0.625000,0.375000,0.125000
mirror,nearest,4x,3,1,0.875000,0.375000,0.000000
mirror,bilinear,4x,3,1,0.875000,0.375000,0.375000
mirror,nearest,4x,4,1,1.125000,0.375000,1.000000
mirror,bilinear,4x,4,1,1.125000,0.375000,0.625000
mirror,nearest,4x,5,1,1.375000,0.375000,1.000000
mirror,bilinear,4x,5,1,1.375000,0.375000,0.875000
mirror,nearest,4x,6,1,1.625000,0.375000,1.000000
mirror,bilinear,4x,6,1,1.625000,0.375000,1.125000
mirror,nearest,4x,7,1,1.875000,0.375000,1.000000
mirror,bilinear,4x,7,1,1.875000,0.375000,1.375000
mirror,nearest,4x,8,1,2.125000,0.375000,2.000000
mirror,bilinear,4x,8,1,2.125000,0.375000,1.625000
mirror,nearest,4x,9,1,2.375000,0.375000,2.000000
mirror,bilinear,4x,9,1,2.375000,0.375000,1.875000
mirror,nearest,4x,10,1,2.625000,0.375000,2.000000
mirror,bilinear,4x,10,1,2.625000,0.375000,2.125000
mirror,nearest,4x,11,1,2.875000,0.375000,2.000000
mirror,bilinear,4x,11,1,2.875000,0.375000,2.375000
mirror,nearest,4x,12,1,3.125000,0.375000,3.000000
mirror,bilinear,4x,12,1,3.125000,0.375000,2.625000
mirror,nearest,4x,13,1,3.375000,0.375000,3.000000
mirror,bilinear,4x,13,1,3.375000,0.375000,2.875000
mirror,nearest,4x,14,1,3.625000,0.375000,3.000000
mirror,bilinear,4x,14,1,3.625000,0.375000,3.000000
mirror,nearest,4x,15,1,3.875000,0.375000,3.000000
mirror,bilinear,4x,15,1,3.875000,0.375000,3.000000
mirror,nearest,4x,0,2,0.125000,0.625000,0.000000
mirror,bilinear,4x,0,2,0.125000,0.625000,1.250000
mirror,nearest,4x,1,2,0.375000,0.625000,0.000000
mirror,bilinear,4x,1,2,0.375000,0.625000,1.250000
mirror,nearest,4x,2,2,0.625000,0.625000,0.000000
mirror,bilinear,4x,2,2,0.625000,0.625000,1.375000
mirror,nearest,4x,3,2,0.875000,0.625000,0.000000
mirror,bilinear,4x,3,2,0.875000,0.625000,1.625000
mirror,nearest,4x,4,2,1.125000,0.625000,1.000000
mirror,bilinear,4x,4,2,1.125000,0.625000,1.875000
mirror,nearest,4x,5,2,1.375000,0.625000,1.000000
mirror,bilinear,4x,5,2,1.375000,0.625000,2.125000
mirror,nearest,4x,6,2,1.625000,0.625000,1.000000
mirror,bilinear,4x,6,2,1.625000,0.625000,2.375000
mirror,nearest,4x,7,2,1.875000,0.625000,1.000000
mirror,bilinear,4x,7,2,1.875000,0.625000,2.625000
mirror,nearest,4x,8,2,2.125000,0.625000,2.000000
mirror,bilinear,4x,8,2,2.125000,0.625000,2.875000
mirror,nearest,4x,9,2,2.375000,0.625000,2.000000
mirror,bilinear,4x,9,2,2.375000,0.625000,3.125000
mirror,nearest,4x,10,2,2.625000,0.625000,2.000000
mirror,bilinear,4x,10,2,2.625000,0.625000,3.375000
mirror,nearest,4x,11,2,2.875000,0.625000,2.000000
mirror,bilinear,4x,11,2,2.875000,0.625000,3.625000
mirror,nearest,4x,12,2,3.125000,0.625000,3.000000
mirror,bilinear,4x,12,2,3.125000,0.625000,3.875000
mirror,nearest,4x,13,2,3.375000,0.625000,3.000000
mirror,bilinear,4x,13,2,3.375000,0.625000,4.125000
mirror,nearest,4x,14,2,3.625000,0.625000,3.000000
mirror,bilinear,4x,14,2,3.625000,0.625000,4.250000
mirror,nearest,4x,15,2,3.875000,0.625000,3.000000
mirror,bilinear,4x,15,2,3.875000,0.625000,4.250000
mirror,nearest,4x,0,3,0.125000,0.875000,0.000000
mirror,bilinear,4x,0,3,0.125000,0.875000,3.750000
mirror,nearest,4x,1,3,0.375000,0.875000,0.000000
mirror,bilinear,4x,1,3,0.375000,0.875000,3.750000
mirror,nearest,4x,2,3,0.625000,0.875000,0.000000
mirror,bilinear,4x,2,3,0.625000,0.875000,3.875000
mirror,nearest,4x,3,3,0.875000,0.875000,0.000000
mirror,bilinear,4x,3,3,0.875000,0.875000,4.125000
mirror,nearest,4x,4,3,1.125000,0.875000,1.000000
mirror,bilinear,4x,4,3,1.125000,0.875000,4.375000
mirror,nearest,4x,5,3,1.375000,0.875000,1.000000
mirror,bilinear,4x,5,3,1.375000,0.875000,4.625000
mirror,nearest,4x,6,3,1.625000,0.875000,1.000000
mirror,bilinear,4x,6,3,1.625000,0.875000,4.875000
mirror,nearest,4x,7,3,1.875000,0.875000,1.000000
mirror,bilinear,4x,7,3,1.875000,0.875000,5.125000
mirror,nearest,4x,8,3,2.125000,0.875000,2.000000
mirror,bilinear,4x,8,3,2.125000,0.875000,5.375000
mirror,nearest,4x,9,3,2.375000,0.875000,2.000000
mirror,bilinear,4x,9,3,2.375000,0.875000,5.625000
mirror,nearest,4x,10,3,2.625000,0.875000,2.000000
mirror,bilinear,4x,10,3,2.625000,0.875000,5.875000
mirror,nearest,4x,11,3,2.875000,0.875000,2.000000
mirror,bilinear,4x,11,3,2.875000,0.875000,6.125000
mirror,nearest,4x,12,3,3.125000,0.875000,3.000000
mirror,bilinear,4x,12,3,3.125000,0.875000,6.375000
mirror,nearest,4x,13,3,3.375000,0.875000,3.000000
mirror,bilinear,4x,13,3,3.375000,0.875000,6.625000
mirror,nearest,4x,14,3,3.625000,0.875000,3.000000
mirror,bilinear,4x,14,3,3.625000,0.875000,6.750000
mirror,nearest,4x,15,3,3.875000,0.875000,3.000000
mirror,bilinear,4x,15,3,3.875000,0.875000,6.750000
mirror,nearest,4x,0,4,0.125000,1.125000,10.000000
mirror,bilinear,4x,0,4,0.125000,1.125000,6.250000
mirror,nearest,4x,1,4,0.375000,1.125000,10.000000
mirror,bilinear,4x,1,4,0.375000,1.125000,6.250000
mirror,nearest,4x,2,4,0.625000,1.125000,10.000000
mirror,bilinear,4x,2,4,0.625000,1.125000,6.375000
mirror,nearest,4x,3,4,0.875000,1.125000,10.000000
mirror,bilinear,4x,3,4,0.875000,1.125000,6.625000
mirror,nearest,4x,4,4,1.125000,1.125000,11.000000
mirror,bilinear,4x,4,4,1.125000,1.125000,6.875000
mirror,nearest,4x,5,4,1.375000,1.125000,11.000000
mirror,bilinear,4x,5,4,1.375000,1.125000,7.125000
mirror,nearest,4x,6,4,1.625000,1.125000,11.000000
mirror,bilinear,4x,6,4,1.625000,1.125000,7.375000
mirror,nearest,4x,7,4,1.875000,1.125000,11.000000
mirror,bilinear,4x,7,4,1.875000,1.125000,7.625000
mirror,nearest,4x,8,4,2.125000,1.125000,12.000000
mirror,bilinear,4x,8,4,2.125000,1.125000,7.875000
mirror,nearest,4x,9,4,2.375000,1.125000,12.000000
mirror,bilinear,4x,9,4,2.375000,1.125000,8.125000
mirror,nearest,4x,10,4,2.625000,1.125000,12.000000
mirror,bilinear,4x,10,4,2.625000,1.125000,8.375000
mirror,nearest,4x,11,4,2.875000,1.125000,12.000000
mirror,bilinear,4x,11,4,2.875000,1.125000,8.625000
mirror,nearest,4x,12,4,3.125000,1.125000,13.000000
mirror,bilinear,4x,12,4,3.125000,1.125000,8.875000
mirror,nearest,4x,13,4,3.375000,1.125000,13.000000
mirror,bilinear,4x,13,4,3.375000,1.125000,9.125000
mirror,nearest,4x,14,4,3.625000,1.125000,13.000000
mirror,bilinear,4x,14,4,3.625000,1.125000,9.250000
mirror,nearest,4x,15,4,3.875000,1.125000,13.000000
mirror,bilinear,4x,15,4,3.875000,1.125000,9.250000
mirror,nearest,4x,0,5,0.125000,1.375000,10.000000
mirror,bilinear,4x,0,5,0.125000,1.375000,8.750000
mirror,nearest,4x,1,5,0.375000,1.375000,10.000000
mirror,bilinear,4x,1,5,0.375000,1.375000,8.750000
mirror,nearest,4x,2,5,0.625000,1.375000,10.000000
mirror,bilinear,4x,2,5,0.625000,1.375000,8.875000
mirror,nearest,4x,3,5,0.875000,1.375000,10.000000
mirror,bilinear,4x,3,5,0.875000,1.375000,9.125000
mirror,nearest,4x,4,5,1.125000,1.375000,11.000000
mirror,bilinear,4x,4,5,1.125000,1.375000,9.375000
mirror,nearest,4x,5,5,1.375000,1.375000,11.000000
mirror,bilinear,4x,5,5,1.375000,1.375000,9.625000
mirror,nearest,4x,6,5,1.625000,1.375000,11.000000
mirror,bilinear,4x,6,5,1.625000,1.375000,9.875000
mirror,nearest,4x,7,5,1.875000,1.375000,11.000000
mirror,bilinear,4x,7,5,1.875000,1.375000,10.125000
mirror,nearest,4x,8,5,2.125000,1.375000,12.000000
mirror,bilinear,4x,8,5,2.125000,1.375000,10.375000
mirror,nearest,4x,9,5,2.375000,1.375000,12.000000
mirror,bilinear,4x,9,5,2.375000,1.375000,10.625000
mirror,nearest,4x,10,5,2.625000,1.375000,12.000000
mirror,bilinear,4x,10,5,2.625000,1.375000,10.875000
mirror,nearest,4x,11,5,2.875000,1.375000,12.000000
mirror,bilinear,4x,11,5,2.875000,1.375000,11.125000
mirror,nearest,4x,12,5,3.125000,1.375000,13.000000
mirror,bilinear,4x,12,5,3.125000,1.375000,11.375000
mirror,nearest,4x,13,5,3.375000,1.375000,13.000000
mirror,bilinear,4x,13,5,3.375000,1.375000,11.625000
mirror,nearest,4x,14,5,3.625000,1.375000,13.000000
mirror,bilinear,4x,14,5,3.625000,1.375000,11.750000
mirror,nearest,4x,15,5,3.875000,1.375000,13.000000
mirror,bilinear,4x,15,5,3.875000,1.375000,11.750000
mirror,nearest,4x,0,6,0.125000,1.625000,10.000000
mirror,bilinear,4x,0,6,0.125000,1.625000,11.250000
mirror,nearest,4x,1,6,0.375000,1.625000,10.000000
mirror,bilinear,4x,1,6,0.375000,1.625000,11.250000
mirror,nearest,4x,2,6,0.625000,1.625000,10.000000
mirror,bilinear,4x,2,6,0.625000,1.625000,11.375000
mirror,nearest,4x,3,6,0.875000,1.625000,10.000000
mirror,bilinear,4x,3,6,0.875000,1.625000,11.625000
mirror,nearest,4x,4,6,1.125000,1.625000,11.000000
mirror,bilinear,4x,4,6,1.125000,1.625000,11.875000
mirror,nearest,4x,5,6,1.375000,1.625000,11.000000
mirror,bilinear,4x,5,6,1.375000,1.625000,12.125000
mirror,nearest,4x,6,6,1.625000,1.625000,11.000000
mirror,bilinear,4x,6,6,1.625000,1.625000,12.375000
mirror,nearest,4x,7,6,1.875000,1.625000,11.000000
mirror,bilinear,4x,7,6,1.875000,1.625000,12.625000
mirror,nearest,4x,8,6,2.125000,1.625000,12.000000
mirror,bilinear,4x,8,6,2.125000,1.625000,12.875000
mirror,nearest,4x,9,6,2.375000,1.625000,12.000000
mirror,bilinear,4x,9,6,2.375000,1.625000,13.125000
mirror,nearest,4x,10,6,2.625000,1.625000,12.000000
mirror,bilinear,4x,10,6,2.625000,1.625000,13.375000
mirror,nearest,4x,11,6,2.875000,1.625000,12.000000
mirror,bilinear,4x,11,6,2.875000,1.625000,13.625000
mirror,nearest,4x,12,6,3.125000,1.625000,13.000000
mirror,bilinear,4x,12,6,3.125000,1.625000,13.875000
mirror,nearest,4x,13,6,3.375000,1.625000,13.000000
mirror,bilinear,4x,13,6,3.375000,1.625000,14.125000
mirror,nearest,4x,14,6,3.625000,1.625000,13.000000
mirror,bilinear,4x,14,6,3.625000,1.625000,14.250000
mirror,nearest,4x,15,6,3.875000,1.625000,13.000000
mirror,bilinear,4x,15,6,3.875000,1.625000,14.250000
mirror,nearest,4x,0,7,0.125000,1.875000,10.000000
mirror,bilinear,4x,0,7,0.125000,1.875000,13.750000
mirror,nearest,4x,1,7,0.375000,1.875000,10.000000
mirror,bilinear,4x,1,7,0.375000,1.875000,13.750000
mirror,nearest,4x,2,7,0.625000,1.875000,10.000000
mirror,bilinear,4x,2,7,0.625000,1.875000,13.875000
mirror,nearest,4x,3,7,0.875000,1.875000,10.000000
mirror,bilinear,4x,3,7,0.875000,1.875000,14.125000
mirror,nearest,4x,4,7,1.125000,1.875000,11.000000
mirror,bilinear,4x,4,7,1.125000,1.875000,14.375000
mirror,nearest,4x,5,7,1.375000,1.875000,11.000000
mirror,bilinear,4x,5,7,1.375000,1.875000,14.625000
mirror,nearest,4x,6,7,1.625000,1.875000,11.000000
mirror,bilinear,4x,6,7,1.625000,1.875000,14.875000
mirror,nearest,4x,7,7,1.875000,1.875000,11.000000
mirror,bilinear,4x,7,7,1.875000,1.875000,15.125000
mirror,nearest,4x,8,7,2.125000,1.875000,12.000000
mirror,bilinear,4x,8,7,2.125000,1.875000,15.375000
mirror,nearest,4x,9,7,2.375000,1.875000,12.000000
mirror,bilinear,4x,9,7,2.375000,1.875000,15.625000
mirror,nearest,4x,10,7,2.625000,1.875000,12.000000
mirror,bilinear,4x,10,7,2.625000,1.875000,15.875000
mirror,nearest,4x,11,7,2.875000,1.875000,12.000000
mirror,bilinear,4x,11,7,2.875000,1.875000,16.125000
mirror,nearest,4x,12,7,3.125000,1.875000,13.000000
mirror,bilinear,4x,12,7,3.125000,1.875000,16.375000
mirror,nearest,4x,13,7,3.375000,1.875000,13.000000
mirror,bilinear,4x,13,7,3.375000,1.875000,16.625000
mirror,nearest,4x,14,7,3.625000,1.875000,13.000000
mirror,bilinear,4x,14,7,3.625000,1.875000,16.750000
mirror,nearest,4x,15,7,3.875000,1.875000,13.000000
mirror,bilinear,4x,15,7,3.875000,1.875000,16.750000
mirror,nearest,4x,0,8,0.125000,2.125000,20.000000
mirror,bilinear,4x,0,8,0.125000,2.125000,16.250000
mirror,nearest,4x,1,8,0.375000,2.125000,20.000000
mirror,bilinear,4x,1,8,0.375000,2.125000,16.250000
mirror,nearest,4x,2,8,0.625000,2.125000,20.000000
mirror,bilinear,4x,2,8,0.625000,2.125000,16.375000
mirror,nearest,4x,3,8,0.875000,2.125000,20.000000
mirror,bilinear,4x,3,8,0.875000,2.125000,16.625000
mirror,nearest,4x,4,8,1.125000,2.125000,21.000000
mirror,bilinear,4x,4,8,1.125000,2.125000,16.875000
mirror,nearest,4x,5,8,1.375000,2.125000,21.000000
mirror,bilinear,4x,5,8,1.375000,2.125000,17.125000
mirror,nearest,4x,6,8,1.625000,2.125000,21.000000
mirror,bilinear,4x,6,8,1.625000,2.125000,17.375000
mirror,nearest,4x,7,8,1.875000,2.125000,21.000000
mirror,bilinear,4x,7,8,1.875000,2.125000,17.625000
mirror,nearest,4x,8,8,2.125000,2.125000,22.000000
mirror,bilinear,4x,8,8,2.125000,2.125000,17.875000
mirror,nearest,4x,9,8,2.375000,2.125000,22.000000
mirror,bilinear,4x,9,8,2.375000,2.125000,18.125000
mirror,nearest,4x,10,8,2.625000,2.125000,22.000000
mirror,bilinear,4x,10,8,2.625000,2.125000,18.375000
mirror,nearest,4x,11,8,2.875000,2.125000,22.000000
mirror,bilinear,4x,11,8,2.875000,2.125000,18.625000
mirror,nearest,4x,12,8,3.125000,2.125000,23.000000
mirror,bilinear,4x,12,8,3.125000,2.125000,18.875000
mirror,nearest,4x,13,8,3.375000,2.125000,23.000000
mirror,bilinear,4x,13,8,3.375000,2.125000,19.125000
mirror,nearest,4x,14,8,3.625000,2.125000,23.000000
mirror,bilinear,4x,14,8,3.625000,2.125000,19.250000
mirror,nearest,4x,15,8,3.875000,2.125000,23.000000
mirror,bilinear,4x,15,8,3.875000,2.125000,19.250000
mirror,nearest,4x,0,9,0.125000,2.375000,20.000000
mirror,bilinear,4x,0,9,0.125000,2.375000,18.750000
mirror,nearest,4x,1,9,0.375000,2.375000,20.000000
mirror,bilinear,4x,1,9,0.375000,2.375000,18.750000
mirror,nearest,4x,2,9,0.625000,2.375000,20.000000
mirror,bilinear,4x,2,9,0.625000,2.375000,18.875000
mirror,nearest,4x,3,9,0.875000,2.375000,20.000000
mirror,bilinear,4x,3,9,0.875000,2.375000,19.125000
mirror,nearest,4x,4,9,1.125000,2.375000,21.000000
mirror,bilinear,4x,4,9,1.125000,2.375000,19.375000
mirror,nearest,4x,5,9,1.375000,2.375000,21.000000
mirror,bilinear,4x,5,9,1.375000,2.375000,19.625000
mirror,nearest,4x,6,9,1.625000,2.375000,21.000000
mirror,bilinear,4x,6,9,1.625000,2.375000,19.875000
mirror,nearest,4x,7,9,1.875000,2.375000,21.000000
mirror,bilinear,4x,7,9,1.875000,2.375000,20.125000
mirror,nearest,4x,8,9,2.125000,2.375000,22.000000
mirror,bilinear,4x,8,9,2.125000,2.375000,20.375000
mirror,nearest,4x,9,9,2.375000,2.375000,22.000000
mirror,bilinear,4x,9,9,2.375000,2.375000,20.625000
mirror,nearest,4x,10,9,2.625000,2.375000,22.000000
mirror,bilinear,4x,10,9,2.625000,2.375000,20.875000
mirror,nearest,4x,11,9,2.875000,2.375000,22.000000
mirror,bilinear,4x,11,9,2.875000,2.375000,21.125000
mirror,nearest,4x,12,9,3.125000,2.375000,23.000000
mirror,bilinear,4x,12,9,3.125000,2.375000,21.375000
mirror,nearest,4x,13,9,3.375000,2.375000,23.000000
mirror,bilinear,4x,13,9,3.375000,2.375000,21.625000
mirror,nearest,4x,14,9,3.625000,2.375000,23.000000
mirror,bilinear,4x,14,9,3.625000,2.375000,21.750000
mirror,nearest,4x,15,9,3.875000,2.375000,23.000000
mirror,bilinear,4x,15,9,3.875000,2.375000,21.750000
mirror,nearest,4x,0,10,0.125000,2.625000,20.000000
mirror,bilinear,4x,0,10,0.125000,2.625000,21.250000
mirror,nearest,4x,1,10,0.375000,2.625000,20.000000
mirror,bilinear,4x,1,10,0.375000,2.625000,21.250000
mirror,nearest,4x,2,10,0.625000,2.625000,20.000000
mirror,bilinear,4x,2,10,0.625000,2.625000,21.375000
mirror,nearest,4x,3,10,0.875000,2.625000,20.000000
mirror,bilinear,4x,3,10,0.875000,2.625000,21.625000
mirror,nearest,4x,4,10,1.125000,2.625000,21.000000
mirror,bilinear,4x,4,10,1.125000,2.625000,21.875000
mirror,nearest,4x,5,10,1.375000,2.625000,21.000000
mirror,bilinear,4x,5,10,1.375000,2.625000,22.125000
mirror,nearest,4x,6,10,1.625000,2.625000,21.000000
mirror,bilinear,4x,6,10,1.625000,2.625000,22.375000
mirror,nearest,4x,7,10,1.875000,2.625000,21.000000
mirror,bilinear,4x,7,10,1.875000,2.625000,22.625000
mirror,nearest,4x,8,10,2.125000,2.625000,22.000000
mirror,bilinear,4x,8,10,2.125000,2.625000,22.875000
mirror,nearest,4x,9,10,2.375000,2.625000,22.000000
mirror,bilinear,4x,9,10,2.375000,2.625000,23.125000
mirror,nearest,4x,10,10,2.625000,2.625000,22.000000
mirror,bilinear,4x,10,10,2.625000,2.625000,23.375000
mirror,nearest,4x,11,10,2.875000,2.625000,22.000000
mirror,bilinear,4x,11,10,2.875000,2.625000,23.625000
mirror,nearest,4x,12,10,3.125000,2.625000,23.000000
mirror,bilinear,4x,12,10,3.125000,2.625000,23.875000
mirror,nearest,4x,13,10,3.375000,2.625000,23.000000
mirror,bilinear,4x,13,10,3.375000,2.625000,24.125000
mirror,nearest,4x,14,10,3.625000,2.625000,23.000000
mirror,bilinear,4x,14,10,3.625000,2.625000,24.250000
mirror,nearest,4x,15,10,3.875000,2.625000,23.000000
mirror,bilinear,4x,15,10,3.875000,2.625000,24.250000
mirror,nearest,4x,0,11,0.125000,2.875000,20.000000
mirror,bilinear,4x,0,11,0.125000,2.875000,23.750000
mirror,nearest,4x,1,11,0.375000,2.875000,20.000000
mirror,bilinear,4x,1,11,0.375000,2.875000,23.750000
mirror,nearest,4x,2,11,0.625000,2.875000,20.000000
mirror,bilinear,4x,2,11,0.625000,2.875000,23.875000
mirror,nearest,4x,3,11,0.875000,2.875000,20.000000
mirror,bilinear,4x,3,11,0.875000,2.875000,24.125000
mirror,nearest,4x,4,11,1.125000,2.875000,21.000000
mirror,bilinear,4x,4,11,1.125000,2.875000,24.375000
mirror,nearest,4x,5,11,1.375000,2.875000,21.000000
mirror,bilinear,4x,5,11,1.375000,2.875000,24.625000
mirror,nearest,4x,6,11,1.625000,2.875000,21.000000
mirror,bilinear,4x,6,11,1.625000,2.875000,24.875000
mirror,nearest,4x,7,11,1.875000,2.875000,21.000000
mirror,bilinear,4x,7,11,1.875000,2.875000,25.125000
mirror,nearest,4x,8,11,2.125000,2.875000,22.000000
mirror,bilinear,4x,8,11,2.125000,2.875000,25.375000
mirror,nearest,4x,9,11,2.375000,2.875000,22.000000
mirror,bilinear,4x,9,11,2.375000,2.875000,25.625000
mirror,nearest,4x,10,11,2.625000,2.875000,22.000000
mirror,bilinear,4x,10,11,2.625000,2.875000,25.875000
mirror,nearest,4x,11,11,2.875000,2.875000,22.000000
mirror,bilinear,4x,11,11,2.875000,2.875000,26.125000
mirror,nearest,4x,12,11,3.125000,2.875000,23.000000
mirror,bilinear,4x,12,11,3.125000,2.875000,26.375000
mirror,nearest,4x,13,11,3.375000,2.875000,23.000000
mirror,bilinear,4x,13,11,3.375000,2.875000,26.625000
mirror,nearest,4x,14,11,3.625000,2.875000,23.000000
mirror,bilinear,4x,14,11,3.625000,2.875000,26.750000
mirror,nearest,4x,15,11,3.875000,2.875000,23.000000
mirror,bilinear,4x,15,11,3.875000,2.875000,26.750000
mirror,nearest,4x,0,12,0.125000,3.125000,30.000000
mirror,bilinear,4x,0,12,0.125000,3.125000,26.250000
mirror,nearest,4x,1,12,0.375000,3.125000,30.000000
mirror,bilinear,4x,1,12,0.375000,3.125000,26.250000
mirror,nearest,4x,2,12,0.625000,3.125000,30.000000
mirror,bilinear,4x,2,12,0.625000,3.125000,26.375000
mirror,nearest,4x,3,12,0.875000,3.125000,30.000000
mirror,bilinear,4x,3,12,0.875000,3.125000,26.625000
mirror,nearest,4x,4,12,1.125000,3.125000,31.000000
mirror,bilinear,4x,4,12,1.125000,3.125000,26.875000
mirror,nearest,4x,5,12,1.375000,3.125000,31.000000
mirror,bilinear,4x,5,12,1.375000,3.125000,27.125000
mirror,nearest,4x,6,12,1.625000,3.125000,31.000000
mirror,bilinear,4x,6,12,1.625000,3.125000,27.375000
mirror,nearest,4x,7,12,1.875000,3.125000,31.000000
mirror,bilinear,4x,7,12,1.875000,3.125000,27.625000
mirror,nearest,4x,8,12,2.125000,3.125000,32.000000
mirror,bilinear,4x,8,12,2.125000,3.125000,27.875000
mirror,nearest,4x,9,12,2.375000,3.125000,32.000000
mirror,bilinear,4x,9,12,2.375000,3.125000,28.125000
mirror,nearest,4x,10,12,2.625000,3.125000,32.000000
mirror,bilinear,4x,10,12,2.625000,3.125000,28.375000
mirror,nearest,4x,11,12,2.875000,3.125000,32.000000
mirror,bilinear,4x,11,12,2.875000,3.125000,28.625000
mirror,nearest,4x,12,12,3.125000,3.125000,33.000000
mirror,bilinear,4x,12,12,3.125000,3.125000,28.875000
mirror,nearest,4x,13,12,3.375000,3.125000,33.000000
mirror,bilinear,4x,13,12,3.375000,3.125000,29.125000
mirror,nearest,4x,14,12,3.625000,3.125000,33.000000
mirror,bilinear,4x,14,12,3.625000,3.125000,29.250000
mirror,nearest,4x,15,12,3.875000,3.125000,33.000000
mirror,bilinear,4x,15,12,3.875000,3.125000,29.250000
mirror,nearest,4x,0,13,0.125000,3.375000,30.000000
mirror,bilinear,4x,0,13,0.125000,3.375000,28.750000
mirror,nearest,4x,1,13,0.375000,3.375000,30.000000
mirror,bilinear,4x,1,13,0.375000,3.375000,28.750000
mirror,nearest,4x,2,13,0.625000,3.375000,30.000000
mirror,bilinear,4x,2,13,0.625000,3.375000,28.875000
mirror,nearest,4x,3,13,0.875000,3.375000,30.000000
mirror,bilinear,4x,3,13,0.875000,3.375000,29.125000
mirror,nearest,4x,4,13,1.125000,3.375000,31.000000
mirror,bilinear,4x,4,13,1.125000,3.375000,29.375000
mirror,nearest,4x,5,13,1.375000,3.375000,31.000000
mirror,bilinear,4x,5,13,1.375000,3.375000,29.625000
mirror,nearest,4x,6,13,1.625000,3.375000,31.000000
mirror,bilinear,4x,6,13,1.625000,3.375000,29.875000
mirror,nearest,4x,7,13,1.875000,3.375000,31.000000
mirror,bilinear,4x,7,13,1.875000,3.375000,30.125000
mirror,nearest,4x,8,13,2.125000,3.375000,32.000000
mirror,bilinear,4x,8,13,2.125000,3.375000,30.375000
mirror,nearest,4x,9,13,2.375000,3.375000,32.000000
mirror,bilinear,4x,9,13,2.375000,3.375000,30.625000
mirror,nearest,4x,10,13,2.625000,3.375000,32.000000
mirror,bilinear,4x,10,13,2.625000,3.375000,30.875000
mirror,nearest,4x,11,13,2.875000,3.375000,32.000000
mirror,bilinear,4x,11,13,2.875000,3.375000,31.125000
mirror,nearest,4x,12,13,3.125000,3.375000,33.000000
mirror,bilinear,4x,12,13,3.125000,3.375000,31.375000
mirror,nearest,4x,13,13,3.375000,3.375000,33.000000
mirror,bilinear,4x,13,13,3.375000,3.375000,31.625000
mirror,nearest,4x,14,13,3.625000,3.375000,33.000000
mirror,bilinear,4x,14,13,3.625000,3.375000,31.750000
mirror,nearest,4x,15,13,3.875000,3.375000,33.000000
mirror,bilinear,4x,15,13,3.875000,3.375000,31.750000
mirror,nearest,4x,0,14,0.125000,3.625000,30.000000
mirror,bilinear,4x,0,14,0.125000,3.625000,30.000000
mirror,nearest,4x,1,14,0.375000,3.625000,30.000000
mirror,bilinear,4x,1,14,0.375000,3.625000,30.000000
mirror,nearest,4x,2,14,0.625000,3.625000,30.000000
mirror,bilinear,4x,2,14,0.625000,3.625000,30.125000
mirror,nearest,4x,3,14,0.875000,3.625000,30.000000
mirror,bilinear,4x,3,14,0.875000,3.625000,30.375000
mirror,nearest,4x,4,14,1.125000,3.625000,31.000000
mirror,bilinear,4x,4,14,1.125000,3.625000,30.625000
mirror,nearest,4x,5,14,1.375000,3.625000,31.000000
mirror,bilinear,4x,5,14,1.375000,3.625000,30.875000
mirror,nearest,4x,6,14,1.625000,3.625000,31.000000
mirror,bilinear,4x,6,14,1.625000,3.625000,31.125000
mirror,nearest,4x,7,14,1.875000,3.625000,31.000000
mirror,bilinear,4x,7,14,1.875000,3.625000,31.375000
mirror,nearest,4x,8,14,2.125000,3.625000,32.000000
mirror,bilinear,4x,8,14,2.125000,3.625000,31.625000
mirror,nearest,4x,9,14,2.375000,3.625000,32.000000
mirror,bilinear,4x,9,14,2.375000,3.625000,31.875000
mirror,nearest,4x,10,14,2.625000,3.625000,32.000000
mirror,bilinear,4x,10,14,2.625000,3.625000,32.125000
mirror,nearest,4x,11,14,2.875000,3.625000,32.000000
mirror,bilinear,4x,11,14,2.875000,3.625000,32.375000
mirror,nearest,4x,12,14,3.125000,3.625000,33.000000
mirror,bilinear,4x,12,14,3.125000,3.625000,32.625000
mirror,nearest,4x,13,14,3.375000,3.625000,33.000000
mirror,bilinear,4x,13,14,3.375000,3.625000,32.875000
mirror,nearest,4x,14,14,3.625000,3.625000,33.000000
mirror,bilinear,4x,14,14,3.625000,3.625000,33.000000
mirror,nearest,4x,15,14,3.875000,3.625000,33.000000
mirror,bilinear,4x,15,14,3.875000,3.625000,33.000000
mirror,nearest,4x,0,15,0.125000,3.875000,30.000000
mirror,bilinear,4x,0,15,0.125000,3.875000,30.000000
mirror,nearest,4x,1,15,0.375000,3.875000,30.000000
mirror,bilinear,4x,1,15,0.375000,3.875000,30.000000
mirror,nearest,4x,2,15,0.625000,3.875000,30.000000
mirror,bilinear,4x,2,15,0.625000,3.875000,30.125000
mirror,nearest,4x,3,15,0.875000,3.875000,30.000000
mirror,bilinear,4x,3,15,0.875000,3.875000,30.375000
mirror,nearest,4x,4,15,1.125000,3.875000,31.000000
mirror,bilinear,4x,4,15,1.125000,3.875000,30.625000
mirror,nearest,4x,5,15,1.375000,3.875000,31.000000
mirror,bilinear,4x,5,15,1.375000,3.875000,30.875000
mirror,nearest,4x,6,15,1.625000,3.875000,31.000000
mirror,bilinear,4x,6,15,1.625000,3.875000,31.125000
mirror,nearest,4x,7,15,1.875000,3.875000,31.000000
mirror,bilinear,4x,7,15,1.875000,3.875000,31.375000
mirror,nearest,4x,8,15,2.125000,3.875000,32.000000
mirror,bilinear,4x,8,15,2.125000,3.875000,31.625000
mirror,nearest,4x,9,15,2.375000,3.875000,32.000000
mirror,bilinear,4x,9,15,2.375000,3.875000,31.875000
mirror,nearest,4x,10,15,2.625000,3.875000,32.000000
mirror,bilinear,4x,10,15,2.625000,3.875000,32.125000
mirror,nearest,4x,11,15,2.875000,3.875000,32.000000
mirror,bilinear,4x,11,15,2.875000,3.875000,32.375000
mirror,nearest,4x,12,15,3.125000,3.875000,33.000000
mirror,bilinear,4x,12,15,3.125000,3.875000,32.625000
mirror,nearest,4x,13,15,3.375000,3.875000,33.000000
mirror,bilinear,4x,13,15,3.375000,3.875000,32.875000
mirror,nearest,4x,14,15,3.625000,3.875000,33.000000
mirror,bilinear,4x,14,15,3.625000,3.875000,33.000000
mirror,nearest,4x,15,15,3.875000,3.875000,33.000000
mirror,bilinear,4x,15,15,3.875000,3.875000,33.000000
