cidr	priority
2001:db8:0:60bb::/64	344
2001:db8:0:fcf2::/64	914
2001:db8:1:be6b::/64	174
2001:db8:1:c822::/64	854
2001:db8:1:d5bf::/64	229
2001:db8:1:dcbb::/64	631
2001:db8:2:6800::/64	42
2001:db8:2:91c3::/64	131
2001:db8:3:2c17::/64	402
2001:db8:3:cde7::/64	445
2001:db8:4:a::/64	898
2001:db8:4:c0b::/64	963
2001:db8:4:5a8d::/64	627
2001:db8:4:9b45::/64	797
2001:db8:5:16f0::/64	16
2001:db8:5:4308::/64	88
2001:db8:6:c1::/64	602
2001:db8:6:53f2::/64	292
2001:db8:6:cf48::/64	779
2001:db8:7:dba8::/64	997
2001:db8:8:8756::/64	213
2001:db8:8:908f::/64	113
2001:db8:8:d495::/64	552
2001:db8:8:dc48::/64	154
2001:db8:9:cf95::/64	266
2001:db8:a:6fe9::/64	987
2001:db8:a:c561::/64	116
2001:db8:a:d860::/64	615
2001:db8:b:29f1::/64	917
2001:db8:b:b589::/64	51
2001:db8:c:ae11::/64	631
2001:db8:d:a94::/64	606
2001:db8:d:113e::/64	4
2001:db8:d:5b46::/64	426
2001:db8:d:c6ac::/64	211
2001:db8:e:4402::/64	80
2001:db8:e:6350::/64	590
2001:db8:e:6ea2::/64	615
2001:db8:f:8d43::/64	853
2001:db8:12:f919::/64	373
2001:db8:13:179a::/64	841
2001:db8:13:eda7::/64	647
2001:db8:13:ff83::/64	341
2001:db8:14:7e40::/64	317
2001:db8:14:966a::/64	279
2001:db8:14:f02d::/64	14
2001:db8:15:5766::/64	69
2001:db8:15:5848::/64	572
2001:db8:15:5f30::/64	560
2001:db8:15:6f61::/64	516
2001:db8:15:8bff::/64	82
2001:db8:17:18f6::/64	881
2001:db8:17:23b2::/64	714
2001:db8:17:59e1::/64	799
2001:db8:17:63e7::/64	862
2001:db8:17:7af7::/64	633
2001:db8:17:8ed8::/64	430
2001:db8:17:b397::/64	61
2001:db8:17:f0a6::/64	986
2001:db8:19:1c50::/64	306
2001:db8:19:35e1::/64	2
2001:db8:19:a8a2::/64	506
2001:db8:1a:23a8::/64	522
2001:db8:1a:50f7::/64	672
2001:db8:1a:63ef::/64	485
2001:db8:1b:5edc::/64	623
2001:db8:1b:c441::/64	728
2001:db8:1c:3b88::/64	110
2001:db8:1c:3dc9::/64	283
2001:db8:1d:eb3d::/64	496
2001:db8:1e:b980::/64	491
2001:db8:1f:4549::/64	618
2001:db8:1f:bc59::/64	314
2001:db8:1f:c410::/64	593
2001:db8:20:2343::/64	358
2001:db8:20:43a4::/64	743
2001:db8:20:59b5::/64	329
2001:db8:21:918a::/64	589
2001:db8:21:e4a7::/64	831
2001:db8:22:7850::/64	18
2001:db8:22:94b6::/64	622
2001:db8:23:cdf::/64	540
2001:db8:23:81f9::/64	732
2001:db8:24:6acc::/64	157
2001:db8:24:7988::/64	33
2001:db8:25:1681::/64	511
2001:db8:26:8cdb::/64	158
2001:db8:26:db9f::/64	908
2001:db8:27:3d2d::/64	160
2001:db8:27:d2df::/64	503
2001:db8:28:f881::/64	260
2001:db8:2a:3862::/64	601
2001:db8:2a:59fe::/64	103
2001:db8:2b:10f::/64	188
2001:db8:2b:5a50::/64	426
2001:db8:2c:8460::/64	514
2001:db8:2d:b88::/64	74
2001:db8:2d:4fd0::/64	65
2001:db8:2e:f8d4::/64	781
2001:db8:30:4f8c::/64	868
2001:db8:30:6387::/64	687
2001:db8:30:c5ce::/64	387
2001:db8:30:d265::/64	976
2001:db8:30:ff2d::/64	847
2001:db8:32:9f5::/64	353
2001:db8:32:d64::/64	933
2001:db8:32:1f29::/64	356
2001:db8:32:4265::/64	412
2001:db8:32:4bf2::/64	901
2001:db8:32:8cca::/64	327
2001:db8:33:120e::/64	659
2001:db8:33:5fcc::/64	763
2001:db8:33:a65d::/64	534
2001:db8:34:7e53::/64	413
2001:db8:34:af4c::/64	883
2001:db8:34:ccb1::/64	495
2001:db8:34:df3a::/64	195
2001:db8:35:5434::/64	825
2001:db8:35:624d::/64	269
2001:db8:35:cc9a::/64	186
2001:db8:36:4a35::/64	362
2001:db8:36:918b::/64	992
2001:db8:36:f7a7::/64	412
2001:db8:37:2863::/64	839
2001:db8:37:3078::/64	385
2001:db8:38:68e3::/64	217
2001:db8:38:ae63::/64	669
2001:db8:38:c881::/64	226
2001:db8:38:deaa::/64	920
2001:db8:38:fe93::/64	3
2001:db8:38:ff3d::/64	582
2001:db8:39:8c2b::/64	612
2001:db8:39:c206::/64	271
2001:db8:39:ff64::/64	96
2001:db8:3a:72d::/64	235
2001:db8:3a:a4af::/64	565
2001:db8:3b:3898::/64	616
2001:db8:3b:e666::/64	745
2001:db8:3c:8e6a::/64	462
2001:db8:3d:2fdc::/64	494
2001:db8:3d:3ef5::/64	567
2001:db8:3d:5e5f::/64	816
2001:db8:3d:7438::/64	973
2001:db8:3d:97b6::/64	36
2001:db8:3e:3e22::/64	644
2001:db8:3e:45ef::/64	265
2001:db8:3e:cff6::/64	370
2001:db8:3f:9b8::/64	303
2001:db8:3f:1a40::/64	957
2001:db8:3f:1d31::/64	902
2001:db8:3f:45eb::/64	458
2001:db8:3f:eb77::/64	20
2001:db8:3f:feac::/64	123
2001:db8:40:5b01::/64	545
2001:db8:40:9f60::/64	108
2001:db8:41:345c::/64	600
2001:db8:42:124f::/64	720
2001:db8:42:3fe0::/64	552
2001:db8:42:48e9::/64	623
2001:db8:42:922d::/64	900
2001:db8:42:cccd::/64	238
2001:db8:43:2aac::/64	214
2001:db8:43:5d96::/64	1000
2001:db8:43:9be1::/64	285
2001:db8:43:bdac::/64	900
2001:db8:43:cd8e::/64	332
2001:db8:43:cfce::/64	654
2001:db8:43:e632::/64	322
2001:db8:44:a425::/64	623
2001:db8:45:382f::/64	981
2001:db8:45:4cfb::/64	788
2001:db8:46:a879::/64	378
2001:db8:46:bbbc::/64	911
2001:db8:46:c04f::/64	618
2001:db8:46:e232::/64	853
2001:db8:47:2fd2::/64	293
2001:db8:47:4a2f::/64	195
2001:db8:47:f3b6::/64	531
2001:db8:48:787f::/64	468
2001:db8:48:90a3::/64	906
2001:db8:49:1a4e::/64	897
2001:db8:49:6412::/64	682
2001:db8:49:ac46::/64	700
2001:db8:49:bcc8::/64	427
2001:db8:4a:ff3::/64	949
2001:db8:4a:d275::/64	674
2001:db8:4c:4d2e::/64	636
2001:db8:4c:4da1::/64	695
2001:db8:4c:50f0::/64	422
2001:db8:4c:9b86::/64	949
2001:db8:4c:b2a7::/64	830
2001:db8:4d:43c3::/64	543
2001:db8:4d:70ee::/64	517
2001:db8:4d:8ecd::/64	91
2001:db8:4d:92ca::/64	11
2001:db8:4d:a0bb::/64	216
2001:db8:4e:2b9c::/64	944
2001:db8:4e:6761::/64	554
2001:db8:4e:d3b8::/64	337
2001:db8:4e:d550::/64	762
2001:db8:4e:eb30::/64	553
2001:db8:4f:adfc::/64	129
2001:db8:50:ecb::/64	675
2001:db8:50:263b::/64	245
2001:db8:51:2bfa::/64	915
2001:db8:51:436b::/64	844
2001:db8:52:13c8::/64	85
2001:db8:52:3561::/64	916
2001:db8:53:74de::/64	517
2001:db8:54:10a::/64	298
2001:db8:54:5acd::/64	83
2001:db8:54:b20f::/64	739
2001:db8:54:d15d::/64	944
2001:db8:54:dbef::/64	80
2001:db8:54:e16d::/64	522
2001:db8:54:fa1b::/64	861
2001:db8:55:43e3::/64	761
2001:db8:55:4ccc::/64	116
2001:db8:55:ef43::/64	48
2001:db8:56:11f4::/64	287
2001:db8:57:2bb5::/64	155
2001:db8:57:2ddc::/64	65
2001:db8:57:7adb::/64	805
2001:db8:57:e1e9::/64	303
2001:db8:58:8870::/64	836
2001:db8:58:a0d7::/64	452
2001:db8:58:b979::/64	953
2001:db8:58:d7e6::/64	964
2001:db8:59:2aa1::/64	942
2001:db8:59:5128::/64	507
2001:db8:5a:15a7::/64	110
2001:db8:5a:295e::/64	652
2001:db8:5a:2b18::/64	746
2001:db8:5a:7ed1::/64	684
2001:db8:5a:e52c::/64	266
2001:db8:5b:1e08::/64	364
2001:db8:5c:2e44::/64	235
2001:db8:5c:7e9a::/64	97
2001:db8:5d:1233::/64	441
2001:db8:5d:34cb::/64	642
2001:db8:5d:5688::/64	233
2001:db8:5d:8ace::/64	706
2001:db8:5d:de1f::/64	815
2001:db8:5d:e3ce::/64	55
2001:db8:5e:291c::/64	80
2001:db8:5f:5e17::/64	918
2001:db8:5f:a892::/64	156
2001:db8:5f:f33a::/64	633
2001:db8:60:653a::/64	599
2001:db8:60:b6bc::/64	770
2001:db8:62:2b7::/64	427
2001:db8:62:44ee::/64	762
2001:db8:62:9b20::/64	469
2001:db8:64:32e4::/64	352
2001:db8:65:90a7::/64	981
2001:db8:65:e1dc::/64	595
2001:db8:65:f004::/64	876
2001:db8:66:96a7::/64	724
2001:db8:67:2c04::/64	671
2001:db8:68:f1ef::/64	751
2001:db8:69:1e::/64	891
2001:db8:6a:6b9b::/64	241
2001:db8:6a:bb28::/64	52
2001:db8:6c:a5ae::/64	62
2001:db8:6c:b487::/64	642
2001:db8:6d:6cc2::/64	203
2001:db8:6d:f5b2::/64	509
2001:db8:6e:7980::/64	705
2001:db8:6e:7f81::/64	23
2001:db8:6e:fb8f::/64	354
2001:db8:6f:df4::/64	147
2001:db8:6f:6572::/64	109
2001:db8:6f:f921::/64	357
2001:db8:70:434d::/64	836
2001:db8:70:8bd6::/64	266
2001:db8:71:2bc0::/64	820
2001:db8:71:b730::/64	44
2001:db8:72:9a8::/64	414
2001:db8:73:348::/64	26
2001:db8:73:5491::/64	169
2001:db8:73:8bd2::/64	598
2001:db8:74:4069::/64	625
2001:db8:74:8117::/64	752
2001:db8:74:d32e::/64	92
2001:db8:74:e64d::/64	75
2001:db8:76:badf::/64	527
2001:db8:76:da46::/64	542
2001:db8:77:bcb5::/64	340
2001:db8:78:226a::/64	7
2001:db8:78:7275::/64	910
2001:db8:78:9fa3::/64	807
2001:db8:78:bb99::/64	208
2001:db8:78:fda0::/64	848
2001:db8:79:9a91::/64	469
2001:db8:7a:34e5::/64	372
2001:db8:7a:4a0e::/64	304
2001:db8:7a:6ea5::/64	33
2001:db8:7a:755f::/64	353
2001:db8:7a:fb0f::/64	25
2001:db8:7a:fe46::/64	695
2001:db8:7b:1956::/64	189
2001:db8:7b:1be7::/64	831
2001:db8:7b:b423::/64	985
2001:db8:7c:c4b::/64	274
2001:db8:7c:2a36::/64	976
2001:db8:7c:4bc7::/64	851
2001:db8:7c:6fc5::/64	391
2001:db8:7c:e9de::/64	961
2001:db8:7d:a703::/64	165
2001:db8:7e:485::/64	796
2001:db8:7e:5602::/64	950
2001:db8:7e:8979::/64	4
2001:db8:7e:9af8::/64	20
2001:db8:7f:e5b::/64	342
2001:db8:7f:4e76::/64	186
2001:db8:7f:50ba::/64	390
2001:db8:7f:75fe::/64	263
2001:db8:7f:b343::/64	577
2001:db8:80:2d1e::/64	876
2001:db8:80:be53::/64	703
2001:db8:80:c2dc::/64	520
2001:db8:81:523::/64	909
2001:db8:81:fb1::/64	995
2001:db8:81:1e08::/64	303
2001:db8:81:2733::/64	345
2001:db8:81:dc72::/64	258
2001:db8:81:e049::/64	679
2001:db8:81:f733::/64	151
2001:db8:82:75de::/64	154
2001:db8:83:7881::/64	603
2001:db8:84:880::/64	282
2001:db8:84:2c10::/64	261
2001:db8:84:5a31::/64	66
2001:db8:84:7a51::/64	941
2001:db8:85:82c::/64	242
2001:db8:85:433b::/64	189
2001:db8:85:767e::/64	827
2001:db8:86:a760::/64	969
2001:db8:87:ead0::/64	52
2001:db8:88:66ee::/64	256
2001:db8:88:a7a4::/64	38
2001:db8:88:ec69::/64	415
2001:db8:88:f1a7::/64	903
2001:db8:88:fe32::/64	16
2001:db8:89:3e69::/64	584
2001:db8:89:4c53::/64	753
2001:db8:89:6c2e::/64	658
2001:db8:89:c54d::/64	949
2001:db8:8b:17a4::/64	244
2001:db8:8b:dd57::/64	442
2001:db8:8c:14ef::/64	887
2001:db8:8c:3f6a::/64	579
2001:db8:8d:772::/64	967
2001:db8:8e:1255::/64	938
2001:db8:8e:2c52::/64	776
2001:db8:90:9d32::/64	581
2001:db8:91:2f66::/64	597
2001:db8:91:85ad::/64	251
2001:db8:91:d104::/64	939
2001:db8:92:d68::/64	261
2001:db8:92:7d4f::/64	336
2001:db8:92:b94d::/64	849
2001:db8:93:673d::/64	661
2001:db8:93:7aca::/64	360
2001:db8:93:d8cc::/64	390
2001:db8:94:38f7::/64	559
2001:db8:94:5e6c::/64	733
2001:db8:94:6baf::/64	347
2001:db8:94:b769::/64	609
2001:db8:94:fc6a::/64	415
2001:db8:95:3c06::/64	29
2001:db8:95:3c68::/64	554
2001:db8:95:47fd::/64	174
2001:db8:95:96aa::/64	438
2001:db8:95:9a39::/64	169
2001:db8:95:a876::/64	975
2001:db8:95:b2e7::/64	437
2001:db8:96:9141::/64	261
2001:db8:98:7c3e::/64	361
2001:db8:99:3b7d::/64	501
2001:db8:99:73ed::/64	641
2001:db8:9a:8a5::/64	151
2001:db8:9b:47::/64	394
2001:db8:9b:9b60::/64	9
2001:db8:9b:d968::/64	125
2001:db8:9c:a434::/64	310
2001:db8:9c:b8be::/64	115
2001:db8:9d:b933::/64	166
2001:db8:9d:d1df::/64	849
2001:db8:9e:f6b2::/64	928
2001:db8:9f:28e3::/64	48
2001:db8:9f:89d0::/64	617
2001:db8:a0:ac70::/64	173
2001:db8:a1:444b::/64	464
2001:db8:a1:c4a3::/64	250
2001:db8:a2:3673::/64	912
2001:db8:a2:b812::/64	930
2001:db8:a2:eb89::/64	854
2001:db8:a3:6042::/64	346
2001:db8:a3:66f3::/64	178
2001:db8:a4:1323::/64	20
2001:db8:a4:52b6::/64	309
2001:db8:a4:cb31::/64	505
2001:db8:a4:cba4::/64	82
2001:db8:a5:75d4::/64	441
2001:db8:a5:a1f1::/64	437
2001:db8:a6:9195::/64	421
2001:db8:a6:99f8::/64	126
2001:db8:a6:b813::/64	56
2001:db8:a6:b94f::/64	66
2001:db8:a7:e2b::/64	349
2001:db8:a7:37ea::/64	485
2001:db8:a7:7563::/64	330
2001:db8:a8:35dc::/64	596
2001:db8:a8:83f1::/64	384
2001:db8:a9:62a9::/64	28
2001:db8:aa:2a10::/64	294
2001:db8:aa:c5ef::/64	949
2001:db8:ab:7617::/64	348
2001:db8:ab:8452::/64	549
2001:db8:ab:a6c1::/64	817
2001:db8:ab:ba62::/64	721
2001:db8:ab:dc16::/64	389
2001:db8:ac:2fee::/64	327
2001:db8:ac:a52e::/64	490
2001:db8:ac:b535::/64	416
2001:db8:ad:489b::/64	298
2001:db8:ae:29df::/64	914
2001:db8:ae:582c::/64	46
2001:db8:ae:c4e9::/64	80
2001:db8:ae:d871::/64	462
2001:db8:af:a195::/64	24
2001:db8:b0:5e14::/64	771
2001:db8:b0:8030::/64	252
2001:db8:b0:9d7b::/64	870
2001:db8:b0:e3ad::/64	923
2001:db8:b1:7548::/64	989
2001:db8:b1:e8b9::/64	959
2001:db8:b2:49ec::/64	277
2001:db8:b3:dea::/64	912
2001:db8:b3:ac69::/64	345
2001:db8:b3:b710::/64	818
2001:db8:b3:c05f::/64	436
2001:db8:b4:34cd::/64	616
2001:db8:b4:e4f1::/64	914
2001:db8:b4:ea1e::/64	357
2001:db8:b5:4910::/64	914
2001:db8:b5:6078::/64	110
2001:db8:b5:94ac::/64	358
2001:db8:b5:dd95::/64	4
2001:db8:b6:434e::/64	887
2001:db8:b7:2471::/64	611
2001:db8:b7:611f::/64	825
2001:db8:b7:6471::/64	619
2001:db8:b7:6dca::/64	571
2001:db8:b7:cb22::/64	123
2001:db8:b8:108a::/64	983
2001:db8:b8:2264::/64	26
2001:db8:b8:b23f::/64	740
2001:db8:b8:cefc::/64	563
2001:db8:b9:7ee0::/64	589
2001:db8:b9:8822::/64	718
2001:db8:b9:dd03::/64	103
2001:db8:ba:182f::/64	540
2001:db8:ba:2dcb::/64	841
2001:db8:ba:df7f::/64	580
2001:db8:ba:e75c::/64	484
2001:db8:bb:41ef::/64	699
2001:db8:bb:7537::/64	191
2001:db8:bb:b40c::/64	462
2001:db8:bb:dd7a::/64	184
2001:db8:bc:8219::/64	137
2001:db8:bd:959::/64	623
2001:db8:bd:db9::/64	949
2001:db8:bd:56ce::/64	804
2001:db8:bd:5add::/64	380
2001:db8:bd:976d::/64	424
2001:db8:be:40c0::/64	378
2001:db8:be:b5c2::/64	157
2001:db8:be:b8f4::/64	577
2001:db8:be:c36e::/64	755
2001:db8:bf:221e::/64	668
2001:db8:bf:9c36::/64	663
2001:db8:c0:8ee::/64	1
2001:db8:c0:1ebd::/64	867
2001:db8:c0:270b::/64	529
2001:db8:c0:5216::/64	301
2001:db8:c0:7fae::/64	697
2001:db8:c0:a5de::/64	913
2001:db8:c1:d82d::/64	12
2001:db8:c2:30dc::/64	64
2001:db8:c2:9e3b::/64	166
2001:db8:c2:e528::/64	436
2001:db8:c3:ae8::/64	656
2001:db8:c3:8141::/64	463
2001:db8:c3:adeb::/64	862
2001:db8:c5:606f::/64	176
2001:db8:c5:75ff::/64	177
2001:db8:c5:86c8::/64	283
2001:db8:c5:a110::/64	286
2001:db8:c5:bfc0::/64	791
2001:db8:c5:c2e2::/64	471
2001:db8:c6:72f6::/64	136
2001:db8:c6:8767::/64	440
2001:db8:c6:b679::/64	896
2001:db8:c7:f39::/64	477
2001:db8:c7:1c6b::/64	190
2001:db8:c7:3713::/64	806
2001:db8:c7:60d1::/64	714
2001:db8:c7:6a9d::/64	240
2001:db8:c9:1d32::/64	391
2001:db8:c9:3802::/64	780
2001:db8:c9:952d::/64	19
2001:db8:c9:f8f0::/64	186
2001:db8:ca:3ce9::/64	142
2001:db8:ca:c0dd::/64	934
2001:db8:cc:ff56::/64	579
2001:db8:cd:4af4::/64	223
2001:db8:cd:c69c::/64	891
2001:db8:cd:cbeb::/64	873
2001:db8:ce:5ab7::/64	380
2001:db8:ce:a19e::/64	763
2001:db8:cf:1bc7::/64	171
2001:db8:d0:2d7f::/64	460
2001:db8:d0:3303::/64	355
2001:db8:d0:342d::/64	456
2001:db8:d0:8407::/64	575
2001:db8:d1:62d1::/64	598
2001:db8:d2:229a::/64	286
2001:db8:d2:8a69::/64	664
2001:db8:d3:9bbf::/64	329
2001:db8:d4:31b9::/64	955
2001:db8:d4:32c7::/64	303
2001:db8:d4:79a6::/64	136
2001:db8:d5:5022::/64	916
2001:db8:d5:79cd::/64	154
2001:db8:d5:c245::/64	571
2001:db8:d5:ca0e::/64	235
2001:db8:d6:7548::/64	213
2001:db8:d6:9535::/64	840
2001:db8:d7:1f6b::/64	562
2001:db8:d7:d112::/64	426
2001:db8:d7:e81b::/64	877
2001:db8:d8:3df2::/64	726
2001:db8:d8:64a0::/64	590
2001:db8:d8:912d::/64	384
2001:db8:d8:9cec::/64	852
2001:db8:d8:c88e::/64	921
2001:db8:d8:fa71::/64	720
2001:db8:d9:531e::/64	624
2001:db8:da:d52b::/64	991
2001:db8:db:e6f1::/64	73
2001:db8:dc:3e27::/64	835
2001:db8:dc:a12e::/64	463
2001:db8:dc:e605::/64	705
2001:db8:dc:f886::/64	287
2001:db8:dd:7917::/64	12
2001:db8:de:413a::/64	156
2001:db8:de:7078::/64	317
2001:db8:de:84f1::/64	431
2001:db8:df:2445::/64	399
2001:db8:df:46a9::/64	529
2001:db8:df:736c::/64	444
2001:db8:e0:afe::/64	758
2001:db8:e0:7101::/64	123
2001:db8:e0:ab90::/64	249
2001:db8:e0:b179::/64	503
2001:db8:e0:bfb1::/64	203
2001:db8:e1:3cbb::/64	989
2001:db8:e2:6982::/64	346
2001:db8:e2:75d2::/64	966
2001:db8:e2:9544::/64	663
2001:db8:e2:d5bb::/64	212
2001:db8:e3:a16e::/64	758
2001:db8:e3:ea92::/64	4
2001:db8:e3:fd9b::/64	30
2001:db8:e4:fc9c::/64	688
2001:db8:e5:2172::/64	465
2001:db8:e5:2e8e::/64	639
2001:db8:e5:f77b::/64	330
2001:db8:e6:bc4::/64	948
2001:db8:e6:3a65::/64	477
2001:db8:e6:489f::/64	974
2001:db8:e6:856c::/64	501
2001:db8:e6:9bab::/64	183
2001:db8:e7:1fc9::/64	50
2001:db8:e7:4adc::/64	628
2001:db8:e7:7345::/64	390
2001:db8:e7:bc20::/64	941
2001:db8:e8:42a::/64	797
2001:db8:e8:1b21::/64	530
2001:db8:e8:2437::/64	499
2001:db8:e9:fea1::/64	418
2001:db8:ea:2583::/64	569
2001:db8:ea:3ef3::/64	30
2001:db8:ea:e43d::/64	138
2001:db8:eb:b147::/64	648
2001:db8:ed:f58::/64	828
2001:db8:ed:5950::/64	485
2001:db8:ee:1fd6::/64	359
2001:db8:ef:c5c0::/64	103
2001:db8:ef:ee98::/64	360
2001:db8:f0:2130::/64	684
2001:db8:f0:853f::/64	451
2001:db8:f0:c3b0::/64	668
2001:db8:f1:6333::/64	242
2001:db8:f1:647c::/64	863
2001:db8:f2:b2d4::/64	584
2001:db8:f2:b7ac::/64	504
2001:db8:f2:ced9::/64	147
2001:db8:f3:58b4::/64	602
2001:db8:f4:21c3::/64	726
2001:db8:f4:4bf6::/64	989
2001:db8:f4:db5a::/64	271
2001:db8:f5:107e::/64	324
2001:db8:f6:2406::/64	826
2001:db8:f7:54c::/64	731
2001:db8:f7:cf9::/64	274
2001:db8:f7:9d9b::/64	822
2001:db8:f8:6c6c::/64	507
2001:db8:f8:76c2::/64	263
2001:db8:f8:97bf::/64	437
2001:db8:f9:4450::/64	786
2001:db8:f9:9026::/64	992
2001:db8:fa:2fdc::/64	397
2001:db8:fa:4dc1::/64	640
2001:db8:fa:651b::/64	430
2001:db8:fa:ae5c::/64	658
2001:db8:fb:904::/64	488
2001:db8:fb:12f1::/64	532
2001:db8:fb:50f9::/64	804
2001:db8:fb:59ec::/64	530
2001:db8:fb:6208::/64	242
2001:db8:fb:be51::/64	835
2001:db8:fd:84a::/64	464
2001:db8:fd:1d63::/64	44
2001:db8:fe:59d6::/64	294
2001:db8:fe:5eed::/64	266
2001:db8:fe:6837::/64	442
2001:db8:fe:8aef::/64	444
2001:db8:fe:e2b8::/64	886
2001:db8:ff:51d6::/64	630
2001:db8:ff:bef7::/64	569
2001:db8:100:2ac3::/64	460
2001:db8:100:f9b4::/64	184
2001:db8:101:458::/64	109
2001:db8:103:90aa::/64	249
2001:db8:103:fae7::/64	553
2001:db8:104:2551::/64	284
2001:db8:104:ba50::/64	251
2001:db8:104:f07d::/64	838
2001:db8:105:1aa7::/64	609
2001:db8:105:864b::/64	377
2001:db8:105:ceee::/64	985
2001:db8:105:d4fa::/64	751
2001:db8:106:1098::/64	725
2001:db8:107:5ce7::/64	688
2001:db8:108:27c0::/64	42
2001:db8:108:a87a::/64	408
2001:db8:108:ecd7::/64	570
2001:db8:10a:9493::/64	313
2001:db8:10a:fe05::/64	155
2001:db8:10b:3618::/64	907
2001:db8:10b:3c96::/64	349
2001:db8:10b:ddd5::/64	235
2001:db8:10c:364::/64	934
2001:db8:10c:61b::/64	15
2001:db8:10c:e12::/64	891
2001:db8:10c:5c4a::/64	563
2001:db8:10c:b2df::/64	28
2001:db8:10c:dbcd::/64	324
2001:db8:10d:209::/64	804
2001:db8:10d:1aa3::/64	180
2001:db8:10d:283a::/64	765
2001:db8:10d:4624::/64	149
2001:db8:10d:c266::/64	884
2001:db8:10d:ea83::/64	209
2001:db8:10d:fef4::/64	183
2001:db8:10e:c2d1::/64	232
2001:db8:10e:c2d8::/64	729
2001:db8:10f:29b6::/64	138
2001:db8:10f:53ad::/64	797
2001:db8:10f:84e6::/64	228
2001:db8:10f:c107::/64	905
2001:db8:10f:f5fc::/64	754
2001:db8:110:617::/64	938
2001:db8:110:aa27::/64	302
2001:db8:110:c870::/64	349
2001:db8:111:21aa::/64	933
2001:db8:111:3e06::/64	610
2001:db8:111:940d::/64	546
2001:db8:111:c9c5::/64	39
2001:db8:112:44e3::/64	157
2001:db8:112:7c9a::/64	673
2001:db8:113:5e9f::/64	317
2001:db8:113:7400::/64	857
2001:db8:113:b50b::/64	245
2001:db8:113:d817::/64	298
2001:db8:114:e7a5::/64	17
2001:db8:115:96da::/64	864
2001:db8:115:e1fd::/64	602
2001:db8:115:f3f0::/64	814
2001:db8:116:c114::/64	530
2001:db8:117:6251::/64	24
2001:db8:117:69fb::/64	141
2001:db8:117:6b03::/64	414
2001:db8:117:b46f::/64	396
2001:db8:118:1e30::/64	416
2001:db8:118:3127::/64	2
2001:db8:118:7d0e::/64	670
2001:db8:118:ccc5::/64	139
2001:db8:119:71e0::/64	922
2001:db8:119:e6a8::/64	783
2001:db8:11a:12c3::/64	918
2001:db8:11a:f82e::/64	690
2001:db8:11b:43c3::/64	69
2001:db8:11b:c4e9::/64	995
2001:db8:11c:3262::/64	173
2001:db8:11c:38ea::/64	555
2001:db8:11c:4360::/64	708
2001:db8:11c:4ac7::/64	353
2001:db8:11d:b0e2::/64	747
2001:db8:11e:24ee::/64	65
2001:db8:11e:e4a3::/64	315
2001:db8:11f:940c::/64	611
2001:db8:120:39d9::/64	668
2001:db8:120:43df::/64	422
2001:db8:120:dbf6::/64	194
2001:db8:121:c68b::/64	794
2001:db8:121:d935::/64	554
2001:db8:122:9b95::/64	582
2001:db8:122:bad7::/64	652
2001:db8:123:4ddb::/64	847
2001:db8:124:a58e::/64	634
2001:db8:124:d568::/64	193
2001:db8:124:feee::/64	290
2001:db8:125:b3::/64	472
2001:db8:125:4ee6::/64	349
2001:db8:125:7dc9::/64	108
2001:db8:125:a5fd::/64	408
2001:db8:125:bebf::/64	660
2001:db8:125:c069::/64	432
2001:db8:125:e9a1::/64	795
2001:db8:126:895::/64	218
2001:db8:126:3860::/64	815
2001:db8:126:3ef5::/64	88
2001:db8:126:7b2b::/64	517
2001:db8:126:d764::/64	589
2001:db8:126:df49::/64	190
2001:db8:127:6f41::/64	82
2001:db8:128:1013::/64	979
2001:db8:129:c7c6::/64	105
2001:db8:12a:fe3b::/64	863
2001:db8:12b:7a30::/64	471
2001:db8:12c:c07::/64	267
2001:db8:12c:132e::/64	941
2001:db8:12c:9070::/64	601
2001:db8:12d:5a3e::/64	302
2001:db8:12d:d3cd::/64	10
2001:db8:12e:3793::/64	260
2001:db8:130:4cad::/64	637
2001:db8:130:63a9::/64	112
2001:db8:130:64d7::/64	406
2001:db8:130:e0c5::/64	731
2001:db8:131:f474::/64	986
2001:db8:132:8b59::/64	260
2001:db8:132:abbb::/64	843
2001:db8:132:c327::/64	972
2001:db8:133:2aa3::/64	239
2001:db8:133:6666::/64	762
2001:db8:133:9286::/64	136
2001:db8:136:4d1a::/64	832
2001:db8:136:b525::/64	20
2001:db8:136:ff1b::/64	668
2001:db8:137:4fc1::/64	618
2001:db8:137:ad3c::/64	395
2001:db8:137:bc6e::/64	358
2001:db8:137:f1b6::/64	661
2001:db8:138:28fb::/64	838
2001:db8:138:5359::/64	778
2001:db8:138:5c51::/64	880
2001:db8:138:85fe::/64	52
2001:db8:138:a8ff::/64	739
2001:db8:138:f3a1::/64	693
2001:db8:139:aaf::/64	713
2001:db8:139:dac::/64	632
2001:db8:139:dd87::/64	49
2001:db8:139:f43a::/64	133
2001:db8:13a:3b65::/64	591
2001:db8:13b:50b::/64	313
2001:db8:13b:6c0::/64	809
2001:db8:13d:7a1a::/64	173
2001:db8:13e:2d7b::/64	924
2001:db8:13e:b7b1::/64	406
2001:db8:13e:eac6::/64	366
2001:db8:13f:1a80::/64	471
2001:db8:13f:4381::/64	32
2001:db8:13f:9c55::/64	396
2001:db8:13f:fbdd::/64	533
2001:db8:140:b16::/64	28
2001:db8:140:49a8::/64	594
2001:db8:141:3b52::/64	288
2001:db8:141:4041::/64	470
2001:db8:141:e5e1::/64	716
2001:db8:141:ee9a::/64	118
2001:db8:142:12cc::/64	107
2001:db8:142:de2c::/64	484
2001:db8:143:21f0::/64	255
2001:db8:143:3873::/64	790
2001:db8:143:f28f::/64	466
2001:db8:144:7663::/64	768
2001:db8:144:e0fc::/64	459
2001:db8:144:e872::/64	470
2001:db8:145:e4fd::/64	749
2001:db8:146:4587::/64	838
2001:db8:146:893a::/64	891
2001:db8:147:7e27::/64	395
2001:db8:147:d8a6::/64	619
2001:db8:148:8037::/64	991
2001:db8:148:f7ad::/64	710
2001:db8:148:fdcf::/64	320
2001:db8:14a:5b1f::/64	291
2001:db8:14a:76b8::/64	436
2001:db8:14a:7a1e::/64	183
2001:db8:14b:116c::/64	957
2001:db8:14b:b03b::/64	985
2001:db8:14c:1187::/64	767
2001:db8:14c:2010::/64	235
2001:db8:14c:b022::/64	74
2001:db8:14c:b817::/64	17
2001:db8:14d:2e5e::/64	681
2001:db8:14d:ff85::/64	29
2001:db8:14e:bc4f::/64	830
2001:db8:14e:c169::/64	142
2001:db8:14f:15ba::/64	925
2001:db8:150:d2b7::/64	625
2001:db8:151:2348::/64	411
2001:db8:151:7dae::/64	53
2001:db8:151:b74d::/64	669
2001:db8:151:ff2a::/64	249
2001:db8:152:61f::/64	585
2001:db8:152:2f38::/64	436
2001:db8:152:3e6f::/64	283
2001:db8:152:7a6e::/64	274
2001:db8:152:bbd9::/64	496
2001:db8:152:e886::/64	848
2001:db8:153:a1c9::/64	145
2001:db8:153:ca64::/64	405
2001:db8:154:344c::/64	95
2001:db8:154:8dfb::/64	233
2001:db8:154:af45::/64	56
2001:db8:154:f7a9::/64	522
2001:db8:155:362d::/64	738
2001:db8:155:4ba8::/64	110
2001:db8:155:9759::/64	15
2001:db8:155:b70e::/64	93
2001:db8:156:19fd::/64	328
2001:db8:156:5ee9::/64	620
2001:db8:156:7ee8::/64	607
2001:db8:156:88d0::/64	365
2001:db8:156:c94a::/64	566
2001:db8:156:ef84::/64	961
2001:db8:157:634d::/64	531
2001:db8:157:b51c::/64	556
2001:db8:158:2265::/64	366
2001:db8:158:2724::/64	557
2001:db8:158:721c::/64	351
2001:db8:158:f1f7::/64	649
2001:db8:159:3c86::/64	359
2001:db8:159:680f::/64	618
2001:db8:159:f0c1::/64	818
2001:db8:15a:316f::/64	300
2001:db8:15a:75ef::/64	259
2001:db8:15b:2ae3::/64	42
2001:db8:15c:c5c::/64	588
2001:db8:15c:439e::/64	880
2001:db8:15d:b2a3::/64	468
2001:db8:15d:dfe3::/64	59
2001:db8:15e:4::/64	26
2001:db8:15e:55f8::/64	791
2001:db8:15f:2a38::/64	968
2001:db8:15f:aadc::/64	600
2001:db8:160:34b0::/64	265
2001:db8:160:dd5f::/64	293
2001:db8:161:5055::/64	719
2001:db8:161:7440::/64	443
2001:db8:161:941e::/64	724
2001:db8:162:74ea::/64	397
2001:db8:162:e4f4::/64	596
2001:db8:163:9422::/64	685
2001:db8:163:b464::/64	36
2001:db8:164:7fa9::/64	338
2001:db8:164:9998::/64	676
2001:db8:165:133f::/64	781
2001:db8:165:1fc5::/64	164
2001:db8:165:5cdc::/64	154
2001:db8:165:5e24::/64	702
2001:db8:165:9252::/64	554
2001:db8:166:356e::/64	440
2001:db8:166:aac6::/64	555
2001:db8:166:b50c::/64	545
2001:db8:167:2159::/64	915
2001:db8:167:48b6::/64	388
2001:db8:167:724b::/64	15
2001:db8:167:a0bc::/64	446
2001:db8:168:36fa::/64	552
2001:db8:168:6c30::/64	798
2001:db8:169:d904::/64	734
2001:db8:16a:1ce9::/64	504
2001:db8:16a:5e73::/64	438
2001:db8:16a:e07f::/64	517
2001:db8:16b:8231::/64	947
2001:db8:16b:fc61::/64	720
2001:db8:16c:3d13::/64	525
2001:db8:16c:dbf7::/64	874
2001:db8:16c:dfae::/64	717
2001:db8:16c:e899::/64	540
2001:db8:16d:383a::/64	889
2001:db8:16d:913d::/64	131
2001:db8:16d:c794::/64	478
2001:db8:16d:f521::/64	227
2001:db8:16e:858d::/64	211
2001:db8:16f:553e::/64	136
2001:db8:16f:ad16::/64	362
2001:db8:170:330d::/64	831
2001:db8:170:45a6::/64	567
2001:db8:170:9d9e::/64	741
2001:db8:171:68d3::/64	447
2001:db8:171:6efd::/64	337
2001:db8:173:7493::/64	2
2001:db8:173:9320::/64	525
2001:db8:173:e219::/64	13
2001:db8:174:8978::/64	677
2001:db8:174:a69b::/64	143
2001:db8:174:b14c::/64	215
2001:db8:175:146f::/64	683
2001:db8:175:f61c::/64	495
2001:db8:177:cced::/64	296
2001:db8:177:d7a7::/64	714
2001:db8:177:e812::/64	352
2001:db8:178:bec6::/64	192
2001:db8:179:b04e::/64	960
2001:db8:179:bb9d::/64	810
2001:db8:17a:4716::/64	187
2001:db8:17a:78b2::/64	966
2001:db8:17a:826a::/64	327
2001:db8:17a:8444::/64	27
2001:db8:17a:b7dd::/64	383
2001:db8:17a:e717::/64	345
2001:db8:17b:8e98::/64	583
2001:db8:17b:c421::/64	986
2001:db8:17b:d023::/64	590
2001:db8:17c:6a73::/64	455
2001:db8:17d:2bf4::/64	711
2001:db8:17d:6499::/64	676
2001:db8:17d:a640::/64	985
2001:db8:17f:c717::/64	173
2001:db8:181:4304::/64	706
2001:db8:181:ebaf::/64	735
2001:db8:182:960::/64	480
2001:db8:182:5121::/64	129
2001:db8:182:f101::/64	591
2001:db8:183:5eca::/64	690
2001:db8:183:610e::/64	88
2001:db8:183:7930::/64	704
2001:db8:183:9010::/64	639
2001:db8:183:cbfc::/64	702
2001:db8:184:160a::/64	991
2001:db8:185:7742::/64	458
2001:db8:186:b555::/64	645
2001:db8:187:4381::/64	996
2001:db8:187:5f30::/64	738
2001:db8:188:c72a::/64	254
2001:db8:188:ce17::/64	461
2001:db8:189:1df1::/64	88
2001:db8:189:43f8::/64	452
2001:db8:189:7ce6::/64	173
2001:db8:18a:2659::/64	469
2001:db8:18a:719e::/64	176
2001:db8:18a:90c9::/64	47
2001:db8:18a:99d3::/64	317
2001:db8:18a:9fff::/64	988
2001:db8:18a:b14d::/64	709
2001:db8:18b:a1d::/64	618
2001:db8:18c:7f41::/64	607
2001:db8:18c:e430::/64	916
2001:db8:18d:53e3::/64	37
2001:db8:18e:8508::/64	219
2001:db8:18e:b177::/64	547
2001:db8:18f:1178::/64	894
2001:db8:18f:86f9::/64	893
2001:db8:190:430c::/64	879
2001:db8:190:cb99::/64	468
2001:db8:191:25a6::/64	183
2001:db8:191:27cc::/64	240
2001:db8:191:9ccd::/64	66
2001:db8:191:cc90::/64	461
2001:db8:191:ed07::/64	367
2001:db8:192:6bf4::/64	471
2001:db8:192:7114::/64	904
2001:db8:192:9db5::/64	964
2001:db8:192:bb0b::/64	597
2001:db8:192:c11b::/64	478
2001:db8:193:65f0::/64	609
2001:db8:194:fb3::/64	731
2001:db8:194:ac84::/64	286
2001:db8:195:bf76::/64	888
2001:db8:195:cd53::/64	895
2001:db8:195:d306::/64	498
2001:db8:195:d4d1::/64	18
2001:db8:196:16c6::/64	291
2001:db8:196:6293::/64	525
2001:db8:196:cf0f::/64	959
2001:db8:197:76c0::/64	453
2001:db8:197:8776::/64	868
2001:db8:197:f647::/64	705
2001:db8:198:51df::/64	267
2001:db8:198:ca17::/64	608
2001:db8:198:eb2e::/64	337
2001:db8:199:1f9a::/64	901
2001:db8:199:826a::/64	543
2001:db8:199:956d::/64	472
2001:db8:19a:5ddc::/64	62
2001:db8:19b:24c1::/64	699
2001:db8:19b:6025::/64	432
2001:db8:19b:60db::/64	118
2001:db8:19b:7875::/64	173
2001:db8:19b:9645::/64	394
2001:db8:19b:cb3b::/64	315
2001:db8:19c:baf::/64	943
2001:db8:19c:e43d::/64	661
2001:db8:19d:3965::/64	490
2001:db8:19d:c248::/64	131
2001:db8:19d:dcfd::/64	216
2001:db8:19e:f9a3::/64	344
2001:db8:19f:5598::/64	785
2001:db8:19f:edb8::/64	627
2001:db8:1a0:a76c::/64	685
2001:db8:1a0:f050::/64	878
2001:db8:1a1:3ed::/64	442
2001:db8:1a1:607a::/64	50
2001:db8:1a1:68cc::/64	77
2001:db8:1a2:6f4c::/64	460
2001:db8:1a2:72b4::/64	827
2001:db8:1a2:8f90::/64	792
2001:db8:1a2:d0e6::/64	141
2001:db8:1a2:d3d7::/64	288
2001:db8:1a2:db43::/64	893
2001:db8:1a2:e91d::/64	889
2001:db8:1a3:2793::/64	971
2001:db8:1a3:2f9e::/64	109
2001:db8:1a3:3888::/64	417
2001:db8:1a3:8548::/64	869
2001:db8:1a4:27a::/64	634
2001:db8:1a4:9628::/64	162
2001:db8:1a6:4010::/64	626
2001:db8:1a7:b213::/64	937
2001:db8:1a7:c878::/64	654
2001:db8:1a7:ece7::/64	40
2001:db8:1a8:bcc::/64	675
2001:db8:1a8:ff5::/64	532
2001:db8:1a8:7c35::/64	5
2001:db8:1a8:89f4::/64	694
2001:db8:1a9:314d::/64	341
2001:db8:1a9:635a::/64	399
2001:db8:1a9:c799::/64	344
2001:db8:1a9:d7a7::/64	916
2001:db8:1a9:f479::/64	156
2001:db8:1aa:334::/64	683
2001:db8:1aa:296c::/64	76
2001:db8:1aa:c4ce::/64	789
2001:db8:1aa:c889::/64	885
2001:db8:1ab:2966::/64	918
2001:db8:1ab:448f::/64	366
2001:db8:1ab:456e::/64	849
2001:db8:1ac:2337::/64	343
2001:db8:1ac:4e86::/64	315
2001:db8:1ac:6bf9::/64	185
2001:db8:1ad:ae0::/64	717
2001:db8:1ad:3e37::/64	728
2001:db8:1ad:59a7::/64	630
2001:db8:1ae:250b::/64	426
2001:db8:1af:2d13::/64	148
2001:db8:1af:504d::/64	773
2001:db8:1b0:428d::/64	177
2001:db8:1b0:b67c::/64	931
2001:db8:1b1:579::/64	558
2001:db8:1b1:8c49::/64	654
2001:db8:1b1:f346::/64	882
2001:db8:1b2:3b54::/64	613
2001:db8:1b2:6336::/64	14
2001:db8:1b2:7379::/64	811
2001:db8:1b2:8d5a::/64	99
2001:db8:1b3:36c6::/64	921
2001:db8:1b4:a9c::/64	732
2001:db8:1b4:47c3::/64	946
2001:db8:1b4:6cf4::/64	228
2001:db8:1b4:8e14::/64	753
2001:db8:1b5:7f80::/64	766
2001:db8:1b6:1ed9::/64	559
2001:db8:1b6:adce::/64	919
2001:db8:1b6:f4f2::/64	710
2001:db8:1b7:5c35::/64	780
2001:db8:1b9:3cf3::/64	157
2001:db8:1b9:7007::/64	382
2001:db8:1b9:8e4b::/64	997
2001:db8:1b9:e4ea::/64	571
2001:db8:1ba:11d3::/64	407
2001:db8:1ba:66ad::/64	833
2001:db8:1ba:6d70::/64	568
2001:db8:1bb:54e2::/64	568
2001:db8:1bb:8dc6::/64	136
2001:db8:1bb:932f::/64	912
2001:db8:1bb:e3a2::/64	596
2001:db8:1bc:1c9::/64	787
2001:db8:1bc:1464::/64	681
2001:db8:1bc:419b::/64	682
2001:db8:1bc:d6c5::/64	610
2001:db8:1bd:583e::/64	529
2001:db8:1bd:bd2a::/64	267
2001:db8:1bd:d574::/64	179
2001:db8:1bd:d5e9::/64	338
2001:db8:1bd:fd29::/64	811
2001:db8:1be:1535::/64	761
2001:db8:1be:6843::/64	55
2001:db8:1be:6cee::/64	919
2001:db8:1be:7a20::/64	316
2001:db8:1bf:1227::/64	98
2001:db8:1bf:462f::/64	77
2001:db8:1bf:7a27::/64	286
2001:db8:1bf:90aa::/64	30
2001:db8:1bf:d3e8::/64	224
2001:db8:1bf:e9e3::/64	68
2001:db8:1c0:9716::/64	427
2001:db8:1c0:9cc9::/64	917
2001:db8:1c0:9fc8::/64	664
2001:db8:1c0:a4ae::/64	59
2001:db8:1c0:eca9::/64	620
2001:db8:1c1:ec8::/64	712
2001:db8:1c1:5e79::/64	924
2001:db8:1c1:8d47::/64	96
2001:db8:1c1:aa36::/64	717
2001:db8:1c2:44f3::/64	290
2001:db8:1c2:ae5a::/64	523
2001:db8:1c2:ca23::/64	318
2001:db8:1c3:1100::/64	598
2001:db8:1c3:5546::/64	541
2001:db8:1c4:161::/64	440
2001:db8:1c4:22ea::/64	437
2001:db8:1c4:5775::/64	280
2001:db8:1c4:98c8::/64	479
2001:db8:1c6:4822::/64	606
2001:db8:1c6:dba9::/64	15
2001:db8:1c7:199::/64	56
2001:db8:1c7:3fb::/64	434
2001:db8:1c7:32a5::/64	865
2001:db8:1c8:2bee::/64	241
2001:db8:1c8:f94c::/64	456
2001:db8:1c9:2ee2::/64	868
2001:db8:1ca:5828::/64	542
2001:db8:1ca:6c22::/64	979
2001:db8:1ca:9468::/64	964
2001:db8:1cb:ec0b::/64	500
2001:db8:1cc:1b88::/64	838
2001:db8:1cc:96c1::/64	772
2001:db8:1cc:cab5::/64	758
2001:db8:1cc:cd59::/64	76
2001:db8:1cc:f619::/64	10
2001:db8:1ce:4dbc::/64	45
2001:db8:1ce:5dae::/64	722
2001:db8:1ce:c2a5::/64	162
2001:db8:1ce:ecd9::/64	198
2001:db8:1cf:624c::/64	343
2001:db8:1cf:7279::/64	476
2001:db8:1cf:b5a3::/64	86
2001:db8:1d0:4973::/64	471
2001:db8:1d1:1843::/64	138
2001:db8:1d1:7fed::/64	332
2001:db8:1d2:9376::/64	194
2001:db8:1d3:7c5c::/64	39
2001:db8:1d4:7f17::/64	810
2001:db8:1d4:a9fb::/64	581
2001:db8:1d5:f378::/64	181
2001:db8:1d6:2439::/64	98
2001:db8:1d6:63c6::/64	58
2001:db8:1d6:eceb::/64	676
2001:db8:1d7:7733::/64	636
2001:db8:1d7:d7e4::/64	695
2001:db8:1d8:73ca::/64	805
2001:db8:1d8:bfe1::/64	272
2001:db8:1d9:5d3::/64	761
2001:db8:1d9:9f3f::/64	867
2001:db8:1d9:a447::/64	148
2001:db8:1da:98d1::/64	405
2001:db8:1da:f175::/64	564
2001:db8:1db:9a31::/64	544
2001:db8:1db:a7bb::/64	163
2001:db8:1db:d0a4::/64	614
2001:db8:1dc:3c11::/64	785
2001:db8:1dd:81d4::/64	669
2001:db8:1dd:cf52::/64	913
2001:db8:1dd:e303::/64	810
2001:db8:1de:6a30::/64	221
2001:db8:1de:8e2c::/64	621
2001:db8:1df:1724::/64	307
2001:db8:1df:5855::/64	709
2001:db8:1df:8fc7::/64	571
2001:db8:1e0:1b1f::/64	85
2001:db8:1e0:2f45::/64	420
2001:db8:1e0:6943::/64	517
2001:db8:1e0:831d::/64	460
2001:db8:1e0:8479::/64	309
2001:db8:1e0:889f::/64	21
2001:db8:1e0:fb47::/64	518
2001:db8:1e1:541f::/64	709
2001:db8:1e1:9904::/64	883
2001:db8:1e1:9c3f::/64	235
2001:db8:1e2:b22a::/64	739
2001:db8:1e2:c6d7::/64	298
2001:db8:1e2:cf32::/64	831
2001:db8:1e4:c1e::/64	321
2001:db8:1e4:d856::/64	999
2001:db8:1e4:f23e::/64	618
2001:db8:1e5:39fc::/64	827
2001:db8:1e6:e715::/64	697
2001:db8:1e6:fe19::/64	442
2001:db8:1e7:e21::/64	400
2001:db8:1e7:34f9::/64	920
2001:db8:1e7:a120::/64	33
2001:db8:1e7:f986::/64	245
2001:db8:1e8:4f36::/64	924
2001:db8:1e8:91ee::/64	280
2001:db8:1e8:b057::/64	915
2001:db8:1e9:598::/64	536
2001:db8:1e9:209f::/64	539
2001:db8:1e9:e710::/64	8
2001:db8:1ea:8fa::/64	525
2001:db8:1ea:2492::/64	529
2001:db8:1ea:3d5e::/64	119
2001:db8:1ea:97c8::/64	726
2001:db8:1ea:bdea::/64	259
2001:db8:1eb:288f::/64	638
2001:db8:1eb:41c3::/64	998
2001:db8:1eb:868f::/64	373
2001:db8:1eb:bab6::/64	713
2001:db8:1ec:d7c7::/64	512
2001:db8:1ed:153e::/64	699
2001:db8:1ed:15f6::/64	594
2001:db8:1ed:3f85::/64	411
2001:db8:1ed:c1af::/64	973
2001:db8:1ee:6393::/64	353
2001:db8:1ef:6872::/64	880
2001:db8:1f0:4576::/64	390
2001:db8:1f0:8273::/64	831
2001:db8:1f0:9612::/64	808
2001:db8:1f0:f0ba::/64	714
2001:db8:1f1:59b1::/64	502
2001:db8:1f1:bca6::/64	592
2001:db8:1f1:c099::/64	765
2001:db8:1f2:1d8e::/64	801
2001:db8:1f2:2d8f::/64	416
2001:db8:1f2:622f::/64	865
2001:db8:1f3:7f2b::/64	810
2001:db8:1f3:9cca::/64	326
2001:db8:1f4:989::/64	911
2001:db8:1f4:bc22::/64	836
2001:db8:1f5:4e38::/64	8
2001:db8:1f5:4f4d::/64	319
2001:db8:1f5:a68e::/64	571
2001:db8:1f5:a967::/64	96
2001:db8:1f5:cbda::/64	72
2001:db8:1f6:2adb::/64	782
2001:db8:1f7:155::/64	232
2001:db8:1f7:4b00::/64	461
2001:db8:1f7:c3fe::/64	479
2001:db8:1f8:6769::/64	799
2001:db8:1f8:b04c::/64	282
2001:db8:1f8:d4fe::/64	258
2001:db8:1f8:f35b::/64	983
2001:db8:1f9:629c::/64	173
2001:db8:1f9:62d4::/64	483
2001:db8:1f9:bedd::/64	528
2001:db8:1fa:add::/64	559
2001:db8:1fa:2c6a::/64	114
2001:db8:1fb:55a3::/64	335
2001:db8:1fb:8c10::/64	306
2001:db8:1fc:22d9::/64	239
2001:db8:1fc:88be::/64	197
2001:db8:1fc:ad53::/64	277
2001:db8:1fc:b478::/64	197
2001:db8:1fd:742e::/64	600
2001:db8:1fd:ce5f::/64	332
2001:db8:1fe:8f0c::/64	37
2001:db8:1fe:f8a5::/64	320
2001:db8:1ff:22ab::/64	102
2001:db8:1ff:b92a::/64	270
2001:db8:200:1a3c::/64	509
2001:db8:200:30b9::/64	432
2001:db8:200:3f29::/64	932
2001:db8:200:c304::/64	955
2001:db8:201:47ec::/64	231
2001:db8:201:a0a1::/64	177
2001:db8:201:f98f::/64	908
2001:db8:202:a252::/64	469
2001:db8:203:2c14::/64	548
2001:db8:203:4794::/64	24
2001:db8:203:72e0::/64	650
2001:db8:203:7612::/64	932
2001:db8:203:c0fc::/64	524
2001:db8:203:e699::/64	848
2001:db8:203:e8dc::/64	794
2001:db8:204:81ea::/64	852
2001:db8:204:f698::/64	936
2001:db8:205:e6fb::/64	838
2001:db8:206:4468::/64	409
2001:db8:206:b6aa::/64	735
2001:db8:207:20e4::/64	585
2001:db8:207:3c74::/64	22
2001:db8:207:a749::/64	935
2001:db8:207:f98b::/64	61
2001:db8:208:bdea::/64	47
2001:db8:208:f024::/64	359
2001:db8:209:63cb::/64	725
2001:db8:209:a1ff::/64	229
2001:db8:209:d508::/64	209
2001:db8:20a:13f7::/64	594
2001:db8:20b:5b49::/64	342
2001:db8:20b:c5de::/64	158
2001:db8:20c:37c9::/64	458
2001:db8:20d:1069::/64	312
2001:db8:20d:1240::/64	484
2001:db8:20d:9ccf::/64	961
2001:db8:20e:5559::/64	488
2001:db8:20e:8fa8::/64	553
2001:db8:20e:c2d2::/64	765
2001:db8:20f:4f0a::/64	408
2001:db8:20f:fdce::/64	135
2001:db8:210:6ce9::/64	531
2001:db8:210:e0ce::/64	282
2001:db8:211:160d::/64	436
2001:db8:211:c0ff::/64	814
2001:db8:211:e2fa::/64	831
2001:db8:211:e4ec::/64	594
2001:db8:212:ab3c::/64	903
2001:db8:213:baa8::/64	592
2001:db8:214:4deb::/64	346
2001:db8:214:6f7a::/64	704
2001:db8:216:1e4a::/64	409
2001:db8:216:aeb4::/64	337
2001:db8:216:b3ec::/64	619
2001:db8:216:c717::/64	688
2001:db8:216:ef20::/64	529
2001:db8:217:f154::/64	95
2001:db8:218:1a46::/64	891
2001:db8:219:8378::/64	329
2001:db8:219:8c05::/64	979
2001:db8:219:9446::/64	157
2001:db8:21a:22ae::/64	323
2001:db8:21a:33d2::/64	388
2001:db8:21a:4b6d::/64	600
2001:db8:21a:51fb::/64	251
2001:db8:21a:fc94::/64	174
2001:db8:21b:86ed::/64	286
2001:db8:21b:87a2::/64	623
2001:db8:21c:28ac::/64	443
2001:db8:21c:a7b5::/64	90
2001:db8:21d:78c::/64	127
2001:db8:21d:3130::/64	177
2001:db8:21d:3ed0::/64	521
2001:db8:21d:6d39::/64	422
2001:db8:21d:954a::/64	128
2001:db8:21d:b297::/64	726
2001:db8:21e:476c::/64	509
2001:db8:21f:1b0f::/64	367
2001:db8:21f:5ef9::/64	799
2001:db8:21f:a608::/64	741
2001:db8:220:ae4c::/64	349
2001:db8:221:5462::/64	462
2001:db8:221:d99f::/64	55
2001:db8:222:878::/64	676
2001:db8:222:50ae::/64	581
2001:db8:222:af90::/64	489
2001:db8:223:2578::/64	61
2001:db8:223:7dca::/64	65
2001:db8:224:918b::/64	585
2001:db8:224:ebe8::/64	920
2001:db8:225:6c8b::/64	586
2001:db8:225:ae54::/64	614
2001:db8:226:57ac::/64	102
2001:db8:226:b4d0::/64	329
2001:db8:227:54de::/64	651
2001:db8:228:a2ae::/64	529
2001:db8:229:eedb::/64	213
2001:db8:22a:5ac::/64	768
2001:db8:22a:367f::/64	2
2001:db8:22a:482d::/64	363
2001:db8:22a:b851::/64	311
2001:db8:22b:643e::/64	731
2001:db8:22b:74ca::/64	722
2001:db8:22b:7b95::/64	334
2001:db8:22b:802c::/64	868
2001:db8:22b:9ad1::/64	131
2001:db8:22c:28db::/64	419
2001:db8:22c:b415::/64	414
2001:db8:22c:c60e::/64	801
2001:db8:22d:bb7a::/64	143
2001:db8:22d:ee77::/64	78
2001:db8:230:cae::/64	671
2001:db8:231:110f::/64	991
2001:db8:232:d28::/64	350
2001:db8:232:6eea::/64	372
2001:db8:235:15f6::/64	555
2001:db8:235:3674::/64	268
2001:db8:235:4772::/64	175
2001:db8:235:b7e3::/64	385
2001:db8:235:e5e4::/64	868
2001:db8:236:1886::/64	398
2001:db8:236:bad4::/64	196
2001:db8:236:c83e::/64	789
2001:db8:237:33a5::/64	146
2001:db8:237:4e75::/64	234
2001:db8:238:dcd::/64	993
2001:db8:238:9aac::/64	518
2001:db8:238:acf0::/64	880
2001:db8:238:f82c::/64	787
2001:db8:239:9b35::/64	616
2001:db8:239:edb3::/64	404
2001:db8:239:ee39::/64	325
2001:db8:23a:36ad::/64	864
2001:db8:23a:9e7a::/64	370
2001:db8:23b:59f::/64	540
2001:db8:23d:7018::/64	138
2001:db8:23d:f313::/64	895
2001:db8:23e:1258::/64	19
2001:db8:23f:1897::/64	543
2001:db8:23f:3993::/64	67
2001:db8:23f:dca5::/64	976
2001:db8:23f:f44b::/64	248
2001:db8:240:9a7::/64	609
2001:db8:240:c8f::/64	693
2001:db8:240:2871::/64	103
2001:db8:240:c5a4::/64	726
2001:db8:240:de5e::/64	940
2001:db8:241:c62::/64	52
2001:db8:241:3d0f::/64	519
2001:db8:241:5ed4::/64	735
2001:db8:241:9442::/64	365
2001:db8:242:c2b1::/64	750
2001:db8:243:2328::/64	147
2001:db8:243:24fc::/64	998
2001:db8:243:2b80::/64	127
2001:db8:243:4b02::/64	214
2001:db8:243:65f4::/64	308
2001:db8:244:520b::/64	635
2001:db8:244:937f::/64	462
2001:db8:245:42dc::/64	210
2001:db8:245:ace3::/64	916
2001:db8:245:ea2a::/64	15
2001:db8:245:f6e3::/64	264
2001:db8:246:2420::/64	75
2001:db8:246:b8d0::/64	633
2001:db8:247:d35::/64	692
2001:db8:247:171f::/64	258
2001:db8:247:37fd::/64	897
2001:db8:247:4c27::/64	578
2001:db8:247:9139::/64	900
2001:db8:247:ec73::/64	395
2001:db8:248:a16d::/64	287
2001:db8:249:4ccb::/64	255
2001:db8:249:52e5::/64	946
2001:db8:249:86c9::/64	992
2001:db8:249:95c3::/64	955
2001:db8:24a:38b::/64	107
2001:db8:24a:23d3::/64	182
2001:db8:24a:4b65::/64	272
2001:db8:24a:5bcc::/64	608
2001:db8:24a:6ef2::/64	233
2001:db8:24b:199e::/64	564
2001:db8:24b:809a::/64	82
2001:db8:24b:dd76::/64	462
2001:db8:24c:813c::/64	821
2001:db8:24c:9206::/64	537
2001:db8:24d:333c::/64	285
2001:db8:24d:f42c::/64	447
2001:db8:24e:5116::/64	638
2001:db8:24e:5d86::/64	262
2001:db8:24e:a74b::/64	33
2001:db8:24e:b7dd::/64	912
2001:db8:24f:8ee5::/64	26
2001:db8:24f:9c3b::/64	371
2001:db8:250:15cf::/64	58
2001:db8:250:59c7::/64	177
2001:db8:250:6f91::/64	933
2001:db8:250:7d49::/64	372
2001:db8:250:935a::/64	255
2001:db8:250:b178::/64	417
2001:db8:251:4d08::/64	891
2001:db8:251:c590::/64	861
2001:db8:252:8631::/64	377
2001:db8:253:8d99::/64	464
2001:db8:253:f037::/64	8
2001:db8:254:4bd1::/64	337
2001:db8:254:8ece::/64	588
2001:db8:254:d0ab::/64	150
2001:db8:254:d314::/64	858
2001:db8:255:3c5::/64	325
2001:db8:255:be3::/64	601
2001:db8:255:57e2::/64	587
2001:db8:255:9534::/64	860
2001:db8:256:24c5::/64	714
2001:db8:257:a68d::/64	28
2001:db8:257:b51a::/64	557
2001:db8:258:3436::/64	399
2001:db8:258:58df::/64	619
2001:db8:258:a284::/64	377
2001:db8:258:b0f4::/64	79
2001:db8:258:bf10::/64	518
2001:db8:259:ca94::/64	949
2001:db8:25b:2aff::/64	393
2001:db8:25b:56b0::/64	873
2001:db8:25b:f55b::/64	397
2001:db8:25d:320d::/64	157
2001:db8:25d:5797::/64	227
2001:db8:25e:376::/64	829
2001:db8:25e:5931::/64	151
2001:db8:25f:bf83::/64	334
2001:db8:260:5391::/64	170
2001:db8:260:efb5::/64	535
2001:db8:261:4963::/64	132
2001:db8:261:be65::/64	665
2001:db8:262:496c::/64	937
2001:db8:263:bc6e::/64	894
2001:db8:264:746::/64	904
2001:db8:264:4ced::/64	15
2001:db8:264:aa5d::/64	254
2001:db8:264:b0d3::/64	477
2001:db8:265:3b39::/64	524
2001:db8:265:f502::/64	785
2001:db8:266:6c66::/64	768
2001:db8:266:d62a::/64	931
2001:db8:267:3a01::/64	220
2001:db8:267:7a7d::/64	312
2001:db8:267:d7d6::/64	264
2001:db8:267:f230::/64	796
2001:db8:268:15b6::/64	740
2001:db8:268:7de7::/64	255
2001:db8:268:87b0::/64	996
2001:db8:269:ef61::/64	431
2001:db8:269:fe98::/64	737
2001:db8:26a:3c42::/64	782
2001:db8:26c:9300::/64	528
2001:db8:26c:f749::/64	569
2001:db8:26d:6cd8::/64	46
2001:db8:26d:b1a8::/64	801
2001:db8:26e:4f41::/64	376
2001:db8:26e:c56c::/64	910
2001:db8:270:3669::/64	596
2001:db8:270:6f38::/64	442
2001:db8:271:1733::/64	560
2001:db8:271:ed82::/64	382
2001:db8:272:76d::/64	757
2001:db8:272:11f2::/64	526
2001:db8:272:b37b::/64	904
2001:db8:273:40b::/64	465
2001:db8:274:39c1::/64	776
2001:db8:274:536c::/64	642
2001:db8:274:d853::/64	578
2001:db8:275:bbe::/64	826
2001:db8:276:6e0::/64	381
2001:db8:276:e2ec::/64	532
2001:db8:276:e804::/64	38
2001:db8:277:b6a2::/64	109
2001:db8:278:4c5b::/64	424
2001:db8:278:a89d::/64	681
2001:db8:278:c206::/64	337
2001:db8:279:8a2b::/64	349
2001:db8:279:b201::/64	204
2001:db8:279:f06d::/64	410
2001:db8:27a:14e2::/64	179
2001:db8:27a:a85b::/64	584
2001:db8:27a:fb71::/64	62
2001:db8:27c:a2::/64	860
2001:db8:27d:2b87::/64	663
2001:db8:27d:3458::/64	223
2001:db8:27d:53cf::/64	201
2001:db8:27d:7671::/64	753
2001:db8:27d:7b82::/64	225
2001:db8:27d:f9e6::/64	498
2001:db8:280:ae6::/64	975
2001:db8:280:dd40::/64	401
2001:db8:281:28e2::/64	430
2001:db8:281:8223::/64	327
2001:db8:281:e8cc::/64	63
2001:db8:282:79c7::/64	977
2001:db8:283:1456::/64	450
2001:db8:283:4c65::/64	262
2001:db8:283:69b7::/64	976
2001:db8:283:e3a7::/64	385
2001:db8:284:aa9f::/64	964
2001:db8:285:5653::/64	844
2001:db8:286:173a::/64	231
2001:db8:286:3798::/64	66
2001:db8:286:7689::/64	375
2001:db8:286:df6e::/64	99
2001:db8:287:17cc::/64	954
2001:db8:287:220d::/64	810
2001:db8:287:b091::/64	865
2001:db8:287:ef79::/64	273
2001:db8:288:23b4::/64	996
2001:db8:288:d640::/64	928
2001:db8:289:5996::/64	804
2001:db8:28a:995::/64	690
2001:db8:28a:b1a2::/64	475
2001:db8:28c:48e4::/64	527
2001:db8:28c:8265::/64	374
2001:db8:28c:b0ea::/64	828
2001:db8:28c:c114::/64	884
2001:db8:28d:78b4::/64	399
2001:db8:28e:4862::/64	81
2001:db8:290:6d7::/64	579
2001:db8:290:22c3::/64	969
2001:db8:290:3998::/64	265
2001:db8:290:7af7::/64	458
2001:db8:290:b78a::/64	459
2001:db8:291:1e00::/64	87
2001:db8:291:c963::/64	493
2001:db8:292:a2e::/64	289
2001:db8:292:8dc1::/64	259
2001:db8:292:a185::/64	279
2001:db8:293:c250::/64	591
2001:db8:293:ceac::/64	237
2001:db8:293:fbee::/64	307
2001:db8:294:490::/64	584
2001:db8:294:6027::/64	916
2001:db8:295:3035::/64	566
2001:db8:295:991c::/64	745
2001:db8:295:d11e::/64	12
2001:db8:295:d236::/64	500
2001:db8:295:da76::/64	666
2001:db8:295:f9d5::/64	774
2001:db8:296:9df8::/64	65
2001:db8:296:ad02::/64	431
2001:db8:297:7d25::/64	405
2001:db8:298:2181::/64	707
2001:db8:298:8c01::/64	464
2001:db8:299:743::/64	180
2001:db8:299:286f::/64	684
2001:db8:299:72b0::/64	173
2001:db8:299:9284::/64	867
2001:db8:299:a358::/64	48
2001:db8:299:d997::/64	70
2001:db8:29a:81e3::/64	900
2001:db8:29b:42e1::/64	727
2001:db8:29b:c2b3::/64	750
2001:db8:29d:250e::/64	346
2001:db8:29d:92fd::/64	306
2001:db8:29d:c80a::/64	627
2001:db8:29d:ff86::/64	770
2001:db8:29e:29d9::/64	313
2001:db8:29e:3f12::/64	143
2001:db8:29f:78d8::/64	398
2001:db8:29f:d021::/64	153
2001:db8:2a0:1637::/64	755
2001:db8:2a0:aec9::/64	762
2001:db8:2a1:4e0a::/64	425
2001:db8:2a1:88e8::/64	839
2001:db8:2a2:18fa::/64	953
2001:db8:2a2:4ba3::/64	116
2001:db8:2a2:52b1::/64	102
2001:db8:2a2:62f6::/64	176
2001:db8:2a3:223::/64	803
2001:db8:2a3:17f9::/64	707
2001:db8:2a3:e188::/64	929
2001:db8:2a6:4e9b::/64	688
2001:db8:2a6:6f04::/64	654
2001:db8:2a6:f9c1::/64	147
2001:db8:2a7:10b::/64	627
2001:db8:2a7:1a6::/64	421
2001:db8:2a7:d09f::/64	547
2001:db8:2a7:e44b::/64	933
2001:db8:2a8:1bf4::/64	793
2001:db8:2a8:1ce7::/64	272
2001:db8:2a8:e282::/64	967
2001:db8:2a8:e7b4::/64	271
2001:db8:2a8:f4ae::/64	128
2001:db8:2a9:13d1::/64	891
2001:db8:2a9:6fd0::/64	656
2001:db8:2aa:cc8::/64	541
2001:db8:2aa:462b::/64	965
2001:db8:2ab:e4c0::/64	251
2001:db8:2ac:51d::/64	962
2001:db8:2ac:4fa1::/64	706
2001:db8:2ac:9238::/64	550
2001:db8:2ac:d88c::/64	917
2001:db8:2ac:e539::/64	945
2001:db8:2ad:8556::/64	385
2001:db8:2ae:c3db::/64	725
2001:db8:2af:12c4::/64	618
2001:db8:2b0:5dc8::/64	32
2001:db8:2b0:6e76::/64	959
2001:db8:2b0:89f2::/64	938
2001:db8:2b1:9584::/64	399
2001:db8:2b1:9a86::/64	434
2001:db8:2b1:aabe::/64	700
2001:db8:2b1:ae58::/64	191
2001:db8:2b1:d8f4::/64	553
2001:db8:2b1:ea4d::/64	870
2001:db8:2b2:c16f::/64	550
2001:db8:2b3:4f4b::/64	67
2001:db8:2b3:7d15::/64	408
2001:db8:2b4:4230::/64	50
2001:db8:2b4:feb1::/64	901
2001:db8:2b5:56e8::/64	814
2001:db8:2b5:58a5::/64	181
2001:db8:2b5:da2d::/64	953
2001:db8:2b5:f5a7::/64	809
2001:db8:2b6:296b::/64	535
2001:db8:2b7:30f7::/64	226
2001:db8:2b7:4b7e::/64	572
2001:db8:2b7:a0fe::/64	769
2001:db8:2b8:3dd0::/64	719
2001:db8:2b8:bc1a::/64	198
2001:db8:2b8:d163::/64	204
2001:db8:2b8:ffd1::/64	721
2001:db8:2b9:a2d0::/64	265
2001:db8:2b9:c9f3::/64	424
2001:db8:2ba:db8::/64	64
2001:db8:2ba:3c1e::/64	324
2001:db8:2ba:69ae::/64	239
2001:db8:2bb:9f73::/64	763
2001:db8:2bb:fc2d::/64	468
2001:db8:2bc:1563::/64	898
2001:db8:2bd:16d7::/64	300
2001:db8:2bd:35a8::/64	16
2001:db8:2bd:39d5::/64	78
2001:db8:2bd:3cba::/64	23
2001:db8:2bd:6999::/64	820
2001:db8:2bd:e529::/64	94
2001:db8:2be:36c4::/64	425
2001:db8:2be:39fa::/64	800
2001:db8:2be:647d::/64	488
2001:db8:2be:fe6d::/64	868
2001:db8:2c2:23bc::/64	998
2001:db8:2c2:d2cb::/64	704
2001:db8:2c2:e5dc::/64	449
2001:db8:2c2:f386::/64	51
2001:db8:2c3:64ea::/64	779
2001:db8:2c3:dd67::/64	338
2001:db8:2c4:a011::/64	405
2001:db8:2c4:a6c7::/64	694
2001:db8:2c4:d18c::/64	912
2001:db8:2c5:d15::/64	525
2001:db8:2c5:1fd4::/64	178
2001:db8:2c5:32e0::/64	61
2001:db8:2c5:bea0::/64	578
2001:db8:2c6:3259::/64	233
2001:db8:2c6:b6e5::/64	40
2001:db8:2c6:dd26::/64	182
2001:db8:2c7:2b9f::/64	394
2001:db8:2c7:2ce7::/64	133
2001:db8:2c7:42f4::/64	553
2001:db8:2c7:d584::/64	434
2001:db8:2c8:2f37::/64	233
2001:db8:2c8:6e09::/64	917
2001:db8:2c9:313b::/64	394
2001:db8:2c9:72d6::/64	121
2001:db8:2c9:7529::/64	520
2001:db8:2c9:eaf5::/64	439
2001:db8:2ca:1eef::/64	723
2001:db8:2ca:c6dc::/64	417
2001:db8:2cb:c22b::/64	798
2001:db8:2cc:3a40::/64	203
2001:db8:2cc:f85f::/64	350
2001:db8:2ce:2d88::/64	73
2001:db8:2ce:44fa::/64	283
2001:db8:2ce:7d52::/64	395
2001:db8:2ce:b9af::/64	956
2001:db8:2cf:5fcd::/64	137
2001:db8:2cf:71b2::/64	288
2001:db8:2d0:166f::/64	27
2001:db8:2d0:4937::/64	949
2001:db8:2d0:60a3::/64	984
2001:db8:2d1:4f5f::/64	518
2001:db8:2d1:fe4a::/64	542
2001:db8:2d2:10bf::/64	844
2001:db8:2d2:186a::/64	330
2001:db8:2d2:36dd::/64	629
2001:db8:2d2:38b4::/64	242
2001:db8:2d3:f3a4::/64	100
2001:db8:2d4:914::/64	246
2001:db8:2d4:ddb9::/64	80
2001:db8:2d5:5994::/64	423
2001:db8:2d5:a2bf::/64	364
2001:db8:2d5:d41c::/64	563
2001:db8:2d5:e1a2::/64	508
2001:db8:2d7:56d6::/64	648
2001:db8:2d7:af9d::/64	873
2001:db8:2d9:17d6::/64	476
2001:db8:2d9:65fe::/64	381
2001:db8:2d9:6608::/64	796
2001:db8:2da:2451::/64	122
2001:db8:2da:2e38::/64	54
2001:db8:2da:41d2::/64	895
2001:db8:2da:8470::/64	516
2001:db8:2da:8eda::/64	996
2001:db8:2db:a80e::/64	229
2001:db8:2db:b4ef::/64	728
2001:db8:2dc:1c4d::/64	666
2001:db8:2dc:95ed::/64	82
2001:db8:2dd:2792::/64	963
2001:db8:2dd:5b9c::/64	921
2001:db8:2df:7c24::/64	928
2001:db8:2df:8f7d::/64	106
2001:db8:2e1:eac5::/64	477
2001:db8:2e2:e2b7::/64	519
2001:db8:2e3:160b::/64	465
2001:db8:2e3:5d95::/64	4
2001:db8:2e3:628f::/64	443
2001:db8:2e4:105f::/64	814
2001:db8:2e5:8118::/64	177
2001:db8:2e5:99a4::/64	532
2001:db8:2e6:3231::/64	204
2001:db8:2e6:dbfe::/64	960
2001:db8:2e6:ed3f::/64	341
2001:db8:2e7:3ae1::/64	966
2001:db8:2e7:93e7::/64	151
2001:db8:2e7:9527::/64	650
2001:db8:2e7:95f6::/64	911
2001:db8:2e7:d358::/64	226
2001:db8:2e8:41c2::/64	917
2001:db8:2e8:a862::/64	599
2001:db8:2e8:c1e0::/64	550
2001:db8:2e8:f157::/64	970
2001:db8:2e9:21cb::/64	376
2001:db8:2e9:2cd0::/64	295
2001:db8:2e9:63ca::/64	179
2001:db8:2ea:26d::/64	569
2001:db8:2ea:8cf7::/64	115
2001:db8:2ea:ae86::/64	485
2001:db8:2eb:f14::/64	607
2001:db8:2eb:9bd4::/64	645
2001:db8:2ec:12af::/64	823
2001:db8:2ec:12d6::/64	543
2001:db8:2ec:61f7::/64	851
2001:db8:2ec:847c::/64	783
2001:db8:2ec:8645::/64	673
2001:db8:2ed:932a::/64	349
2001:db8:2ed:ac17::/64	224
2001:db8:2ee:d6eb::/64	43
2001:db8:2ef:3592::/64	727
2001:db8:2ef:45a8::/64	575
2001:db8:2ef:a3a6::/64	847
2001:db8:2ef:b34d::/64	546
2001:db8:2ef:bb09::/64	418
2001:db8:2ef:d09c::/64	949
2001:db8:2ef:d3e5::/64	573
2001:db8:2f1:90a::/64	80
2001:db8:2f1:2593::/64	17
2001:db8:2f1:3e0c::/64	205
2001:db8:2f1:465c::/64	605
2001:db8:2f2:4538::/64	15
2001:db8:2f2:9de9::/64	472
2001:db8:2f2:b1ea::/64	14
2001:db8:2f2:bd9f::/64	525
2001:db8:2f2:d197::/64	482
2001:db8:2f3:36d1::/64	889
2001:db8:2f3:b6c7::/64	206
2001:db8:2f3:edcd::/64	362
2001:db8:2f4:192a::/64	139
2001:db8:2f4:75f7::/64	698
2001:db8:2f5:4d1c::/64	410
2001:db8:2f5:fbd8::/64	257
2001:db8:2f7:3c6::/64	460
2001:db8:2f7:22b1::/64	818
2001:db8:2f7:c5ed::/64	418
2001:db8:2f8:6a32::/64	212
2001:db8:2f8:e910::/64	593
2001:db8:2fa:55b9::/64	676
2001:db8:2fa:a4b9::/64	706
2001:db8:2fb:29a9::/64	380
2001:db8:2fb:5713::/64	882
2001:db8:2fb:b5c7::/64	434
2001:db8:2fc:52a0::/64	908
2001:db8:2fc:5868::/64	833
2001:db8:2fc:75ce::/64	218
2001:db8:2fc:f67e::/64	558
2001:db8:2fd:67d7::/64	257
2001:db8:2fd:7ad5::/64	393
2001:db8:2fd:ce20::/64	210
2001:db8:2fd:f9ad::/64	212
2001:db8:2fe:f28::/64	183
2001:db8:2fe:3076::/64	963
2001:db8:2fe:3a29::/64	685
2001:db8:2fe:f96c::/64	397
2001:db8:2ff:8aa::/64	680
2001:db8:2ff:9c9a::/64	752
2001:db8:2ff:dd85::/64	628
2001:db8:300:65dd::/64	730
2001:db8:301:db7c::/64	358
2001:db8:302:a0e7::/64	656
2001:db8:302:a54d::/64	727
2001:db8:302:bd52::/64	436
2001:db8:303:c7d2::/64	418
2001:db8:303:fc4c::/64	108
2001:db8:304:26f7::/64	355
2001:db8:304:6bb2::/64	840
2001:db8:304:d81e::/64	493
2001:db8:305:c14::/64	209
2001:db8:305:272a::/64	1000
2001:db8:305:2eba::/64	732
2001:db8:305:789a::/64	394
2001:db8:305:dbb1::/64	981
2001:db8:306:7151::/64	510
2001:db8:307:13a8::/64	255
2001:db8:307:382d::/64	323
2001:db8:307:66cd::/64	503
2001:db8:307:8eca::/64	151
2001:db8:307:946f::/64	805
2001:db8:307:c22d::/64	489
2001:db8:307:f23c::/64	850
2001:db8:308:2ca2::/64	138
2001:db8:308:c817::/64	530
2001:db8:308:e3b6::/64	475
2001:db8:309:670c::/64	136
2001:db8:309:a303::/64	76
2001:db8:309:ccff::/64	536
2001:db8:309:d4c9::/64	62
2001:db8:309:e87f::/64	877
2001:db8:30a:645::/64	955
2001:db8:30a:8ae::/64	682
2001:db8:30a:5810::/64	757
2001:db8:30a:b0a2::/64	574
2001:db8:30a:ca8d::/64	852
2001:db8:30b:17a9::/64	631
2001:db8:30b:7b3f::/64	970
2001:db8:30b:8170::/64	263
2001:db8:30b:b52f::/64	438
2001:db8:30b:be42::/64	694
2001:db8:30b:f03f::/64	812
2001:db8:30d:e22e::/64	121
2001:db8:30e:f650::/64	222
2001:db8:30f:a3b::/64	541
2001:db8:30f:16c2::/64	597
2001:db8:30f:62da::/64	32
2001:db8:30f:8251::/64	239
2001:db8:30f:ae1e::/64	487
2001:db8:310:272d::/64	958
2001:db8:310:992a::/64	983
2001:db8:310:ddbd::/64	427
2001:db8:310:f1a4::/64	304
2001:db8:311:40eb::/64	371
2001:db8:311:9b5c::/64	267
2001:db8:312:cff::/64	210
2001:db8:312:488d::/64	638
2001:db8:312:5025::/64	150
2001:db8:312:c009::/64	820
2001:db8:313:aef::/64	716
2001:db8:313:4aaf::/64	272
2001:db8:313:6ef7::/64	298
2001:db8:313:a915::/64	570
2001:db8:314:9b0d::/64	153
2001:db8:314:fb3b::/64	868
2001:db8:315:1bb3::/64	246
2001:db8:315:36d0::/64	224
2001:db8:315:9ba6::/64	562
2001:db8:316:2a15::/64	788
2001:db8:316:52e8::/64	31
2001:db8:316:e159::/64	916
2001:db8:317:c6f::/64	569
2001:db8:317:d31::/64	6
2001:db8:317:16df::/64	207
2001:db8:317:66ea::/64	937
2001:db8:317:6e94::/64	918
2001:db8:317:ad40::/64	367
2001:db8:318:6a42::/64	789
2001:db8:319:4636::/64	819
2001:db8:319:fb5d::/64	329
2001:db8:31b:aea3::/64	372
2001:db8:31b:bb89::/64	631
2001:db8:31b:e201::/64	549
2001:db8:31b:e3cf::/64	596
2001:db8:31c:b99b::/64	771
2001:db8:31c:bc8b::/64	565
2001:db8:31c:c51a::/64	400
2001:db8:31d:4e62::/64	519
2001:db8:31d:bdf4::/64	53
2001:db8:31e:3ab1::/64	205
2001:db8:31e:51f0::/64	796
2001:db8:31e:b755::/64	822
2001:db8:31f:f53::/64	21
2001:db8:31f:5a8c::/64	768
2001:db8:31f:a074::/64	743
2001:db8:31f:cf46::/64	305
2001:db8:320:3135::/64	356
2001:db8:320:4fd5::/64	877
2001:db8:321:10b3::/64	515
2001:db8:321:726e::/64	692
2001:db8:321:78df::/64	876
2001:db8:322:188c::/64	613
2001:db8:323:3445::/64	240
2001:db8:323:50c6::/64	531
2001:db8:323:8eba::/64	575
2001:db8:323:dce3::/64	502
2001:db8:324:ed86::/64	458
2001:db8:325:4d4d::/64	123
2001:db8:325:84be::/64	750
2001:db8:326:7d18::/64	759
2001:db8:327:16b::/64	331
2001:db8:327:db1::/64	528
2001:db8:327:1b27::/64	403
2001:db8:327:9b68::/64	608
2001:db8:328:4ae2::/64	60
2001:db8:328:569b::/64	431
2001:db8:32a:b22::/64	103
2001:db8:32a:45b1::/64	208
2001:db8:32b:35bf::/64	965
2001:db8:32b:8477::/64	75
2001:db8:32b:f3b3::/64	60
2001:db8:32c:22e::/64	553
2001:db8:32c:4c3b::/64	291
2001:db8:32c:6c79::/64	490
2001:db8:32c:e6f6::/64	757
2001:db8:32d:1a09::/64	123
2001:db8:32d:45b1::/64	486
2001:db8:32d:64c2::/64	178
2001:db8:32d:8348::/64	969
2001:db8:330:4078::/64	910
2001:db8:330:8472::/64	273
2001:db8:331:ef7::/64	978
2001:db8:331:176d::/64	301
2001:db8:331:341c::/64	65
2001:db8:332:3c0f::/64	735
2001:db8:332:5a04::/64	269
2001:db8:332:b8db::/64	431
2001:db8:333:fcf1::/64	823
2001:db8:334:c7f::/64	574
2001:db8:334:719f::/64	156
2001:db8:334:9b0d::/64	144
2001:db8:334:b94d::/64	757
2001:db8:335:2439::/64	339
2001:db8:336:4041::/64	225
2001:db8:336:a9e1::/64	766
2001:db8:337:43e1::/64	356
2001:db8:337:c4f6::/64	500
2001:db8:338:b0fc::/64	256
2001:db8:338:f49f::/64	516
2001:db8:339:c73::/64	370
2001:db8:339:b5e1::/64	752
2001:db8:339:dc9b::/64	10
2001:db8:339:f515::/64	136
2001:db8:33a:64c1::/64	918
2001:db8:33a:ce51::/64	75
2001:db8:33b:7d5e::/64	566
2001:db8:33b:d680::/64	931
2001:db8:33b:d68e::/64	654
2001:db8:33c:d79f::/64	181
2001:db8:33d:fd8::/64	98
2001:db8:33e:5574::/64	210
2001:db8:33e:6ac7::/64	81
2001:db8:33e:c9a1::/64	310
2001:db8:33e:ff03::/64	360
2001:db8:33f:3699::/64	634
2001:db8:33f:d51b::/64	354
2001:db8:340:b21b::/64	135
2001:db8:341:4954::/64	400
2001:db8:342:6989::/64	591
2001:db8:342:78c2::/64	200
2001:db8:342:8011::/64	577
2001:db8:343:1112::/64	243
2001:db8:343:3ceb::/64	57
2001:db8:343:44f9::/64	423
2001:db8:343:698e::/64	446
2001:db8:344:a516::/64	690
2001:db8:344:cbc5::/64	807
2001:db8:345:5803::/64	511
2001:db8:347:9e0a::/64	834
2001:db8:347:a30d::/64	111
2001:db8:348:7aae::/64	460
2001:db8:348:e344::/64	676
2001:db8:349:1999::/64	73
2001:db8:349:650f::/64	631
2001:db8:34a:2037::/64	369
2001:db8:34b:67c4::/64	801
2001:db8:34c:2b3d::/64	926
2001:db8:34e:66bd::/64	141
2001:db8:34e:7f14::/64	105
2001:db8:34e:acc7::/64	314
2001:db8:34f:d7bd::/64	809
2001:db8:350:50c7::/64	165
2001:db8:350:6d75::/64	609
2001:db8:350:a636::/64	642
2001:db8:350:ab5b::/64	699
2001:db8:351:5000::/64	630
2001:db8:351:7b83::/64	616
2001:db8:352:1840::/64	674
2001:db8:352:719c::/64	574
2001:db8:352:8317::/64	476
2001:db8:352:93d2::/64	622
2001:db8:352:9be5::/64	273
2001:db8:352:ff9f::/64	403
2001:db8:353:55d9::/64	414
2001:db8:354:27f1::/64	922
2001:db8:354:80b8::/64	536
2001:db8:354:8dac::/64	820
2001:db8:354:e59a::/64	718
2001:db8:355:f81::/64	200
2001:db8:355:1603::/64	688
2001:db8:355:ca75::/64	217
2001:db8:355:fe97::/64	98
2001:db8:356:30de::/64	590
2001:db8:356:599e::/64	765
2001:db8:356:8423::/64	753
2001:db8:357:3bda::/64	521
2001:db8:357:7189::/64	553
2001:db8:357:8c31::/64	154
2001:db8:357:8dc2::/64	509
2001:db8:358:190b::/64	129
2001:db8:358:aa3f::/64	203
2001:db8:359:b4d::/64	922
2001:db8:359:2bbe::/64	686
2001:db8:359:3cc4::/64	480
2001:db8:359:5bfb::/64	650
2001:db8:359:d679::/64	582
2001:db8:35a:5eed::/64	27
2001:db8:35a:eaf3::/64	406
2001:db8:35a:efc6::/64	525
2001:db8:35b:3424::/64	596
2001:db8:35b:9203::/64	844
2001:db8:35b:f6fa::/64	816
2001:db8:35c:5c88::/64	261
2001:db8:35c:d471::/64	415
2001:db8:35d:4d95::/64	139
2001:db8:35e:50b7::/64	621
2001:db8:360:887d::/64	283
2001:db8:361:3930::/64	195
2001:db8:361:8c16::/64	654
2001:db8:361:ae32::/64	269
2001:db8:362:4e2c::/64	666
2001:db8:362:863f::/64	280
2001:db8:362:9bfb::/64	115
2001:db8:362:c394::/64	297
2001:db8:363:a50::/64	386
2001:db8:363:5dbc::/64	40
2001:db8:363:7068::/64	301
2001:db8:363:8ea8::/64	293
2001:db8:363:a68a::/64	558
2001:db8:363:da18::/64	9
2001:db8:364:e6e7::/64	66
2001:db8:366:ff9::/64	978
2001:db8:366:5d5c::/64	414
2001:db8:366:8726::/64	466
2001:db8:366:de98::/64	384
2001:db8:367:2ee::/64	850
2001:db8:367:a1d::/64	546
2001:db8:367:cd4::/64	574
2001:db8:367:bc09::/64	431
2001:db8:368:8762::/64	658
2001:db8:368:99c7::/64	927
2001:db8:369:ce78::/64	918
2001:db8:36a:39d0::/64	303
2001:db8:36a:4352::/64	466
2001:db8:36a:564b::/64	939
2001:db8:36b:fc2::/64	718
2001:db8:36c:35a::/64	579
2001:db8:36c:2110::/64	356
2001:db8:36c:3187::/64	629
2001:db8:36c:7be6::/64	68
2001:db8:36c:899c::/64	580
2001:db8:36d:5026::/64	825
2001:db8:36d:5217::/64	705
2001:db8:36d:6584::/64	20
2001:db8:36d:d412::/64	241
2001:db8:36e:9dfa::/64	540
2001:db8:36f:d14c::/64	23
2001:db8:370:50c9::/64	370
2001:db8:370:7976::/64	235
2001:db8:370:7cf3::/64	988
2001:db8:371:749b::/64	140
2001:db8:371:adbd::/64	730
2001:db8:372:600d::/64	794
2001:db8:373:3e8e::/64	562
2001:db8:374:6200::/64	335
2001:db8:374:769f::/64	454
2001:db8:374:8a38::/64	146
2001:db8:374:a3f2::/64	764
2001:db8:374:cf5e::/64	79
2001:db8:375:3ed5::/64	755
2001:db8:375:9bdb::/64	480
2001:db8:376:13de::/64	641
2001:db8:376:7d01::/64	13
2001:db8:376:836c::/64	601
2001:db8:376:960a::/64	82
2001:db8:376:b86a::/64	706
2001:db8:377:1749::/64	269
2001:db8:377:1b78::/64	854
2001:db8:377:57cc::/64	796
2001:db8:378:2c86::/64	319
2001:db8:379:39b9::/64	946
2001:db8:379:9f89::/64	467
2001:db8:379:ba31::/64	33
2001:db8:37a:8f14::/64	150
2001:db8:37c:4643::/64	726
2001:db8:37c:ff94::/64	161
2001:db8:37d:33d4::/64	923
2001:db8:37d:7e68::/64	72
2001:db8:37e:2dc3::/64	21
2001:db8:37e:cf8c::/64	147
2001:db8:37f:fc1::/64	388
2001:db8:37f:7dec::/64	51
2001:db8:37f:b34d::/64	338
2001:db8:37f:f790::/64	502
2001:db8:37f:faff::/64	325
2001:db8:380:6b6d::/64	984
2001:db8:380:8e26::/64	643
2001:db8:381:3cf5::/64	260
2001:db8:381:bcdf::/64	939
2001:db8:381:c9c4::/64	544
2001:db8:381:e537::/64	601
2001:db8:381:fc8c::/64	914
2001:db8:382:1376::/64	707
2001:db8:382:5cc5::/64	470
2001:db8:382:917d::/64	709
2001:db8:383:9433::/64	657
2001:db8:383:ddd6::/64	147
2001:db8:383:e608::/64	115
2001:db8:384:aee6::/64	740
2001:db8:384:ce87::/64	758
2001:db8:384:f4b0::/64	750
2001:db8:386:b641::/64	4
2001:db8:386:d810::/64	680
2001:db8:387:f23::/64	69
2001:db8:387:5392::/64	282
2001:db8:387:8d51::/64	889
2001:db8:387:9b5c::/64	769
2001:db8:387:d342::/64	177
2001:db8:388:243::/64	626
2001:db8:388:74b6::/64	745
2001:db8:38a:8cd::/64	87
2001:db8:38a:1b2b::/64	99
2001:db8:38a:5584::/64	590
2001:db8:38a:5896::/64	465
2001:db8:38b:a810::/64	61
2001:db8:38c:2a89::/64	189
2001:db8:38c:9c92::/64	113
2001:db8:38d:5e0::/64	453
2001:db8:38d:41b4::/64	393
2001:db8:38d:481c::/64	977
2001:db8:38d:8695::/64	130
2001:db8:38d:be54::/64	607
2001:db8:38e:b45c::/64	466
2001:db8:38f:641e::/64	503
2001:db8:390:23d8::/64	763
2001:db8:390:9e7b::/64	361
2001:db8:391:23bc::/64	458
2001:db8:391:2c1f::/64	662
2001:db8:391:46fe::/64	804
2001:db8:391:cb8a::/64	210
2001:db8:391:d332::/64	518
2001:db8:391:df06::/64	16
2001:db8:392:1eba::/64	464
2001:db8:393:17a2::/64	573
2001:db8:393:4fe9::/64	234
2001:db8:393:89da::/64	979
2001:db8:394:4ce9::/64	798
2001:db8:394:eb1a::/64	294
2001:db8:395:50e9::/64	945
2001:db8:395:7af8::/64	872
2001:db8:395:b6e6::/64	961
2001:db8:395:ce71::/64	497
2001:db8:396:2381::/64	997
2001:db8:396:9aa1::/64	425
2001:db8:396:adb6::/64	918
2001:db8:396:c75e::/64	185
2001:db8:396:e83c::/64	381
2001:db8:397:4afc::/64	931
2001:db8:397:9f95::/64	97
2001:db8:397:c6f8::/64	489
2001:db8:397:f625::/64	845
2001:db8:398:6f7c::/64	545
2001:db8:398:b5cb::/64	465
2001:db8:398:e9bd::/64	935
2001:db8:399:4f4b::/64	955
2001:db8:399:c054::/64	739
2001:db8:399:cc7b::/64	145
2001:db8:39a:5918::/64	32
2001:db8:39a:a1a5::/64	70
2001:db8:39b:68b::/64	954
2001:db8:39b:13be::/64	948
2001:db8:39b:6b61::/64	917
2001:db8:39b:9214::/64	179
2001:db8:39b:d2bc::/64	525
2001:db8:39b:f75a::/64	694
2001:db8:39c:663e::/64	306
2001:db8:39c:e6e8::/64	635
2001:db8:39d:db46::/64	703
2001:db8:39e:2073::/64	341
2001:db8:39e:6423::/64	618
2001:db8:39e:96c0::/64	457
2001:db8:39f:a00f::/64	311
2001:db8:3a0:220b::/64	865
2001:db8:3a0:45da::/64	412
2001:db8:3a1:ad8::/64	646
2001:db8:3a2:8c80::/64	951
2001:db8:3a3:bd79::/64	724
2001:db8:3a4:3921::/64	920
2001:db8:3a4:d715::/64	749
2001:db8:3a4:f818::/64	264
2001:db8:3a5:5e3e::/64	449
2001:db8:3a6:3756::/64	543
2001:db8:3a6:6094::/64	345
2001:db8:3a7:627a::/64	354
2001:db8:3a7:e137::/64	510
2001:db8:3a7:edaf::/64	859
2001:db8:3a8:2adb::/64	93
2001:db8:3a8:92c2::/64	82
2001:db8:3a8:b78c::/64	671
2001:db8:3a9:89c::/64	509
2001:db8:3a9:f91::/64	258
2001:db8:3a9:6ed0::/64	291
2001:db8:3a9:8929::/64	582
2001:db8:3a9:f937::/64	372
2001:db8:3aa:3b51::/64	508
2001:db8:3aa:cb9e::/64	909
2001:db8:3ac:6865::/64	340
2001:db8:3ac:b519::/64	900
2001:db8:3ad:3cf8::/64	437
2001:db8:3ad:61a3::/64	285
2001:db8:3ad:7d42::/64	225
2001:db8:3ad:9351::/64	713
2001:db8:3ad:cc9f::/64	869
2001:db8:3ae:a271::/64	249
2001:db8:3af:8138::/64	680
2001:db8:3b0:ef90::/64	220
2001:db8:3b1:a909::/64	5
2001:db8:3b2:6d9a::/64	871
2001:db8:3b2:7a8a::/64	642
2001:db8:3b3:33b8::/64	766
2001:db8:3b3:4d6d::/64	413
2001:db8:3b3:8e84::/64	964
2001:db8:3b3:b9a9::/64	504
2001:db8:3b3:bd75::/64	794
2001:db8:3b5:1f81::/64	506
2001:db8:3b5:44b3::/64	653
2001:db8:3b6:115b::/64	977
2001:db8:3b6:4091::/64	779
2001:db8:3b6:7921::/64	890
2001:db8:3b8:a1bf::/64	704
2001:db8:3b8:dfd1::/64	6
2001:db8:3b9:5d8e::/64	406
2001:db8:3b9:97c0::/64	156
2001:db8:3b9:b403::/64	572
2001:db8:3ba:3684::/64	422
2001:db8:3ba:b471::/64	598
2001:db8:3ba:d35f::/64	416
2001:db8:3ba:f3d9::/64	650
2001:db8:3bb:14f::/64	573
2001:db8:3bb:1e5f::/64	293
2001:db8:3bb:408a::/64	892
2001:db8:3bd:b154::/64	888
2001:db8:3bf:6e4::/64	332
2001:db8:3c0:f51a::/64	990
2001:db8:3c1:5543::/64	937
2001:db8:3c2:9a9e::/64	812
2001:db8:3c2:c4c5::/64	816
2001:db8:3c3:6902::/64	501
2001:db8:3c3:978e::/64	815
2001:db8:3c3:9bb3::/64	86
2001:db8:3c3:ae86::/64	934
2001:db8:3c4:589::/64	608
2001:db8:3c4:7576::/64	40
2001:db8:3c4:8490::/64	824
2001:db8:3c5:22a1::/64	1000
2001:db8:3c5:54a1::/64	800
2001:db8:3c5:7797::/64	490
2001:db8:3c5:d8db::/64	62
2001:db8:3c5:f003::/64	294
2001:db8:3c6:537e::/64	458
2001:db8:3c8:5e80::/64	15
2001:db8:3c8:a7a5::/64	385
2001:db8:3c8:decd::/64	917
2001:db8:3c9:4348::/64	990
2001:db8:3c9:ea4c::/64	718
2001:db8:3ca:5981::/64	482
2001:db8:3ca:75cf::/64	176
2001:db8:3ca:87f0::/64	910
2001:db8:3ca:c68a::/64	16
2001:db8:3ca:f078::/64	933
2001:db8:3ca:f436::/64	474
2001:db8:3cb:361f::/64	653
2001:db8:3cb:69db::/64	928
2001:db8:3cc:2a4e::/64	388
2001:db8:3cd:79c2::/64	126
2001:db8:3cd:c230::/64	308
2001:db8:3cd:c299::/64	455
2001:db8:3cd:d5fd::/64	835
2001:db8:3ce:40ad::/64	574
2001:db8:3ce:44ee::/64	341
2001:db8:3ce:a9d9::/64	43
2001:db8:3ce:d02e::/64	3
2001:db8:3ce:f25e::/64	447
2001:db8:3cf:5cdd::/64	38
2001:db8:3cf:708f::/64	777
2001:db8:3d0:209e::/64	555
2001:db8:3d0:becc::/64	639
2001:db8:3d1:af16::/64	182
2001:db8:3d2:7df3::/64	379
2001:db8:3d2:8a8e::/64	159
2001:db8:3d2:b108::/64	667
2001:db8:3d2:b1ab::/64	120
2001:db8:3d2:ba33::/64	70
2001:db8:3d3:1218::/64	476
2001:db8:3d3:431c::/64	286
2001:db8:3d4:9227::/64	373
2001:db8:3d4:b9d6::/64	182
2001:db8:3d6:20cd::/64	282
2001:db8:3d6:c86b::/64	316
2001:db8:3d7:b0cd::/64	266
2001:db8:3d7:e8e8::/64	663
2001:db8:3d8:6acd::/64	629
2001:db8:3d9:1994::/64	125
2001:db8:3d9:75e2::/64	925
2001:db8:3d9:a1f5::/64	463
2001:db8:3da:2997::/64	696
2001:db8:3da:418d::/64	440
2001:db8:3da:a758::/64	946
2001:db8:3da:ae81::/64	858
2001:db8:3da:c4b2::/64	601
2001:db8:3db:17bd::/64	801
2001:db8:3db:c75d::/64	678
2001:db8:3dc:24b8::/64	360
2001:db8:3dc:d4f3::/64	894
2001:db8:3dc:dffc::/64	721
2001:db8:3dc:f86f::/64	637
2001:db8:3dd:1e58::/64	96
2001:db8:3dd:4a49::/64	433
2001:db8:3dd:bc1b::/64	966
2001:db8:3dd:cdac::/64	25
2001:db8:3de:5b34::/64	521
2001:db8:3de:8413::/64	448
2001:db8:3de:a701::/64	676
2001:db8:3df:86d5::/64	400
2001:db8:3df:a9d3::/64	820
2001:db8:3e1:8963::/64	443
2001:db8:3e1:ff3f::/64	566
2001:db8:3e2:894::/64	701
2001:db8:3e2:b2e0::/64	262
2001:db8:3e3:2b29::/64	151
2001:db8:3e3:47b7::/64	475
2001:db8:3e3:a194::/64	125
2001:db8:3e3:fa86::/64	91
2001:db8:3e4:410a::/64	818
2001:db8:3e4:57c0::/64	632
2001:db8:3e4:6b1b::/64	519
2001:db8:3e5:be07::/64	689
2001:db8:3e5:e20d::/64	767
2001:db8:3e6:4a22::/64	405
2001:db8:3e6:75fc::/64	55
2001:db8:3e6:bdd3::/64	917
2001:db8:3e6:e81f::/64	961
2001:db8:3e7:44d7::/64	484
2001:db8:3e7:75ec::/64	795
2001:db8:3e9:2fbe::/64	591
2001:db8:3e9:501a::/64	960
2001:db8:3e9:b29d::/64	699
2001:db8:3ea:18a4::/64	196
2001:db8:3ea:47e9::/64	96
2001:db8:3ea:47fc::/64	520
2001:db8:3ea:b5e4::/64	595
2001:db8:3eb:9938::/64	634
2001:db8:3ec:2150::/64	12
2001:db8:3ec:d279::/64	414
2001:db8:3ec:d5fb::/64	666
2001:db8:3ed:226c::/64	477
2001:db8:3ed:680c::/64	734
2001:db8:3ed:91d1::/64	41
2001:db8:3ed:aa06::/64	866
2001:db8:3ed:d67b::/64	199
2001:db8:3ee:9d89::/64	126
2001:db8:3ee:b3b4::/64	606
2001:db8:3ee:df5d::/64	334
2001:db8:3ee:e8ec::/64	159
2001:db8:3ef:2206::/64	424
2001:db8:3ef:3d9c::/64	507
2001:db8:3ef:7c2e::/64	726
2001:db8:3ef:b217::/64	70
2001:db8:3ef:fa45::/64	387
2001:db8:3f0:1617::/64	809
2001:db8:3f0:7467::/64	281
2001:db8:3f0:887e::/64	214
2001:db8:3f2:69f::/64	111
2001:db8:3f3:462f::/64	890
2001:db8:3f3:8785::/64	82
2001:db8:3f5:1c77::/64	122
2001:db8:3f5:331d::/64	542
2001:db8:3f6:6770::/64	49
2001:db8:3f6:7a2a::/64	407
2001:db8:3f6:b385::/64	829
2001:db8:3f6:db17::/64	498
2001:db8:3f7:32ba::/64	90
2001:db8:3f7:cca7::/64	733
2001:db8:3f8:461::/64	407
2001:db8:3f8:223e::/64	378
2001:db8:3f8:9a28::/64	33
2001:db8:3f8:eca1::/64	943
2001:db8:3f9:1fe9::/64	34
2001:db8:3fa:2fd::/64	384
2001:db8:3fa:6b8e::/64	116
2001:db8:3fa:fd7a::/64	437
2001:db8:3fb:375b::/64	170
2001:db8:3fb:b9ce::/64	110
2001:db8:3fc:3155::/64	247
2001:db8:3fc:78b6::/64	261
2001:db8:3fc:f671::/64	154
2001:db8:3fd:638::/64	805
2001:db8:3fd:53fa::/64	621
2001:db8:3fd:627c::/64	498
2001:db8:3fd:84fc::/64	150
2001:db8:3fe:286e::/64	760
2001:db8:3fe:4295::/64	277
2001:db8:3fe:c4ed::/64	983
2001:db8:3fe:e111::/64	186
2001:db8:3ff:4eb6::/64	522
2001:db8:3ff:6a8f::/64	536
2001:db8:3ff:6e7e::/64	558
2001:db8:400:bc76::/64	671
2001:db8:400:f5ab::/64	955
2001:db8:400:fa08::/64	654
2001:db8:401:3492::/64	924
2001:db8:401:37c2::/64	723
2001:db8:401:79a8::/64	447
2001:db8:401:b333::/64	135
2001:db8:402:146c::/64	925
2001:db8:402:a76d::/64	32
2001:db8:403:a526::/64	663
2001:db8:404:6628::/64	97
2001:db8:404:76a3::/64	118
2001:db8:404:7c98::/64	828
2001:db8:404:d066::/64	767
2001:db8:405:7363::/64	719
2001:db8:405:9380::/64	75
2001:db8:405:99b9::/64	815
2001:db8:406:5033::/64	230
2001:db8:406:5d82::/64	96
2001:db8:406:776e::/64	547
2001:db8:406:cc93::/64	857
2001:db8:406:dcb4::/64	285
2001:db8:407:173b::/64	188
2001:db8:407:17e5::/64	598
2001:db8:407:2d38::/64	492
2001:db8:407:64df::/64	493
2001:db8:407:aa9c::/64	408
2001:db8:407:c791::/64	502
2001:db8:408:8bf0::/64	313
2001:db8:408:ec95::/64	520
2001:db8:409:8ba9::/64	512
2001:db8:40a:3310::/64	525
2001:db8:40a:4158::/64	346
2001:db8:40a:a2bc::/64	678
2001:db8:40a:c062::/64	111
2001:db8:40a:d611::/64	985
2001:db8:40b:3a80::/64	758
2001:db8:40b:65a4::/64	918
2001:db8:40b:6b26::/64	98
2001:db8:40b:6c97::/64	680
2001:db8:40b:a89d::/64	254
2001:db8:40b:b3dc::/64	89
2001:db8:40b:f933::/64	892
2001:db8:40c:7ed1::/64	217
2001:db8:40d:ba02::/64	378
2001:db8:40d:c21f::/64	653
2001:db8:40d:f1c3::/64	745
2001:db8:40e:705::/64	254
2001:db8:410:89c7::/64	268
2001:db8:410:e10a::/64	620
2001:db8:411:b029::/64	507
2001:db8:411:b831::/64	630
2001:db8:411:dd38::/64	228
2001:db8:412:7d0::/64	112
2001:db8:412:217d::/64	52
2001:db8:412:2189::/64	509
2001:db8:412:ca64::/64	982
2001:db8:412:d447::/64	945
2001:db8:413:146::/64	530
2001:db8:413:e215::/64	937
2001:db8:414:11bb::/64	976
2001:db8:414:1d55::/64	734
2001:db8:414:228b::/64	67
2001:db8:414:b786::/64	970
2001:db8:414:dcab::/64	85
2001:db8:414:e828::/64	431
2001:db8:415:6212::/64	415
2001:db8:415:c0a9::/64	709
2001:db8:416:279c::/64	806
2001:db8:417:3a6f::/64	66
2001:db8:417:418f::/64	101
2001:db8:418:6e7a::/64	227
2001:db8:418:7a36::/64	402
2001:db8:419:2d45::/64	903
2001:db8:419:a744::/64	867
2001:db8:41a:d30d::/64	430
2001:db8:41b:f076::/64	102
2001:db8:41c:f072::/64	971
2001:db8:41d:4910::/64	223
2001:db8:41d:ffc7::/64	561
2001:db8:41e:9b::/64	207
2001:db8:41e:d499::/64	102
2001:db8:41f:3b47::/64	582
2001:db8:41f:d9e8::/64	304
2001:db8:422:37bb::/64	540
2001:db8:422:8157::/64	310
2001:db8:422:ff77::/64	717
2001:db8:423:4d03::/64	851
2001:db8:423:96c0::/64	754
2001:db8:424:11f4::/64	720
2001:db8:424:aefb::/64	409
2001:db8:425:9aa6::/64	169
2001:db8:425:c7c4::/64	841
2001:db8:426:4a::/64	652
2001:db8:426:384d::/64	699
2001:db8:426:7a89::/64	597
2001:db8:427:7591::/64	379
2001:db8:427:b393::/64	852
2001:db8:428:3162::/64	787
2001:db8:428:633b::/64	584
2001:db8:428:6cb8::/64	669
2001:db8:428:ebf3::/64	840
2001:db8:429:197d::/64	446
2001:db8:429:bf7e::/64	784
2001:db8:42a:1a9c::/64	425
2001:db8:42a:466c::/64	152
2001:db8:42a:472d::/64	507
2001:db8:42a:658f::/64	161
2001:db8:42a:e373::/64	658
2001:db8:42b:83d8::/64	510
2001:db8:42c:5ebe::/64	125
2001:db8:42c:67bc::/64	354
2001:db8:42c:ed7e::/64	833
2001:db8:42d:67a8::/64	871
2001:db8:42d:8c06::/64	390
2001:db8:42d:9374::/64	439
2001:db8:42d:ab9b::/64	681
2001:db8:42f:1b6c::/64	320
2001:db8:430:374c::/64	965
2001:db8:430:661a::/64	336
2001:db8:433:1b03::/64	863
2001:db8:433:6105::/64	460
2001:db8:433:9940::/64	120
2001:db8:434:16bf::/64	802
2001:db8:435:2561::/64	307
2001:db8:436:1f08::/64	829
2001:db8:436:3fcd::/64	433
2001:db8:437:6d32::/64	292
2001:db8:437:c181::/64	583
2001:db8:438:42ad::/64	483
2001:db8:438:a172::/64	171
2001:db8:439:373b::/64	857
2001:db8:439:e7df::/64	945
2001:db8:43a:2e35::/64	23
2001:db8:43a:b4ea::/64	607
2001:db8:43b:6c08::/64	91
2001:db8:43c:8f24::/64	786
2001:db8:43c:b237::/64	103
2001:db8:43c:df43::/64	379
2001:db8:43d:301f::/64	867
2001:db8:43d:d8f7::/64	303
2001:db8:43e:9124::/64	199
2001:db8:43f:1f9d::/64	112
2001:db8:43f:96c0::/64	694
2001:db8:43f:a65d::/64	148
2001:db8:440:54c::/64	197
2001:db8:441:a12c::/64	205
2001:db8:444:643f::/64	875
2001:db8:445:6e32::/64	689
2001:db8:445:b4b6::/64	905
2001:db8:446:55f::/64	482
2001:db8:446:1dbc::/64	166
2001:db8:446:4387::/64	886
2001:db8:447:255d::/64	848
2001:db8:447:4cd6::/64	876
2001:db8:447:fd9f::/64	635
2001:db8:448:399c::/64	1000
2001:db8:448:4294::/64	840
2001:db8:448:a362::/64	721
2001:db8:449:36c3::/64	340
2001:db8:44a:9e9::/64	506
2001:db8:44a:3f39::/64	800
2001:db8:44a:a7e9::/64	874
2001:db8:44b:e6a::/64	116
2001:db8:44b:90f4::/64	145
2001:db8:44c:7ce1::/64	882
2001:db8:44c:f24d::/64	225
2001:db8:44d:e1f9::/64	624
2001:db8:44e:559c::/64	515
2001:db8:44f:19ae::/64	364
2001:db8:44f:4457::/64	762
2001:db8:44f:783f::/64	706
2001:db8:450:2e24::/64	39
2001:db8:450:f88b::/64	156
2001:db8:451:908::/64	406
2001:db8:451:917::/64	26
2001:db8:452:a402::/64	713
2001:db8:453:52f8::/64	370
2001:db8:454:a38::/64	461
2001:db8:455:15cc::/64	870
2001:db8:455:2a99::/64	913
2001:db8:455:84c3::/64	136
2001:db8:455:baac::/64	338
2001:db8:456:70c0::/64	8
2001:db8:456:76b0::/64	799
2001:db8:456:b908::/64	817
2001:db8:457:9060::/64	510
2001:db8:458:5cb::/64	543
2001:db8:458:7029::/64	812
2001:db8:458:776e::/64	29
2001:db8:458:94f1::/64	809
2001:db8:459:e335::/64	842
2001:db8:45a:72f0::/64	16
2001:db8:45a:db0e::/64	324
2001:db8:45b:4105::/64	317
2001:db8:45b:cdc2::/64	426
2001:db8:45b:d4d5::/64	408
2001:db8:45c:a44d::/64	646
2001:db8:45d:953a::/64	835
2001:db8:45e:77f::/64	594
2001:db8:45e:5556::/64	327
2001:db8:45f:62eb::/64	420
2001:db8:45f:f9cc::/64	707
2001:db8:460:563::/64	263
2001:db8:460:2a98::/64	312
2001:db8:460:eeec::/64	369
2001:db8:461:1672::/64	369
2001:db8:462:de6e::/64	828
2001:db8:462:e26a::/64	198
2001:db8:463:1fb1::/64	365
2001:db8:464:19bd::/64	131
2001:db8:464:2895::/64	518
2001:db8:464:f643::/64	258
2001:db8:465:1a5f::/64	510
2001:db8:466:2d78::/64	92
2001:db8:466:30f7::/64	847
2001:db8:466:d490::/64	147
2001:db8:467:2869::/64	145
2001:db8:468:b152::/64	268
2001:db8:468:efc2::/64	788
2001:db8:469:3757::/64	450
2001:db8:469:efaf::/64	363
2001:db8:46a:2453::/64	23
2001:db8:46a:2558::/64	986
2001:db8:46a:2915::/64	314
2001:db8:46b:640e::/64	141
2001:db8:46b:e0f0::/64	428
2001:db8:46b:f3a5::/64	775
2001:db8:46c:4f68::/64	132
2001:db8:46c:aab6::/64	563
2001:db8:46c:b751::/64	267
2001:db8:46e:74e::/64	277
2001:db8:46e:ae43::/64	376
2001:db8:46e:d649::/64	263
2001:db8:46e:d708::/64	740
2001:db8:46f:85cc::/64	769
2001:db8:470:953d::/64	653
2001:db8:471:2aba::/64	384
2001:db8:471:85e1::/64	680
2001:db8:471:a739::/64	616
2001:db8:471:b808::/64	293
2001:db8:472:7dfa::/64	438
2001:db8:473:8ad5::/64	368
2001:db8:473:8f22::/64	343
2001:db8:474:713d::/64	472
2001:db8:474:b0e2::/64	320
2001:db8:475:1f04::/64	809
2001:db8:475:7fb9::/64	299
2001:db8:475:b1da::/64	52
2001:db8:476:cc6c::/64	749
2001:db8:477:598::/64	920
2001:db8:477:5595::/64	983
2001:db8:477:9fcd::/64	945
2001:db8:477:b4ed::/64	954
2001:db8:478:2c90::/64	222
2001:db8:478:bc01::/64	625
2001:db8:479:efe8::/64	67
2001:db8:47a:5942::/64	826
2001:db8:47a:ea78::/64	5
2001:db8:47b:6c96::/64	220
2001:db8:47c:86f8::/64	626
2001:db8:47c:ddb7::/64	971
2001:db8:47c:dec0::/64	612
2001:db8:47d:31f6::/64	881
2001:db8:47d:e3b3::/64	640
2001:db8:47d:fe32::/64	405
2001:db8:47e:7b40::/64	715
2001:db8:47f:3334::/64	874
2001:db8:47f:4251::/64	817
2001:db8:47f:66a5::/64	408
2001:db8:47f:993c::/64	574
2001:db8:47f:c35c::/64	534
2001:db8:480:335c::/64	861
2001:db8:480:cfbe::/64	151
2001:db8:481:582c::/64	971
2001:db8:481:63ff::/64	689
2001:db8:481:722d::/64	395
2001:db8:481:af24::/64	634
2001:db8:481:f74a::/64	905
2001:db8:482:34db::/64	494
2001:db8:482:384b::/64	235
2001:db8:482:e409::/64	544
2001:db8:482:e69f::/64	191
2001:db8:483:976b::/64	356
2001:db8:483:c914::/64	205
2001:db8:484:b7d::/64	180
2001:db8:484:11e8::/64	682
2001:db8:485:3a36::/64	773
2001:db8:485:65ed::/64	674
2001:db8:486:106c::/64	461
2001:db8:486:64b3::/64	309
2001:db8:486:b371::/64	819
2001:db8:486:e46e::/64	522
2001:db8:486:f0fe::/64	234
2001:db8:487:4aa::/64	868
2001:db8:487:5627::/64	8
2001:db8:487:8116::/64	714
2001:db8:487:ba4b::/64	521
2001:db8:487:e14a::/64	764
2001:db8:487:f725::/64	951
2001:db8:488:13fb::/64	80
2001:db8:488:b545::/64	105
2001:db8:489:1ffc::/64	689
2001:db8:489:5372::/64	28
2001:db8:489:abc8::/64	824
2001:db8:489:dad3::/64	56
2001:db8:489:de8e::/64	233
2001:db8:48a:14f5::/64	702
2001:db8:48a:2bfe::/64	837
2001:db8:48a:42ff::/64	53
2001:db8:48a:9c30::/64	825
2001:db8:48a:efd5::/64	615
2001:db8:48b:6cdb::/64	189
2001:db8:48b:e3a4::/64	170
2001:db8:48c:34c::/64	483
2001:db8:48c:f325::/64	581
2001:db8:48d:419f::/64	1
2001:db8:48d:4bd5::/64	981
2001:db8:48d:ccd5::/64	767
2001:db8:48d:e063::/64	88
2001:db8:48d:ff1b::/64	475
2001:db8:48e:1df::/64	196
2001:db8:48e:486f::/64	330
2001:db8:48e:b5f6::/64	136
2001:db8:48e:d922::/64	356
2001:db8:48e:f3dd::/64	998
2001:db8:48f:85d2::/64	272
2001:db8:48f:8955::/64	585
2001:db8:48f:999a::/64	673
2001:db8:490:3a0b::/64	371
2001:db8:490:afea::/64	972
2001:db8:491:43c4::/64	921
2001:db8:491:7161::/64	432
2001:db8:492:d726::/64	248
2001:db8:493:2dbe::/64	983
2001:db8:493:3cdc::/64	544
2001:db8:493:7a63::/64	407
2001:db8:493:9b0b::/64	211
2001:db8:493:f2b4::/64	41
2001:db8:494:e85::/64	557
2001:db8:494:566c::/64	428
2001:db8:494:5a47::/64	297
2001:db8:494:f604::/64	292
2001:db8:495:3482::/64	249
2001:db8:495:41e7::/64	675
2001:db8:495:cfa3::/64	294
2001:db8:496:b543::/64	49
2001:db8:496:db9c::/64	861
2001:db8:497:9e5::/64	873
2001:db8:497:cfa6::/64	828
2001:db8:498:2142::/64	226
2001:db8:498:ae05::/64	135
2001:db8:499:1121::/64	157
2001:db8:499:b1d2::/64	435
2001:db8:49a:bb19::/64	194
2001:db8:49b:f47::/64	792
2001:db8:49b:b9b2::/64	804
2001:db8:49b:c01b::/64	654
2001:db8:49c:5815::/64	821
2001:db8:49c:73e0::/64	323
2001:db8:49d:8849::/64	416
2001:db8:49d:e8c0::/64	330
2001:db8:49e:3610::/64	458
2001:db8:49e:3d26::/64	806
2001:db8:49f:11bb::/64	953
2001:db8:49f:59ee::/64	538
2001:db8:49f:acc2::/64	709
2001:db8:49f:b02a::/64	263
2001:db8:49f:dd58::/64	838
2001:db8:49f:f16b::/64	149
2001:db8:4a0:37a::/64	405
2001:db8:4a0:2990::/64	108
2001:db8:4a0:3faf::/64	183
2001:db8:4a0:70ca::/64	241
2001:db8:4a0:7981::/64	853
2001:db8:4a0:aa80::/64	371
2001:db8:4a1:1687::/64	298
2001:db8:4a1:34a6::/64	216
2001:db8:4a1:739e::/64	413
2001:db8:4a1:93ef::/64	467
2001:db8:4a1:d89f::/64	871
2001:db8:4a2:64ed::/64	982
2001:db8:4a2:b796::/64	568
2001:db8:4a3:ec0d::/64	227
2001:db8:4a5:1b0c::/64	10
2001:db8:4a5:4151::/64	618
2001:db8:4a6:760c::/64	532
2001:db8:4a7:2fba::/64	259
2001:db8:4a7:3110::/64	479
2001:db8:4a8:331::/64	493
2001:db8:4a8:49c5::/64	688
2001:db8:4a8:764d::/64	448
2001:db8:4a8:83f1::/64	729
2001:db8:4a8:d023::/64	239
2001:db8:4a8:f42d::/64	588
2001:db8:4a8:f7f0::/64	840
2001:db8:4a9:86a7::/64	366
2001:db8:4a9:dbe4::/64	391
2001:db8:4a9:f48e::/64	876
2001:db8:4aa:16a::/64	168
2001:db8:4aa:165e::/64	954
2001:db8:4aa:4eb5::/64	423
2001:db8:4aa:5c51::/64	955
2001:db8:4aa:6a56::/64	949
2001:db8:4aa:7d4d::/64	626
2001:db8:4aa:8231::/64	687
2001:db8:4aa:83bb::/64	825
2001:db8:4aa:a046::/64	458
2001:db8:4ab:8a4::/64	222
2001:db8:4ab:38ca::/64	346
2001:db8:4ab:860d::/64	801
2001:db8:4ab:cc53::/64	460
2001:db8:4ac:8070::/64	760
2001:db8:4ac:a3c1::/64	946
2001:db8:4ac:aa3a::/64	248
2001:db8:4ad:6672::/64	178
2001:db8:4af:cb48::/64	374
2001:db8:4af:f4eb::/64	552
2001:db8:4b0:3527::/64	112
2001:db8:4b0:387a::/64	102
2001:db8:4b0:52fe::/64	525
2001:db8:4b0:c2a0::/64	360
2001:db8:4b1:6585::/64	562
2001:db8:4b1:bb44::/64	215
2001:db8:4b2:e382::/64	270
2001:db8:4b3:5690::/64	868
2001:db8:4b3:6736::/64	583
2001:db8:4b3:f322::/64	275
2001:db8:4b4:3684::/64	196
2001:db8:4b4:7ba2::/64	4
2001:db8:4b4:7f90::/64	298
2001:db8:4b4:a886::/64	493
2001:db8:4b4:c593::/64	787
2001:db8:4b5:229::/64	706
2001:db8:4b5:1b38::/64	328
2001:db8:4b5:7b33::/64	68
2001:db8:4b5:86ae::/64	456
2001:db8:4b5:d754::/64	83
2001:db8:4b6:4eac::/64	972
2001:db8:4b6:85fc::/64	810
2001:db8:4b7:2476::/64	631
2001:db8:4b7:6128::/64	799
2001:db8:4b7:f9d1::/64	600
2001:db8:4b8:1f7::/64	835
2001:db8:4b8:479e::/64	187
2001:db8:4b8:b155::/64	238
2001:db8:4ba:5a76::/64	585
2001:db8:4ba:9f3c::/64	884
2001:db8:4ba:f729::/64	513
2001:db8:4bb:903::/64	937
2001:db8:4bb:eb73::/64	610
2001:db8:4bc:e38f::/64	403
2001:db8:4bd:f8f8::/64	315
2001:db8:4be:1e1d::/64	178
2001:db8:4be:9aa3::/64	774
2001:db8:4be:e3f9::/64	633
2001:db8:4bf:c78d::/64	143
2001:db8:4bf:ca66::/64	479
2001:db8:4bf:e689::/64	307
2001:db8:4c0:20eb::/64	504
2001:db8:4c0:62f5::/64	632
2001:db8:4c0:77bd::/64	687
2001:db8:4c0:7a20::/64	913
2001:db8:4c0:c117::/64	683
2001:db8:4c1:adb9::/64	273
2001:db8:4c1:f919::/64	907
2001:db8:4c2:6859::/64	780
2001:db8:4c3:bca3::/64	567
2001:db8:4c4:2a2a::/64	677
2001:db8:4c4:968d::/64	405
2001:db8:4c5:68db::/64	819
2001:db8:4c5:6984::/64	66
2001:db8:4c5:d6ae::/64	156
2001:db8:4c6:4e0d::/64	874
2001:db8:4c6:6e22::/64	875
2001:db8:4c6:87a7::/64	819
2001:db8:4c7:3f2d::/64	89
2001:db8:4c7:afc1::/64	511
2001:db8:4c8:a060::/64	21
2001:db8:4c8:a371::/64	320
2001:db8:4c9:355::/64	863
2001:db8:4c9:8412::/64	41
2001:db8:4c9:9ad2::/64	922
2001:db8:4c9:e2d0::/64	512
2001:db8:4c9:f92b::/64	783
2001:db8:4cb:2d9b::/64	179
2001:db8:4cb:6810::/64	395
2001:db8:4cb:c1eb::/64	494
2001:db8:4cb:c35e::/64	426
2001:db8:4cb:db42::/64	132
2001:db8:4cc:8383::/64	247
2001:db8:4cc:8571::/64	520
2001:db8:4cc:ab99::/64	748
2001:db8:4cc:e368::/64	715
2001:db8:4ce:7484::/64	347
2001:db8:4ce:c1f2::/64	181
2001:db8:4ce:d389::/64	394
2001:db8:4cf:3c20::/64	616
2001:db8:4cf:6611::/64	8
2001:db8:4cf:7c2a::/64	913
2001:db8:4d0:1928::/64	85
2001:db8:4d0:2d6a::/64	6
2001:db8:4d0:7c8f::/64	303
2001:db8:4d0:ada0::/64	626
2001:db8:4d0:b498::/64	418
2001:db8:4d0:e206::/64	8
2001:db8:4d0:e6d3::/64	34
2001:db8:4d1:80e6::/64	417
2001:db8:4d3:aed5::/64	712
2001:db8:4d3:b78b::/64	399
2001:db8:4d3:ee1b::/64	209
2001:db8:4d4:5301::/64	747
2001:db8:4d4:776d::/64	643
2001:db8:4d4:a852::/64	502
2001:db8:4d5:9be5::/64	584
2001:db8:4d6:1bcf::/64	389
2001:db8:4d6:796c::/64	557
2001:db8:4d6:b54e::/64	66
2001:db8:4d6:ed59::/64	225
2001:db8:4d7:b683::/64	338
2001:db8:4d8:3c0d::/64	274
2001:db8:4d8:54a0::/64	168
2001:db8:4d8:82ac::/64	520
2001:db8:4d9:32da::/64	878
2001:db8:4d9:3599::/64	248
2001:db8:4d9:4206::/64	645
2001:db8:4d9:4b5b::/64	847
2001:db8:4d9:e62a::/64	867
2001:db8:4da:b285::/64	352
2001:db8:4db:ca70::/64	176
2001:db8:4dc:30b9::/64	573
2001:db8:4dc:9181::/64	934
2001:db8:4de:3b6c::/64	182
2001:db8:4de:b716::/64	472
2001:db8:4de:f885::/64	730
2001:db8:4de:fb31::/64	366
2001:db8:4df:2a66::/64	139
2001:db8:4df:43b6::/64	53
2001:db8:4df:7186::/64	98
2001:db8:4df:83bf::/64	199
2001:db8:4e0:37f5::/64	945
2001:db8:4e0:671c::/64	477
2001:db8:4e1:15d3::/64	237
2001:db8:4e2:190e::/64	448
2001:db8:4e2:2c99::/64	769
2001:db8:4e2:ab6d::/64	199
2001:db8:4e2:afd8::/64	263
2001:db8:4e3:3af0::/64	743
2001:db8:4e3:45de::/64	107
2001:db8:4e3:742d::/64	182
2001:db8:4e3:a45e::/64	606
2001:db8:4e3:bae2::/64	597
2001:db8:4e4:2c6a::/64	149
2001:db8:4e4:4e00::/64	558
2001:db8:4e5:b5c2::/64	327
2001:db8:4e5:ff32::/64	832
2001:db8:4e6:1d2f::/64	545
2001:db8:4e6:8bd2::/64	520
2001:db8:4e6:df6f::/64	741
2001:db8:4e7:12a8::/64	752
2001:db8:4e7:36ec::/64	70
2001:db8:4e7:4188::/64	80
2001:db8:4e8:4534::/64	955
2001:db8:4e8:a11e::/64	599
2001:db8:4e9:a83a::/64	142
2001:db8:4e9:cefb::/64	910
2001:db8:4ea:6cc::/64	753
2001:db8:4ea:9ff5::/64	150
2001:db8:4ea:b4ad::/64	752
2001:db8:4ea:ecaf::/64	961
2001:db8:4eb:6b7::/64	181
2001:db8:4eb:2c1e::/64	627
2001:db8:4ec:523f::/64	611
2001:db8:4ec:bc1c::/64	236
2001:db8:4ec:e9e4::/64	301
2001:db8:4ed:3054::/64	983
2001:db8:4ee:808f::/64	515
2001:db8:4ee:d22b::/64	377
2001:db8:4ef:d51::/64	302
2001:db8:4ef:6ebb::/64	80
2001:db8:4f0:41d::/64	561
2001:db8:4f0:22f0::/64	828
2001:db8:4f0:4a2b::/64	357
2001:db8:4f0:6ac4::/64	441
2001:db8:4f0:ac7b::/64	284
2001:db8:4f1:5058::/64	526
2001:db8:4f2:a511::/64	153
2001:db8:4f2:b56c::/64	586
2001:db8:4f3:3ac::/64	4
2001:db8:4f3:4f02::/64	376
2001:db8:4f3:77e3::/64	276
2001:db8:4f3:924b::/64	293
2001:db8:4f4:1460::/64	74
2001:db8:4f4:3db9::/64	217
2001:db8:4f4:9ea6::/64	417
2001:db8:4f4:a212::/64	555
2001:db8:4f4:c104::/64	675
2001:db8:4f4:f3ff::/64	247
2001:db8:4f5:ecb9::/64	863
2001:db8:4f5:fe80::/64	301
2001:db8:4f6:db8::/64	868
2001:db8:4f6:1836::/64	873
2001:db8:4f6:73c3::/64	662
2001:db8:4f6:87b2::/64	934
2001:db8:4f6:9873::/64	665
2001:db8:4f7:919::/64	265
2001:db8:4f7:12ad::/64	935
2001:db8:4f7:3ecf::/64	204
2001:db8:4f8:49e7::/64	985
2001:db8:4f8:6c87::/64	472
2001:db8:4f8:a189::/64	284
2001:db8:4f8:d2e9::/64	485
2001:db8:4f9:1222::/64	340
2001:db8:4f9:92db::/64	247
2001:db8:4f9:e393::/64	360
2001:db8:4fa:2abd::/64	476
2001:db8:4fa:d683::/64	802
2001:db8:4fb:74::/64	10
2001:db8:4fb:1bfa::/64	936
2001:db8:4fb:2ad8::/64	778
2001:db8:4fb:55c7::/64	445
2001:db8:4fc:c45::/64	492
2001:db8:4fd:4929::/64	521
2001:db8:4fe:7bd5::/64	165
2001:db8:4fe:a38c::/64	472
2001:db8:4ff:386::/64	619
2001:db8:4ff:610d::/64	585
2001:db8:4ff:75e7::/64	977
2001:db8:4ff:77e2::/64	553
2001:db8:4ff:b1c9::/64	369
2001:db8:4ff:fccd::/64	508
2001:db8:500:236c::/64	55
2001:db8:500:ae87::/64	276
2001:db8:501:445e::/64	516
2001:db8:502:1b75::/64	333
2001:db8:502:4103::/64	103
2001:db8:503:516d::/64	305
2001:db8:503:9c48::/64	851
2001:db8:504:34e9::/64	247
2001:db8:504:9095::/64	3
2001:db8:504:cb5a::/64	857
2001:db8:504:cbad::/64	376
2001:db8:504:f289::/64	756
2001:db8:505:48a3::/64	768
2001:db8:505:9e7f::/64	317
2001:db8:505:b293::/64	779
2001:db8:506:6671::/64	844
2001:db8:506:8c27::/64	354
2001:db8:506:e15d::/64	414
2001:db8:507:27ff::/64	167
2001:db8:508:3137::/64	738
2001:db8:508:e46b::/64	284
2001:db8:508:ec34::/64	323
2001:db8:509:8111::/64	591
2001:db8:509:a013::/64	449
2001:db8:509:e6cb::/64	538
2001:db8:50a:6080::/64	320
2001:db8:50a:769e::/64	31
2001:db8:50a:b230::/64	391
2001:db8:50b:1a04::/64	668
2001:db8:50c:6816::/64	384
2001:db8:50e:1833::/64	208
2001:db8:50e:4125::/64	602
2001:db8:50e:7545::/64	640
2001:db8:50e:9068::/64	20
2001:db8:50e:a17e::/64	956
2001:db8:50f:e50e::/64	516
2001:db8:510:e13b::/64	657
2001:db8:510:ea1f::/64	497
2001:db8:511:a532::/64	836
2001:db8:511:f3d4::/64	300
2001:db8:512:6a7::/64	542
2001:db8:512:2057::/64	704
2001:db8:512:3a13::/64	655
2001:db8:512:3ded::/64	468
2001:db8:512:c68c::/64	764
2001:db8:513:2395::/64	406
2001:db8:513:c18f::/64	726
2001:db8:513:f95a::/64	634
2001:db8:513:f98a::/64	874
2001:db8:514:5602::/64	238
2001:db8:514:f268::/64	314
2001:db8:515:501::/64	780
2001:db8:515:baab::/64	261
2001:db8:515:d8ca::/64	444
2001:db8:516:7de4::/64	79
2001:db8:516:aeaf::/64	945
2001:db8:517:565::/64	890
2001:db8:517:4497::/64	241
2001:db8:518:e182::/64	253
2001:db8:519:89b0::/64	480
2001:db8:51a:db::/64	513
2001:db8:51a:276c::/64	66
2001:db8:51b:43d0::/64	815
2001:db8:51c:298a::/64	910
2001:db8:51d:fbb::/64	859
2001:db8:51d:64cd::/64	320
2001:db8:51d:a38e::/64	390
2001:db8:51d:b017::/64	87
2001:db8:51d:d61a::/64	589
2001:db8:51f:15a9::/64	615
2001:db8:51f:4793::/64	604
2001:db8:51f:edc1::/64	878
2001:db8:520:166e::/64	899
2001:db8:520:2da7::/64	854
2001:db8:520:da1d::/64	535
2001:db8:521:48dc::/64	951
2001:db8:522:1788::/64	520
2001:db8:522:2a0a::/64	67
2001:db8:522:3696::/64	748
2001:db8:522:b4a9::/64	606
2001:db8:523:27cb::/64	261
2001:db8:523:4ca1::/64	226
2001:db8:523:5b27::/64	911
2001:db8:523:9a6c::/64	372
2001:db8:524:13dc::/64	399
2001:db8:524:4fb9::/64	273
2001:db8:524:7d23::/64	176
2001:db8:525:321a::/64	378
2001:db8:525:43c6::/64	980
2001:db8:525:7803::/64	352
2001:db8:526:5cac::/64	29
2001:db8:526:6948::/64	681
2001:db8:526:a551::/64	807
2001:db8:526:c2fe::/64	525
2001:db8:526:ff91::/64	839
2001:db8:527:1b31::/64	869
2001:db8:527:51f8::/64	285
2001:db8:527:f130::/64	577
2001:db8:528:6c3f::/64	416
2001:db8:529:3d5b::/64	673
2001:db8:529:4eb0::/64	608
2001:db8:529:b002::/64	830
2001:db8:52a:1f26::/64	235
2001:db8:52a:2585::/64	288
2001:db8:52b:333b::/64	204
2001:db8:52b:556e::/64	872
2001:db8:52b:75a4::/64	132
2001:db8:52b:cc8a::/64	645
2001:db8:52b:cf9a::/64	76
2001:db8:52c:1282::/64	636
2001:db8:52c:df58::/64	105
2001:db8:52c:ee6f::/64	85
2001:db8:52d:1cb5::/64	469
2001:db8:52d:895d::/64	154
2001:db8:52e:8210::/64	966
2001:db8:530:fc69::/64	861
2001:db8:531:7b2f::/64	870
2001:db8:531:ab98::/64	965
2001:db8:532:5b2a::/64	307
2001:db8:533:89d::/64	712
2001:db8:533:4852::/64	647
2001:db8:533:eddd::/64	747
2001:db8:534:5e57::/64	337
2001:db8:535:44f8::/64	49
2001:db8:535:715e::/64	185
2001:db8:535:7e8c::/64	190
2001:db8:535:7f50::/64	392
2001:db8:535:8bef::/64	515
2001:db8:535:b1a1::/64	939
2001:db8:536:15b2::/64	456
2001:db8:536:27f4::/64	214
2001:db8:536:c265::/64	300
2001:db8:536:edd1::/64	984
2001:db8:537:8220::/64	240
2001:db8:538:bd6::/64	872
2001:db8:538:5fb8::/64	412
2001:db8:538:703a::/64	654
2001:db8:538:c392::/64	737
2001:db8:539:7176::/64	674
2001:db8:539:a68f::/64	217
2001:db8:53a:58a::/64	585
2001:db8:53a:4ba8::/64	616
2001:db8:53a:9470::/64	367
2001:db8:53a:f1ff::/64	397
2001:db8:53a:f499::/64	47
2001:db8:53b:a6d::/64	450
2001:db8:53b:3da9::/64	418
2001:db8:53b:9759::/64	528
2001:db8:53b:b9ff::/64	601
2001:db8:53c:1451::/64	447
2001:db8:53c:2c2f::/64	234
2001:db8:53c:4cec::/64	136
2001:db8:53c:6efc::/64	776
2001:db8:53c:fdb2::/64	809
2001:db8:53f:b39::/64	481
2001:db8:53f:217d::/64	528
2001:db8:53f:770a::/64	634
2001:db8:53f:9ca0::/64	826
2001:db8:540:5e99::/64	602
2001:db8:542:1bdb::/64	38
2001:db8:542:26ff::/64	640
2001:db8:542:54f6::/64	991
2001:db8:542:778c::/64	728
2001:db8:542:bf9e::/64	294
2001:db8:543:3174::/64	993
2001:db8:544:14b0::/64	728
2001:db8:544:4158::/64	810
2001:db8:544:e5c2::/64	970
2001:db8:545:c2cb::/64	708
2001:db8:547:6d02::/64	739
2001:db8:548:690a::/64	884
2001:db8:549:39da::/64	411
2001:db8:549:48f3::/64	894
2001:db8:549:7951::/64	635
2001:db8:549:8979::/64	190
2001:db8:549:dc43::/64	361
2001:db8:54b:20a4::/64	429
2001:db8:54b:9105::/64	178
2001:db8:54b:b8dc::/64	827
2001:db8:54c:8487::/64	971
2001:db8:54d:e4d::/64	96
2001:db8:54d:bd31::/64	137
2001:db8:54f:83e::/64	783
2001:db8:54f:d2c::/64	456
2001:db8:54f:b555::/64	189
2001:db8:550:7cc7::/64	43
2001:db8:550:f124::/64	465
2001:db8:551:263f::/64	472
2001:db8:551:b983::/64	91
2001:db8:551:f437::/64	45
2001:db8:552:b7b::/64	383
2001:db8:552:5876::/64	162
2001:db8:553:9d36::/64	34
2001:db8:554:528c::/64	340
2001:db8:554:7796::/64	9
2001:db8:554:b00d::/64	117
2001:db8:554:d7e0::/64	595
2001:db8:555:ecb::/64	705
2001:db8:555:287b::/64	10
2001:db8:555:3786::/64	497
2001:db8:556:e61d::/64	924
2001:db8:557:5e5f::/64	417
2001:db8:557:c37e::/64	593
2001:db8:558:608c::/64	213
2001:db8:558:95f4::/64	940
2001:db8:558:9a40::/64	622
2001:db8:558:b3f7::/64	753
2001:db8:558:e0de::/64	544
2001:db8:559:22f6::/64	250
2001:db8:559:2e00::/64	438
2001:db8:55b:c01::/64	382
2001:db8:55b:1add::/64	962
2001:db8:55b:44f9::/64	422
2001:db8:55b:70ba::/64	408
2001:db8:55c:b63c::/64	334
2001:db8:55d:b72::/64	70
2001:db8:55d:22d9::/64	597
2001:db8:55d:8c94::/64	47
2001:db8:55d:fbfa::/64	69
2001:db8:55e:cb0::/64	344
2001:db8:55e:2428::/64	606
2001:db8:55e:75cb::/64	180
2001:db8:55f:539::/64	433
2001:db8:55f:b5a5::/64	57
2001:db8:560:1c84::/64	318
2001:db8:560:2646::/64	384
2001:db8:561:2cd9::/64	740
2001:db8:561:5b95::/64	887
2001:db8:561:f901::/64	367
2001:db8:562:2f8f::/64	637
2001:db8:562:d3cd::/64	903
2001:db8:563:4d09::/64	120
2001:db8:563:bf9f::/64	868
2001:db8:564:3245::/64	676
2001:db8:564:8eea::/64	896
2001:db8:564:a886::/64	27
2001:db8:565:af7c::/64	252
2001:db8:567:27c::/64	701
2001:db8:567:13f6::/64	924
2001:db8:567:465a::/64	338
2001:db8:567:884c::/64	573
2001:db8:567:c8c7::/64	73
2001:db8:567:e02c::/64	168
2001:db8:568:aae8::/64	659
2001:db8:568:b1e4::/64	188
2001:db8:568:d325::/64	422
2001:db8:56a:d69b::/64	594
2001:db8:56a:f456::/64	336
2001:db8:56b:6e2::/64	550
2001:db8:56b:1812::/64	292
2001:db8:56b:2b30::/64	358
2001:db8:56b:7357::/64	124
2001:db8:56b:9d78::/64	603
2001:db8:56b:c506::/64	61
2001:db8:56b:cfac::/64	991
2001:db8:56b:fe0b::/64	221
2001:db8:56c:80d8::/64	39
2001:db8:56d:1b72::/64	124
2001:db8:56d:3542::/64	340
2001:db8:56d:4c57::/64	458
2001:db8:56d:5d24::/64	554
2001:db8:56e:fc3::/64	149
2001:db8:56e:5901::/64	620
2001:db8:56e:7b49::/64	12
2001:db8:56e:8817::/64	58
2001:db8:56e:969d::/64	404
2001:db8:56e:adef::/64	618
2001:db8:56e:bdfb::/64	444
2001:db8:56f:1a2::/64	170
2001:db8:56f:4598::/64	961
2001:db8:56f:4b54::/64	235
2001:db8:56f:a2bf::/64	306
2001:db8:56f:f8c0::/64	771
2001:db8:570:7a97::/64	321
2001:db8:571:a106::/64	859
2001:db8:571:d82b::/64	740
2001:db8:571:dae3::/64	718
2001:db8:572:5385::/64	402
2001:db8:572:841d::/64	114
2001:db8:572:d345::/64	525
2001:db8:572:d3d1::/64	902
2001:db8:572:da28::/64	160
2001:db8:572:ec4c::/64	345
2001:db8:573:7de6::/64	591
2001:db8:573:ad53::/64	780
2001:db8:573:b363::/64	486
2001:db8:574:f77c::/64	466
2001:db8:575:eed7::/64	102
2001:db8:576:3aa::/64	99
2001:db8:576:964f::/64	111
2001:db8:577:7fd::/64	194
2001:db8:577:63c4::/64	44
2001:db8:577:ca8b::/64	182
2001:db8:578:436::/64	792
2001:db8:578:24c9::/64	923
2001:db8:578:2a52::/64	471
2001:db8:578:53cd::/64	625
2001:db8:579:2452::/64	335
2001:db8:579:26c7::/64	665
2001:db8:579:a6a2::/64	409
2001:db8:579:f83a::/64	180
2001:db8:57a:6a8f::/64	416
2001:db8:57b:759::/64	557
2001:db8:57b:4cc8::/64	686
2001:db8:57b:79e1::/64	912
2001:db8:57c:3e7::/64	93
2001:db8:57c:e734::/64	902
2001:db8:57d:d415::/64	97
2001:db8:57e:3772::/64	494
2001:db8:57e:407d::/64	636
2001:db8:57e:6a70::/64	201
2001:db8:57e:81f9::/64	627
2001:db8:57f:fd83::/64	150
2001:db8:580:fd1b::/64	306
2001:db8:581:7f5::/64	16
2001:db8:581:c8ba::/64	97
2001:db8:581:d5a5::/64	710
2001:db8:581:feff::/64	127
2001:db8:582:5a33::/64	297
2001:db8:582:f672::/64	969
2001:db8:583:1259::/64	375
2001:db8:583:230c::/64	651
2001:db8:583:60c3::/64	516
2001:db8:583:dea9::/64	334
2001:db8:584:8625::/64	347
2001:db8:584:a358::/64	209
2001:db8:584:a800::/64	196
2001:db8:585:5985::/64	555
2001:db8:585:85fe::/64	209
2001:db8:586:be39::/64	182
2001:db8:587:7833::/64	536
2001:db8:587:8755::/64	170
2001:db8:587:f464::/64	350
2001:db8:589:17e2::/64	409
2001:db8:589:34a4::/64	978
2001:db8:58a:9c14::/64	285
2001:db8:58a:bb91::/64	531
2001:db8:58c:1ae0::/64	509
2001:db8:58c:c33d::/64	591
2001:db8:58d:42e1::/64	981
2001:db8:58e:188d::/64	716
2001:db8:58e:1e70::/64	400
2001:db8:58e:abf2::/64	115
2001:db8:58f:889d::/64	347
2001:db8:58f:b0b9::/64	637
2001:db8:591:6fb8::/64	982
2001:db8:591:8fb9::/64	809
2001:db8:591:a82a::/64	951
2001:db8:591:ce42::/64	217
2001:db8:592:52c7::/64	839
2001:db8:592:8177::/64	735
2001:db8:592:8770::/64	473
2001:db8:592:a505::/64	439
2001:db8:593:55f7::/64	528
2001:db8:593:6def::/64	130
2001:db8:593:8e03::/64	855
2001:db8:594:a0ea::/64	467
2001:db8:594:e704::/64	934
2001:db8:595:1b05::/64	59
2001:db8:595:3dce::/64	416
2001:db8:595:aa95::/64	483
2001:db8:596:1fd8::/64	986
2001:db8:596:2917::/64	625
2001:db8:597:aa00::/64	146
2001:db8:598:55e8::/64	5
2001:db8:598:e399::/64	688
2001:db8:599:9e27::/64	341
2001:db8:599:f035::/64	897
2001:db8:59a:9d16::/64	291
2001:db8:59b:8fb0::/64	828
2001:db8:59b:a34c::/64	276
2001:db8:59c:6272::/64	827
2001:db8:59c:98cd::/64	974
2001:db8:59c:cd88::/64	744
2001:db8:59c:e748::/64	495
2001:db8:59d:1d2a::/64	989
2001:db8:59d:464c::/64	733
2001:db8:59d:99be::/64	341
2001:db8:59d:d9c6::/64	156
2001:db8:59e:cb1b::/64	479
2001:db8:59f:45e0::/64	202
2001:db8:59f:647d::/64	770
2001:db8:59f:655a::/64	370
2001:db8:59f:bfcb::/64	913
2001:db8:59f:d82e::/64	494
2001:db8:59f:ecca::/64	609
2001:db8:5a0:94e::/64	958
2001:db8:5a0:311e::/64	7
2001:db8:5a2:87e::/64	962
2001:db8:5a2:3518::/64	516
2001:db8:5a2:a29b::/64	32
2001:db8:5a3:5246::/64	555
2001:db8:5a3:ab50::/64	991
2001:db8:5a4:6ac9::/64	985
2001:db8:5a4:db49::/64	712
2001:db8:5a5:1bfc::/64	894
2001:db8:5a5:48e8::/64	893
2001:db8:5a5:e315::/64	200
2001:db8:5a6:d5ab::/64	163
2001:db8:5a7:1f6b::/64	110
2001:db8:5a7:b07f::/64	926
2001:db8:5a8:a96f::/64	655
2001:db8:5a9:80b5::/64	155
2001:db8:5a9:af9f::/64	690
2001:db8:5a9:f519::/64	381
2001:db8:5aa:aec::/64	535
2001:db8:5aa:ec9f::/64	550
2001:db8:5ab:5e::/64	648
2001:db8:5ab:35e3::/64	802
2001:db8:5ab:5914::/64	871
2001:db8:5ab:b33b::/64	646
2001:db8:5ac:c4a::/64	90
2001:db8:5ac:4504::/64	641
2001:db8:5ac:c36a::/64	603
2001:db8:5ad:5b3a::/64	462
2001:db8:5ad:895e::/64	85
2001:db8:5ae:90fb::/64	131
2001:db8:5af:2862::/64	442
2001:db8:5af:dd98::/64	279
2001:db8:5b0:9393::/64	894
2001:db8:5b0:c16c::/64	893
2001:db8:5b1:80d6::/64	961
2001:db8:5b1:be5e::/64	440
2001:db8:5b2:3b50::/64	473
2001:db8:5b2:fe56::/64	697
2001:db8:5b3:6b69::/64	606
2001:db8:5b3:8fba::/64	671
2001:db8:5b3:c41b::/64	254
2001:db8:5b4:150e::/64	266
2001:db8:5b4:ac62::/64	233
2001:db8:5b4:bdef::/64	909
2001:db8:5b5:64ac::/64	93
2001:db8:5b5:8714::/64	939
2001:db8:5b5:a9da::/64	498
2001:db8:5b5:ddc9::/64	974
2001:db8:5b6:ddd::/64	360
2001:db8:5b7:b541::/64	391
2001:db8:5b8:3eb9::/64	166
2001:db8:5b8:aef6::/64	290
2001:db8:5b9:f074::/64	93
2001:db8:5ba:15ef::/64	639
2001:db8:5ba:77d0::/64	719
2001:db8:5ba:a9ec::/64	954
2001:db8:5bb:8406::/64	101
2001:db8:5bc:5b3::/64	242
2001:db8:5bc:9f4::/64	575
2001:db8:5bc:38fa::/64	686
2001:db8:5bd:4c58::/64	107
2001:db8:5bd:c06d::/64	750
2001:db8:5c0:3121::/64	756
2001:db8:5c0:ab6e::/64	933
2001:db8:5c0:b7b7::/64	4
2001:db8:5c1:2810::/64	993
2001:db8:5c1:32f5::/64	111
2001:db8:5c1:4741::/64	246
2001:db8:5c1:56d6::/64	800
2001:db8:5c2:62fa::/64	948
2001:db8:5c3:405::/64	358
2001:db8:5c3:c2cd::/64	614
2001:db8:5c4:46e8::/64	744
2001:db8:5c4:4ad5::/64	491
2001:db8:5c4:4bf6::/64	513
2001:db8:5c5:c::/64	572
2001:db8:5c5:1098::/64	617
2001:db8:5c5:2262::/64	655
2001:db8:5c5:4f27::/64	123
2001:db8:5c5:b641::/64	705
2001:db8:5c6:24b9::/64	781
2001:db8:5c6:2f84::/64	511
2001:db8:5c6:989b::/64	357
2001:db8:5c6:fe17::/64	341
2001:db8:5c7:407::/64	133
2001:db8:5c7:8d36::/64	351
2001:db8:5c7:a820::/64	31
2001:db8:5c7:d45c::/64	133
2001:db8:5c7:f445::/64	839
2001:db8:5c8:a3fd::/64	961
2001:db8:5c9:5c0f::/64	178
2001:db8:5c9:a360::/64	404
2001:db8:5c9:ff87::/64	162
2001:db8:5ca:ac1::/64	790
2001:db8:5ca:647c::/64	430
2001:db8:5ca:6a51::/64	560
2001:db8:5ca:6c09::/64	284
2001:db8:5ca:c2d3::/64	585
2001:db8:5cb:3e41::/64	659
2001:db8:5cb:6da7::/64	664
2001:db8:5cb:c628::/64	588
2001:db8:5cb:f858::/64	712
2001:db8:5cb:fd63::/64	39
2001:db8:5cd:7c9f::/64	900
2001:db8:5cd:961a::/64	850
2001:db8:5cd:f0e1::/64	457
2001:db8:5cd:f901::/64	903
2001:db8:5ce:1765::/64	357
2001:db8:5ce:1b77::/64	830
2001:db8:5ce:3a0d::/64	709
2001:db8:5ce:52ce::/64	457
2001:db8:5ce:6134::/64	593
2001:db8:5cf:1f0f::/64	466
2001:db8:5cf:2091::/64	110
2001:db8:5cf:3d30::/64	375
2001:db8:5cf:52b2::/64	720
2001:db8:5cf:5dda::/64	566
2001:db8:5cf:78da::/64	223
2001:db8:5cf:f20b::/64	102
2001:db8:5d0:462b::/64	762
2001:db8:5d0:ac88::/64	878
2001:db8:5d0:beca::/64	761
2001:db8:5d1:be72::/64	478
2001:db8:5d1:fdf3::/64	26
2001:db8:5d2:589::/64	808
2001:db8:5d2:2af9::/64	149
2001:db8:5d2:d6be::/64	315
2001:db8:5d2:ffbc::/64	45
2001:db8:5d3:6513::/64	1
2001:db8:5d4:3e63::/64	658
2001:db8:5d4:428a::/64	22
2001:db8:5d4:6e57::/64	930
2001:db8:5d4:d985::/64	764
2001:db8:5d5:c702::/64	548
2001:db8:5d6:af80::/64	173
2001:db8:5d7:36f8::/64	32
2001:db8:5d7:49fa::/64	364
2001:db8:5d7:d771::/64	781
2001:db8:5d8:1932::/64	32
2001:db8:5d9:6e51::/64	348
2001:db8:5d9:e09b::/64	926
2001:db8:5da:4193::/64	308
2001:db8:5da:93e4::/64	286
2001:db8:5da:97e9::/64	521
2001:db8:5da:b62a::/64	936
2001:db8:5da:f160::/64	753
2001:db8:5db:f9d::/64	235
2001:db8:5db:5241::/64	310
2001:db8:5db:e96d::/64	174
2001:db8:5dc:75bd::/64	167
2001:db8:5dc:a5b8::/64	519
2001:db8:5dd:2bab::/64	365
2001:db8:5dd:69c6::/64	55
2001:db8:5dd:7965::/64	548
2001:db8:5de:a3d1::/64	816
2001:db8:5df:6b0::/64	990
2001:db8:5df:26e7::/64	141
2001:db8:5df:97f8::/64	936
2001:db8:5df:bc51::/64	2
2001:db8:5e0:2b92::/64	544
2001:db8:5e0:7999::/64	351
2001:db8:5e1:aabd::/64	377
2001:db8:5e2:1bf8::/64	557
2001:db8:5e2:b189::/64	912
2001:db8:5e3:3525::/64	355
2001:db8:5e3:77e3::/64	618
2001:db8:5e3:9cd1::/64	459
2001:db8:5e3:d71b::/64	307
2001:db8:5e5:36ad::/64	188
2001:db8:5e5:74c4::/64	315
2001:db8:5e5:b454::/64	135
2001:db8:5e5:bb89::/64	547
2001:db8:5e6:30e::/64	849
2001:db8:5e6:5bd5::/64	651
2001:db8:5e6:acdf::/64	380
2001:db8:5e6:c002::/64	228
2001:db8:5e6:e922::/64	621
2001:db8:5e7:4bd::/64	106
2001:db8:5e7:bbc::/64	371
2001:db8:5e7:7a44::/64	560
2001:db8:5e7:9e91::/64	411
2001:db8:5e7:c081::/64	477
2001:db8:5e8:3e83::/64	306
2001:db8:5e8:4f82::/64	820
2001:db8:5e8:64d7::/64	238
2001:db8:5e9:c8d::/64	197
2001:db8:5e9:4545::/64	650
2001:db8:5e9:9a74::/64	984
2001:db8:5e9:9e15::/64	90
2001:db8:5e9:adba::/64	702
2001:db8:5e9:d488::/64	773
2001:db8:5ea:16c7::/64	604
2001:db8:5ea:28ee::/64	973
2001:db8:5eb:b8ef::/64	761
2001:db8:5ec:7205::/64	376
2001:db8:5ec:764e::/64	152
2001:db8:5ec:9ba9::/64	860
2001:db8:5ee:4386::/64	420
2001:db8:5ee:b0fe::/64	891
2001:db8:5ef:bc77::/64	894
2001:db8:5ef:e482::/64	927
2001:db8:5f0:a13c::/64	770
2001:db8:5f1:4e37::/64	899
2001:db8:5f1:96dd::/64	562
2001:db8:5f1:ed23::/64	732
2001:db8:5f1:f3b6::/64	667
2001:db8:5f2:9446::/64	182
2001:db8:5f3:8a9b::/64	431
2001:db8:5f3:afe4::/64	343
2001:db8:5f3:e7b8::/64	66
2001:db8:5f4:2208::/64	198
2001:db8:5f4:da7a::/64	429
2001:db8:5f4:ded1::/64	981
2001:db8:5f5:6d4::/64	211
2001:db8:5f5:7f3f::/64	835
2001:db8:5f6:4f3b::/64	93
2001:db8:5f7:c9c6::/64	181
2001:db8:5f8:415f::/64	265
2001:db8:5f8:9199::/64	692
2001:db8:5f9:4240::/64	930
2001:db8:5f9:5c5c::/64	922
2001:db8:5fa:8179::/64	54
2001:db8:5fa:9f3a::/64	795
2001:db8:5fb:241::/64	247
2001:db8:5fb:d98::/64	575
2001:db8:5fb:f95::/64	318
2001:db8:5fb:2462::/64	312
2001:db8:5fb:b899::/64	568
2001:db8:5fc:500::/64	856
2001:db8:5fc:4bc6::/64	821
2001:db8:5fc:bc0b::/64	637
2001:db8:5fd:f287::/64	693
2001:db8:5fe:22ca::/64	249
2001:db8:5fe:2914::/64	282
2001:db8:5ff:5157::/64	232
2001:db8:5ff:6bc5::/64	869
2001:db8:5ff:7b82::/64	541
2001:db8:5ff:9831::/64	85
2001:db8:5ff:ffb5::/64	426
2001:db8:600:5711::/64	348
2001:db8:600:8791::/64	637
2001:db8:601:379::/64	624
2001:db8:601:7d36::/64	209
2001:db8:601:a88c::/64	502
2001:db8:602:daca::/64	392
2001:db8:603:59e6::/64	56
2001:db8:603:5b6c::/64	259
2001:db8:603:648e::/64	903
2001:db8:603:7b53::/64	802
2001:db8:604:6d3d::/64	492
2001:db8:604:aa76::/64	366
2001:db8:605:5f24::/64	601
2001:db8:605:9816::/64	354
2001:db8:606:4772::/64	898
2001:db8:606:839a::/64	711
2001:db8:606:8883::/64	278
2001:db8:606:9d5b::/64	348
2001:db8:607:b30a::/64	248
2001:db8:607:d8f6::/64	998
2001:db8:607:f9fd::/64	924
2001:db8:608:47fd::/64	679
2001:db8:608:86a6::/64	170
2001:db8:608:b409::/64	466
2001:db8:609:2f96::/64	207
2001:db8:60a:3ccd::/64	216
2001:db8:60a:9273::/64	939
2001:db8:60a:add6::/64	844
2001:db8:60c:373a::/64	175
2001:db8:60c:77e6::/64	369
2001:db8:60d:b40a::/64	889
2001:db8:60d:f8aa::/64	111
2001:db8:60e:a2f::/64	928
2001:db8:60e:23a4::/64	966
2001:db8:60e:6f42::/64	527
2001:db8:60e:d082::/64	582
2001:db8:60e:ec46::/64	121
2001:db8:60f:3a18::/64	255
2001:db8:610:3872::/64	326
2001:db8:611:327f::/64	664
2001:db8:611:4527::/64	941
2001:db8:611:9c4e::/64	448
2001:db8:611:bce4::/64	171
2001:db8:612:e09e::/64	439
2001:db8:613:8191::/64	742
2001:db8:613:b9b7::/64	63
2001:db8:613:cf53::/64	898
2001:db8:613:d09f::/64	571
2001:db8:614:4183::/64	706
2001:db8:614:5d25::/64	448
2001:db8:614:6344::/64	607
2001:db8:614:877d::/64	617
2001:db8:614:9c8e::/64	914
2001:db8:614:c536::/64	389
2001:db8:615:e0a::/64	719
2001:db8:615:1e6e::/64	66
2001:db8:615:32e3::/64	474
2001:db8:615:3ced::/64	375
2001:db8:615:3f97::/64	108
2001:db8:615:99c4::/64	479
2001:db8:615:ca59::/64	375
2001:db8:615:de36::/64	909
2001:db8:616:6f1c::/64	275
2001:db8:617:2fe0::/64	838
2001:db8:617:3895::/64	69
2001:db8:617:8742::/64	592
2001:db8:617:afe4::/64	950
2001:db8:618:9001::/64	360
2001:db8:619:1fea::/64	639
2001:db8:619:f567::/64	557
2001:db8:61a:50f0::/64	997
2001:db8:61b:6924::/64	375
2001:db8:61c:3bc8::/64	876
2001:db8:61c:4b79::/64	641
2001:db8:61d:d5f0::/64	40
2001:db8:61e:2f52::/64	140
2001:db8:61e:33ed::/64	74
2001:db8:61f:bf3::/64	360
2001:db8:61f:db89::/64	817
2001:db8:620:4d1b::/64	47
2001:db8:620:c8e2::/64	102
2001:db8:621:28ea::/64	593
2001:db8:621:2d73::/64	867
2001:db8:621:e19a::/64	422
2001:db8:622:ed3::/64	91
2001:db8:623:2da1::/64	414
2001:db8:623:67b4::/64	674
2001:db8:623:9663::/64	395
2001:db8:623:e9c9::/64	82
2001:db8:623:fb59::/64	561
2001:db8:624:269c::/64	608
2001:db8:624:3059::/64	102
2001:db8:624:38d6::/64	205
2001:db8:625:4051::/64	142
2001:db8:626:355::/64	78
2001:db8:626:4ee::/64	36
2001:db8:626:e05b::/64	618
2001:db8:626:ee48::/64	328
2001:db8:627:19d0::/64	258
2001:db8:628:ecae::/64	794
2001:db8:629:337::/64	86
2001:db8:62a:32a4::/64	314
2001:db8:62a:3ea5::/64	108
2001:db8:62a:9342::/64	904
2001:db8:62b:8c33::/64	983
2001:db8:62c:4e72::/64	610
2001:db8:62c:6ecb::/64	857
2001:db8:62d:c18::/64	492
2001:db8:62d:302e::/64	705
2001:db8:62d:32fa::/64	143
2001:db8:62d:62a7::/64	844
2001:db8:62d:acc7::/64	133
2001:db8:62e:15dc::/64	817
2001:db8:62e:1704::/64	478
2001:db8:62e:1a33::/64	458
2001:db8:62e:38e4::/64	282
2001:db8:62f:183a::/64	285
2001:db8:630:f629::/64	618
2001:db8:631:12b6::/64	26
2001:db8:631:8749::/64	57
2001:db8:631:dbcd::/64	981
2001:db8:631:df1a::/64	15
2001:db8:632:5cb4::/64	922
2001:db8:633:1a55::/64	165
2001:db8:633:64a0::/64	247
2001:db8:633:8eca::/64	368
2001:db8:633:a75c::/64	785
2001:db8:635:7be7::/64	308
2001:db8:637:5ba2::/64	474
2001:db8:637:9b2e::/64	397
2001:db8:637:9e49::/64	178
2001:db8:637:d376::/64	745
2001:db8:637:da01::/64	831
2001:db8:637:f6fd::/64	148
2001:db8:638:536::/64	625
2001:db8:639:686a::/64	559
2001:db8:63a:b2b2::/64	987
2001:db8:63a:d9bf::/64	699
2001:db8:63b:1451::/64	447
2001:db8:63b:470c::/64	512
2001:db8:63b:5d75::/64	444
2001:db8:63b:6a9c::/64	848
2001:db8:63c:19b9::/64	125
2001:db8:63c:f700::/64	377
2001:db8:63d:8e9::/64	42
2001:db8:63d:224e::/64	587
2001:db8:63d:5d33::/64	239
2001:db8:63e:80f::/64	283
2001:db8:63e:1aee::/64	136
2001:db8:63e:ce58::/64	886
2001:db8:63e:eb8f::/64	219
2001:db8:63f:4465::/64	523
2001:db8:63f:6019::/64	245
2001:db8:63f:6163::/64	720
2001:db8:63f:e1df::/64	769
2001:db8:640:33d::/64	585
2001:db8:640:12c1::/64	941
2001:db8:640:930f::/64	765
2001:db8:641:4966::/64	115
2001:db8:641:7762::/64	903
2001:db8:641:8d8c::/64	31
2001:db8:642:3463::/64	377
2001:db8:642:a82b::/64	627
2001:db8:643:592e::/64	716
2001:db8:643:e2ec::/64	60
2001:db8:643:e4d5::/64	208
2001:db8:645:8c9::/64	129
2001:db8:645:672a::/64	95
2001:db8:646:6d66::/64	936
2001:db8:646:e89d::/64	187
2001:db8:647:dc30::/64	740
2001:db8:648:1181::/64	594
2001:db8:648:549d::/64	168
2001:db8:648:5d4b::/64	82
2001:db8:648:6139::/64	340
2001:db8:648:b2ff::/64	128
2001:db8:649:5e5a::/64	155
2001:db8:64b:28e1::/64	640
2001:db8:64b:3cef::/64	180
2001:db8:64b:df9e::/64	745
2001:db8:64c:3339::/64	305
2001:db8:64c:7b32::/64	73
2001:db8:64d:1019::/64	214
2001:db8:64d:108d::/64	734
2001:db8:64d:177a::/64	283
2001:db8:64d:40f9::/64	123
2001:db8:64d:ce30::/64	804
2001:db8:64e:22a1::/64	693
2001:db8:64e:77f5::/64	404
2001:db8:64e:c545::/64	380
2001:db8:64f:379d::/64	765
2001:db8:64f:4dff::/64	577
2001:db8:650:5ae1::/64	823
2001:db8:650:6581::/64	83
2001:db8:650:6787::/64	338
2001:db8:650:99f7::/64	502
2001:db8:650:9cd3::/64	365
2001:db8:650:bcb2::/64	439
2001:db8:650:fe72::/64	811
2001:db8:651:fac2::/64	116
2001:db8:652:792c::/64	234
2001:db8:652:a87e::/64	416
2001:db8:652:df00::/64	909
2001:db8:653:1a8::/64	923
2001:db8:653:2411::/64	514
2001:db8:653:6a54::/64	913
2001:db8:653:ad91::/64	207
2001:db8:655:71b::/64	280
2001:db8:655:389e::/64	605
2001:db8:655:e573::/64	838
2001:db8:655:e657::/64	179
2001:db8:655:eee8::/64	855
2001:db8:656:6198::/64	319
2001:db8:656:fda2::/64	940
2001:db8:658:897::/64	805
2001:db8:658:7b89::/64	556
2001:db8:659:de11::/64	4
2001:db8:65a:d9d::/64	762
2001:db8:65a:100b::/64	970
2001:db8:65a:4284::/64	148
2001:db8:65b:e891::/64	607
2001:db8:65c:b07a::/64	783
2001:db8:65c:cc7e::/64	253
2001:db8:65c:d1d0::/64	610
2001:db8:65d:fa71::/64	495
2001:db8:65e:f090::/64	672
2001:db8:65f:4b67::/64	131
2001:db8:65f:50ac::/64	989
2001:db8:660:8f54::/64	18
2001:db8:660:ca7a::/64	407
2001:db8:660:f486::/64	174
2001:db8:661:1b41::/64	260
2001:db8:661:ae38::/64	348
2001:db8:662:4b31::/64	125
2001:db8:662:7a7a::/64	238
2001:db8:662:d495::/64	910
2001:db8:663:bd05::/64	906
2001:db8:665:ee1::/64	149
2001:db8:666:ea3::/64	896
2001:db8:666:49ca::/64	757
2001:db8:666:a301::/64	128
2001:db8:667:2030::/64	817
2001:db8:667:50cd::/64	700
2001:db8:667:8b7c::/64	933
2001:db8:667:99f8::/64	837
2001:db8:668:181d::/64	579
2001:db8:668:7268::/64	886
2001:db8:669:1c9e::/64	988
2001:db8:669:ecfd::/64	778
2001:db8:66b:3fc7::/64	233
2001:db8:66c:18aa::/64	40
2001:db8:66c:afc0::/64	102
2001:db8:66c:e372::/64	15
2001:db8:66e:38d0::/64	151
2001:db8:66e:3aa7::/64	303
2001:db8:66e:bb47::/64	248
2001:db8:66f:ae2f::/64	632
2001:db8:670:2590::/64	310
2001:db8:670:a650::/64	103
2001:db8:670:f42a::/64	237
2001:db8:671:5d43::/64	657
2001:db8:671:6fdb::/64	413
2001:db8:671:788b::/64	292
2001:db8:671:e66e::/64	970
2001:db8:672:6540::/64	118
2001:db8:672:b6aa::/64	234
2001:db8:674:695::/64	675
2001:db8:674:8829::/64	369
2001:db8:674:94b9::/64	866
2001:db8:674:ea2f::/64	301
2001:db8:675:7ed5::/64	168
2001:db8:675:ea13::/64	423
2001:db8:676:df2::/64	732
2001:db8:676:4e62::/64	86
2001:db8:676:63cc::/64	686
2001:db8:676:6c48::/64	647
2001:db8:676:7ac2::/64	157
2001:db8:676:e96c::/64	512
2001:db8:677:3ba7::/64	599
2001:db8:677:b097::/64	460
2001:db8:677:b14d::/64	53
2001:db8:677:b976::/64	113
2001:db8:677:bd37::/64	265
2001:db8:678:abe::/64	302
2001:db8:678:856d::/64	287
2001:db8:678:9d68::/64	668
2001:db8:679:6286::/64	152
2001:db8:679:f598::/64	173
2001:db8:679:fa24::/64	313
2001:db8:67a:cee::/64	413
2001:db8:67a:1684::/64	288
2001:db8:67a:3022::/64	172
2001:db8:67a:be1c::/64	770
2001:db8:67b:275b::/64	290
2001:db8:67b:604d::/64	393
2001:db8:67c:72a2::/64	916
2001:db8:67c:9f51::/64	489
2001:db8:67d:eebe::/64	218
2001:db8:67e:b5d::/64	358
2001:db8:67e:e7ce::/64	718
2001:db8:680:b5c0::/64	999
2001:db8:680:ffdd::/64	385
2001:db8:681:2645::/64	866
2001:db8:681:bb8d::/64	553
2001:db8:682:5028::/64	511
2001:db8:683:ba34::/64	409
2001:db8:685:9f1d::/64	326
2001:db8:685:f335::/64	790
2001:db8:687:b8::/64	513
2001:db8:687:6cba::/64	312
2001:db8:688:2071::/64	454
2001:db8:688:3b6f::/64	831
2001:db8:688:98ca::/64	757
2001:db8:688:b709::/64	236
2001:db8:689:6d91::/64	609
2001:db8:689:8ab5::/64	911
2001:db8:689:af23::/64	273
2001:db8:689:fb06::/64	887
2001:db8:68a:1ae1::/64	415
2001:db8:68a:2b01::/64	666
2001:db8:68a:452d::/64	222
2001:db8:68a:c7e9::/64	407
2001:db8:68a:e98f::/64	452
2001:db8:68b:16d3::/64	23
2001:db8:68b:639c::/64	827
2001:db8:68b:c611::/64	556
2001:db8:68e:17ea::/64	495
2001:db8:68e:23cc::/64	730
2001:db8:68f:3dcc::/64	280
2001:db8:68f:7095::/64	213
2001:db8:68f:80ea::/64	775
2001:db8:68f:820e::/64	369
2001:db8:68f:be8a::/64	245
2001:db8:690:3e24::/64	350
2001:db8:690:667e::/64	48
2001:db8:690:bb47::/64	928
2001:db8:690:e8b2::/64	997
2001:db8:691::/48	205
2001:db8:692:f434::/64	256
2001:db8:693:1316::/64	303
2001:db8:693:1e8a::/64	272
2001:db8:693:de72::/64	705
2001:db8:693:f4f9::/64	975
2001:db8:695:9409::/64	365
2001:db8:695:d5d9::/64	840
2001:db8:696:167f::/64	549
2001:db8:696:78d8::/64	637
2001:db8:696:a913::/64	817
2001:db8:696:d35d::/64	732
2001:db8:696:e143::/64	230
2001:db8:696:f734::/64	852
2001:db8:697:2b8f::/64	54
2001:db8:697:eaa1::/64	641
2001:db8:698:1025::/64	721
2001:db8:698:3e77::/64	509
2001:db8:699:8d25::/64	252
2001:db8:699:b161::/64	504
2001:db8:69a:45af::/64	322
2001:db8:69a:7465::/64	248
2001:db8:69c:64c7::/64	997
2001:db8:69c:a260::/64	991
2001:db8:69c:d1bf::/64	793
2001:db8:69d:483c::/64	998
2001:db8:69d:de85::/64	866
2001:db8:69e:93b9::/64	139
2001:db8:69e:bc10::/64	882
2001:db8:69e:f5ec::/64	26
2001:db8:69e:f936::/64	24
2001:db8:69f:363c::/64	809
2001:db8:69f:37e0::/64	819
2001:db8:69f:88fe::/64	48
2001:db8:69f:968d::/64	266
2001:db8:69f:d9f8::/64	742
2001:db8:6a0:408::/64	660
2001:db8:6a0:2db2::/64	427
2001:db8:6a0:628a::/64	125
2001:db8:6a1:8552::/64	250
2001:db8:6a1:a6d5::/64	267
2001:db8:6a2:3ac::/64	966
2001:db8:6a2:1d54::/64	314
2001:db8:6a2:236d::/64	885
2001:db8:6a5:3951::/64	378
2001:db8:6a5:e52d::/64	113
2001:db8:6a7:5af7::/64	33
2001:db8:6a7:db6f::/64	592
2001:db8:6a7:eab2::/64	343
2001:db8:6a8:2ab3::/64	627
2001:db8:6a8:4565::/64	507
2001:db8:6a8:c793::/64	664
2001:db8:6a9:4c2b::/64	891
2001:db8:6a9:bb77::/64	116
2001:db8:6aa:490b::/64	634
2001:db8:6aa:7ad2::/64	586
2001:db8:6aa:81a6::/64	205
2001:db8:6ab:1e3::/64	681
2001:db8:6ac:a14f::/64	880
2001:db8:6ac:a54b::/64	866
2001:db8:6ac:eb7f::/64	121
2001:db8:6ac:f72f::/64	979
2001:db8:6ad:eeb0::/64	395
2001:db8:6ad:fae9::/64	561
2001:db8:6af:48c9::/64	453
2001:db8:6b0:e7cd::/64	848
2001:db8:6b1:28a5::/64	454
2001:db8:6b1:e454::/64	494
2001:db8:6b2:1aff::/64	923
2001:db8:6b2:1c41::/64	930
2001:db8:6b2:53e6::/64	501
2001:db8:6b2:5a0f::/64	354
2001:db8:6b2:73d2::/64	837
2001:db8:6b3:2525::/64	354
2001:db8:6b3:e2f0::/64	792
2001:db8:6b3:faaf::/64	927
2001:db8:6b4:58a4::/64	984
2001:db8:6b4:811c::/64	899
2001:db8:6b4:888e::/64	838
2001:db8:6b4:8df5::/64	548
2001:db8:6b4:c52c::/64	329
2001:db8:6b4:ed16::/64	508
2001:db8:6b5:3b48::/64	26
2001:db8:6b5:44c8::/64	660
2001:db8:6b5:87f2::/64	24
2001:db8:6b5:cacc::/64	745
2001:db8:6b6:d6aa::/64	680
2001:db8:6b7:4b71::/64	530
2001:db8:6b7:94eb::/64	989
2001:db8:6b7:af21::/64	128
2001:db8:6b7:c52d::/64	432
2001:db8:6b7:e17e::/64	859
2001:db8:6b8:69a8::/64	809
2001:db8:6b8:751a::/64	731
2001:db8:6b8:ee47::/64	50
2001:db8:6b9:1bf4::/64	444
2001:db8:6b9:6406::/64	837
2001:db8:6b9:6feb::/64	892
2001:db8:6b9:c9c7::/64	402
2001:db8:6b9:dace::/64	150
2001:db8:6ba:4dab::/64	156
2001:db8:6bb:2b2b::/64	473
2001:db8:6bb:6caf::/64	629
2001:db8:6bc:13af::/64	463
2001:db8:6bc:5f34::/64	966
2001:db8:6bd:3bd5::/64	894
2001:db8:6bd:556a::/64	143
2001:db8:6be:189c::/64	848
2001:db8:6be:2635::/64	55
2001:db8:6be:77d4::/64	65
2001:db8:6be:d9f1::/64	81
2001:db8:6bf:1f8b::/64	418
2001:db8:6bf:224a::/64	310
2001:db8:6bf:71ea::/64	556
2001:db8:6c0:4087::/64	255
2001:db8:6c0:c593::/64	747
2001:db8:6c0:d13d::/64	143
2001:db8:6c1:4696::/64	993
2001:db8:6c1:a066::/64	479
2001:db8:6c1:ddf8::/64	128
2001:db8:6c1:df8f::/64	580
2001:db8:6c1:e7c6::/64	447
2001:db8:6c2:8a5f::/64	386
2001:db8:6c3:983::/64	7
2001:db8:6c3:7a8d::/64	192
2001:db8:6c3:fd07::/64	574
2001:db8:6c4:9f75::/64	454
2001:db8:6c4:b373::/64	651
2001:db8:6c5:28aa::/64	796
2001:db8:6c5:d08a::/64	257
2001:db8:6c6:6689::/64	904
2001:db8:6c6:792c::/64	352
2001:db8:6c7:f005::/64	345
2001:db8:6c8:69c9::/64	203
2001:db8:6c9:21e7::/64	858
2001:db8:6c9:33a4::/64	889
2001:db8:6c9:a2e8::/64	860
2001:db8:6c9:f99b::/64	414
2001:db8:6c9:fbd5::/64	442
2001:db8:6ca:7ef4::/64	189
2001:db8:6cb:df58::/64	890
2001:db8:6cc:b079::/64	713
2001:db8:6cd:7704::/64	612
2001:db8:6cd:a8ea::/64	844
2001:db8:6ce:4aca::/64	759
2001:db8:6ce:6c18::/64	127
2001:db8:6ce:8e71::/64	818
2001:db8:6ce:97a2::/64	831
2001:db8:6cf:8972::/64	557
2001:db8:6cf:e351::/64	392
2001:db8:6cf:e778::/64	948
2001:db8:6cf:f5a9::/64	358
2001:db8:6d0:8f3e::/64	320
2001:db8:6d0:b096::/64	614
2001:db8:6d0:dac3::/64	78
2001:db8:6d1:19be::/64	185
2001:db8:6d1:a0c7::/64	10
2001:db8:6d2:4662::/64	162
2001:db8:6d3:6ce2::/64	577
2001:db8:6d3:8c24::/64	398
2001:db8:6d4:4ae9::/64	176
2001:db8:6d4:9395::/64	887
2001:db8:6d4:9ab3::/64	848
2001:db8:6d4:c698::/64	487
2001:db8:6d5:1ddb::/64	542
2001:db8:6d5:3b47::/64	442
2001:db8:6d5:62bb::/64	188
2001:db8:6d6:1f54::/64	273
2001:db8:6d6:a02a::/64	44
2001:db8:6d6:d41a::/64	856
2001:db8:6d8:c00::/64	376
2001:db8:6d8:38db::/64	99
2001:db8:6d8:c877::/64	150
2001:db8:6d9:c24::/64	135
2001:db8:6d9:807f::/64	361
2001:db8:6d9:ecdf::/64	158
2001:db8:6da:caad::/64	51
2001:db8:6db:1056::/64	552
2001:db8:6db:6874::/64	66
2001:db8:6db:7411::/64	61
2001:db8:6db:ae27::/64	866
2001:db8:6db:fe36::/64	28
2001:db8:6dc:2889::/64	83
2001:db8:6dc:3295::/64	843
2001:db8:6dc:67ac::/64	951
2001:db8:6dd:a4e::/64	250
2001:db8:6dd:75ef::/64	997
2001:db8:6dd:9862::/64	15
2001:db8:6dd:a1f0::/64	185
2001:db8:6df:2a7d::/64	362
2001:db8:6df:72ff::/64	862
2001:db8:6df:e596::/64	891
2001:db8:6e0:64cb::/64	467
2001:db8:6e1:43d6::/64	393
2001:db8:6e2:7799::/64	687
2001:db8:6e3:e5c::/64	373
2001:db8:6e3:782c::/64	678
2001:db8:6e3:7c4c::/64	317
2001:db8:6e3:9b11::/64	108
2001:db8:6e4:1c80::/64	832
2001:db8:6e4:2594::/64	298
2001:db8:6e4:7116::/64	49
2001:db8:6e4:99e6::/64	563
2001:db8:6e4:d916::/64	790
2001:db8:6e5:627a::/64	657
2001:db8:6e5:65bd::/64	840
2001:db8:6e6:b3eb::/64	412
2001:db8:6e6:d71c::/64	28
2001:db8:6e6:f64d::/64	684
2001:db8:6e7:4b8b::/64	968
2001:db8:6e7:c6fa::/64	364
2001:db8:6e8:1dd8::/64	894
2001:db8:6e8:d591::/64	275
2001:db8:6e8:f0ef::/64	162
2001:db8:6e9:1c21::/64	571
2001:db8:6e9:a3b5::/64	852
2001:db8:6e9:a7d4::/64	501
2001:db8:6e9:f9b1::/64	896
2001:db8:6ea:58a9::/64	765
2001:db8:6eb:208c::/64	18
2001:db8:6ec:d542::/64	967
2001:db8:6ed:4ea4::/64	965
2001:db8:6ee:9851::/64	235
2001:db8:6ef:11ca::/64	414
2001:db8:6ef:f797::/64	836
2001:db8:6f0:7587::/64	58
2001:db8:6f0:d38c::/64	577
2001:db8:6f1:50fb::/64	313
2001:db8:6f2:1af5::/64	118
2001:db8:6f2:4a4a::/64	401
2001:db8:6f2:5bbe::/64	923
2001:db8:6f2:757a::/64	76
2001:db8:6f3:3598::/64	988
2001:db8:6f3:8157::/64	824
2001:db8:6f3:c343::/64	232
2001:db8:6f3:dcfb::/64	478
2001:db8:6f3:e16a::/64	916
2001:db8:6f3:e6b0::/64	304
2001:db8:6f4:c63::/64	863
2001:db8:6f4:5232::/64	695
2001:db8:6f4:76a9::/64	469
2001:db8:6f4:8ccc::/64	429
2001:db8:6f4:e877::/64	387
2001:db8:6f5:e18e::/64	218
2001:db8:6f6:9749::/64	720
2001:db8:6f6:a73c::/64	201
2001:db8:6f6:cbdb::/64	226
2001:db8:6f6:fd72::/64	889
2001:db8:6f7:281c::/64	741
2001:db8:6f7:3ab7::/64	745
2001:db8:6f8:d45::/64	127
2001:db8:6f8:f9ca::/64	927
2001:db8:6f9:c0ab::/64	985
2001:db8:6fa:c35b::/64	507
2001:db8:6fa:c4eb::/64	513
2001:db8:6fb:497::/64	450
2001:db8:6fb:52a9::/64	439
2001:db8:6fb:945c::/64	474
2001:db8:6fc:bef::/64	81
2001:db8:6fc:8376::/64	655
2001:db8:6fc:ba71::/64	203
2001:db8:6fc:bfd0::/64	807
2001:db8:6fd:b6bf::/64	683
2001:db8:6fd:e2bd::/64	567
2001:db8:6fe:2b31::/64	787
2001:db8:6fe:7738::/64	431
2001:db8:6fe:86e7::/64	948
2001:db8:6fe:db80::/64	809
2001:db8:6ff:94dd::/64	569
2001:db8:700:70ab::/64	830
2001:db8:700:97ac::/64	894
2001:db8:700:af6f::/64	70
2001:db8:700:c6c7::/64	402
2001:db8:701:6b7::/64	924
2001:db8:701:9bef::/64	688
2001:db8:701:a2b4::/64	270
2001:db8:702:e471::/64	658
2001:db8:703:1ce4::/64	437
2001:db8:703:c00e::/64	32
2001:db8:703:ccfa::/64	891
2001:db8:703:cf4d::/64	971
2001:db8:703:d555::/64	363
2001:db8:704:940::/64	365
2001:db8:704:5081::/64	660
2001:db8:704:6fd7::/64	652
2001:db8:704:877c::/64	925
2001:db8:704:9983::/64	81
2001:db8:705:3fdb::/64	33
2001:db8:705:978e::/64	76
2001:db8:705:b113::/64	173
2001:db8:706:ee9::/64	839
2001:db8:706:f031::/64	137
2001:db8:707:8970::/64	331
2001:db8:707:c983::/64	879
2001:db8:707:d7a1::/64	480
2001:db8:708:55f6::/64	897
2001:db8:708:c178::/64	785
2001:db8:709:2bb2::/64	671
2001:db8:709:8291::/64	9
2001:db8:709:8b99::/64	555
2001:db8:709:b4a3::/64	192
2001:db8:70a:427c::/64	26
2001:db8:70a:8302::/64	956
2001:db8:70a:d99d::/64	100
2001:db8:70b:a33c::/64	842
2001:db8:70c:8e42::/64	792
2001:db8:70c:c694::/64	245
2001:db8:70c:d19e::/64	128
2001:db8:70d:34e8::/64	402
2001:db8:70d:cdbc::/64	949
2001:db8:70e:353a::/64	499
2001:db8:70e:92d7::/64	830
2001:db8:70f:4257::/64	718
2001:db8:70f:a998::/64	113
2001:db8:70f:d5c5::/64	207
2001:db8:710:30ea::/64	153
2001:db8:710:61bd::/64	778
2001:db8:710:c10f::/64	757
2001:db8:712:8ea1::/64	908
2001:db8:712:af1e::/64	571
2001:db8:713:6a1::/64	449
2001:db8:713:47f0::/64	964
2001:db8:713:4bb7::/64	561
2001:db8:713:828c::/64	897
2001:db8:714::/48	367
2001:db8:715:1db6::/64	965
2001:db8:715:567d::/64	302
2001:db8:715:9e66::/64	982
2001:db8:715:caa6::/64	14
2001:db8:716:12b4::/64	365
2001:db8:717:409::/64	257
2001:db8:717:3c58::/64	941
2001:db8:717:6fbc::/64	337
2001:db8:717:bb75::/64	882
2001:db8:717:f92c::/64	543
2001:db8:718::/48	902
2001:db8:719:9cb::/64	602
2001:db8:71a:4e1::/64	369
2001:db8:71a:1ec0::/64	730
2001:db8:71a:40a0::/64	720
2001:db8:71a:54b3::/64	124
2001:db8:71a:58db::/64	427
2001:db8:71a:650c::/64	944
2001:db8:71b:962d::/64	19
2001:db8:71b:ae67::/64	692
2001:db8:71b:dd1a::/64	940
2001:db8:71b:f010::/64	491
2001:db8:71c:2fee::/64	901
2001:db8:71c:6481::/64	660
2001:db8:71c:ce3a::/64	198
2001:db8:71c:d474::/64	429
2001:db8:71c:dc25::/64	204
2001:db8:71d:1bf0::/64	516
2001:db8:71e:736::/64	447
2001:db8:71e:d9c0::/64	780
2001:db8:71f:674::/64	569
2001:db8:71f:67d6::/64	178
2001:db8:71f:fb23::/64	86
2001:db8:721:a37::/64	838
2001:db8:721:da32::/64	930
2001:db8:722:1394::/64	441
2001:db8:722:2ad8::/64	880
2001:db8:722:6db0::/64	540
2001:db8:722:b765::/64	658
2001:db8:723:24a1::/64	662
2001:db8:723:553e::/64	522
2001:db8:723:d4e0::/64	152
2001:db8:724:5bd6::/64	660
2001:db8:725:b592::/64	198
2001:db8:725:bca8::/64	71
2001:db8:725:f2f8::/64	68
2001:db8:726:31ed::/64	450
2001:db8:726:9597::/64	185
2001:db8:726:a60d::/64	910
2001:db8:726:ae88::/64	263
2001:db8:726:e2f0::/64	526
2001:db8:727:152d::/64	93
2001:db8:727:5d9e::/64	216
2001:db8:728:2b86::/64	656
2001:db8:729:4262::/64	82
2001:db8:729:837a::/64	687
2001:db8:729:cca9::/64	156
2001:db8:72a:2349::/64	818
2001:db8:72a:9651::/64	674
2001:db8:72a:b1dc::/64	973
2001:db8:72a:cde2::/64	146
2001:db8:72a:cfa1::/64	4
2001:db8:72b:eeda::/64	754
2001:db8:72d:f49::/64	697
2001:db8:72d:4d81::/64	994
2001:db8:72e:657f::/64	519
2001:db8:72e:d1f5::/64	251
2001:db8:72e:db48::/64	840
2001:db8:72f:2883::/64	954
2001:db8:72f:a848::/64	135
2001:db8:72f:ca94::/64	526
2001:db8:72f:ec59::/64	341
2001:db8:730:29cf::/64	569
2001:db8:730:30e3::/64	269
2001:db8:730:8740::/64	29
2001:db8:731:4976::/64	623
2001:db8:731:d403::/64	267
2001:db8:732:3e9c::/64	70
2001:db8:732:6ae8::/64	325
2001:db8:732:fa08::/64	879
2001:db8:734:2999::/64	792
2001:db8:734:7836::/64	237
2001:db8:734:81c6::/64	606
2001:db8:735:94d5::/64	736
2001:db8:736:f52::/64	378
2001:db8:736:493b::/64	843
2001:db8:736:8e3c::/64	988
2001:db8:737:1031::/64	594
2001:db8:737:1904::/64	718
2001:db8:737:38f8::/64	847
2001:db8:738:1bc::/64	67
2001:db8:738:478::/64	74
2001:db8:738:782a::/64	418
2001:db8:73a:fa80::/64	241
2001:db8:73b:7a92::/64	62
2001:db8:73b:a2e8::/64	77
2001:db8:73c:31c::/64	786
2001:db8:73c:47a6::/64	881
2001:db8:73c:ea96::/64	653
2001:db8:73d:17b2::/64	958
2001:db8:73d:72be::/64	789
2001:db8:73d:86d7::/64	195
2001:db8:73d:dc19::/64	857
2001:db8:73d:f125::/64	998
2001:db8:73f:3e8e::/64	832
2001:db8:73f:7f77::/64	702
2001:db8:73f:8359::/64	382
2001:db8:73f:c2a7::/64	699
2001:db8:740:fc8::/64	554
2001:db8:741:1cfa::/64	97
2001:db8:741:4afc::/64	513
2001:db8:741:63de::/64	426
2001:db8:742:290b::/64	438
2001:db8:742:b5ed::/64	877
2001:db8:743:10dd::/64	704
2001:db8:743:d788::/64	153
2001:db8:744:eec5::/64	909
2001:db8:745:a1dd::/64	384
2001:db8:746:82cb::/64	615
2001:db8:746:b8e9::/64	255
2001:db8:747:38ed::/64	863
2001:db8:747:faf7::/64	609
2001:db8:748:10f2::/64	676
2001:db8:748:4b54::/64	720
2001:db8:748:a27a::/64	194
2001:db8:748:a726::/64	364
2001:db8:748:d9c0::/64	36
2001:db8:748:db6e::/64	455
2001:db8:74a:1ed1::/64	954
2001:db8:74a:9100::/64	28
2001:db8:74a:bd94::/64	856
2001:db8:74b:11f0::/64	588
2001:db8:74b:75ba::/64	809
2001:db8:74b:abd3::/64	593
2001:db8:74c:b4c5::/64	12
2001:db8:74c:e662::/64	134
2001:db8:74d:58dc::/64	316
2001:db8:74d:b2eb::/64	488
2001:db8:74e:3c7d::/64	893
2001:db8:74e:bff9::/64	627
2001:db8:74e:e703::/64	139
2001:db8:74f:70e::/64	758
2001:db8:74f:4af1::/64	890
2001:db8:74f:a736::/64	417
2001:db8:750:f6c9::/64	355
2001:db8:751:53bb::/64	286
2001:db8:752:24c0::/64	40
2001:db8:752:38ec::/64	293
2001:db8:752:e34b::/64	519
2001:db8:753:2cd1::/64	516
2001:db8:753:92d1::/64	561
2001:db8:753:b0ff::/64	533
2001:db8:753:b45e::/64	603
2001:db8:753:e3ff::/64	675
2001:db8:753:f581::/64	817
2001:db8:753:f6fe::/64	415
2001:db8:754:2508::/64	928
2001:db8:754:2aef::/64	867
2001:db8:754:6203::/64	496
2001:db8:755:7147::/64	650
2001:db8:755:78c1::/64	431
2001:db8:755:ac3e::/64	33
2001:db8:756:dbc7::/64	610
2001:db8:757:782d::/64	419
2001:db8:757:ba05::/64	325
2001:db8:759:2f17::/64	494
2001:db8:759:7348::/64	458
2001:db8:75a:14cb::/64	292
2001:db8:75a:cc7e::/64	186
2001:db8:75a:d2fd::/64	491
2001:db8:75b:190e::/64	692
2001:db8:75c:12f6::/64	600
2001:db8:75c:ac9b::/64	734
2001:db8:75c:dd68::/64	79
2001:db8:75d:55fa::/64	569
2001:db8:75d:91bd::/64	158
2001:db8:75e:f720::/64	760
2001:db8:75f:27f7::/64	715
2001:db8:75f:62c2::/64	332
2001:db8:75f:6a60::/64	364
2001:db8:75f:9edf::/64	1000
2001:db8:760:46cd::/64	356
2001:db8:760:e9dc::/64	428
2001:db8:761:cc2b::/64	699
2001:db8:761:d112::/64	500
2001:db8:763:16a0::/64	113
2001:db8:763:5013::/64	247
2001:db8:763:c327::/64	697
2001:db8:764:c033::/64	836
2001:db8:764:e767::/64	866
2001:db8:765:30d0::/64	423
2001:db8:765:367e::/64	988
2001:db8:765:d80e::/64	501
2001:db8:766:4b4b::/64	264
2001:db8:766:5032::/64	462
2001:db8:766:6647::/64	776
2001:db8:766:b520::/64	405
2001:db8:767:1285::/64	460
2001:db8:767:31fb::/64	659
2001:db8:767:665f::/64	908
2001:db8:767:9114::/64	381
2001:db8:767:d33d::/64	583
2001:db8:768:7f::/64	618
2001:db8:768:9b34::/64	522
2001:db8:769:43e9::/64	165
2001:db8:769:9aed::/64	412
2001:db8:769:ccfa::/64	108
2001:db8:76a:ab66::/64	163
2001:db8:76a:fcb9::/64	40
2001:db8:76b:dea::/64	279
2001:db8:76b:78db::/64	869
2001:db8:76c:3a7::/64	196
2001:db8:76d:b335::/64	236
2001:db8:76e:7113::/64	766
2001:db8:76e:ad3f::/64	635
2001:db8:76f:6ef::/64	566
2001:db8:76f:6a31::/64	385
2001:db8:76f:ef04::/64	929
2001:db8:770:b2df::/64	67
2001:db8:771:4e88::/64	703
2001:db8:771:aba6::/64	49
2001:db8:772:1e22::/64	831
2001:db8:772:313f::/64	946
2001:db8:772:e5fc::/64	417
2001:db8:773:1759::/64	592
2001:db8:773:5c21::/64	410
2001:db8:773:6efa::/64	720
2001:db8:773:8a40::/64	726
2001:db8:773:d9da::/64	453
2001:db8:774:2619::/64	94
2001:db8:774:6258::/64	213
2001:db8:774:65ba::/64	905
2001:db8:774:9a89::/64	585
2001:db8:775:c14c::/64	191
2001:db8:777:2fd0::/64	640
2001:db8:777:8875::/64	850
2001:db8:777:e4d8::/64	970
2001:db8:778:7f11::/64	972
2001:db8:778:d9b3::/64	769
2001:db8:778:f34d::/64	502
2001:db8:779:227a::/64	350
2001:db8:779:260f::/64	21
2001:db8:779:993b::/64	489
2001:db8:779:f48c::/64	910
2001:db8:77b:58c6::/64	652
2001:db8:77b:7425::/64	889
2001:db8:77c:9078::/64	824
2001:db8:77c:a358::/64	192
2001:db8:77c:c0c7::/64	464
2001:db8:77c:d3fd::/64	825
2001:db8:77d:334a::/64	397
2001:db8:77d:3a5f::/64	16
2001:db8:77d:7eef::/64	627
2001:db8:77d:b2d1::/64	460
2001:db8:77d:bcc3::/64	374
2001:db8:77e:6877::/64	906
2001:db8:77e:ca1a::/64	341
2001:db8:77f:2716::/64	521
2001:db8:780:4486::/64	843
2001:db8:781:b98::/64	940
2001:db8:781:999e::/64	163
2001:db8:781:c7dc::/64	234
2001:db8:781:d48a::/64	173
2001:db8:781:e257::/64	741
2001:db8:782:4758::/64	903
2001:db8:782:5ed8::/64	591
2001:db8:783:2c1::/64	979
2001:db8:783:2abc::/64	97
2001:db8:783:7c1b::/64	605
2001:db8:785:6180::/64	943
2001:db8:785:acc1::/64	249
2001:db8:785:b03c::/64	557
2001:db8:786:261f::/64	904
2001:db8:786:b0bd::/64	922
2001:db8:786:c038::/64	281
2001:db8:787:1b65::/64	99
2001:db8:787:a051::/64	330
2001:db8:788:93d3::/64	449
2001:db8:788:e424::/64	617
2001:db8:788:e93c::/64	836
2001:db8:789:176::/64	542
2001:db8:789:d849::/64	456
2001:db8:78a:2078::/64	471
2001:db8:78b:35d0::/64	67
2001:db8:78b:6f61::/64	518
2001:db8:78b:891e::/64	67
2001:db8:78b:abe6::/64	150
2001:db8:78d:fb59::/64	49
2001:db8:78e:d51c::/64	382
2001:db8:78f:10a3::/64	411
2001:db8:78f:4be7::/64	342
2001:db8:78f:dc66::/64	801
2001:db8:790:b036::/64	828
2001:db8:790:bac0::/64	945
2001:db8:791:97a1::/64	626
2001:db8:792:44d2::/64	606
2001:db8:792:5db0::/64	860
2001:db8:792:66c8::/64	37
2001:db8:792:af22::/64	714
2001:db8:794:1b5c::/64	816
2001:db8:794:7609::/64	102
2001:db8:794:83ed::/64	455
2001:db8:794:8891::/64	418
2001:db8:796:5dc8::/64	679
2001:db8:796:6ec1::/64	30
2001:db8:797:ae43::/64	807
2001:db8:797:e7a0::/64	835
2001:db8:798:358d::/64	737
2001:db8:799:4f95::/64	305
2001:db8:79a:5ff9::/64	826
2001:db8:79a:a9fe::/64	103
2001:db8:79a:cf09::/64	834
2001:db8:79b:6de::/64	221
2001:db8:79b:4fed::/64	264
2001:db8:79b:a37b::/64	960
2001:db8:79c:1ef7::/64	913
2001:db8:79c:29b1::/64	655
2001:db8:79c:a93d::/64	245
2001:db8:79d:dd9::/64	295
2001:db8:79d:4bf9::/64	200
2001:db8:79d:e8ea::/64	217
2001:db8:79e:2ef::/64	320
2001:db8:79e:8d09::/64	817
2001:db8:79e:b90d::/64	146
2001:db8:79e:ce00::/64	983
2001:db8:79e:dc66::/64	188
2001:db8:79f:e8f4::/64	68
2001:db8:79f:f84b::/64	94
2001:db8:7a0:116::/64	129
2001:db8:7a2:7084::/64	467
2001:db8:7a2:971d::/64	648
2001:db8:7a2:9e81::/64	359
2001:db8:7a2:ded9::/64	699
2001:db8:7a4:ad4::/64	929
2001:db8:7a4:6f5a::/64	702
2001:db8:7a4:96dc::/64	719
2001:db8:7a4:d70f::/64	399
2001:db8:7a4:e78c::/64	8
2001:db8:7a5:5420::/64	712
2001:db8:7a5:8a8d::/64	677
2001:db8:7a5:a3cf::/64	429
2001:db8:7a5:b5f9::/64	856
2001:db8:7a6:d41::/64	984
2001:db8:7a6:4eb1::/64	170
2001:db8:7a7:2492::/64	964
2001:db8:7a7:631f::/64	781
2001:db8:7a7:b08f::/64	875
2001:db8:7a7:dc4a::/64	130
2001:db8:7a7:e905::/64	434
2001:db8:7a8:1854::/64	620
2001:db8:7a8:c1f8::/64	755
2001:db8:7a9:f75::/64	516
2001:db8:7a9:4b75::/64	253
2001:db8:7a9:b1d3::/64	599
2001:db8:7a9:d349::/64	304
2001:db8:7aa:3c3::/64	162
2001:db8:7aa:3ade::/64	60
2001:db8:7aa:4e48::/64	660
2001:db8:7aa:655f::/64	270
2001:db8:7aa:fa05::/64	5
2001:db8:7ab:2202::/64	678
2001:db8:7ac:2fdf::/64	121
2001:db8:7ac:738a::/64	508
2001:db8:7ac:7bc4::/64	607
2001:db8:7ac:9812::/64	816
2001:db8:7ac:b83f::/64	627
2001:db8:7ae:2ef4::/64	280
2001:db8:7b0:631b::/64	387
2001:db8:7b0:ba4d::/64	963
2001:db8:7b1:5eca::/64	384
2001:db8:7b1:bd85::/64	778
2001:db8:7b1:c904::/64	912
2001:db8:7b2:5776::/64	842
2001:db8:7b2:5ec4::/64	896
2001:db8:7b3:e88b::/64	487
2001:db8:7b3:ff4a::/64	788
2001:db8:7b3:ff64::/64	715
2001:db8:7b4:3a25::/64	274
2001:db8:7b4:4316::/64	324
2001:db8:7b4:8e59::/64	322
2001:db8:7b6:350e::/64	108
2001:db8:7b6:57c4::/64	168
2001:db8:7b6:8310::/64	810
2001:db8:7b7:e0e::/64	617
2001:db8:7b7:284d::/64	516
2001:db8:7b8:603::/64	381
2001:db8:7b8:7481::/64	378
2001:db8:7b8:a2b7::/64	764
2001:db8:7b8:edd5::/64	198
2001:db8:7b9:1147::/64	896
2001:db8:7b9:dcaf::/64	660
2001:db8:7ba:2c52::/64	767
2001:db8:7bb:36cc::/64	466
2001:db8:7bc:75a7::/64	223
2001:db8:7bc:c742::/64	611
2001:db8:7bd:2ebf::/64	374
2001:db8:7be:36d1::/64	479
2001:db8:7be:9502::/64	180
2001:db8:7bf:a3e5::/64	365
2001:db8:7bf:b922::/64	454
2001:db8:7bf:ff79::/64	296
2001:db8:7c0:1e04::/64	395
2001:db8:7c0:4e36::/64	359
2001:db8:7c0:51d3::/64	709
2001:db8:7c0:a0a6::/64	454
2001:db8:7c1:2aba::/64	335
2001:db8:7c1:d1e3::/64	52
2001:db8:7c2:da27::/64	852
2001:db8:7c3:7612::/64	510
2001:db8:7c3:cce6::/64	343
2001:db8:7c6:33e2::/64	178
2001:db8:7c6:9ec6::/64	261
2001:db8:7c7:a7e6::/64	721
2001:db8:7c8:98b9::/64	572
2001:db8:7c8:b83b::/64	186
2001:db8:7c9:90e6::/64	819
2001:db8:7c9:c190::/64	644
2001:db8:7ca:519f::/64	122
2001:db8:7ca:5caa::/64	280
2001:db8:7ca:7ab2::/64	562
2001:db8:7ca:fd90::/64	790
2001:db8:7cb:824::/64	555
2001:db8:7cb:806b::/64	51
2001:db8:7cb:b099::/64	601
2001:db8:7cc:666::/64	252
2001:db8:7cc:55fd::/64	471
2001:db8:7cc:a0f9::/64	300
2001:db8:7cc:e69b::/64	478
2001:db8:7cd:2d39::/64	164
2001:db8:7cd:3079::/64	128
2001:db8:7cd:551f::/64	759
2001:db8:7cd:a99e::/64	944
2001:db8:7cd:e3f6::/64	430
2001:db8:7ce:26f8::/64	767
2001:db8:7ce:41fb::/64	577
2001:db8:7ce:8334::/64	845
2001:db8:7ce:e53f::/64	359
2001:db8:7cf:25e3::/64	848
2001:db8:7cf:538a::/64	569
2001:db8:7cf:57d8::/64	658
2001:db8:7d0:5da5::/64	298
2001:db8:7d0:bb53::/64	343
2001:db8:7d0:e412::/64	722
2001:db8:7d1:9e3c::/64	59
2001:db8:7d1:c6d4::/64	461
2001:db8:7d1:df1b::/64	706
2001:db8:7d2:1e37::/64	156
2001:db8:7d4:2139::/64	807
2001:db8:7d5:25bc::/64	520
2001:db8:7d5:2c7a::/64	115
2001:db8:7d5:4f73::/64	983
2001:db8:7d5:71a8::/64	461
2001:db8:7d5:871c::/64	857
2001:db8:7d5:d9bb::/64	937
2001:db8:7d6:79fb::/64	845
2001:db8:7d6:c73f::/64	916
2001:db8:7d6:fa04::/64	619
2001:db8:7d7:318::/64	59
2001:db8:7d7:1c52::/64	880
2001:db8:7d7:4ae2::/64	185
2001:db8:7d7:9263::/64	379
2001:db8:7d7:ddbc::/64	324
2001:db8:7d7:fae0::/64	903
2001:db8:7d8:7f3b::/64	39
2001:db8:7d8:841a::/64	239
2001:db8:7d9:f01d::/64	181
2001:db8:7da:de76::/64	626
2001:db8:7db:437a::/64	123
2001:db8:7db:68bd::/64	576
2001:db8:7db:be93::/64	132
2001:db8:7dc:bf4f::/64	565
2001:db8:7dd:5931::/64	548
2001:db8:7dd:e06d::/64	551
2001:db8:7de:18c1::/64	980
2001:db8:7df:1e6c::/64	476
2001:db8:7df:c334::/64	404
2001:db8:7df:e300::/64	165
2001:db8:7e0:5fd8::/64	612
2001:db8:7e0:b999::/64	663
2001:db8:7e1:5c63::/64	377
2001:db8:7e1:61a8::/64	584
2001:db8:7e1:a96d::/64	675
2001:db8:7e2:7b0::/64	135
2001:db8:7e2:dcb4::/64	802
2001:db8:7e3:aee::/64	658
2001:db8:7e3:6587::/64	598
2001:db8:7e3:7784::/64	541
2001:db8:7e3:8fe1::/64	271
2001:db8:7e4:db13::/64	970
2001:db8:7e4:dc3b::/64	441
2001:db8:7e6:1516::/64	989
2001:db8:7e6:3557::/64	399
2001:db8:7e6:f6b3::/64	648
2001:db8:7e7:2fb6::/64	74
2001:db8:7e7:716c::/64	344
2001:db8:7e7:7a4b::/64	890
2001:db8:7e7:8cc4::/64	477
2001:db8:7e7:d115::/64	975
2001:db8:7e8:40a3::/64	10
2001:db8:7e9:80b1::/64	405
2001:db8:7e9:8d2b::/64	69
2001:db8:7ea:7192::/64	622
2001:db8:7eb:c5e7::/64	455
2001:db8:7eb:f3c3::/64	745
2001:db8:7ed:5f64::/64	725
2001:db8:7ed:6752::/64	934
2001:db8:7ee:8d4a::/64	872
2001:db8:7ef:2631::/64	188
2001:db8:7ef:3295::/64	25
2001:db8:7ef:ab95::/64	362
2001:db8:7f0:3a50::/64	139
2001:db8:7f1:4ec9::/64	105
2001:db8:7f1:7393::/64	34
2001:db8:7f1:96d4::/64	453
2001:db8:7f2:3f77::/64	997
2001:db8:7f2:8094::/64	489
2001:db8:7f3:2f5d::/64	687
2001:db8:7f3:a1a9::/64	621
2001:db8:7f3:b49a::/64	139
2001:db8:7f3:c4f8::/64	835
2001:db8:7f3:ea9a::/64	334
2001:db8:7f4:a768::/64	255
2001:db8:7f5:2a4d::/64	332
2001:db8:7f5:7a54::/64	182
2001:db8:7f5:89ed::/64	589
2001:db8:7f5:a8ee::/64	295
2001:db8:7f5:eb47::/64	10
2001:db8:7f6:8adc::/64	797
2001:db8:7f6:e9b3::/64	850
2001:db8:7f7:861b::/64	99
2001:db8:7f7:8ab4::/64	817
2001:db8:7f7:ff77::/64	404
2001:db8:7f8:dc4e::/64	16
2001:db8:7f9:3d84::/64	734
2001:db8:7f9:5a2f::/64	456
2001:db8:7f9:e49f::/64	232
2001:db8:7fa:5d57::/64	264
2001:db8:7fa:b908::/64	399
2001:db8:7fb:1095::/64	589
2001:db8:7fb:502e::/64	910
2001:db8:7fb:c173::/64	781
2001:db8:7fc:48d8::/64	930
2001:db8:7fd:e29::/64	779
2001:db8:7fd:3a2a::/64	78
2001:db8:7fd:e4b3::/64	83
2001:db8:7fe:2914::/64	346
2001:db8:7fe:8db1::/64	191
2001:db8:800:3295::/64	813
2001:db8:800:4fa9::/64	355
2001:db8:802:440f::/64	587
2001:db8:802:7d98::/64	481
2001:db8:802:dfca::/64	284
2001:db8:803:165e::/64	377
2001:db8:803:28b0::/64	949
2001:db8:804:341b::/64	947
2001:db8:804:5d98::/64	648
2001:db8:804:f2dc::/64	963
2001:db8:805:55d2::/64	863
2001:db8:805:5ef1::/64	786
2001:db8:805:8cd1::/64	779
2001:db8:805:a14e::/64	858
2001:db8:807:2a0c::/64	713
2001:db8:807:aa52::/64	638
2001:db8:807:afa1::/64	922
2001:db8:807:c413::/64	349
2001:db8:808:1e7e::/64	848
2001:db8:808:4085::/64	44
2001:db8:808:e23e::/64	575
2001:db8:809:324e::/64	669
2001:db8:809:5c17::/64	20
2001:db8:80b:3e0d::/64	645
2001:db8:80b:a392::/64	744
2001:db8:80b:ad2e::/64	892
2001:db8:80c:4d4f::/64	386
2001:db8:80c:7242::/64	48
2001:db8:80c:7db0::/64	610
2001:db8:80d:bb3::/64	800
2001:db8:80d:71a0::/64	293
2001:db8:80d:8689::/64	981
2001:db8:80d:dd35::/64	477
2001:db8:80e:f406::/64	83
2001:db8:80f:ba5c::/64	959
2001:db8:810:17dd::/64	899
2001:db8:810:18be::/64	528
2001:db8:810:e057::/64	179
2001:db8:811:33db::/64	428
2001:db8:811:68e0::/64	458
2001:db8:811:84a5::/64	235
2001:db8:811:c18a::/64	71
2001:db8:812:4460::/64	837
2001:db8:813:78bc::/64	178
2001:db8:813:b976::/64	782
2001:db8:814:aa3f::/64	640
2001:db8:814:b359::/64	867
2001:db8:814:c0a2::/64	410
2001:db8:815:de16::/64	139
2001:db8:816:3eac::/64	712
2001:db8:816:4df1::/64	703
2001:db8:817:6c0d::/64	741
2001:db8:817:83d7::/64	710
2001:db8:818:24d1::/64	448
2001:db8:818:a607::/64	126
2001:db8:818:b85c::/64	574
2001:db8:819:1b76::/64	676
2001:db8:819:a027::/64	156
2001:db8:819:a046::/64	791
2001:db8:819:a55c::/64	204
2001:db8:81a:3550::/64	881
2001:db8:81a:87df::/64	887
2001:db8:81a:f0de::/64	8
2001:db8:81c:9d57::/64	901
2001:db8:81d:46ad::/64	125
2001:db8:81d:49e4::/64	502
2001:db8:81d:54a3::/64	857
2001:db8:81d:aeec::/64	51
2001:db8:81d:ebbc::/64	301
2001:db8:81e:130e::/64	184
2001:db8:81e:8987::/64	681
2001:db8:81e:e980::/64	88
2001:db8:81f:3dd::/64	646
2001:db8:81f:348c::/64	89
2001:db8:81f:3600::/64	918
2001:db8:81f:8fb5::/64	773
2001:db8:81f:9425::/64	490
2001:db8:81f:d270::/64	253
2001:db8:820:896b::/64	623
2001:db8:820:9de8::/64	853
2001:db8:820:f21c::/64	107
2001:db8:821:8d1::/64	986
2001:db8:821:52ff::/64	936
2001:db8:821:6aca::/64	304
2001:db8:821:982d::/64	326
2001:db8:821:aaa3::/64	676
2001:db8:822:25d9::/64	752
2001:db8:822:2f78::/64	344
2001:db8:823:5fa2::/64	809
2001:db8:823:6bf4::/64	532
2001:db8:823:f51c::/64	975
2001:db8:824:e32::/64	489
2001:db8:824:4c97::/64	92
2001:db8:824:dacb::/64	342
2001:db8:824:ecc7::/64	479
2001:db8:825:226c::/64	252
2001:db8:825:41f4::/64	237
2001:db8:825:eb50::/64	821
2001:db8:826:44fd::/64	791
2001:db8:827:23d::/64	54
2001:db8:827:4e6::/64	856
2001:db8:827:a90::/64	902
2001:db8:827:6e76::/64	891
2001:db8:828:8017::/64	384
2001:db8:828:b5ad::/64	190
2001:db8:829:9a13::/64	158
2001:db8:829:d7dd::/64	250
2001:db8:82a:18a6::/64	115
2001:db8:82a:9611::/64	586
2001:db8:82b:409::/64	27
2001:db8:82b:552a::/64	323
2001:db8:82b:88fd::/64	396
2001:db8:82b:f928::/64	582
2001:db8:82d:72a1::/64	443
2001:db8:82d:e64c::/64	784
2001:db8:82e:3958::/64	951
2001:db8:82e:a85f::/64	894
2001:db8:82e:bdaf::/64	693
2001:db8:82f:ebb2::/64	354
2001:db8:82f:fd51::/64	74
2001:db8:830:42b5::/64	869
2001:db8:830:e423::/64	350
2001:db8:831:16f8::/64	505
2001:db8:831:8f58::/64	672
2001:db8:831:edb0::/64	153
2001:db8:832:708f::/64	402
2001:db8:832:838c::/64	6
2001:db8:832:85df::/64	40
2001:db8:833:c92::/64	481
2001:db8:833:5d2b::/64	742
2001:db8:833:a549::/64	840
2001:db8:834:2b39::/64	888
2001:db8:834:399b::/64	474
2001:db8:834:55ce::/64	917
2001:db8:835:2f39::/64	330
2001:db8:835:659c::/64	602
2001:db8:836:5530::/64	387
2001:db8:836:fd00::/64	258
2001:db8:837:71c3::/64	890
2001:db8:837:7444::/64	164
2001:db8:837:a8e7::/64	481
2001:db8:837:f88d::/64	327
2001:db8:838:445c::/64	628
2001:db8:838:dea9::/64	664
2001:db8:839:2cf2::/64	930
2001:db8:839:ba67::/64	686
2001:db8:839:fa20::/64	680
2001:db8:83a:94ab::/64	368
2001:db8:83b:dd5::/64	894
2001:db8:83b:8b38::/64	722
2001:db8:83b:b8d7::/64	810
2001:db8:83c:3ce::/64	933
2001:db8:83c:4bfc::/64	803
2001:db8:83c:8f63::/64	63
2001:db8:83d:577::/64	150
2001:db8:83d:25c9::/64	885
2001:db8:83d:6c29::/64	660
2001:db8:83d:a378::/64	828
2001:db8:83d:f179::/64	858
2001:db8:83e:1ebc::/64	341
2001:db8:83e:c5ed::/64	397
2001:db8:83f:16c1::/64	83
2001:db8:83f:6bd4::/64	540
2001:db8:83f:8a5d::/64	469
2001:db8:840:18a1::/64	303
2001:db8:840:4829::/64	760
2001:db8:840:5b41::/64	913
2001:db8:840:847f::/64	882
2001:db8:840:a34f::/64	232
2001:db8:841:55ba::/64	943
2001:db8:841:893a::/64	282
2001:db8:841:dad1::/64	853
2001:db8:843:ce19::/64	709
2001:db8:844:440e::/64	129
2001:db8:844:5190::/64	774
2001:db8:845:5d0f::/64	177
2001:db8:845:849f::/64	262
2001:db8:845:b645::/64	257
2001:db8:845:b711::/64	884
2001:db8:845:e8bb::/64	777
2001:db8:845:fe18::/64	911
2001:db8:846:ca3e::/64	886
2001:db8:847:1aac::/64	661
2001:db8:848:8a27::/64	23
2001:db8:848:cf2f::/64	489
2001:db8:849:1be5::/64	564
2001:db8:849:2d1b::/64	74
2001:db8:849:5238::/64	917
2001:db8:849:7a12::/64	163
2001:db8:849:cf89::/64	548
2001:db8:84a:ac06::/64	949
2001:db8:84b:1ba5::/64	976
2001:db8:84b:4ca0::/64	185
2001:db8:84d:26a::/64	809
2001:db8:84d:31b8::/64	548
2001:db8:84d:b70a::/64	441
2001:db8:84d:e291::/64	425
2001:db8:84d:f093::/64	147
2001:db8:84e:8f6e::/64	622
2001:db8:84e:a1db::/64	160
2001:db8:84e:a910::/64	885
2001:db8:84f:43c2::/64	899
2001:db8:84f:4a3b::/64	956
2001:db8:84f:5a1d::/64	301
2001:db8:84f:c047::/64	38
2001:db8:84f:f8f5::/64	957
2001:db8:850:6d13::/64	131
2001:db8:851:f4a8::/64	969
2001:db8:852:36f2::/64	236
2001:db8:852:5c6b::/64	215
2001:db8:853:328e::/64	491
2001:db8:853:9921::/64	663
2001:db8:853:b04c::/64	683
2001:db8:853:fd6c::/64	678
2001:db8:854:f847::/64	570
2001:db8:855:2989::/64	530
2001:db8:855:83ea::/64	459
2001:db8:855:8861::/64	60
2001:db8:855:dd18::/64	717
2001:db8:856:f77::/64	954
2001:db8:856:6f50::/64	442
2001:db8:857:a8c2::/64	106
2001:db8:858:32bc::/64	981
2001:db8:858:7459::/64	965
2001:db8:858:7a83::/64	12
2001:db8:858:f0d8::/64	233
2001:db8:858:f297::/64	108
2001:db8:859:577d::/64	986
2001:db8:859:6771::/64	188
2001:db8:859:a27b::/64	495
2001:db8:85a:9f32::/64	951
2001:db8:85b:2516::/64	761
2001:db8:85c:1476::/64	216
2001:db8:85c:35c3::/64	275
2001:db8:85c:78f7::/64	578
2001:db8:85d:9079::/64	186
2001:db8:85d:f53f::/64	947
2001:db8:85e:133a::/64	620
2001:db8:85e:2c74::/64	408
2001:db8:85e:ab58::/64	230
2001:db8:85f:54d4::/64	848
2001:db8:860:6a54::/64	988
2001:db8:860:747c::/64	897
2001:db8:860:bb89::/64	731
2001:db8:861:98ab::/64	305
2001:db8:861:e777::/64	275
2001:db8:862:19a3::/64	896
2001:db8:862:4d28::/64	264
2001:db8:862:511c::/64	453
2001:db8:862:5385::/64	749
2001:db8:862:5fce::/64	326
2001:db8:862:7719::/64	423
2001:db8:862:9621::/64	470
2001:db8:862:9934::/64	561
2001:db8:864:5811::/64	666
2001:db8:864:59ab::/64	851
2001:db8:864:7f39::/64	217
2001:db8:864:9120::/64	406
2001:db8:864:93b8::/64	36
2001:db8:864:aba7::/64	66
2001:db8:865:60bf::/64	654
2001:db8:865:7124::/64	374
2001:db8:865:cafc::/64	427
2001:db8:866:469::/64	981
2001:db8:866:7fdd::/64	828
2001:db8:866:8a39::/64	753
2001:db8:867:a3b9::/64	77
2001:db8:867:ff79::/64	709
2001:db8:868:2245::/64	733
2001:db8:868:8836::/64	887
2001:db8:868:a811::/64	899
2001:db8:86a:2ba::/64	696
2001:db8:86a:28c7::/64	509
2001:db8:86a:56ba::/64	901
2001:db8:86a:fa34::/64	41
2001:db8:86a:fe54::/64	52
2001:db8:86b:6b51::/64	393
2001:db8:86b:c7c1::/64	995
2001:db8:86b:e4b7::/64	916
2001:db8:86b:fac6::/64	685
2001:db8:86c:2d94::/64	234
2001:db8:86c:44ff::/64	116
2001:db8:86c:98d2::/64	316
2001:db8:86d:f445::/64	287
2001:db8:86e:6a0f::/64	121
2001:db8:86e:8e59::/64	385
2001:db8:86e:b011::/64	640
2001:db8:86e:f7ea::/64	686
2001:db8:86f:f3c1::/64	884
2001:db8:870:72b0::/64	2
2001:db8:870:ae3f::/64	966
2001:db8:871:752f::/64	406
2001:db8:871:9cff::/64	495
2001:db8:871:ac26::/64	416
2001:db8:871:b9fb::/64	495
2001:db8:871:c107::/64	952
2001:db8:872:6dbb::/64	468
2001:db8:872:c56b::/64	154
2001:db8:875:b214::/64	194
2001:db8:875:c6d4::/64	450
2001:db8:875:c91c::/64	957
2001:db8:876:b11::/64	544
2001:db8:876:283a::/64	6
2001:db8:876:995c::/64	287
2001:db8:876:9d65::/64	225
2001:db8:876:d0a4::/64	414
2001:db8:877:2290::/64	275
2001:db8:879:9ca7::/64	497
2001:db8:879:c219::/64	545
2001:db8:87a:1884::/64	972
2001:db8:87a:4807::/64	88
2001:db8:87a:c6e4::/64	353
2001:db8:87a:de2d::/64	920
2001:db8:87b:8359::/64	800
2001:db8:87b:9921::/64	828
2001:db8:87b:a6fd::/64	276
2001:db8:87b:d54f::/64	329
2001:db8:87c:96b1::/64	454
2001:db8:87c:d85d::/64	240
2001:db8:87d:2611::/64	964
2001:db8:87e:2004::/64	679
2001:db8:87e:8c2e::/64	486
2001:db8:87e:9f16::/64	142
2001:db8:87f:1c66::/64	88
2001:db8:87f:3399::/64	587
2001:db8:87f:6a14::/64	32
2001:db8:87f:79dc::/64	28
2001:db8:87f:7b21::/64	560
2001:db8:87f:e3da::/64	952
2001:db8:880:fa01::/64	57
2001:db8:881:60a::/64	277
2001:db8:881:1543::/64	222
2001:db8:881:840f::/64	110
2001:db8:882:8b2a::/64	491
2001:db8:882:cf4a::/64	268
2001:db8:883:4d14::/64	985
2001:db8:883:5f22::/64	595
2001:db8:883:83fc::/64	486
2001:db8:883:9ed2::/64	94
2001:db8:884:1651::/64	101
2001:db8:884:259f::/64	27
2001:db8:884:2889::/64	689
2001:db8:884:d1d1::/64	764
2001:db8:885:47d0::/64	436
2001:db8:885:5005::/64	658
2001:db8:885:b4b0::/64	720
2001:db8:886:e54d::/64	57
2001:db8:887:bc92::/64	428
2001:db8:888:151d::/64	428
2001:db8:888:61dd::/64	34
2001:db8:888:8eb1::/64	701
2001:db8:888:92d5::/64	134
2001:db8:888:a235::/64	337
2001:db8:888:f817::/64	165
2001:db8:88a:1190::/64	325
2001:db8:88b:4c66::/64	125
2001:db8:88b:a498::/64	201
2001:db8:88b:bcf9::/64	421
2001:db8:88b:fb2d::/64	329
2001:db8:88c:cfd5::/64	350
2001:db8:88d:7b5d::/64	261
2001:db8:88d:b178::/64	212
2001:db8:88d:fc13::/64	459
2001:db8:88e:a314::/64	330
2001:db8:88f:1557::/64	628
2001:db8:890:5670::/64	155
2001:db8:890:57c4::/64	99
2001:db8:890:79d8::/64	298
2001:db8:890:8a5f::/64	980
2001:db8:890:cb4f::/64	32
2001:db8:890:e411::/64	657
2001:db8:891:4ffe::/64	983
2001:db8:891:5594::/64	676
2001:db8:891:8e7f::/64	363
2001:db8:892:f40::/64	974
2001:db8:892:2d82::/64	984
2001:db8:892:5b29::/64	112
2001:db8:892:efa5::/64	99
2001:db8:893:e5a1::/64	495
2001:db8:896:1a9b::/64	566
2001:db8:896:6e67::/64	184
2001:db8:896:7d83::/64	665
2001:db8:896:9bb1::/64	391
2001:db8:897:4a37::/64	152
2001:db8:897:9a8a::/64	687
2001:db8:897:a936::/64	468
2001:db8:897:cef6::/64	689
2001:db8:897:e663::/64	244
2001:db8:898:295c::/64	658
2001:db8:898:60a7::/64	947
2001:db8:898:a8b9::/64	826
2001:db8:899:a19::/64	383
2001:db8:89a:feb8::/64	367
2001:db8:89c:25d8::/64	789
2001:db8:89c:86b9::/64	51
2001:db8:89c:9348::/64	266
2001:db8:89c:942d::/64	984
2001:db8:89c:c0f8::/64	79
2001:db8:89d:f373::/64	500
2001:db8:89d:fdc5::/64	929
2001:db8:89e:67eb::/64	314
2001:db8:89e:7b29::/64	25
2001:db8:89f:3001::/64	705
2001:db8:89f:b086::/64	700
2001:db8:8a0:4665::/64	242
2001:db8:8a0:7dce::/64	546
2001:db8:8a1:2c4b::/64	38
2001:db8:8a1:3b94::/64	76
2001:db8:8a1:e137::/64	224
2001:db8:8a1:fb23::/64	897
2001:db8:8a2:1be4::/64	703
2001:db8:8a2:94a4::/64	479
2001:db8:8a2:b093::/64	679
2001:db8:8a3:4b02::/64	79
2001:db8:8a3:72ad::/64	112
2001:db8:8a3:d2d4::/64	209
2001:db8:8a4:5aaf::/64	620
2001:db8:8a4:6e58::/64	253
2001:db8:8a4:c153::/64	738
2001:db8:8a5:13bc::/64	103
2001:db8:8a5:9735::/64	312
2001:db8:8a6:8aa4::/64	999
2001:db8:8a6:ae9e::/64	126
2001:db8:8a6:e051::/64	795
2001:db8:8a7:8446::/64	223
2001:db8:8a7:b579::/64	508
2001:db8:8a7:c07b::/64	558
2001:db8:8a8:86af::/64	498
2001:db8:8a8:eedc::/64	362
2001:db8:8aa:6dbf::/64	717
2001:db8:8ab:2ede::/64	206
2001:db8:8ac:3bba::/64	414
2001:db8:8ac:c528::/64	741
2001:db8:8ac:eb4e::/64	674
2001:db8:8ad:3030::/64	475
2001:db8:8ae:ef7e::/64	434
2001:db8:8af:1934::/64	920
2001:db8:8b0:9930::/64	397
2001:db8:8b0:a796::/64	450
2001:db8:8b0:e5f3::/64	501
2001:db8:8b1:a133::/64	693
2001:db8:8b1:ba6e::/64	455
2001:db8:8b1:f03f::/64	513
2001:db8:8b2:9bce::/64	621
2001:db8:8b2:cf75::/64	892
2001:db8:8b3:6f71::/64	547
2001:db8:8b4:4ee7::/64	9
2001:db8:8b4:5e81::/64	549
2001:db8:8b4:7b48::/64	289
2001:db8:8b4:7d7e::/64	221
2001:db8:8b4:8172::/64	166
2001:db8:8b5:1197::/64	15
2001:db8:8b5:af75::/64	506
2001:db8:8b5:cadf::/64	687
2001:db8:8b6:1c8b::/64	275
2001:db8:8b6:1fa8::/64	887
2001:db8:8b6:3741::/64	832
2001:db8:8b7:2fec::/64	835
2001:db8:8b7:4929::/64	882
2001:db8:8b7:53c6::/64	727
2001:db8:8b8:6039::/64	581
2001:db8:8b8:a82e::/64	886
2001:db8:8b9:58df::/64	546
2001:db8:8b9:9835::/64	641
2001:db8:8b9:cc37::/64	197
2001:db8:8bb:370a::/64	448
2001:db8:8bb:920c::/64	151
2001:db8:8bb:bb08::/64	846
2001:db8:8bc:4d03::/64	231
2001:db8:8bc:dbc7::/64	411
2001:db8:8bd:260::/64	51
2001:db8:8bd:32ec::/64	472
2001:db8:8bd:385a::/64	936
2001:db8:8bd:f450::/64	357
2001:db8:8be:935c::/64	216
2001:db8:8bf:afca::/64	2
2001:db8:8bf:d8c6::/64	234
2001:db8:8c0:b375::/64	978
2001:db8:8c0:cd67::/64	328
2001:db8:8c1:3ff6::/64	310
2001:db8:8c1:a57d::/64	961
2001:db8:8c2:74b2::/64	52
2001:db8:8c2:9910::/64	715
2001:db8:8c3:d8d::/64	285
2001:db8:8c3:9ab8::/64	503
2001:db8:8c3:c9c1::/64	746
2001:db8:8c4:5f4c::/64	355
2001:db8:8c4:ccf0::/64	111
2001:db8:8c5:310d::/64	27
2001:db8:8c5:31f4::/64	906
2001:db8:8c5:4af3::/64	399
2001:db8:8c5:4bac::/64	659
2001:db8:8c5:6939::/64	121
2001:db8:8c5:b2cb::/64	545
2001:db8:8c5:f5e1::/64	723
2001:db8:8c6:7066::/64	858
2001:db8:8c6:9caf::/64	594
2001:db8:8c7:6aee::/64	820
2001:db8:8c7:882a::/64	337
2001:db8:8c7:ac69::/64	109
2001:db8:8c7:b54a::/64	473
2001:db8:8c8:14ab::/64	636
2001:db8:8c9:1b78::/64	979
2001:db8:8c9:a446::/64	935
2001:db8:8c9:f012::/64	116
2001:db8:8cb:1d92::/64	854
2001:db8:8cb:96ed::/64	229
2001:db8:8cb:b918::/64	593
2001:db8:8cb:f826::/64	8
2001:db8:8cc:57b5::/64	66
2001:db8:8cc:e3a2::/64	218
2001:db8:8cd:99f9::/64	859
2001:db8:8ce:9917::/64	623
2001:db8:8cf:53a::/64	454
2001:db8:8cf:3444::/64	682
2001:db8:8cf:bb60::/64	320
2001:db8:8d0:c94::/64	427
2001:db8:8d0:922c::/64	157
2001:db8:8d0:dcd2::/64	137
2001:db8:8d1:179a::/64	503
2001:db8:8d1:665d::/64	483
2001:db8:8d1:af24::/64	526
2001:db8:8d2:99d6::/64	582
2001:db8:8d2:a5f9::/64	576
2001:db8:8d4:5029::/64	461
2001:db8:8d4:558d::/64	631
2001:db8:8d4:72c5::/64	537
2001:db8:8d4:fba7::/64	539
2001:db8:8d5:4500::/64	790
2001:db8:8d6:214d::/64	69
2001:db8:8d6:666c::/64	811
2001:db8:8d6:b35c::/64	812
2001:db8:8d7:60c3::/64	975
2001:db8:8d7:6624::/64	515
2001:db8:8d7:c4c4::/64	771
2001:db8:8d8:cc3f::/64	333
2001:db8:8d8:e6c2::/64	93
2001:db8:8d9:1b2::/64	774
2001:db8:8d9:665c::/64	621
2001:db8:8d9:8857::/64	213
2001:db8:8da:52bf::/64	727
2001:db8:8da:9e23::/64	606
2001:db8:8da:fa87::/64	946
2001:db8:8db:41dc::/64	499
2001:db8:8db:f826::/64	32
2001:db8:8dc:166::/64	740
2001:db8:8dc:14a3::/64	239
2001:db8:8dc:4a9b::/64	16
2001:db8:8dc:5dfc::/64	976
2001:db8:8dd:292::/64	548
2001:db8:8dd:3966::/64	171
2001:db8:8dd:7a91::/64	93
2001:db8:8df:34f7::/64	255
2001:db8:8df:5fca::/64	772
2001:db8:8df:ad6d::/64	577
2001:db8:8df:bab1::/64	86
2001:db8:8df:f90f::/64	65
2001:db8:8e0:2515::/64	91
2001:db8:8e0:3de9::/64	63
2001:db8:8e0:5054::/64	27
2001:db8:8e0:68a0::/64	432
2001:db8:8e1:1f::/64	398
2001:db8:8e1:ed64::/64	818
2001:db8:8e2:3fbb::/64	440
2001:db8:8e2:95e7::/64	989
2001:db8:8e3:5bb6::/64	810
2001:db8:8e3:6995::/64	197
2001:db8:8e3:9872::/64	107
2001:db8:8e4:7081::/64	779
2001:db8:8e4:a6d1::/64	848
2001:db8:8e4:d028::/64	979
2001:db8:8e5:1c37::/64	149
2001:db8:8e5:416b::/64	517
2001:db8:8e5:5dac::/64	697
2001:db8:8e5:7309::/64	471
2001:db8:8e6:2551::/64	998
2001:db8:8e6:8d2f::/64	496
2001:db8:8e7:8051::/64	655
2001:db8:8e7:8b45::/64	696
2001:db8:8e7:fa88::/64	345
2001:db8:8e7:fc79::/64	76
2001:db8:8e8:ce33::/64	245
2001:db8:8e9:9b4::/64	462
2001:db8:8e9:7aa3::/64	528
2001:db8:8e9:b469::/64	251
2001:db8:8ea:123a::/64	674
2001:db8:8ea:3f55::/64	970
2001:db8:8ea:9ad3::/64	721
2001:db8:8ea:af44::/64	923
2001:db8:8ea:c73a::/64	419
2001:db8:8ea:e27c::/64	938
2001:db8:8eb:20d::/64	766
2001:db8:8eb:1a70::/64	290
2001:db8:8eb:7dd5::/64	624
2001:db8:8eb:c2ba::/64	231
2001:db8:8ec:1589::/64	734
2001:db8:8ec:2602::/64	500
2001:db8:8ec:9cfc::/64	32
2001:db8:8ec:b91a::/64	317
2001:db8:8ed:3f10::/64	183
2001:db8:8ed:6df4::/64	793
2001:db8:8ed:8569::/64	51
2001:db8:8ed:97c6::/64	357
2001:db8:8ee:3f87::/64	724
2001:db8:8ef:f8b::/64	648
2001:db8:8ef:7e7e::/64	706
2001:db8:8ef:8c9b::/64	564
2001:db8:8f1:31a3::/64	539
2001:db8:8f1:c644::/64	696
2001:db8:8f2:5c52::/64	286
2001:db8:8f2:9330::/64	320
2001:db8:8f3:e81::/64	184
2001:db8:8f3:57de::/64	460
2001:db8:8f3:5f65::/64	816
2001:db8:8f3:85c4::/64	856
2001:db8:8f3:e9f2::/64	469
2001:db8:8f5:93f::/64	218
2001:db8:8f5:2ccc::/64	265
2001:db8:8f5:f1a0::/64	625
2001:db8:8f6:3d81::/64	105
2001:db8:8f6:5c4b::/64	230
2001:db8:8f6:849a::/64	999
2001:db8:8f6:ceb3::/64	506
2001:db8:8f7:32bf::/64	750
2001:db8:8f7:6b23::/64	973
2001:db8:8f7:70df::/64	849
2001:db8:8f7:821f::/64	815
2001:db8:8f7:8f38::/64	246
2001:db8:8f7:a98c::/64	417
2001:db8:8f8:bf3::/64	536
2001:db8:8f8:23a5::/64	554
2001:db8:8f8:74d5::/64	600
2001:db8:8f8:7d66::/64	469
2001:db8:8f8:8e75::/64	84
2001:db8:8f9:a1f6::/64	162
2001:db8:8fa:2971::/64	673
2001:db8:8fa:8b93::/64	369
2001:db8:8fb:24dc::/64	970
2001:db8:8fb:6c50::/64	192
2001:db8:8fc:7eb6::/64	831
2001:db8:8fc:8fdd::/64	522
2001:db8:8fc:9301::/64	5
2001:db8:8fd:6550::/64	205
2001:db8:8fd:acdb::/64	580
2001:db8:8fe:42c7::/64	882
2001:db8:8fe:7332::/64	246
2001:db8:900:1300::/64	479
2001:db8:900:3208::/64	794
2001:db8:900:3741::/64	727
2001:db8:900:9474::/64	723
2001:db8:901:8f51::/64	340
2001:db8:902:22ed::/64	199
2001:db8:902:9666::/64	597
2001:db8:902:eb52::/64	947
2001:db8:903:e830::/64	422
2001:db8:904:2b69::/64	448
2001:db8:904:ac62::/64	91
2001:db8:905:262a::/64	135
2001:db8:905:db15::/64	273
2001:db8:906:293::/64	374
2001:db8:906:a039::/64	282
2001:db8:907:6677::/64	87
2001:db8:907:bad6::/64	569
2001:db8:908:4a1a::/64	194
2001:db8:909:276::/64	901
2001:db8:909:35d6::/64	456
2001:db8:909:e8c2::/64	866
2001:db8:909:f2f0::/64	308
2001:db8:90a:5242::/64	702
2001:db8:90a:779d::/64	751
2001:db8:90a:7db7::/64	401
2001:db8:90a:9bba::/64	601
2001:db8:90b:316e::/64	861
2001:db8:90b:4d9a::/64	844
2001:db8:90b:581e::/64	961
2001:db8:90b:ebee::/64	232
2001:db8:90b:f231::/64	823
2001:db8:90c:4bf8::/64	941
2001:db8:90d:7aea::/64	937
2001:db8:90d:b886::/64	601
2001:db8:90e:1b7a::/64	917
2001:db8:90e:22e6::/64	144
2001:db8:90e:23ff::/64	96
2001:db8:90f:1fb4::/64	602
2001:db8:90f:44bb::/64	758
2001:db8:90f:8f97::/64	15
2001:db8:910:2baa::/64	924
2001:db8:912:2011::/64	517
2001:db8:912:4029::/64	605
2001:db8:912:a890::/64	863
2001:db8:912:e567::/64	579
2001:db8:912:fe76::/64	129
2001:db8:913:7d7::/64	582
2001:db8:913:590c::/64	484
2001:db8:913:71b2::/64	49
2001:db8:914:279e::/64	863
2001:db8:914:33da::/64	323
2001:db8:914:e140::/64	764
2001:db8:915:1cc7::/64	960
2001:db8:915:af05::/64	356
2001:db8:916:3c6c::/64	328
2001:db8:916:77b7::/64	499
2001:db8:917:1c25::/64	459
2001:db8:917:3ed7::/64	200
2001:db8:917:6a87::/64	794
2001:db8:917:c9ca::/64	948
2001:db8:917:f29a::/64	567
2001:db8:918:2e1f::/64	52
2001:db8:918:7048::/64	241
2001:db8:918:e307::/64	756
2001:db8:918:fca8::/64	864
2001:db8:91a:2a8d::/64	795
2001:db8:91a:2bfc::/64	224
2001:db8:91a:4610::/64	722
2001:db8:91a:f8fb::/64	214
2001:db8:91b:119b::/64	913
2001:db8:91b:6e77::/64	794
2001:db8:91b:8174::/64	924
2001:db8:91c:3152::/64	508
2001:db8:91c:37fd::/64	650
2001:db8:91c:a69e::/64	348
2001:db8:91d:ea3::/64	797
2001:db8:91d:44b3::/64	243
2001:db8:91d:abcd::/64	766
2001:db8:91d:fd05::/64	978
2001:db8:91e:1949::/64	317
2001:db8:91f:144b::/64	373
2001:db8:91f:33e5::/64	32
2001:db8:91f:993f::/64	897
2001:db8:91f:a81f::/64	590
2001:db8:91f:d7fe::/64	728
2001:db8:91f:e2ec::/64	891
2001:db8:920:85d6::/64	150
2001:db8:920:9084::/64	267
2001:db8:921:180d::/64	46
2001:db8:921:3d3f::/64	451
2001:db8:921:fc65::/64	367
2001:db8:922:1f53::/64	471
2001:db8:922:5b5c::/64	548
2001:db8:923:eb16::/64	759
2001:db8:924:3cd6::/64	712
2001:db8:924:6144::/64	828
2001:db8:924:765e::/64	827
2001:db8:924:a9d9::/64	195
2001:db8:925:3b5f::/64	533
2001:db8:925:acf2::/64	707
2001:db8:925:fa5c::/64	216
2001:db8:926:8c8e::/64	664
2001:db8:926:d5ba::/64	706
2001:db8:927:b4cc::/64	668
2001:db8:928:2918::/64	421
2001:db8:928:5a49::/64	599
2001:db8:928:7cf4::/64	271
2001:db8:929:2fd::/64	312
2001:db8:929:9fdc::/64	897
2001:db8:929:afed::/64	426
2001:db8:92a:6279::/64	679
2001:db8:92a:6cc2::/64	524
2001:db8:92a:7d03::/64	493
2001:db8:92a:89e8::/64	486
2001:db8:92a:e0f3::/64	366
2001:db8:92b:1137::/64	331
2001:db8:92b:73cf::/64	864
2001:db8:92b:9bd0::/64	742
2001:db8:92b:d7f1::/64	783
2001:db8:92c:36f3::/64	143
2001:db8:92c:d48e::/64	836
2001:db8:92c:ea12::/64	341
2001:db8:92d:7de::/64	510
2001:db8:92d:613d::/64	725
2001:db8:92d:e28e::/64	29
2001:db8:92d:f4d6::/64	42
2001:db8:92e:1965::/64	825
2001:db8:92e:19eb::/64	974
2001:db8:92e:44c8::/64	875
2001:db8:92e:5dae::/64	623
2001:db8:92e:99e4::/64	152
2001:db8:92e:aee0::/64	669
2001:db8:92e:d78f::/64	399
2001:db8:92e:d884::/64	55
2001:db8:92f:49c2::/64	515
2001:db8:930:24f9::/64	791
2001:db8:930:cbea::/64	864
2001:db8:931:f708::/64	155
2001:db8:932:aff4::/64	400
2001:db8:932:bef4::/64	36
2001:db8:933:5a52::/64	495
2001:db8:934:15c::/64	334
2001:db8:934:1bc9::/64	324
2001:db8:934:58fe::/64	608
2001:db8:934:8ddb::/64	704
2001:db8:934:8e51::/64	217
2001:db8:934:c716::/64	265
2001:db8:934:ca88::/64	280
2001:db8:934:d355::/64	391
2001:db8:934:e3b0::/64	792
2001:db8:935:15e7::/64	245
2001:db8:935:2b95::/64	125
2001:db8:935:d253::/64	894
2001:db8:937:50a::/64	756
2001:db8:937:2511::/64	968
2001:db8:937:4eab::/64	382
2001:db8:937:b2fa::/64	245
2001:db8:938:4fc7::/64	864
2001:db8:939:962::/64	954
2001:db8:939:d699::/64	392
2001:db8:939:deb7::/64	226
2001:db8:939:fcdf::/64	765
2001:db8:93a:8bf3::/64	154
2001:db8:93a:8ce3::/64	221
2001:db8:93a:c5f5::/64	580
2001:db8:93a:d4da::/64	966
2001:db8:93c:942d::/64	588
2001:db8:93c:a269::/64	816
2001:db8:93c:f9cc::/64	781
2001:db8:93d:39a0::/64	926
2001:db8:93d:76e0::/64	827
2001:db8:93d:77eb::/64	847
2001:db8:93d:eba0::/64	285
2001:db8:93e:8e8::/64	192
2001:db8:93e:986e::/64	654
2001:db8:93e:9aec::/64	132
2001:db8:93e:c77f::/64	539
2001:db8:93e:fe7e::/64	373
2001:db8:940:7d11::/64	872
2001:db8:940:b1d0::/64	701
2001:db8:941:187b::/64	645
2001:db8:943:2ab2::/64	971
2001:db8:943:c933::/64	585
2001:db8:945:1160::/64	159
2001:db8:945:5e2e::/64	723
2001:db8:946:1cdf::/64	923
2001:db8:946:96f2::/64	121
2001:db8:946:df8b::/64	380
2001:db8:947:a034::/64	296
2001:db8:948:c05f::/64	718
2001:db8:948:e31d::/64	749
2001:db8:949:355d::/64	618
2001:db8:94a:310d::/64	853
2001:db8:94a:812d::/64	173
2001:db8:94a:f280::/64	218
2001:db8:94b:5817::/64	12
2001:db8:94b:5988::/64	207
2001:db8:94b:62bd::/64	752
2001:db8:94b:875c::/64	765
2001:db8:94c:6ca0::/64	864
2001:db8:94c:cb15::/64	960
2001:db8:94d:5f05::/64	94
2001:db8:94f:9287::/64	110
2001:db8:94f:d058::/64	10
2001:db8:94f:e0ec::/64	320
2001:db8:950:acfd::/64	783
2001:db8:951:692b::/64	572
2001:db8:951:980b::/64	399
2001:db8:951:b00f::/64	589
2001:db8:951:f4d8::/64	73
2001:db8:952:2e96::/64	161
2001:db8:952:c64d::/64	206
2001:db8:953:70a6::/64	461
2001:db8:953:c795::/64	978
2001:db8:953:d746::/64	787
2001:db8:954:c06f::/64	159
2001:db8:955:3259::/64	526
2001:db8:955:959a::/64	131
2001:db8:955:b00f::/64	270
2001:db8:955:b0e0::/64	360
2001:db8:956:785c::/64	683
2001:db8:956:a723::/64	142
2001:db8:957:1ccf::/64	181
2001:db8:957:2ab5::/64	992
2001:db8:957:5af9::/64	43
2001:db8:957:8690::/64	934
2001:db8:957:b739::/64	218
2001:db8:957:bfed::/64	394
2001:db8:958:b5a::/64	612
2001:db8:959:25b0::/64	259
2001:db8:959:3d0d::/64	120
2001:db8:959:fcef::/64	240
2001:db8:95a:501::/64	229
2001:db8:95a:5f2e::/64	796
2001:db8:95c:19aa::/64	682
2001:db8:95c:aa4e::/64	99
2001:db8:95c:c83d::/64	480
2001:db8:95c:d0a4::/64	662
2001:db8:95c:f4d1::/64	998
2001:db8:95d:1038::/64	327
2001:db8:95d:5557::/64	499
2001:db8:95e:1b64::/64	793
2001:db8:95e:7a23::/64	280
2001:db8:95e:9d7f::/64	627
2001:db8:95f:b75b::/64	747
2001:db8:95f:ce8a::/64	677
2001:db8:960:3f72::/64	579
2001:db8:960:d205::/64	448
2001:db8:961:826f::/64	567
2001:db8:961:9cd8::/64	52
2001:db8:961:cc24::/64	321
2001:db8:962:8005::/64	968
2001:db8:962:df2c::/64	168
2001:db8:962:f40a::/64	40
2001:db8:963:2b82::/64	574
2001:db8:964:29d6::/64	500
2001:db8:964:a0c6::/64	480
2001:db8:965:6f25::/64	603
2001:db8:965:aadb::/64	578
2001:db8:965:f339::/64	61
2001:db8:966:8b59::/64	105
2001:db8:967:5381::/64	802
2001:db8:967:fff7::/64	668
2001:db8:968:af68::/64	745
2001:db8:969:35ad::/64	623
2001:db8:969:7916::/64	352
2001:db8:96a:c9c::/64	106
2001:db8:96a:fc7::/64	719
2001:db8:96a:d274::/64	978
2001:db8:96c:4026::/64	184
2001:db8:96e:6569::/64	558
2001:db8:96e:7797::/64	323
2001:db8:96e:7fe4::/64	945
2001:db8:96e:a538::/64	574
2001:db8:96e:c8bf::/64	563
2001:db8:96e:f9e4::/64	864
2001:db8:970:16fe::/64	296
2001:db8:970:7f57::/64	527
2001:db8:970:9bf9::/64	354
2001:db8:970:cf97::/64	368
2001:db8:971:18d::/64	193
2001:db8:971:4a38::/64	604
2001:db8:971:92cc::/64	833
2001:db8:972:2ee2::/64	484
2001:db8:972:7d9a::/64	903
2001:db8:972:b436::/64	211
2001:db8:973:1d0c::/64	301
2001:db8:974:41d2::/64	934
2001:db8:974:5287::/64	579
2001:db8:975:3cb5::/64	27
2001:db8:975:ae79::/64	426
2001:db8:976:d68::/64	6
2001:db8:976:9c17::/64	58
2001:db8:977:e3::/64	105
2001:db8:977:7bc0::/64	832
2001:db8:977:f5c2::/64	491
2001:db8:978:79a4::/64	912
2001:db8:978:b02c::/64	857
2001:db8:979:17c2::/64	60
2001:db8:979:1bce::/64	779
2001:db8:97a:1e0::/64	597
2001:db8:97a:750c::/64	758
2001:db8:97a:8843::/64	966
2001:db8:97a:dc2d::/64	28
2001:db8:97a:de91::/64	889
2001:db8:97a:e5b1::/64	387
2001:db8:97a:f519::/64	400
2001:db8:97b:9b37::/64	935
2001:db8:97c:3862::/64	459
2001:db8:97c:6156::/64	651
2001:db8:97c:e14a::/64	959
2001:db8:97d:b4f9::/64	454
2001:db8:97e:41d4::/64	388
2001:db8:97e:5614::/64	161
2001:db8:97f:37ba::/64	949
2001:db8:97f:706e::/64	709
2001:db8:97f:9758::/64	129
2001:db8:980:be26::/64	150
2001:db8:980:f530::/64	160
2001:db8:980:ff8f::/64	455
2001:db8:982:1074::/64	930
2001:db8:982:aab5::/64	653
2001:db8:983:6552::/64	582
2001:db8:984:6a1e::/64	111
2001:db8:984:7515::/64	212
2001:db8:984:e14e::/64	318
2001:db8:984:f076::/64	310
2001:db8:985:d6d::/64	333
2001:db8:985:16a8::/64	559
2001:db8:985:5199::/64	295
2001:db8:985:c927::/64	304
2001:db8:985:fb10::/64	895
2001:db8:986:6968::/64	710
2001:db8:986:73d3::/64	735
2001:db8:987:231d::/64	654
2001:db8:987:fbbc::/64	32
2001:db8:988:7257::/64	59
2001:db8:989:629::/64	490
2001:db8:989:40eb::/64	183
2001:db8:989:a4d8::/64	425
2001:db8:989:c820::/64	233
2001:db8:989:d9ed::/64	530
2001:db8:98a:2783::/64	801
2001:db8:98b:538d::/64	900
2001:db8:98b:a70b::/64	99
2001:db8:98b:c492::/64	531
2001:db8:98b:ca40::/64	988
2001:db8:98b:e90b::/64	23
2001:db8:98c:433b::/64	506
2001:db8:98c:6ce3::/64	55
2001:db8:98d:87f5::/64	527
2001:db8:98d:a6d7::/64	38
2001:db8:98d:b1b2::/64	303
2001:db8:98d:cb16::/64	184
2001:db8:98e:1df9::/64	863
2001:db8:98f:686e::/64	512
2001:db8:990:3da6::/64	878
2001:db8:990:46f4::/64	427
2001:db8:991:47b6::/64	426
2001:db8:991:ade6::/64	897
2001:db8:991:edd5::/64	937
2001:db8:993:c3a7::/64	119
2001:db8:994:55f0::/64	556
2001:db8:994:aeaa::/64	425
2001:db8:995:d5ab::/64	229
2001:db8:996:a981::/64	911
2001:db8:996:c1e3::/64	2
2001:db8:997:625e::/64	886
2001:db8:997:7463::/64	395
2001:db8:997:a2ff::/64	754
2001:db8:997:d2fe::/64	736
2001:db8:997:d991::/64	474
2001:db8:997:f509::/64	488
2001:db8:998:3a2::/64	633
2001:db8:998:9ea2::/64	814
2001:db8:999:2e0a::/64	47
2001:db8:999:9d83::/64	329
2001:db8:99b:5dad::/64	555
2001:db8:99c:15ad::/64	712
2001:db8:99c:660c::/64	909
2001:db8:99c:883f::/64	595
2001:db8:99d:60de::/64	262
2001:db8:99d:6c7f::/64	447
2001:db8:99d:bf55::/64	836
2001:db8:99d:cb02::/64	827
2001:db8:99e:7915::/64	252
2001:db8:99f:4802::/64	156
2001:db8:99f:b6ec::/64	900
2001:db8:99f:d09f::/64	936
2001:db8:99f:f27f::/64	507
2001:db8:9a0:51e::/64	564
2001:db8:9a0:56e8::/64	434
2001:db8:9a0:922d::/64	818
2001:db8:9a0:a462::/64	165
2001:db8:9a0:ad2f::/64	886
2001:db8:9a1:f22::/64	216
2001:db8:9a1:1352::/64	790
2001:db8:9a1:25c6::/64	915
2001:db8:9a1:c7c1::/64	980
2001:db8:9a1:d722::/64	239
2001:db8:9a1:dd08::/64	668
2001:db8:9a2:27fc::/64	487
2001:db8:9a2:4101::/64	446
2001:db8:9a2:e5dd::/64	821
2001:db8:9a3:1c69::/64	792
2001:db8:9a3:2cf4::/64	995
2001:db8:9a3:9d42::/64	600
2001:db8:9a3:d9f9::/64	427
2001:db8:9a4:70d9::/64	264
2001:db8:9a5:3f6a::/64	80
2001:db8:9a5:9868::/64	526
2001:db8:9a6:569e::/64	1000
2001:db8:9a6:c064::/64	156
2001:db8:9a7:4bee::/64	359
2001:db8:9a7:cda2::/64	309
2001:db8:9a7:f3f2::/64	200
2001:db8:9a8:1e50::/64	244
2001:db8:9a8:8a9b::/64	946
2001:db8:9a9:334a::/64	244
2001:db8:9a9:5a51::/64	94
2001:db8:9a9:7ff1::/64	675
2001:db8:9a9:a373::/64	629
2001:db8:9a9:bf09::/64	981
2001:db8:9a9:fd78::/64	131
2001:db8:9aa:3011::/64	568
2001:db8:9aa:8bbd::/64	362
2001:db8:9aa:c651::/64	278
2001:db8:9ab:2473::/64	121
2001:db8:9ac:3e49::/64	251
2001:db8:9ac:ba55::/64	196
2001:db8:9ac:dbf3::/64	435
2001:db8:9ad:d7b6::/64	985
2001:db8:9ae:1afc::/64	150
2001:db8:9ae:d2f4::/64	888
2001:db8:9ae:eb6f::/64	653
2001:db8:9af:10aa::/64	154
2001:db8:9af:37b7::/64	390
2001:db8:9af:482c::/64	942
2001:db8:9af:dd8b::/64	34
2001:db8:9b0:9f24::/64	239
2001:db8:9b0:a0bb::/64	270
2001:db8:9b0:c806::/64	59
2001:db8:9b0:ccbe::/64	753
2001:db8:9b0:cfb5::/64	43
2001:db8:9b1:9ec::/64	583
2001:db8:9b1:efe1::/64	825
2001:db8:9b1:f6cc::/64	497
2001:db8:9b2:37c1::/64	899
2001:db8:9b2:93ae::/64	453
2001:db8:9b2:a77a::/64	826
2001:db8:9b2:ade0::/64	808
2001:db8:9b2:bb4e::/64	413
2001:db8:9b2:f4fe::/64	117
2001:db8:9b3:4da0::/64	770
2001:db8:9b4:d88b::/64	995
2001:db8:9b4:e700::/64	464
2001:db8:9b5:f0e6::/64	950
2001:db8:9b6:7f98::/64	575
2001:db8:9b8:8415::/64	722
2001:db8:9b8:e5ed::/64	576
2001:db8:9b9:50ee::/64	23
2001:db8:9ba:8b15::/64	398
2001:db8:9ba:bf84::/64	840
2001:db8:9bc:d518::/64	551
2001:db8:9bc:ef3f::/64	10
2001:db8:9bd:37e9::/64	283
2001:db8:9bd:9745::/64	732
2001:db8:9bd:b1c1::/64	532
2001:db8:9be:d717::/64	538
2001:db8:9bf:389a::/64	424
2001:db8:9bf:3a39::/64	251
2001:db8:9bf:3f77::/64	455
2001:db8:9bf:7563::/64	644
2001:db8:9bf:7ae4::/64	939
2001:db8:9c0:34a1::/64	807
2001:db8:9c0:50fb::/64	184
2001:db8:9c0:8751::/64	280
2001:db8:9c1:58a7::/64	310
2001:db8:9c1:ba8e::/64	415
2001:db8:9c3:6f52::/64	500
2001:db8:9c4:51d5::/64	378
2001:db8:9c4:77db::/64	244
2001:db8:9c4:9a0c::/64	313
2001:db8:9c5:7e3d::/64	863
2001:db8:9c5:e0b9::/64	98
2001:db8:9c6:2ba4::/64	991
2001:db8:9c6:a4b7::/64	95
2001:db8:9c7:40fd::/64	656
2001:db8:9c7:8c88::/64	85
2001:db8:9c7:da44::/64	396
2001:db8:9c7:f1d8::/64	843
2001:db8:9c8:8657::/64	702
2001:db8:9c8:dd8d::/64	567
2001:db8:9c9:63df::/64	154
2001:db8:9c9:ebd9::/64	423
2001:db8:9ca:66d0::/64	614
2001:db8:9ca:8534::/64	250
2001:db8:9ca:923b::/64	166
2001:db8:9cb:1f26::/64	424
2001:db8:9cb:ca52::/64	929
2001:db8:9cb:e92a::/64	252
2001:db8:9cd:35ec::/64	677
2001:db8:9cd:5e6a::/64	991
2001:db8:9cd:5f82::/64	362
2001:db8:9ce:9c2::/64	773
2001:db8:9ce:797a::/64	507
2001:db8:9ce:f410::/64	99
2001:db8:9cf:8be5::/64	821
2001:db8:9cf:bcef::/64	543
2001:db8:9d0:e110::/64	538
2001:db8:9d0:fb4a::/64	767
2001:db8:9d0:ff73::/64	604
2001:db8:9d1:672e::/64	342
2001:db8:9d1:824a::/64	199
2001:db8:9d2:4010::/64	19
2001:db8:9d2:75be::/64	271
2001:db8:9d3:6cff::/64	163
2001:db8:9d4:1877::/64	889
2001:db8:9d4:5001::/64	463
2001:db8:9d4:562a::/64	381
2001:db8:9d4:6878::/64	148
2001:db8:9d5:9cc8::/64	299
2001:db8:9d5:dd48::/64	551
2001:db8:9d6:3168::/64	502
2001:db8:9d6:93e7::/64	740
2001:db8:9d7:3ca2::/64	845
2001:db8:9d7:a1e0::/64	878
2001:db8:9d8:1311::/64	146
2001:db8:9d8:13b0::/64	109
2001:db8:9d8:2dac::/64	970
2001:db8:9d8:50ed::/64	124
2001:db8:9d8:709a::/64	162
2001:db8:9d8:d8cd::/64	221
2001:db8:9d9:19b0::/64	122
2001:db8:9d9:6a35::/64	364
2001:db8:9da:3a6c::/64	531
2001:db8:9da:bfd6::/64	105
2001:db8:9db:bb05::/64	415
2001:db8:9db:c899::/64	780
2001:db8:9dc:798::/64	425
2001:db8:9dc:9eb::/64	519
2001:db8:9dc:4abd::/64	282
2001:db8:9dc:5e0c::/64	608
2001:db8:9dc:d509::/64	542
2001:db8:9dd:1de4::/64	42
2001:db8:9dd:dd3f::/64	672
2001:db8:9de:4c99::/64	734
2001:db8:9de:5ccd::/64	93
2001:db8:9de:bcfb::/64	109
2001:db8:9de:cb88::/64	299
2001:db8:9de:e45f::/64	435
2001:db8:9df:24aa::/64	902
2001:db8:9df:5943::/64	825
2001:db8:9e0:2c11::/64	321
2001:db8:9e0:f6e7::/64	11
2001:db8:9e1:2383::/64	489
2001:db8:9e1:97c9::/64	871
2001:db8:9e1:9899::/64	750
2001:db8:9e1:a38a::/64	437
2001:db8:9e1:e60a::/64	128
2001:db8:9e2:eb89::/64	242
2001:db8:9e3:bd0c::/64	993
2001:db8:9e3:c77a::/64	393
2001:db8:9e4:3c8f::/64	715
2001:db8:9e5:d1b::/64	950
2001:db8:9e5:3bd1::/64	609
2001:db8:9e5:4427::/64	932
2001:db8:9e5:7c78::/64	366
2001:db8:9e5:97e3::/64	648
2001:db8:9e5:dbd2::/64	28
2001:db8:9e6:5e2::/64	739
2001:db8:9e6:a58::/64	583
2001:db8:9e6:b55f::/64	792
2001:db8:9e6:d788::/64	743
2001:db8:9e6:fef2::/64	206
2001:db8:9e7:2c14::/64	949
2001:db8:9e7:35d5::/64	685
2001:db8:9e7:4efa::/64	283
2001:db8:9e7:6141::/64	837
2001:db8:9e7:727b::/64	523
2001:db8:9e7:d483::/64	286
2001:db8:9e8:104a::/64	918
2001:db8:9e8:4464::/64	53
2001:db8:9e8:891b::/64	633
2001:db8:9e8:92bd::/64	559
2001:db8:9e9:791b::/64	522
2001:db8:9e9:c104::/64	640
2001:db8:9e9:d672::/64	254
2001:db8:9ea:2b7b::/64	161
2001:db8:9ea:fca2::/64	448
2001:db8:9eb:b73::/64	782
2001:db8:9eb:51e1::/64	13
2001:db8:9eb:52c4::/64	324
2001:db8:9eb:78b7::/64	366
2001:db8:9eb:e4ff::/64	832
2001:db8:9ec:b9c2::/64	504
2001:db8:9ec:cedb::/64	364
2001:db8:9ee:18b5::/64	923
2001:db8:9ef:981::/64	10
2001:db8:9ef:6acc::/64	82
2001:db8:9ef:8ab4::/64	58
2001:db8:9ef:b0f8::/64	276
2001:db8:9ef:fe94::/64	129
2001:db8:9f0:3908::/64	216
2001:db8:9f0:7bb8::/64	550
2001:db8:9f0:e475::/64	924
2001:db8:9f1:222c::/64	270
2001:db8:9f1:4741::/64	285
2001:db8:9f1:6493::/64	173
2001:db8:9f2:1af1::/64	266
2001:db8:9f2:6704::/64	59
2001:db8:9f2:f537::/64	182
2001:db8:9f3:a806::/64	830
2001:db8:9f4:4c6c::/64	390
2001:db8:9f4:ad92::/64	805
2001:db8:9f4:ae0c::/64	96
2001:db8:9f5:34e9::/64	272
2001:db8:9f6:a229::/64	942
2001:db8:9f7:38e8::/64	502
2001:db8:9f7:919d::/64	722
2001:db8:9f7:a315::/64	234
2001:db8:9f7:badd::/64	953
2001:db8:9f7:e5ca::/64	627
2001:db8:9f8:3849::/64	115
2001:db8:9f8:7c06::/64	755
2001:db8:9f8:f1f6::/64	833
2001:db8:9fa:502c::/64	916
2001:db8:9fa:95b4::/64	825
2001:db8:9fa:f17c::/64	930
2001:db8:9fb:8b09::/64	202
2001:db8:9fb:b9d6::/64	464
2001:db8:9fc:513d::/64	291
2001:db8:9fd:63d5::/64	309
2001:db8:9fd:a70d::/64	999
2001:db8:9fe:b4c4::/64	318
2001:db8:9ff:26fc::/64	76
2001:db8:9ff:3b31::/64	529
2001:db8:9ff:a5b7::/64	958
2001:db8:a00:96ae::/64	932
2001:db8:a00:a8f7::/64	55
2001:db8:a01:5eed::/64	670
2001:db8:a01:a950::/64	962
2001:db8:a02:1cdb::/64	739
2001:db8:a02:2946::/64	663
2001:db8:a02:cdf8::/64	833
2001:db8:a02:fec2::/64	467
2001:db8:a03:6630::/64	961
2001:db8:a03:d170::/64	848
2001:db8:a03:dca4::/64	161
2001:db8:a03:e591::/64	853
2001:db8:a04:4171::/64	878
2001:db8:a04:70c3::/64	995
2001:db8:a04:733b::/64	530
2001:db8:a05:824::/64	87
2001:db8:a05:a970::/64	370
2001:db8:a05:bbec::/64	242
2001:db8:a06:d3c::/64	908
2001:db8:a06:ce66::/64	610
2001:db8:a07:16e9::/64	927
2001:db8:a07:9bff::/64	134
2001:db8:a08:6dd8::/64	422
2001:db8:a08:a1d5::/64	930
2001:db8:a09:651::/64	821
2001:db8:a09:1f58::/64	425
2001:db8:a09:c7d6::/64	112
2001:db8:a0a:23e9::/64	480
2001:db8:a0a:2e97::/64	753
2001:db8:a0a:8e04::/64	356
2001:db8:a0a:a95d::/64	684
2001:db8:a0b:f7af::/64	249
2001:db8:a0c:e63::/64	51
2001:db8:a0c:618f::/64	560
2001:db8:a0d:5b3a::/64	989
2001:db8:a0d:a80f::/64	470
2001:db8:a0d:c5eb::/64	668
2001:db8:a0e:80e4::/64	239
2001:db8:a0e:aeb8::/64	839
2001:db8:a0f:66ab::/64	302
2001:db8:a0f:6e0c::/64	690
2001:db8:a0f:ce77::/64	451
2001:db8:a10:7a86::/64	204
2001:db8:a10:cc60::/64	3
2001:db8:a11:42ca::/64	719
2001:db8:a11:dffe::/64	55
2001:db8:a13:1c6d::/64	281
2001:db8:a13:cca0::/64	657
2001:db8:a15:3ece::/64	639
2001:db8:a15:6b7e::/64	243
2001:db8:a15:cdf1::/64	213
2001:db8:a15:e943::/64	980
2001:db8:a16:1856::/64	666
2001:db8:a16:1aee::/64	82
2001:db8:a16:255c::/64	592
2001:db8:a16:4c96::/64	990
2001:db8:a16:4d1c::/64	143
2001:db8:a16:895f::/64	344
2001:db8:a17:af63::/64	570
2001:db8:a18:2ab::/64	361
2001:db8:a18:eeb4::/64	792
2001:db8:a19:242b::/64	512
2001:db8:a19:2695::/64	263
2001:db8:a19:5f8b::/64	612
2001:db8:a1a:b84::/64	324
2001:db8:a1a:5d6d::/64	105
2001:db8:a1a:6ca6::/64	129
2001:db8:a1a:a720::/64	618
2001:db8:a1c:221b::/64	471
2001:db8:a1c:67f9::/64	144
2001:db8:a1c:69cc::/64	219
2001:db8:a1c:b96b::/64	17
2001:db8:a1d:f67::/64	486
2001:db8:a1d:4ce8::/64	171
2001:db8:a1d:6c51::/64	269
2001:db8:a1d:8427::/64	571
2001:db8:a1e:15d2::/64	863
2001:db8:a1e:659b::/64	621
2001:db8:a1e:a01e::/64	608
2001:db8:a1e:b148::/64	186
2001:db8:a1e:f42a::/64	922
2001:db8:a1f:20fe::/64	78
2001:db8:a1f:36e1::/64	118
2001:db8:a20:78b5::/64	918
2001:db8:a20:8a9d::/64	543
2001:db8:a20:a76a::/64	236
2001:db8:a20:c903::/64	173
2001:db8:a20:fc62::/64	456
2001:db8:a21:902::/64	338
2001:db8:a21:5fb7::/64	579
2001:db8:a21:d199::/64	680
2001:db8:a22:53e0::/64	490
2001:db8:a23:9a75::/64	844
2001:db8:a23:f43d::/64	523
2001:db8:a24:db3c::/64	759
2001:db8:a25:fb5b::/64	199
2001:db8:a26:1b1a::/64	455
2001:db8:a26:6313::/64	219
2001:db8:a26:9549::/64	610
2001:db8:a26:c545::/64	102
2001:db8:a27:53b9::/64	614
2001:db8:a28:26bd::/64	919
2001:db8:a28:91da::/64	408
2001:db8:a28:b39b::/64	985
2001:db8:a29:2ad7::/64	759
2001:db8:a29:83eb::/64	604
2001:db8:a2a:fe80::/64	468
2001:db8:a2b:961::/64	459
2001:db8:a2b:28d6::/64	485
2001:db8:a2b:33aa::/64	8
2001:db8:a2b:85ac::/64	568
2001:db8:a2b:9b9f::/64	413
2001:db8:a2b:b4ab::/64	406
2001:db8:a2c:1cbb::/64	763
2001:db8:a2c:1f03::/64	216
2001:db8:a2c:4a43::/64	425
2001:db8:a2c:c29e::/64	476
2001:db8:a2c:d4f7::/64	911
2001:db8:a2d:5b25::/64	566
2001:db8:a2d:7777::/64	93
2001:db8:a2e:5fe1::/64	450
2001:db8:a2e:b832::/64	79
2001:db8:a2e:de69::/64	502
2001:db8:a2f:8664::/64	647
2001:db8:a2f:9fd2::/64	775
2001:db8:a2f:eb63::/64	669
2001:db8:a30:788::/64	70
2001:db8:a30:abc8::/64	659
2001:db8:a30:ce68::/64	526
2001:db8:a32:730e::/64	857
2001:db8:a32:dda0::/64	954
2001:db8:a33:5583::/64	75
2001:db8:a33:916f::/64	669
2001:db8:a34:f75::/64	290
2001:db8:a34:a22f::/64	443
2001:db8:a35:5905::/64	947
2001:db8:a35:5e41::/64	278
2001:db8:a35:d744::/64	720
2001:db8:a36:4948::/64	256
2001:db8:a36:ddf8::/64	877
2001:db8:a37:b605::/64	321
2001:db8:a38:8c9::/64	791
2001:db8:a38:264c::/64	915
2001:db8:a38:2a58::/64	543
2001:db8:a38:3301::/64	431
2001:db8:a38:371e::/64	657
2001:db8:a39:4a36::/64	748
2001:db8:a39:b067::/64	797
2001:db8:a39:c170::/64	3
2001:db8:a3a:43e9::/64	401
2001:db8:a3a:5dff::/64	411
2001:db8:a3a:6553::/64	145
2001:db8:a3a:bd1a::/64	556
2001:db8:a3b:672a::/64	420
2001:db8:a3c:20f4::/64	590
2001:db8:a3c:8910::/64	469
2001:db8:a3c:9c23::/64	596
2001:db8:a3d:5af9::/64	297
2001:db8:a3d:d61a::/64	590
2001:db8:a3e:4887::/64	424
2001:db8:a3f:c1bb::/64	552
2001:db8:a3f:c460::/64	909
2001:db8:a3f:d8fc::/64	521
2001:db8:a40:3c9f::/64	132
2001:db8:a40:a083::/64	700
2001:db8:a41:699f::/64	3
2001:db8:a41:a1c0::/64	927
2001:db8:a41:e590::/64	535
2001:db8:a42:9e92::/64	545
2001:db8:a43:11ee::/64	644
2001:db8:a43:4bc0::/64	436
2001:db8:a43:6386::/64	422
2001:db8:a43:aefd::/64	779
2001:db8:a43:dc50::/64	320
2001:db8:a44:3334::/64	66
2001:db8:a44:878a::/64	913
2001:db8:a44:d04e::/64	690
2001:db8:a44:dbcb::/64	318
2001:db8:a45:a25f::/64	650
2001:db8:a45:b5e9::/64	392
2001:db8:a46:b238::/64	435
2001:db8:a46:c180::/64	174
2001:db8:a46:d382::/64	657
2001:db8:a46:d94e::/64	696
2001:db8:a47:dbda::/64	77
2001:db8:a47:de51::/64	185
2001:db8:a48:11e3::/64	189
2001:db8:a48:ff48::/64	152
2001:db8:a49:22d1::/64	208
2001:db8:a49:7bb3::/64	334
2001:db8:a4a:2565::/64	128
2001:db8:a4a:53fd::/64	986
2001:db8:a4a:71a5::/64	503
2001:db8:a4a:7b1f::/64	31
2001:db8:a4a:bba4::/64	124
2001:db8:a4b:f1b::/64	64
2001:db8:a4b:3744::/64	51
2001:db8:a4b:e5b8::/64	622
2001:db8:a4c:d736::/64	903
2001:db8:a4d:5870::/64	171
2001:db8:a4d:6748::/64	26
2001:db8:a4d:694f::/64	912
2001:db8:a4d:8fce::/64	632
2001:db8:a4d:a5a1::/64	862
2001:db8:a4d:fcd0::/64	426
2001:db8:a4e:f4c4::/64	40
2001:db8:a4f:720f::/64	252
2001:db8:a50:6a74::/64	64
2001:db8:a50:8323::/64	234
2001:db8:a51:bf10::/64	349
2001:db8:a51:d40e::/64	512
2001:db8:a52:1aa5::/64	613
2001:db8:a52:24bb::/64	307
2001:db8:a52:88ea::/64	488
2001:db8:a53:9c57::/64	511
2001:db8:a53:cf5c::/64	8
2001:db8:a54:7e4e::/64	248
2001:db8:a54:ba3e::/64	534
2001:db8:a54:c2dc::/64	115
2001:db8:a55:1206::/64	78
2001:db8:a55:504d::/64	871
2001:db8:a55:98c1::/64	894
2001:db8:a55:f4c8::/64	732
2001:db8:a56:91d2::/64	912
2001:db8:a57:a16a::/64	364
2001:db8:a58:4e31::/64	321
2001:db8:a58:d347::/64	695
2001:db8:a59:b08e::/64	456
2001:db8:a59:c23d::/64	909
2001:db8:a5a:a77c::/64	246
2001:db8:a5a:c7f0::/64	614
2001:db8:a5b:5a4e::/64	616
2001:db8:a5b:8eda::/64	218
2001:db8:a5c:1d35::/64	19
2001:db8:a5c:8599::/64	59
2001:db8:a5c:b902::/64	941
2001:db8:a5c:e212::/64	856
2001:db8:a5c:e403::/64	86
2001:db8:a5c:ea49::/64	832
2001:db8:a5d:f272::/64	179
2001:db8:a5e:c969::/64	639
2001:db8:a5e:c9be::/64	175
2001:db8:a5f:16b::/64	382
2001:db8:a5f:59e4::/64	283
2001:db8:a5f:79ac::/64	250
2001:db8:a5f:ce22::/64	717
2001:db8:a60:e0d2::/64	470
2001:db8:a61:1a16::/64	393
2001:db8:a61:5e0a::/64	850
2001:db8:a61:7510::/64	219
2001:db8:a61:ba8e::/64	672
2001:db8:a62:cc1::/64	592
2001:db8:a62:637a::/64	841
2001:db8:a63:87d5::/64	538
2001:db8:a63:f905::/64	935
2001:db8:a64:3e49::/64	798
2001:db8:a64:55f2::/64	293
2001:db8:a64:6f1c::/64	435
2001:db8:a64:be27::/64	331
2001:db8:a65:e4de::/64	28
2001:db8:a66:f9d5::/64	341
2001:db8:a67:ef75::/64	663
2001:db8:a68:4957::/64	336
2001:db8:a6a:36d7::/64	488
2001:db8:a6a:4f62::/64	928
2001:db8:a6a:a139::/64	970
2001:db8:a6a:e3c5::/64	668
2001:db8:a6b:5593::/64	474
2001:db8:a6b:7aaa::/64	657
2001:db8:a6c:90db::/64	69
2001:db8:a6d:19cb::/64	578
2001:db8:a6d:3146::/64	179
2001:db8:a6e:105b::/64	364
2001:db8:a6e:4e97::/64	312
2001:db8:a70:214::/64	269
2001:db8:a72:c565::/64	897
2001:db8:a73:3bfc::/64	226
2001:db8:a73:909e::/64	987
2001:db8:a73:e600::/64	721
2001:db8:a74:7e57::/64	330
2001:db8:a75:369d::/64	976
2001:db8:a75:516a::/64	273
2001:db8:a75:8072::/64	780
2001:db8:a76:196f::/64	233
2001:db8:a76:5e8a::/64	703
2001:db8:a76:6814::/64	967
2001:db8:a76:6a79::/64	126
2001:db8:a76:e6c1::/64	618
2001:db8:a77:396f::/64	517
2001:db8:a77:415c::/64	782
2001:db8:a77:d7ec::/64	28
2001:db8:a77:e4c0::/64	375
2001:db8:a78:4e3::/64	293
2001:db8:a78:1987::/64	358
2001:db8:a78:7b8d::/64	436
2001:db8:a78:ee80::/64	318
2001:db8:a79:82ad::/64	293
2001:db8:a79:d3b5::/64	593
2001:db8:a79:dd4d::/64	329
2001:db8:a7b:9331::/64	218
2001:db8:a7c:786c::/64	236
2001:db8:a7c:e2fe::/64	922
2001:db8:a7d:6b83::/64	781
2001:db8:a7d:cf33::/64	760
2001:db8:a7d:f66c::/64	819
2001:db8:a7e:421::/64	737
2001:db8:a7f:71c1::/64	242
2001:db8:a7f:e126::/64	777
2001:db8:a80:7bff::/64	438
2001:db8:a80:b3ee::/64	8
2001:db8:a80:d7aa::/64	574
2001:db8:a81:686::/64	630
2001:db8:a81:93aa::/64	932
2001:db8:a81:9d4e::/64	210
2001:db8:a82:66e::/64	83
2001:db8:a82:49f1::/64	331
2001:db8:a82:99b6::/64	72
2001:db8:a82:d71d::/64	627
2001:db8:a82:eec6::/64	560
2001:db8:a83:f1af::/64	852
2001:db8:a84:2b09::/64	734
2001:db8:a84:c13b::/64	803
2001:db8:a84:f96a::/64	734
2001:db8:a84:fff6::/64	907
2001:db8:a85:fd74::/64	673
2001:db8:a86:5655::/64	66
2001:db8:a86:7bb0::/64	684
2001:db8:a87:460f::/64	653
2001:db8:a87:94ed::/64	948
2001:db8:a87:d756::/64	877
2001:db8:a88:c763::/64	482
2001:db8:a88:f1b2::/64	271
2001:db8:a89:d7f4::/64	169
2001:db8:a8a:7a22::/64	499
2001:db8:a8a:8d7e::/64	426
2001:db8:a8a:d27c::/64	856
2001:db8:a8b:9c1::/64	519
2001:db8:a8b:3302::/64	872
2001:db8:a8b:742d::/64	319
2001:db8:a8b:8747::/64	709
2001:db8:a8b:a079::/64	495
2001:db8:a8b:b1f0::/64	704
2001:db8:a8b:db80::/64	708
2001:db8:a8b:f54c::/64	157
2001:db8:a8c:7f2d::/64	65
2001:db8:a8d:d326::/64	465
2001:db8:a8e:1384::/64	514
2001:db8:a8f:457::/64	620
2001:db8:a8f:85a6::/64	374
2001:db8:a8f:942a::/64	487
2001:db8:a90:8b0b::/64	669
2001:db8:a90:9668::/64	551
2001:db8:a91:5eb6::/64	540
2001:db8:a91:bba8::/64	234
2001:db8:a91:e041::/64	725
2001:db8:a91:f827::/64	838
2001:db8:a92:a32::/64	612
2001:db8:a93:4163::/64	956
2001:db8:a93:56a7::/64	389
2001:db8:a93:731b::/64	912
2001:db8:a93:f010::/64	738
2001:db8:a94:32f7::/64	947
2001:db8:a94:9ed8::/64	552
2001:db8:a96:386b::/64	508
2001:db8:a96:bf48::/64	588
2001:db8:a96:c717::/64	612
2001:db8:a96:f04a::/64	414
2001:db8:a96:f30c::/64	744
2001:db8:a97:7833::/64	433
2001:db8:a97:a276::/64	349
2001:db8:a97:be44::/64	240
2001:db8:a97:c6c8::/64	288
2001:db8:a98:507e::/64	549
2001:db8:a99:31ef::/64	735
2001:db8:a99:409b::/64	800
2001:db8:a99:dba9::/64	852
2001:db8:a9a:48::/64	702
2001:db8:a9a:994::/64	246
2001:db8:a9a:bfc::/64	267
2001:db8:a9a:63e6::/64	298
2001:db8:a9a:7d01::/64	199
2001:db8:a9a:f88a::/64	265
2001:db8:a9b:2d4e::/64	228
2001:db8:a9b:50c9::/64	263
2001:db8:a9b:f11f::/64	530
2001:db8:a9c:3ea8::/64	999
2001:db8:a9c:464a::/64	35
2001:db8:a9c:fdaf::/64	590
2001:db8:a9d:9543::/64	287
2001:db8:a9d:b13f::/64	171
2001:db8:a9d:cf28::/64	178
2001:db8:a9e:2549::/64	573
2001:db8:a9e:55f0::/64	873
2001:db8:a9e:7824::/64	978
2001:db8:a9e:7d29::/64	331
2001:db8:a9f:9a24::/64	510
2001:db8:aa0:5bc8::/64	54
2001:db8:aa0:6ea9::/64	316
2001:db8:aa0:f184::/64	4
2001:db8:aa1:3b0f::/64	174
2001:db8:aa2:99d9::/64	460
2001:db8:aa2:b9d1::/64	703
2001:db8:aa3:2c41::/64	130
2001:db8:aa3:6be7::/64	435
2001:db8:aa3:e867::/64	75
2001:db8:aa4:14a0::/64	430
2001:db8:aa4:eaf5::/64	779
2001:db8:aa5:e48e::/64	992
2001:db8:aa6:ae7::/64	409
2001:db8:aa6:52aa::/64	141
2001:db8:aa6:f2e6::/64	390
2001:db8:aa7:f5d7::/64	613
2001:db8:aa8:a492::/64	699
2001:db8:aa8:b061::/64	290
2001:db8:aaa:2c8::/64	885
2001:db8:aaa:54c6::/64	149
2001:db8:aaa:6e3e::/64	510
2001:db8:aab:965e::/64	375
2001:db8:aac:ed96::/64	159
2001:db8:aad:1b27::/64	576
2001:db8:aad:8f42::/64	278
2001:db8:aae:bce::/64	138
2001:db8:aae:876a::/64	528
2001:db8:aae:fc4f::/64	659
2001:db8:ab0:3b6a::/64	580
2001:db8:ab0:c746::/64	928
2001:db8:ab1:17f5::/64	655
2001:db8:ab1:4bd4::/64	278
2001:db8:ab1:8338::/64	559
2001:db8:ab2:4e86::/64	241
2001:db8:ab2:59f9::/64	378
2001:db8:ab2:83c3::/64	997
2001:db8:ab4:2e3d::/64	563
2001:db8:ab4:3e18::/64	550
2001:db8:ab4:c9da::/64	802
2001:db8:ab5:f87b::/64	849
2001:db8:ab6:b67::/64	128
2001:db8:ab6:38dd::/64	817
2001:db8:ab6:c2db::/64	11
2001:db8:ab6:c986::/64	112
2001:db8:ab7:8c0b::/64	255
2001:db8:ab8:4c7d::/64	612
2001:db8:ab8:6c9d::/64	774
2001:db8:ab8:ac19::/64	556
2001:db8:ab8:b525::/64	436
2001:db8:ab8:da29::/64	658
2001:db8:ab8:f030::/64	287
2001:db8:ab9:8ae::/64	210
2001:db8:ab9:1c36::/64	786
2001:db8:ab9:2c31::/64	405
2001:db8:ab9:2fa2::/64	6
2001:db8:ab9:3d68::/64	605
2001:db8:ab9:fe78::/64	781
2001:db8:aba:e7f5::/64	913
2001:db8:abb:46dd::/64	932
2001:db8:abb:552f::/64	242
2001:db8:abb:ac06::/64	538
2001:db8:abb:e4d0::/64	984
2001:db8:abc:a03c::/64	416
2001:db8:abd:3bad::/64	396
2001:db8:abd:6eeb::/64	747
2001:db8:abd:92e6::/64	640
2001:db8:abd:ed28::/64	193
2001:db8:abe:2ea5::/64	327
2001:db8:abe:6dcf::/64	800
2001:db8:ac0:462e::/64	724
2001:db8:ac0:9bac::/64	446
2001:db8:ac0:c7c9::/64	790
2001:db8:ac0:c969::/64	490
2001:db8:ac1:a6c8::/64	99
2001:db8:ac2:3195::/64	592
2001:db8:ac2:5f9b::/64	951
2001:db8:ac2:fdcb::/64	159
2001:db8:ac3:1507::/64	423
2001:db8:ac3:477e::/64	433
2001:db8:ac3:c238::/64	170
2001:db8:ac4:60b::/64	966
2001:db8:ac4:6ece::/64	535
2001:db8:ac4:8209::/64	677
2001:db8:ac4:dcba::/64	100
2001:db8:ac4:f441::/64	595
2001:db8:ac5:4a39::/64	620
2001:db8:ac5:a04d::/64	412
2001:db8:ac6:28f1::/64	463
2001:db8:ac6:39d8::/64	591
2001:db8:ac6:7bc9::/64	428
2001:db8:ac6:aa89::/64	822
2001:db8:ac6:e4d7::/64	17
2001:db8:ac7:792c::/64	470
2001:db8:ac8:13e5::/64	106
2001:db8:ac9:2865::/64	107
2001:db8:ac9:71ec::/64	403
2001:db8:ac9:ac0d::/64	241
2001:db8:ac9:ccf5::/64	949
2001:db8:aca:3092::/64	865
2001:db8:aca:7e10::/64	86
2001:db8:acb:bfb9::/64	618
2001:db8:acc:2529::/64	899
2001:db8:acc:6d3a::/64	53
2001:db8:acc:e5b7::/64	280
2001:db8:acc:eeea::/64	151
2001:db8:acd:33f9::/64	664
2001:db8:acd:53ca::/64	759
2001:db8:acd:a246::/64	361
2001:db8:ace:1ebe::/64	366
2001:db8:ace:6d53::/64	260
2001:db8:ace:6e17::/64	911
2001:db8:ace:8675::/64	973
2001:db8:acf:6aab::/64	133
2001:db8:acf:6ebc::/64	288
2001:db8:acf:88e8::/64	229
2001:db8:ad0:7bf::/64	509
2001:db8:ad0:6978::/64	508
2001:db8:ad0:80ca::/64	308
2001:db8:ad1:838::/64	615
2001:db8:ad1:970::/64	684
2001:db8:ad1:d2d2::/64	26
2001:db8:ad2:aa39::/64	555
2001:db8:ad2:ae03::/64	735
2001:db8:ad2:aff1::/64	183
2001:db8:ad3:75ca::/64	343
2001:db8:ad3:cf40::/64	3
2001:db8:ad3:e63c::/64	298
2001:db8:ad4:1f68::/64	157
2001:db8:ad4:dc88::/64	873
2001:db8:ad4:dfcf::/64	549
2001:db8:ad5:a302::/64	239
2001:db8:ad5:e117::/64	200
2001:db8:ad5:e528::/64	174
2001:db8:ad6:28b3::/64	127
2001:db8:ad6:84f4::/64	454
2001:db8:ad6:dcaa::/64	514
2001:db8:ad6:f0bd::/64	326
2001:db8:ad7:2d0::/64	273
2001:db8:ad8:18c8::/64	955
2001:db8:ad8:27f4::/64	967
2001:db8:ad8:e464::/64	824
2001:db8:ad9:1814::/64	83
2001:db8:ad9:346a::/64	495
2001:db8:ada:f407::/64	654
2001:db8:adc:1076::/64	990
2001:db8:adc:768d::/64	308
2001:db8:adc:e045::/64	627
2001:db8:adc:fede::/64	160
2001:db8:add:ca01::/64	774
2001:db8:add:dd9f::/64	542
2001:db8:add:f16d::/64	94
2001:db8:ade:f3c8::/64	196
2001:db8:adf:14f2::/64	226
2001:db8:adf:4488::/64	393
2001:db8:ae0:13e::/64	324
2001:db8:ae0:92a::/64	153
2001:db8:ae0:8bb3::/64	831
2001:db8:ae1:2f86::/64	187
2001:db8:ae1:64ca::/64	280
2001:db8:ae1:c5d7::/64	380
2001:db8:ae1:d7cf::/64	218
2001:db8:ae2:9fa4::/64	222
2001:db8:ae2:d5d1::/64	804
2001:db8:ae2:e24d::/64	759
2001:db8:ae3:cf0d::/64	336
2001:db8:ae3:dacf::/64	948
2001:db8:ae4:490::/64	376
2001:db8:ae4:1ddd::/64	856
2001:db8:ae4:22b3::/64	58
2001:db8:ae4:46f2::/64	446
2001:db8:ae4:5524::/64	892
2001:db8:ae4:b8fc::/64	713
2001:db8:ae5:7d60::/64	492
2001:db8:ae5:fcc7::/64	932
2001:db8:ae6:b84::/64	200
2001:db8:ae6:288e::/64	475
2001:db8:ae6:4f72::/64	850
2001:db8:ae6:9787::/64	390
2001:db8:ae6:ddcc::/64	660
2001:db8:ae7:a985::/64	620
2001:db8:ae7:bc7c::/64	669
2001:db8:ae7:daac::/64	119
2001:db8:ae7:fece::/64	244
2001:db8:ae9:5c86::/64	990
2001:db8:ae9:7433::/64	392
2001:db8:ae9:ea84::/64	662
2001:db8:aea:3722::/64	868
2001:db8:aea:8f59::/64	342
2001:db8:aeb:2447::/64	977
2001:db8:aec:8596::/64	390
2001:db8:aed:40c4::/64	214
2001:db8:aee:5768::/64	637
2001:db8:aee:65ac::/64	532
2001:db8:aee:7ce0::/64	131
2001:db8:aef:9bf8::/64	803
2001:db8:aef:b675::/64	519
2001:db8:aef:ca68::/64	560
2001:db8:af0:79fc::/64	212
2001:db8:af1:2ac::/64	339
2001:db8:af1:1495::/64	381
2001:db8:af1:63d8::/64	500
2001:db8:af1:6573::/64	622
2001:db8:af1:bf17::/64	121
2001:db8:af1:c198::/64	147
2001:db8:af1:c475::/64	294
2001:db8:af1:e4a8::/64	466
2001:db8:af2:2d43::/64	568
2001:db8:af2:94d3::/64	420
2001:db8:af2:9648::/64	242
2001:db8:af2:c4a5::/64	760
2001:db8:af3:3a7::/64	190
2001:db8:af3:8b65::/64	843
2001:db8:af3:b4b2::/64	824
2001:db8:af3:f8de::/64	914
2001:db8:af4:1c13::/64	151
2001:db8:af4:5ec3::/64	629
2001:db8:af4:8c47::/64	801
2001:db8:af4:9df5::/64	463
2001:db8:af4:f64b::/64	293
2001:db8:af6:ca3a::/64	44
2001:db8:af7:319b::/64	26
2001:db8:af7:907f::/64	173
2001:db8:af7:e2dd::/64	751
2001:db8:af9:187c::/64	683
2001:db8:afa:33e::/64	893
2001:db8:afa:d37::/64	872
2001:db8:afa:9848::/64	164
2001:db8:afa:d32a::/64	452
2001:db8:afa:fe62::/64	182
2001:db8:afb:ea7::/64	471
2001:db8:afb:3d59::/64	407
2001:db8:afb:8cd6::/64	879
2001:db8:afb:f1eb::/64	566
2001:db8:afb:f4ea::/64	412
2001:db8:afc:87f::/64	913
2001:db8:afc:8f5::/64	653
2001:db8:afc:db8::/64	663
2001:db8:afc:ff0b::/64	913
2001:db8:afd:1150::/64	963
2001:db8:afd:1eca::/64	495
2001:db8:afd:9c49::/64	663
2001:db8:afd:b62c::/64	536
2001:db8:afd:fc2f::/64	48
2001:db8:afe:69df::/64	433
2001:db8:afe:cb3a::/64	551
2001:db8:aff:1537::/64	443
2001:db8:aff:4f77::/64	32
2001:db8:aff:af19::/64	253
2001:db8:b00:2498::/64	143
2001:db8:b00:fe1e::/64	577
2001:db8:b01:1cb6::/64	506
2001:db8:b02:ba67::/64	265
2001:db8:b02:ee55::/64	807
2001:db8:b03:3713::/64	806
2001:db8:b03:94d4::/64	878
2001:db8:b03:cd8b::/64	773
2001:db8:b04:2100::/64	998
2001:db8:b04:2c8d::/64	655
2001:db8:b05:8f18::/64	3
2001:db8:b06:46a::/64	772
2001:db8:b06:6a54::/64	727
2001:db8:b07:21e3::/64	616
2001:db8:b07:4184::/64	328
2001:db8:b07:abcf::/64	446
2001:db8:b08:1448::/64	302
2001:db8:b08:88ad::/64	341
2001:db8:b08:bf96::/64	183
2001:db8:b08:db2e::/64	984
2001:db8:b08:fa6e::/64	501
2001:db8:b09:54be::/64	721
2001:db8:b09:7cce::/64	793
2001:db8:b09:b5bb::/64	196
2001:db8:b0a:df18::/64	838
2001:db8:b0b:459c::/64	923
2001:db8:b0b:818b::/64	677
2001:db8:b0c:19f2::/64	430
2001:db8:b0c:76a2::/64	905
2001:db8:b0c:92bf::/64	624
2001:db8:b0e:4c77::/64	992
2001:db8:b0e:fd33::/64	862
2001:db8:b0f:517::/64	782
2001:db8:b0f:8785::/64	363
2001:db8:b10:3dc2::/64	174
2001:db8:b10:9c71::/64	541
2001:db8:b10:aa9b::/64	834
2001:db8:b11:62a1::/64	555
2001:db8:b11:a88c::/64	776
2001:db8:b13:b599::/64	765
2001:db8:b13:c0ad::/64	114
2001:db8:b13:f272::/64	861
2001:db8:b15:709::/64	92
2001:db8:b15:1960::/64	563
2001:db8:b15:3119::/64	155
2001:db8:b15:8816::/64	995
2001:db8:b15:e89f::/64	359
2001:db8:b16:3d2c::/64	516
2001:db8:b16:bc8e::/64	22
2001:db8:b18:29f3::/64	463
2001:db8:b18:8f6f::/64	318
2001:db8:b19:3827::/64	94
2001:db8:b19:564e::/64	963
2001:db8:b1a:50d3::/64	606
2001:db8:b1a:6a9a::/64	346
2001:db8:b1a:8d35::/64	452
2001:db8:b1b:876::/64	482
2001:db8:b1b:11e9::/64	545
2001:db8:b1c:1fe9::/64	470
2001:db8:b1c:4294::/64	672
2001:db8:b1c:a767::/64	445
2001:db8:b1e:3b6a::/64	836
2001:db8:b1f:11b9::/64	912
2001:db8:b1f:1fc6::/64	836
2001:db8:b1f:70be::/64	56
2001:db8:b1f:7fed::/64	123
2001:db8:b1f:ca80::/64	780
2001:db8:b1f:f0d0::/64	444
2001:db8:b1f:fd87::/64	3
2001:db8:b20:59f2::/64	220
2001:db8:b21:52c3::/64	331
2001:db8:b22:4ca::/64	193
2001:db8:b22:1613::/64	492
2001:db8:b23:5ea4::/64	471
2001:db8:b24:727d::/64	337
2001:db8:b24:99df::/64	906
2001:db8:b24:c65a::/64	628
2001:db8:b25:5a9a::/64	165
2001:db8:b25:7bdf::/64	128
2001:db8:b25:a235::/64	605
2001:db8:b26:7a99::/64	208
2001:db8:b26:ac08::/64	129
2001:db8:b26:f2ae::/64	579
2001:db8:b27:10c4::/64	996
2001:db8:b28:c815::/64	195
2001:db8:b29:2fbc::/64	394
2001:db8:b29:3bb9::/64	645
2001:db8:b29:5142::/64	221
2001:db8:b29:63c3::/64	932
2001:db8:b29:8850::/64	865
2001:db8:b29:9dd3::/64	420
2001:db8:b29:b403::/64	559
2001:db8:b29:f673::/64	50
2001:db8:b2a:5263::/64	990
2001:db8:b2a:be5b::/64	242
2001:db8:b2a:e0c5::/64	376
2001:db8:b2a:fd54::/64	876
2001:db8:b2b:7121::/64	632
2001:db8:b2b:8144::/64	397
2001:db8:b2b:e3b3::/64	908
2001:db8:b2b:ef7d::/64	121
2001:db8:b2c:7c2::/64	193
2001:db8:b2c:aec3::/64	591
2001:db8:b2d:41de::/64	624
2001:db8:b2d:4275::/64	956
2001:db8:b2d:7889::/64	585
2001:db8:b2d:a129::/64	229
2001:db8:b2e:1138::/64	690
2001:db8:b2f:49ac::/64	558
2001:db8:b2f:c7d6::/64	368
2001:db8:b2f:fd19::/64	750
2001:db8:b30:810::/64	896
2001:db8:b30:6e55::/64	291
2001:db8:b30:c241::/64	569
2001:db8:b31:2f5f::/64	22
2001:db8:b31:673f::/64	287
2001:db8:b32:29c0::/64	355
2001:db8:b32:43db::/64	984
2001:db8:b32:b988::/64	370
2001:db8:b32:d89b::/64	536
2001:db8:b33:227c::/64	72
2001:db8:b33:384b::/64	369
2001:db8:b33:620d::/64	489
2001:db8:b33:8049::/64	735
2001:db8:b33:ca58::/64	385
2001:db8:b34:6fbf::/64	213
2001:db8:b34:8123::/64	38
2001:db8:b35:4295::/64	447
2001:db8:b35:aece::/64	482
2001:db8:b35:c9a9::/64	810
2001:db8:b35:cf79::/64	943
2001:db8:b36:f89b::/64	246
2001:db8:b37:c44f::/64	139
2001:db8:b37:ff99::/64	828
2001:db8:b38:ffa::/64	407
2001:db8:b38:20d7::/64	816
2001:db8:b39:b62::/64	537
2001:db8:b39:6d78::/64	902
2001:db8:b39:d575::/64	983
2001:db8:b39:fbd3::/64	930
2001:db8:b3a:74aa::/64	830
2001:db8:b3a:9544::/64	383
2001:db8:b3a:b378::/64	263
2001:db8:b3a:b4e1::/64	581
2001:db8:b3b:58bc::/64	993
2001:db8:b3c:3867::/64	450
2001:db8:b3c:451d::/64	930
2001:db8:b3d:226c::/64	448
2001:db8:b3d:4e9c::/64	488
2001:db8:b3d:c34b::/64	775
2001:db8:b3d:d8e4::/64	163
2001:db8:b3e:43fa::/64	781
2001:db8:b3e:460e::/64	502
2001:db8:b3e:6a27::/64	728
2001:db8:b3e:6de7::/64	226
2001:db8:b3f:cd7::/64	816
2001:db8:b3f:6bff::/64	771
2001:db8:b40:1710::/64	564
2001:db8:b40:7bb9::/64	691
2001:db8:b41:6a5d::/64	881
2001:db8:b42:7ee8::/64	560
2001:db8:b42:b1b6::/64	280
2001:db8:b43:4ce::/64	107
2001:db8:b43:67fa::/64	616
2001:db8:b43:68da::/64	979
2001:db8:b43:86e4::/64	794
2001:db8:b43:8728::/64	602
2001:db8:b43:c50d::/64	501
2001:db8:b44:9c4d::/64	529
2001:db8:b45:7878::/64	72
2001:db8:b45:7af1::/64	522
2001:db8:b45:a1de::/64	63
2001:db8:b45:c06d::/64	981
2001:db8:b45:fc1d::/64	513
2001:db8:b46:3a7b::/64	359
2001:db8:b46:9ea2::/64	755
2001:db8:b46:d6e3::/64	36
2001:db8:b47:1b31::/64	41
2001:db8:b47:5e28::/64	101
2001:db8:b47:d0f0::/64	614
2001:db8:b49:c0e::/64	94
2001:db8:b49:16b4::/64	283
2001:db8:b49:57c5::/64	617
2001:db8:b49:8b30::/64	34
2001:db8:b49:a72a::/64	228
2001:db8:b49:af61::/64	184
2001:db8:b4a:6c96::/64	880
2001:db8:b4a:73ec::/64	784
2001:db8:b4a:a8a2::/64	144
2001:db8:b4a:af07::/64	432
2001:db8:b4a:e707::/64	464
2001:db8:b4b:40ca::/64	100
2001:db8:b4b:b2d5::/64	575
2001:db8:b4d:6a4c::/64	822
2001:db8:b4d:d008::/64	179
2001:db8:b4e:37fd::/64	882
2001:db8:b4e:b105::/64	147
2001:db8:b4f:8a0c::/64	524
2001:db8:b4f:ae51::/64	902
2001:db8:b4f:d96c::/64	885
2001:db8:b50:681::/64	170
2001:db8:b51:5c6e::/64	782
2001:db8:b51:9abf::/64	72
2001:db8:b51:f71c::/64	162
2001:db8:b52:e307::/64	94
2001:db8:b53:2fbc::/64	643
2001:db8:b54:180f::/64	445
2001:db8:b54:cbd6::/64	20
2001:db8:b54:e8e2::/64	448
2001:db8:b54:ff7e::/64	187
2001:db8:b55:1f7c::/64	467
2001:db8:b55:6f99::/64	151
2001:db8:b55:92a2::/64	211
2001:db8:b56:7eba::/64	236
2001:db8:b56:8dce::/64	167
2001:db8:b56:b983::/64	199
2001:db8:b57:f939::/64	335
2001:db8:b58:5965::/64	746
2001:db8:b58:65c9::/64	645
2001:db8:b58:7e0a::/64	697
2001:db8:b58:fa8e::/64	856
2001:db8:b59:918b::/64	434
2001:db8:b5a:3f9f::/64	931
2001:db8:b5a:55d9::/64	148
2001:db8:b5a:9357::/64	774
2001:db8:b5a:bc6a::/64	428
2001:db8:b5b:df8b::/64	316
2001:db8:b5c:79ab::/64	544
2001:db8:b5d:45fb::/64	943
2001:db8:b5d:7455::/64	387
2001:db8:b5e:706d::/64	480
2001:db8:b5f:4568::/64	829
2001:db8:b5f:9fc2::/64	574
2001:db8:b5f:d069::/64	19
2001:db8:b5f:d8c7::/64	101
2001:db8:b60:3afb::/64	341
2001:db8:b62:2c23::/64	716
2001:db8:b62:85ca::/64	273
2001:db8:b62:955f::/64	279
2001:db8:b64:3fa8::/64	347
2001:db8:b64:e885::/64	745
2001:db8:b65:4ada::/64	310
2001:db8:b65:b812::/64	42
2001:db8:b65:f93c::/64	168
2001:db8:b66:29f1::/64	694
2001:db8:b66:609e::/64	753
2001:db8:b66:a9c0::/64	34
2001:db8:b67:8a0::/64	194
2001:db8:b67:12a6::/64	473
2001:db8:b67:5f6a::/64	619
2001:db8:b67:a269::/64	948
2001:db8:b67:c682::/64	860
2001:db8:b67:fafa::/64	806
2001:db8:b68:1b9f::/64	218
2001:db8:b68:5a06::/64	353
2001:db8:b68:daaa::/64	336
2001:db8:b69:fd5d::/64	245
2001:db8:b6b:1091::/64	542
2001:db8:b6b:384a::/64	954
2001:db8:b6b:392f::/64	851
2001:db8:b6b:54ae::/64	122
2001:db8:b6b:8496::/64	395
2001:db8:b6b:8837::/64	657
2001:db8:b6b:b309::/64	667
2001:db8:b6c:967::/64	112
2001:db8:b6e:22b5::/64	516
2001:db8:b6f:b7f7::/64	204
2001:db8:b70:e947::/64	996
2001:db8:b70:ece6::/64	308
2001:db8:b71:f51d::/64	779
2001:db8:b72:41a0::/64	824
2001:db8:b72:721b::/64	327
2001:db8:b72:8c84::/64	957
2001:db8:b72:acb1::/64	812
2001:db8:b72:fc81::/64	864
2001:db8:b73:1aa8::/64	808
2001:db8:b73:1ea7::/64	149
2001:db8:b73:3ea0::/64	665
2001:db8:b73:51d8::/64	990
2001:db8:b73:53c9::/64	239
2001:db8:b73:6638::/64	301
2001:db8:b73:8f23::/64	473
2001:db8:b74:1f2e::/64	277
2001:db8:b75:a46::/64	150
2001:db8:b76:1048::/64	309
2001:db8:b76:7582::/64	67
2001:db8:b78:2c9b::/64	172
2001:db8:b78:ba65::/64	606
2001:db8:b78:d6b3::/64	673
2001:db8:b79:c61::/64	839
2001:db8:b79:76bb::/64	340
2001:db8:b79:9d0c::/64	936
2001:db8:b79:ef1f::/64	979
2001:db8:b7a:52::/64	432
2001:db8:b7a:b426::/64	582
2001:db8:b7a:bd7e::/64	50
2001:db8:b7a:f084::/64	789
2001:db8:b7b:9baa::/64	816
2001:db8:b7b:e1ae::/64	357
2001:db8:b7c:310c::/64	800
2001:db8:b7c:e907::/64	524
2001:db8:b7e:8184::/64	863
2001:db8:b7f:7e41::/64	330
2001:db8:b7f:a766::/64	453
2001:db8:b7f:bfa8::/64	783
2001:db8:b7f:dfc6::/64	915
2001:db8:b7f:ff2b::/64	600
2001:db8:b80:dcea::/64	369
2001:db8:b81:e9ba::/64	547
2001:db8:b82:5490::/64	623
2001:db8:b83:1065::/64	891
2001:db8:b83:4abe::/64	740
2001:db8:b83:6e3e::/64	172
2001:db8:b83:8d5b::/64	478
2001:db8:b83:a3e9::/64	961
2001:db8:b84:5e21::/64	350
2001:db8:b84:67fe::/64	846
2001:db8:b84:a252::/64	495
2001:db8:b84:ab8d::/64	520
2001:db8:b84:b454::/64	324
2001:db8:b85:21e2::/64	154
2001:db8:b85:5c1f::/64	778
2001:db8:b86:268c::/64	519
2001:db8:b86:bee2::/64	900
2001:db8:b87:1e5e::/64	428
2001:db8:b87:9f79::/64	648
2001:db8:b87:adf3::/64	270
2001:db8:b87:e14d::/64	480
2001:db8:b88:6926::/64	188
2001:db8:b89:409::/64	895
2001:db8:b89:4932::/64	374
2001:db8:b89:5c84::/64	490
2001:db8:b89:7873::/64	500
2001:db8:b89:b2a7::/64	543
2001:db8:b89:ba99::/64	24
2001:db8:b8a:3910::/64	113
2001:db8:b8a:7c26::/64	823
2001:db8:b8a:a192::/64	359
2001:db8:b8a:c940::/64	278
2001:db8:b8b:336d::/64	524
2001:db8:b8b:73e0::/64	960
2001:db8:b8b:e8b2::/64	351
2001:db8:b8c:528d::/64	951
2001:db8:b8c:6401::/64	915
2001:db8:b8c:9eea::/64	704
2001:db8:b8c:a852::/64	484
2001:db8:b8d:2f36::/64	893
2001:db8:b8d:8d5b::/64	905
2001:db8:b8d:b1bb::/64	131
2001:db8:b8e:19ee::/64	600
2001:db8:b8f:df3::/64	29
2001:db8:b8f:7680::/64	544
2001:db8:b90:ae8::/64	107
2001:db8:b90:7715::/64	820
2001:db8:b90:da38::/64	858
2001:db8:b90:e44b::/64	806
2001:db8:b91:42db::/64	72
2001:db8:b91:6cb4::/64	116
2001:db8:b91:6ef1::/64	688
2001:db8:b91:9488::/64	702
2001:db8:b92:b82d::/64	30
2001:db8:b93:57b0::/64	728
2001:db8:b94:7bd::/64	537
2001:db8:b94:cbc0::/64	339
2001:db8:b95:2cec::/64	267
2001:db8:b95:a192::/64	624
2001:db8:b97:9d2::/64	963
2001:db8:b97:7a34::/64	990
2001:db8:b97:9194::/64	733
2001:db8:b97:aadd::/64	258
2001:db8:b97:c42d::/64	39
2001:db8:b98:60f4::/64	813
2001:db8:b98:8201::/64	498
2001:db8:b98:a77e::/64	516
2001:db8:b99:a7d2::/64	549
2001:db8:b9a:1a4d::/64	616
2001:db8:b9c:3ece::/64	691
2001:db8:b9d:a73a::/64	77
2001:db8:b9d:f9d2::/64	268
2001:db8:b9e:19f3::/64	759
2001:db8:b9e:7bbd::/64	701
2001:db8:b9f:2696::/64	287
2001:db8:ba1:fe7::/64	257
2001:db8:ba1:41b0::/64	815
2001:db8:ba1:907e::/64	648
2001:db8:ba1:b5b2::/64	293
2001:db8:ba3:1222::/64	429
2001:db8:ba3:1c22::/64	893
2001:db8:ba3:539f::/64	1
2001:db8:ba4:3bfd::/64	452
2001:db8:ba4:582f::/64	709
2001:db8:ba4:9b85::/64	367
2001:db8:ba6:abe9::/64	787
2001:db8:ba8:50f8::/64	545
2001:db8:ba9:3ac::/64	889
2001:db8:ba9:e60::/64	441
2001:db8:ba9:4e66::/64	622
2001:db8:ba9:5b7a::/64	1
2001:db8:bac:52b5::/64	943
2001:db8:bac:f06c::/64	220
2001:db8:bad:b88a::/64	328
2001:db8:bad:ecf5::/64	553
2001:db8:bae:5c6e::/64	839
2001:db8:bae:690c::/64	530
2001:db8:bae:8cfc::/64	671
2001:db8:bae:badd::/64	69
2001:db8:bb0:5001::/64	963
2001:db8:bb0:6a0f::/64	193
2001:db8:bb0:8472::/64	51
2001:db8:bb0:b7c7::/64	252
2001:db8:bb1:d31::/64	247
2001:db8:bb1:5b72::/64	257
2001:db8:bb2:3463::/64	208
2001:db8:bb2:fced::/64	51
2001:db8:bb3:b51::/64	841
2001:db8:bb3:4e15::/64	130
2001:db8:bb3:9688::/64	829
2001:db8:bb3:c4d4::/64	305
2001:db8:bb4:ce1::/64	771
2001:db8:bb4:5f84::/64	655
2001:db8:bb4:a384::/64	198
2001:db8:bb4:dd0a::/64	524
2001:db8:bb4:e743::/64	51
2001:db8:bb5:5a65::/64	582
2001:db8:bb5:97d5::/64	352
2001:db8:bb5:9fe7::/64	965
2001:db8:bb5:d9bd::/64	383
2001:db8:bb6:4061::/64	238
2001:db8:bb6:45c3::/64	720
2001:db8:bb6:d706::/64	188
2001:db8:bb7:1b01::/64	143
2001:db8:bb7:30e7::/64	179
2001:db8:bb7:ffa0::/64	571
2001:db8:bb8:21cd::/64	109
2001:db8:bb8:5f9e::/64	204
2001:db8:bb9:2c76::/64	432
2001:db8:bb9:2d5a::/64	314
2001:db8:bb9:7917::/64	48
2001:db8:bb9:c6a4::/64	629
2001:db8:bb9:d90e::/64	329
2001:db8:bba:3d04::/64	969
2001:db8:bba:ab09::/64	545
2001:db8:bbb:1189::/64	623
2001:db8:bbb:7be2::/64	908
2001:db8:bbb:d900::/64	701
2001:db8:bbc:5203::/64	376
2001:db8:bbd:119::/64	752
2001:db8:bbd:4374::/64	510
2001:db8:bbe:1d62::/64	911
2001:db8:bbe:46f0::/64	325
2001:db8:bbe:b88c::/64	499
2001:db8:bbf:33a9::/64	376
2001:db8:bbf:9093::/64	606
2001:db8:bbf:db73::/64	612
2001:db8:bc0:2895::/64	250
2001:db8:bc0:384a::/64	24
2001:db8:bc0:a73d::/64	933
2001:db8:bc0:c01b::/64	375
2001:db8:bc0:df24::/64	132
2001:db8:bc1:5f88::/64	681
2001:db8:bc1:70c8::/64	223
2001:db8:bc2:2f3a::/64	307
2001:db8:bc2:662f::/64	898
2001:db8:bc2:8656::/64	795
2001:db8:bc2:a0b9::/64	92
2001:db8:bc2:a9f4::/64	397
2001:db8:bc2:ccf8::/64	504
2001:db8:bc2:f962::/64	423
2001:db8:bc3:5e68::/64	942
2001:db8:bc3:fec5::/64	231
2001:db8:bc4:1abd::/64	92
2001:db8:bc4:82d9::/64	304
2001:db8:bc5:65b::/64	230
2001:db8:bc5:33f2::/64	637
2001:db8:bc5:c4aa::/64	886
2001:db8:bc5:f3c4::/64	297
2001:db8:bc6:55ea::/64	504
2001:db8:bc7:cb8b::/64	334
2001:db8:bc8:422e::/64	628
2001:db8:bc8:4c38::/64	380
2001:db8:bc8:d069::/64	952
2001:db8:bc9:db6a::/64	651
2001:db8:bc9:dd55::/64	471
2001:db8:bca:4dc0::/64	141
2001:db8:bca:6542::/64	204
2001:db8:bca:8b5a::/64	907
2001:db8:bcb:1d4c::/64	852
2001:db8:bcb:7938::/64	176
2001:db8:bcb:d05e::/64	847
2001:db8:bcc:17d::/64	196
2001:db8:bcc:5d79::/64	273
2001:db8:bcd:3ea3::/64	474
2001:db8:bce:3b04::/64	495
2001:db8:bce:481e::/64	345
2001:db8:bce:7aad::/64	15
2001:db8:bce:acd1::/64	586
2001:db8:bcf:2b6::/64	631
2001:db8:bcf:4900::/64	190
2001:db8:bd0:289::/64	607
2001:db8:bd0:4f4::/64	754
2001:db8:bd0:199e::/64	503
2001:db8:bd0:3478::/64	236
2001:db8:bd1:2b83::/64	286
2001:db8:bd1:9010::/64	683
2001:db8:bd1:a978::/64	361
2001:db8:bd3:2ca2::/64	545
2001:db8:bd4:6bce::/64	958
2001:db8:bd4:b754::/64	116
2001:db8:bd6:3895::/64	821
2001:db8:bd6:485a::/64	418
2001:db8:bd6:d048::/64	575
2001:db8:bd7:8949::/64	684
2001:db8:bd7:c8be::/64	51
2001:db8:bd8:5cc7::/64	204
2001:db8:bd8:fa66::/64	147
2001:db8:bd9:dddb::/64	649
2001:db8:bda:861::/64	564
2001:db8:bda:71b1::/64	627
2001:db8:bda:af85::/64	343
2001:db8:bda:c9c6::/64	621
2001:db8:bdb:acb3::/64	739
2001:db8:bdb:f7c6::/64	298
2001:db8:bdc:9e7d::/64	418
2001:db8:bdd:4f17::/64	538
2001:db8:bdf:3060::/64	68
2001:db8:bdf:c47e::/64	385
2001:db8:be0:5ade::/64	107
2001:db8:be1:2898::/64	646
2001:db8:be1:71f6::/64	984
2001:db8:be1:a089::/64	616
2001:db8:be1:a3f9::/64	844
2001:db8:be1:c490::/64	24
2001:db8:be2:59d6::/64	221
2001:db8:be2:c9c5::/64	932
2001:db8:be3:a69f::/64	589
2001:db8:be3:ba9c::/64	22
2001:db8:be3:f7df::/64	845
2001:db8:be4:dd53::/64	642
2001:db8:be4:fab5::/64	924
2001:db8:be5:252a::/64	69
2001:db8:be5:5664::/64	227
2001:db8:be5:a795::/64	662
2001:db8:be5:ab7c::/64	657
2001:db8:be6:20a7::/64	849
2001:db8:be6:acad::/64	506
2001:db8:be6:fcb4::/64	861
2001:db8:be7:2e83::/64	983
2001:db8:be7:7028::/64	10
2001:db8:be7:7234::/64	31
2001:db8:be8:82fa::/64	356
2001:db8:be8:8b71::/64	379
2001:db8:be8:8fa0::/64	428
2001:db8:be8:d806::/64	737
2001:db8:bea:638a::/64	241
2001:db8:bea:86ab::/64	662
2001:db8:bea:c56f::/64	100
2001:db8:beb:866::/64	196
2001:db8:bec:5015::/64	208
2001:db8:bec:8bcc::/64	585
2001:db8:bec:9d3c::/64	20
2001:db8:bec:c542::/64	434
2001:db8:bec:da68::/64	709
2001:db8:bec:e437::/64	2
2001:db8:bec:f562::/64	918
2001:db8:bed:1cb3::/64	281
2001:db8:bed:7257::/64	557
2001:db8:bed:b3d0::/64	921
2001:db8:bed:f044::/64	132
2001:db8:bed:f987::/64	918
2001:db8:bee:f4eb::/64	486
2001:db8:bef:3c68::/64	166
2001:db8:bef:6314::/64	268
2001:db8:bef:efcf::/64	726
2001:db8:bf0:36e4::/64	924
2001:db8:bf0:5d82::/64	908
2001:db8:bf0:f4f2::/64	955
2001:db8:bf1:e5ea::/64	1
2001:db8:bf3:2c4b::/64	116
2001:db8:bf3:b2aa::/64	371
2001:db8:bf3:ef4b::/64	441
2001:db8:bf5:bfec::/64	680
2001:db8:bf6:5754::/64	135
2001:db8:bf6:dbe9::/64	505
2001:db8:bf7:f1e6::/64	190
2001:db8:bf8:28e9::/64	177
2001:db8:bfa:5c03::/64	853
2001:db8:bfa:61d4::/64	305
2001:db8:bfa:89bb::/64	625
2001:db8:bfa:ad74::/64	945
2001:db8:bfb:30db::/64	907
2001:db8:bfb:b56a::/64	497
2001:db8:bfc:4422::/64	505
2001:db8:bfc:8467::/64	337
2001:db8:bfd:4b30::/64	999
2001:db8:bfe:8d8d::/64	282
2001:db8:bfe:cf8a::/64	334
2001:db8:bff:14f0::/64	172
2001:db8:c00:2d2::/64	622
2001:db8:c00:4f7a::/64	262
2001:db8:c00:dc0c::/64	564
2001:db8:c01:2644::/64	569
2001:db8:c01:2f31::/64	504
2001:db8:c01:6db7::/64	928
2001:db8:c01:8866::/64	634
2001:db8:c01:c075::/64	621
2001:db8:c01:c2b5::/64	217
2001:db8:c01:d36c::/64	197
2001:db8:c01:dc3f::/64	344
2001:db8:c02:167c::/64	426
2001:db8:c02:7c64::/64	103
2001:db8:c02:8e82::/64	223
2001:db8:c02:9a78::/64	986
2001:db8:c02:9fd7::/64	660
2001:db8:c02:cac9::/64	137
2001:db8:c03:12e5::/64	618
2001:db8:c03:c29c::/64	570
2001:db8:c04:1039::/64	525
2001:db8:c04:1fd6::/64	828
2001:db8:c04:6e30::/64	554
2001:db8:c04:78eb::/64	375
2001:db8:c04:93c7::/64	921
2001:db8:c04:c87f::/64	361
2001:db8:c04:dcb1::/64	657
2001:db8:c05:d04d::/64	841
2001:db8:c05:dcb7::/64	429
2001:db8:c06:d83::/64	447
2001:db8:c06:42ea::/64	882
2001:db8:c07:7732::/64	922
2001:db8:c07:a976::/64	623
2001:db8:c08:5d86::/64	986
2001:db8:c08:a790::/64	794
2001:db8:c08:b591::/64	269
2001:db8:c09:5653::/64	787
2001:db8:c09:9653::/64	449
2001:db8:c09:fc4c::/64	394
2001:db8:c0a:23a4::/64	234
2001:db8:c0a:23ae::/64	872
2001:db8:c0a:be61::/64	823
2001:db8:c0b:b796::/64	561
2001:db8:c0b:d6c1::/64	649
2001:db8:c0c:d5d::/64	954
2001:db8:c0c:51f6::/64	182
2001:db8:c0c:981e::/64	925
2001:db8:c0c:9c30::/64	837
2001:db8:c0d:1d76::/64	270
2001:db8:c0d:f6dd::/64	484
2001:db8:c0f:b0::/64	408
2001:db8:c0f:1f90::/64	497
2001:db8:c0f:2897::/64	931
2001:db8:c0f:8dac::/64	661
2001:db8:c0f:b1e6::/64	938
2001:db8:c11:62dc::/64	550
2001:db8:c11:af55::/64	242
2001:db8:c12:1c2c::/64	213
2001:db8:c13:3ee::/64	267
2001:db8:c14:5240::/64	683
2001:db8:c14:e86c::/64	831
2001:db8:c14:f861::/64	738
2001:db8:c15:59d0::/64	313
2001:db8:c15:61aa::/64	703
2001:db8:c15:8393::/64	686
2001:db8:c15:e235::/64	62
2001:db8:c16:1e24::/64	153
2001:db8:c16:28b0::/64	503
2001:db8:c16:5185::/64	646
2001:db8:c16:7443::/64	108
2001:db8:c16:9e8b::/64	400
2001:db8:c16:baec::/64	229
2001:db8:c17:2497::/64	154
2001:db8:c17:d975::/64	561
2001:db8:c17:f8f9::/64	373
2001:db8:c19:3407::/64	595
2001:db8:c19:8800::/64	577
2001:db8:c19:dd9c::/64	889
2001:db8:c1a:67a::/64	122
2001:db8:c1a:c29::/64	131
2001:db8:c1a:68a6::/64	296
2001:db8:c1a:841b::/64	451
2001:db8:c1b:3015::/64	926
2001:db8:c1b:6766::/64	597
2001:db8:c1b:6d95::/64	299
2001:db8:c1b:a790::/64	547
2001:db8:c1b:abef::/64	441
2001:db8:c1b:b2bb::/64	361
2001:db8:c1b:b69f::/64	829
2001:db8:c1c:c0fe::/64	525
2001:db8:c1d:423f::/64	568
2001:db8:c1d:ecc7::/64	298
2001:db8:c1e:330::/64	495
2001:db8:c1e:39df::/64	222
2001:db8:c1f:255e::/64	166
2001:db8:c1f:7edc::/64	926
2001:db8:c20:9cdc::/64	129
2001:db8:c22:1f58::/64	392
2001:db8:c22:699f::/64	105
2001:db8:c22:ce4d::/64	889
2001:db8:c22:ff89::/64	185
2001:db8:c23:2cb2::/64	568
2001:db8:c24:4cae::/64	134
2001:db8:c24:befc::/64	326
2001:db8:c25:49fe::/64	614
2001:db8:c25:c286::/64	319
2001:db8:c25:f1a2::/64	625
2001:db8:c26:d7c0::/64	617
2001:db8:c27:4499::/64	913
2001:db8:c27:9781::/64	869
2001:db8:c28:b2db::/64	132
2001:db8:c28:c99e::/64	371
2001:db8:c28:d1e6::/64	965
2001:db8:c29:1fbd::/64	175
2001:db8:c29:4315::/64	780
2001:db8:c29:83b3::/64	259
2001:db8:c29:ab44::/64	455
2001:db8:c29:c2f8::/64	874
2001:db8:c2b:3ca0::/64	444
2001:db8:c2b:b645::/64	13
2001:db8:c2b:f413::/64	195
2001:db8:c2c:e740::/64	26
2001:db8:c2d:4962::/64	344
2001:db8:c2e:8003::/64	678
2001:db8:c2e:bceb::/64	132
2001:db8:c2f:5f67::/64	321
2001:db8:c2f:87e7::/64	513
2001:db8:c2f:8d3c::/64	618
2001:db8:c2f:930f::/64	212
2001:db8:c30:31ea::/64	214
2001:db8:c30:5766::/64	733
2001:db8:c30:f4e1::/64	644
2001:db8:c30:fb4d::/64	148
2001:db8:c31:23b1::/64	194
2001:db8:c31:8d9b::/64	449
2001:db8:c32:b49d::/64	133
2001:db8:c33:ba2::/64	116
2001:db8:c33:4f5d::/64	849
2001:db8:c33:e905::/64	898
2001:db8:c34:4da1::/64	538
2001:db8:c34:7cb7::/64	620
2001:db8:c34:a27d::/64	967
2001:db8:c34:c12c::/64	526
2001:db8:c35:5f01::/64	51
2001:db8:c36:dee::/64	374
2001:db8:c36:3b59::/64	304
2001:db8:c36:af0d::/64	296
2001:db8:c37:aa6d::/64	865
2001:db8:c37:b8a4::/64	283
2001:db8:c37:c968::/64	628
2001:db8:c37:eb06::/64	270
2001:db8:c38:317::/64	251
2001:db8:c38:3928::/64	370
2001:db8:c38:889a::/64	958
2001:db8:c38:bfe8::/64	163
2001:db8:c38:e372::/64	176
2001:db8:c39:476::/64	193
2001:db8:c39:6985::/64	342
2001:db8:c39:cf69::/64	109
2001:db8:c3b:1e73::/64	747
2001:db8:c3c:a3cc::/64	428
2001:db8:c3d:305::/64	348
2001:db8:c3d:1df7::/64	899
2001:db8:c3e:4a15::/64	50
2001:db8:c3e:ced2::/64	930
2001:db8:c3e:ec18::/64	997
2001:db8:c3f:58e::/64	852
2001:db8:c3f:4cf9::/64	162
2001:db8:c3f:58c9::/64	378
2001:db8:c3f:dd71::/64	6
2001:db8:c41:1ec5::/64	416
2001:db8:c41:3f08::/64	743
2001:db8:c42:ce7::/64	339
2001:db8:c42:c543::/64	437
2001:db8:c42:e56a::/64	572
2001:db8:c43:220::/64	47
2001:db8:c43:ecc::/64	651
2001:db8:c43:cae4::/64	234
2001:db8:c43:f936::/64	859
2001:db8:c44:d399::/64	301
2001:db8:c45:129::/64	188
2001:db8:c45:29bd::/64	305
2001:db8:c45:87fd::/64	61
2001:db8:c46:464d::/64	784
2001:db8:c47:c5c4::/64	971
2001:db8:c47:e053::/64	632
2001:db8:c47:fc5d::/64	901
2001:db8:c48:6a6::/64	343
2001:db8:c48:6323::/64	643
2001:db8:c48:8cbe::/64	26
2001:db8:c48:ebf3::/64	152
2001:db8:c49:ffb8::/64	139
2001:db8:c4a:b2ea::/64	303
2001:db8:c4b:441d::/64	367
2001:db8:c4c:6212::/64	379
2001:db8:c4c:635e::/64	129
2001:db8:c4c:8692::/64	91
2001:db8:c4d:e98::/64	542
2001:db8:c4d:5cba::/64	943
2001:db8:c4d:6b25::/64	522
2001:db8:c4d:701e::/64	915
2001:db8:c4e:5399::/64	256
2001:db8:c4e:5fdc::/64	474
2001:db8:c4e:91a3::/64	777
2001:db8:c4e:d1c0::/64	795
2001:db8:c50:3b66::/64	605
2001:db8:c50:f62b::/64	187
2001:db8:c51:9671::/64	669
2001:db8:c51:a97e::/64	431
2001:db8:c52:3b20::/64	451
2001:db8:c52:69cb::/64	824
2001:db8:c52:afaa::/64	833
2001:db8:c55:2ad2::/64	524
2001:db8:c55:fb4e::/64	388
2001:db8:c56:5172::/64	466
2001:db8:c56:81b3::/64	719
2001:db8:c56:bca0::/64	825
2001:db8:c57:5376::/64	252
2001:db8:c57:ed34::/64	894
2001:db8:c58:170::/64	590
2001:db8:c58:b2e::/64	747
2001:db8:c58:990a::/64	656
2001:db8:c5a:aee7::/64	598
2001:db8:c5a:b7f5::/64	387
2001:db8:c5a:d0eb::/64	239
2001:db8:c5c:58ce::/64	50
2001:db8:c5c:7f53::/64	266
2001:db8:c5d:6c96::/64	16
2001:db8:c5d:8843::/64	560
2001:db8:c5e:1d5::/64	239
2001:db8:c5e:3dd9::/64	397
2001:db8:c5e:6467::/64	503
2001:db8:c5e:b693::/64	504
2001:db8:c5f:3fe::/64	300
2001:db8:c60:6de3::/64	457
2001:db8:c60:c134::/64	381
2001:db8:c61:1abf::/64	274
2001:db8:c62:f1d5::/64	409
2001:db8:c63:247::/64	678
2001:db8:c63:d888::/64	923
2001:db8:c64:5182::/64	924
2001:db8:c64:52ab::/64	648
2001:db8:c64:c17d::/64	580
2001:db8:c66:7b42::/64	423
2001:db8:c68:11be::/64	203
2001:db8:c68:2ef8::/64	324
2001:db8:c68:963d::/64	909
2001:db8:c68:e153::/64	854
2001:db8:c68:ec83::/64	219
2001:db8:c69:9c92::/64	759
2001:db8:c6a:32e9::/64	194
2001:db8:c6b:165d::/64	480
2001:db8:c6b:c842::/64	845
2001:db8:c6c:50c::/64	818
2001:db8:c6c:4b82::/64	541
2001:db8:c6c:5841::/64	746
2001:db8:c6c:830e::/64	775
2001:db8:c6c:a330::/64	160
2001:db8:c6c:fb8f::/64	682
2001:db8:c6d:6f6::/64	220
2001:db8:c6e:1ad0::/64	665
2001:db8:c6e:5a2e::/64	617
2001:db8:c6e:a11e::/64	578
2001:db8:c6e:d817::/64	910
2001:db8:c6f:52db::/64	695
2001:db8:c70:ab8e::/64	118
2001:db8:c70:ec00::/64	941
2001:db8:c71:a8ce::/64	203
2001:db8:c71:f8d3::/64	868
2001:db8:c72:1ccd::/64	823
2001:db8:c72:8aa7::/64	985
2001:db8:c73:1d36::/64	409
2001:db8:c73:42e1::/64	167
2001:db8:c73:895d::/64	553
2001:db8:c73:a8d5::/64	734
2001:db8:c74:fecb::/64	369
2001:db8:c75:134::/64	480
2001:db8:c77:8b0b::/64	377
2001:db8:c77:b52c::/64	812
2001:db8:c77:e70c::/64	824
2001:db8:c78:4ce::/64	620
2001:db8:c79:195c::/64	593
2001:db8:c79:3617::/64	394
2001:db8:c79:ec6b::/64	648
2001:db8:c7a:a71::/64	292
2001:db8:c7a:1007::/64	496
2001:db8:c7a:ffdd::/64	337
2001:db8:c7b:11a5::/64	127
2001:db8:c7b:e427::/64	719
2001:db8:c7c:49d4::/64	669
2001:db8:c7c:fcdf::/64	578
2001:db8:c7e:4cf::/64	569
2001:db8:c7e:9bec::/64	225
2001:db8:c7e:cf5f::/64	702
2001:db8:c7e:ddb7::/64	589
2001:db8:c7f:aa4::/64	10
2001:db8:c7f:aada::/64	749
2001:db8:c80:3397::/64	190
2001:db8:c80:3d28::/64	477
2001:db8:c80:7e98::/64	398
2001:db8:c80:e8eb::/64	12
2001:db8:c80:ef77::/64	359
2001:db8:c80:fdf3::/64	361
2001:db8:c81:810f::/64	587
2001:db8:c81:eace::/64	790
2001:db8:c82:2842::/64	4
2001:db8:c82:d279::/64	128
2001:db8:c82:fdb8::/64	789
2001:db8:c83:622d::/64	497
2001:db8:c84:721::/64	611
2001:db8:c84:1bea::/64	291
2001:db8:c84:5f3b::/64	491
2001:db8:c84:7956::/64	595
2001:db8:c84:c9b6::/64	939
2001:db8:c85:4115::/64	609
2001:db8:c86:ec4c::/64	455
2001:db8:c87:89ec::/64	264
2001:db8:c87:c1db::/64	327
2001:db8:c88:2a0d::/64	688
2001:db8:c88:527c::/64	138
2001:db8:c88:6746::/64	185
2001:db8:c88:83f6::/64	321
2001:db8:c89:af00::/64	149
2001:db8:c89:f52d::/64	417
2001:db8:c89:fe22::/64	647
2001:db8:c8a:81aa::/64	211
2001:db8:c8b:4054::/64	163
2001:db8:c8b:73ca::/64	727
2001:db8:c8b:a93e::/64	64
2001:db8:c8b:d15a::/64	256
2001:db8:c8c:4713::/64	527
2001:db8:c8c:d5a2::/64	157
2001:db8:c8c:f5e8::/64	593
2001:db8:c8d:68c2::/64	233
2001:db8:c8d:a916::/64	257
2001:db8:c8d:d1a7::/64	498
2001:db8:c8d:f229::/64	225
2001:db8:c8e:e0f::/64	425
2001:db8:c8e:3197::/64	654
2001:db8:c8e:aebb::/64	901
2001:db8:c8e:bdbd::/64	962
2001:db8:c8e:eeb9::/64	835
2001:db8:c8f:ed0::/64	221
2001:db8:c8f:6d95::/64	212
2001:db8:c8f:776c::/64	961
2001:db8:c8f:9ff9::/64	612
2001:db8:c8f:a6e5::/64	961
2001:db8:c90:6ffa::/64	525
2001:db8:c90:81a4::/64	534
2001:db8:c90:a119::/64	65
2001:db8:c90:cbe2::/64	892
2001:db8:c90:e448::/64	136
2001:db8:c90:e699::/64	917
2001:db8:c90:e7f5::/64	112
2001:db8:c90:f284::/64	532
2001:db8:c91:8e7::/64	193
2001:db8:c91:a023::/64	121
2001:db8:c92:6f6::/64	330
2001:db8:c92:f59::/64	209
2001:db8:c92:468b::/64	756
2001:db8:c92:bc94::/64	575
2001:db8:c93:644f::/64	332
2001:db8:c93:9541::/64	602
2001:db8:c93:cd94::/64	988
2001:db8:c93:f6e9::/64	608
2001:db8:c93:fe93::/64	357
2001:db8:c94:30be::/64	271
2001:db8:c94:db2c::/64	537
2001:db8:c95:3631::/64	927
2001:db8:c95:68b0::/64	293
2001:db8:c95:8e97::/64	866
2001:db8:c96:5b3::/64	952
2001:db8:c96:1159::/64	45
2001:db8:c97:3a40::/64	95
2001:db8:c97:3b97::/64	936
2001:db8:c97:87d9::/64	322
2001:db8:c97:c8e9::/64	486
2001:db8:c97:dd33::/64	219
2001:db8:c98:cbe::/64	147
2001:db8:c98:1044::/64	4
2001:db8:c98:6f90::/64	432
2001:db8:c98:a895::/64	754
2001:db8:c98:c2ff::/64	335
2001:db8:c99:3f4d::/64	705
2001:db8:c99:652b::/64	388
2001:db8:c99:7a16::/64	778
2001:db8:c99:8959::/64	246
2001:db8:c99:fbb4::/64	693
2001:db8:c9a:2425::/64	698
2001:db8:c9a:3a72::/64	518
2001:db8:c9a:932b::/64	982
2001:db8:c9a:d603::/64	165
2001:db8:c9a:d744::/64	919
2001:db8:c9b:a53f::/64	785
2001:db8:c9c:125b::/64	282
2001:db8:c9c:ab54::/64	182
2001:db8:c9d:3cb2::/64	674
2001:db8:c9d:622c::/64	481
2001:db8:c9d:63f3::/64	704
2001:db8:c9d:8528::/64	725
2001:db8:c9d:b330::/64	719
2001:db8:c9d:bc06::/64	528
2001:db8:c9e:2d05::/64	440
2001:db8:c9e:80c3::/64	455
2001:db8:c9e:f884::/64	854
2001:db8:c9f:19ff::/64	349
2001:db8:c9f:f885::/64	938
2001:db8:ca0:7d1::/64	761
2001:db8:ca0:7282::/64	833
2001:db8:ca0:b3fc::/64	467
2001:db8:ca2:2c92::/64	226
2001:db8:ca3:71ff::/64	357
2001:db8:ca3:b5b0::/64	273
2001:db8:ca3:f301::/64	878
2001:db8:ca4:26a8::/64	281
2001:db8:ca4:fa2b::/64	196
2001:db8:ca6:c321::/64	215
2001:db8:ca6:f843::/64	713
2001:db8:ca7:85de::/64	778
2001:db8:ca7:8f95::/64	459
2001:db8:ca8:2e::/64	77
2001:db8:ca8:622c::/64	901
2001:db8:ca8:b129::/64	222
2001:db8:ca8:f44c::/64	370
2001:db8:ca9:8789::/64	296
2001:db8:ca9:e07d::/64	777
2001:db8:caa:3745::/64	927
2001:db8:caa:449e::/64	982
2001:db8:caa:50ac::/64	127
2001:db8:caa:7253::/64	454
2001:db8:cab::/48	550
2001:db8:cac:8409::/64	217
2001:db8:cac:b6ca::/64	726
2001:db8:cac:e4c2::/64	72
2001:db8:cac:f133::/64	666
2001:db8:cad:481d::/64	305
2001:db8:cad:9d87::/64	667
2001:db8:cad:aa9f::/64	141
2001:db8:cad:d666::/64	859
2001:db8:cae:32a::/64	389
2001:db8:cae:1a66::/64	139
2001:db8:cae:2302::/64	780
2001:db8:cae:3ace::/64	832
2001:db8:cae:ec43::/64	460
2001:db8:caf:22f8::/64	386
2001:db8:caf:4580::/64	271
2001:db8:caf:af83::/64	565
2001:db8:cb0:e90b::/64	503
2001:db8:cb1:2fd3::/64	118
2001:db8:cb2:7055::/64	255
2001:db8:cb2:9da1::/64	599
2001:db8:cb2:ec1a::/64	616
2001:db8:cb3:680f::/64	592
2001:db8:cb3:9e7f::/64	492
2001:db8:cb3:b723::/64	751
2001:db8:cb3:d9be::/64	617
2001:db8:cb4:967a::/64	333
2001:db8:cb4:b65a::/64	907
2001:db8:cb4:ec8f::/64	958
2001:db8:cb6:615::/64	48
2001:db8:cb6:58be::/64	8
2001:db8:cb6:c124::/64	939
2001:db8:cb7:5a4d::/64	97
2001:db8:cb7:6c41::/64	335
2001:db8:cb7:df21::/64	201
2001:db8:cb8:45f7::/64	55
2001:db8:cb8:64d7::/64	238
2001:db8:cb8:7c4a::/64	554
2001:db8:cb9:b3b7::/64	350
2001:db8:cb9:f587::/64	525
2001:db8:cba:2298::/64	340
2001:db8:cba:5edb::/64	879
2001:db8:cba:65b1::/64	612
2001:db8:cba:abb3::/64	593
2001:db8:cba:c28d::/64	99
2001:db8:cba:ffec::/64	142
2001:db8:cbb:eff::/64	921
2001:db8:cbb:be6a::/64	217
2001:db8:cbb:d90c::/64	434
2001:db8:cbc:ef7::/64	135
2001:db8:cbc:16e2::/64	518
2001:db8:cbd:45::/64	345
2001:db8:cbd:8347::/64	685
2001:db8:cbd:9b4d::/64	530
2001:db8:cbd:e385::/64	658
2001:db8:cbe:3794::/64	503
2001:db8:cbe:7c9b::/64	234
2001:db8:cbe:a6f0::/64	420
2001:db8:cbf:11ba::/64	686
2001:db8:cbf:8337::/64	973
2001:db8:cbf:f298::/64	247
2001:db8:cc0:5d4b::/64	643
2001:db8:cc0:a1bc::/64	486
2001:db8:cc0:c8e4::/64	718
2001:db8:cc1:8d15::/64	78
2001:db8:cc2:b48e::/64	350
2001:db8:cc2:b7b2::/64	528
2001:db8:cc2:e65e::/64	677
2001:db8:cc3:2a49::/64	477
2001:db8:cc3:36ee::/64	281
2001:db8:cc3:5de4::/64	753
2001:db8:cc3:6019::/64	766
2001:db8:cc3:7e15::/64	2
2001:db8:cc3:bb1f::/64	362
2001:db8:cc3:e02d::/64	349
2001:db8:cc4:1d43::/64	550
2001:db8:cc4:a06b::/64	335
2001:db8:cc4:a8b1::/64	555
2001:db8:cc5:29b6::/64	96
2001:db8:cc5:35bd::/64	575
2001:db8:cc5:511f::/64	721
2001:db8:cc5:8150::/64	448
2001:db8:cc5:a4c6::/64	630
2001:db8:cc6:26aa::/64	829
2001:db8:cc6:8edd::/64	790
2001:db8:cc6:df74::/64	937
2001:db8:cc6:eae2::/64	254
2001:db8:cc7:65a3::/64	926
2001:db8:cc7:d754::/64	9
2001:db8:cc9:be9::/64	767
2001:db8:cc9:70ef::/64	269
2001:db8:cc9:8a6d::/64	240
2001:db8:cca:282d::/64	661
2001:db8:ccb:31ef::/64	588
2001:db8:ccb:e558::/64	194
2001:db8:ccc:35e3::/64	580
2001:db8:ccc:5cc0::/64	323
2001:db8:ccc:6641::/64	524
2001:db8:ccd:22c::/64	36
2001:db8:ccd:3f8::/64	50
2001:db8:cce:5fb4::/64	377
2001:db8:cce:b730::/64	23
2001:db8:ccf:549d::/64	801
2001:db8:ccf:57da::/64	405
2001:db8:ccf:6262::/64	290
2001:db8:ccf:9175::/64	682
2001:db8:ccf:9f8c::/64	171
2001:db8:ccf:c5af::/64	547
2001:db8:ccf:fd07::/64	43
2001:db8:cd0:495d::/64	977
2001:db8:cd1:7a4f::/64	255
2001:db8:cd1:ae37::/64	113
2001:db8:cd2:1539::/64	354
2001:db8:cd2:65e3::/64	453
2001:db8:cd3:5277::/64	53
2001:db8:cd3:6300::/64	555
2001:db8:cd3:f7bf::/64	834
2001:db8:cd4:874::/64	451
2001:db8:cd4:b21e::/64	510
2001:db8:cd5:2b71::/64	464
2001:db8:cd5:4201::/64	214
2001:db8:cd5:4687::/64	131
2001:db8:cd5:5743::/64	942
2001:db8:cd6::/48	136
2001:db8:cd7:d546::/64	362
2001:db8:cd7:ecfe::/64	513
2001:db8:cd8:48af::/64	799
2001:db8:cd9:a275::/64	522
2001:db8:cd9:caf2::/64	370
2001:db8:cda:99c5::/64	204
2001:db8:cda:bbdf::/64	817
2001:db8:cdb:8156::/64	746
2001:db8:cdb:f79c::/64	753
2001:db8:cdc:a996::/64	535
2001:db8:cdc:bfd3::/64	641
2001:db8:cde:4137::/64	974
2001:db8:cdf:849b::/64	345
2001:db8:cdf:f081::/64	157
2001:db8:ce0:f38::/64	785
2001:db8:ce0:3c35::/64	696
2001:db8:ce0:92a1::/64	630
2001:db8:ce0:d42c::/64	27
2001:db8:ce1:208::/64	910
2001:db8:ce1:94b6::/64	75
2001:db8:ce2:3102::/64	129
2001:db8:ce2:5134::/64	830
2001:db8:ce2:6130::/64	307
2001:db8:ce3:6130::/64	11
2001:db8:ce4:4ba1::/64	90
2001:db8:ce5:5af::/64	555
2001:db8:ce5:223f::/64	896
2001:db8:ce5:2f0c::/64	640
2001:db8:ce5:82fb::/64	356
2001:db8:ce6:6e53::/64	246
2001:db8:ce8:1e49::/64	423
2001:db8:ce8:58de::/64	998
2001:db8:ce8:87a9::/64	166
2001:db8:ce8:98fa::/64	272
2001:db8:ce8:c41b::/64	44
2001:db8:ce9:5211::/64	465
2001:db8:ce9:9370::/64	173
2001:db8:ce9:f32e::/64	818
2001:db8:cea:731::/64	705
2001:db8:cea:17be::/64	86
2001:db8:cea:31b9::/64	965
2001:db8:cea:4aaf::/64	871
2001:db8:cea:ab96::/64	91
2001:db8:cea:d616::/64	344
2001:db8:ceb:7ff7::/64	158
2001:db8:cec:85c8::/64	566
2001:db8:cec:ebf7::/64	145
2001:db8:ced:1290::/64	469
2001:db8:ced:5279::/64	25
2001:db8:ced:5683::/64	61
2001:db8:ced:834d::/64	64
2001:db8:ced:d765::/64	827
2001:db8:ced:e8dc::/64	435
2001:db8:cee:b1d8::/64	660
2001:db8:cef:4faa::/64	657
2001:db8:cf1:6fd9::/64	800
2001:db8:cf1:82e4::/64	241
2001:db8:cf2:2b3d::/64	667
2001:db8:cf2:2eea::/64	867
2001:db8:cf2:a796::/64	244
2001:db8:cf3:c10::/64	512
2001:db8:cf3:6b04::/64	109
2001:db8:cf4:9e64::/64	388
2001:db8:cf4:a9b9::/64	408
2001:db8:cf4:df68::/64	371
2001:db8:cf5:1005::/64	666
2001:db8:cf5:9eff::/64	177
2001:db8:cf6:969::/64	464
2001:db8:cf6:3578::/64	569
2001:db8:cf6:5b69::/64	152
2001:db8:cf7:2855::/64	441
2001:db8:cf7:4336::/64	421
2001:db8:cf7:6150::/64	949
2001:db8:cf7:9311::/64	160
2001:db8:cf7:d7b2::/64	823
2001:db8:cf8:671b::/64	150
2001:db8:cf8:a411::/64	624
2001:db8:cf9:57df::/64	130
2001:db8:cf9:a982::/64	673
2001:db8:cf9:b764::/64	172
2001:db8:cfa:22da::/64	146
2001:db8:cfa:603a::/64	507
2001:db8:cfa:89cc::/64	45
2001:db8:cfa:8b46::/64	833
2001:db8:cfb:2e34::/64	226
2001:db8:cfb:ac06::/64	690
2001:db8:cfb:c0f8::/64	476
2001:db8:cfb:de72::/64	343
2001:db8:cfb:df91::/64	449
2001:db8:cfc:6b9a::/64	520
2001:db8:cfc:95f1::/64	230
2001:db8:cfc:bef2::/64	594
2001:db8:cfd:9b8b::/64	260
2001:db8:cfe:bf17::/64	657
2001:db8:cff:2e6a::/64	763
2001:db8:cff:be10::/64	129
2001:db8:d00:7f40::/64	945
2001:db8:d00:b67e::/64	121
2001:db8:d00:b867::/64	708
2001:db8:d01:743::/64	200
2001:db8:d02:19fb::/64	750
2001:db8:d02:690f::/64	484
2001:db8:d02:7020::/64	224
2001:db8:d02:be3f::/64	496
2001:db8:d04:647::/64	546
2001:db8:d04:9708::/64	471
2001:db8:d04:a0ed::/64	558
2001:db8:d05:240c::/64	404
2001:db8:d05:8041::/64	36
2001:db8:d05:c2fb::/64	846
2001:db8:d06:67c3::/64	709
2001:db8:d07:2071::/64	975
2001:db8:d07:31f3::/64	110
2001:db8:d07:9e8a::/64	901
2001:db8:d08:c11::/64	649
2001:db8:d09:a17f::/64	1000
2001:db8:d0a:2c92::/64	435
2001:db8:d0b:578d::/64	789
2001:db8:d0b:dcc4::/64	797
2001:db8:d0b:f3e0::/64	430
2001:db8:d0b:f426::/64	184
2001:db8:d0d:7216::/64	139
2001:db8:d0d:8f09::/64	351
2001:db8:d0d:ed2f::/64	12
2001:db8:d0d:fc3e::/64	995
2001:db8:d0e:a1ce::/64	406
2001:db8:d0e:f545::/64	790
2001:db8:d0f:366::/64	701
2001:db8:d10:37c5::/64	31
2001:db8:d10:f182::/64	633
2001:db8:d11:9b4f::/64	982
2001:db8:d12:8484::/64	351
2001:db8:d12:b811::/64	935
2001:db8:d14:121a::/64	509
2001:db8:d14:bc1f::/64	841
2001:db8:d14:d911::/64	126
2001:db8:d15:77ca::/64	665
2001:db8:d15:84cb::/64	183
2001:db8:d15:e1cf::/64	570
2001:db8:d15:e5c3::/64	651
2001:db8:d15:f30d::/64	90
2001:db8:d16:84c0::/64	424
2001:db8:d17:6d7d::/64	183
2001:db8:d17:7774::/64	46
2001:db8:d17:ec5e::/64	693
2001:db8:d18:7609::/64	717
2001:db8:d19:f41b::/64	310
2001:db8:d1a:2df7::/64	188
2001:db8:d1a:aef7::/64	262
2001:db8:d1a:c864::/64	982
2001:db8:d1a:ef7a::/64	39
2001:db8:d1b:2809::/64	844
2001:db8:d1b:9fd5::/64	90
2001:db8:d1b:f071::/64	203
2001:db8:d1c:90af::/64	371
2001:db8:d1c:9d5b::/64	634
2001:db8:d1d:953::/64	21
2001:db8:d1d:7505::/64	348
2001:db8:d1e:7a67::/64	303
2001:db8:d1e:7c05::/64	107
2001:db8:d1e:9e34::/64	292
2001:db8:d1e:e9d1::/64	763
2001:db8:d1f:e1f0::/64	284
2001:db8:d20:280f::/64	914
2001:db8:d21:16a1::/64	934
2001:db8:d21:6fa8::/64	610
2001:db8:d21:8f9d::/64	209
2001:db8:d21:d6a8::/64	419
2001:db8:d22:772c::/64	596
2001:db8:d23:533::/64	86
2001:db8:d23:250b::/64	208
2001:db8:d23:6f2e::/64	430
2001:db8:d23:76a9::/64	385
2001:db8:d23:a0c4::/64	119
2001:db8:d25:506f::/64	240
2001:db8:d25:762d::/64	133
2001:db8:d25:8b6c::/64	460
2001:db8:d25:af7e::/64	651
2001:db8:d25:b6ad::/64	863
2001:db8:d25:d549::/64	997
2001:db8:d26:4ec1::/64	250
2001:db8:d26:b26d::/64	51
2001:db8:d26:fc5a::/64	613
2001:db8:d27:3dce::/64	548
2001:db8:d27:72f8::/64	794
2001:db8:d27:7fdc::/64	577
2001:db8:d27:f107::/64	658
2001:db8:d28:2436::/64	696
2001:db8:d28:2e73::/64	75
2001:db8:d28:515b::/64	995
2001:db8:d28:f0bb::/64	508
2001:db8:d29:f6ad::/64	568
2001:db8:d2a:22ac::/64	334
2001:db8:d2a:696b::/64	248
2001:db8:d2a:98be::/64	93
2001:db8:d2b:2d67::/64	903
2001:db8:d2c:3652::/64	977
2001:db8:d2c:69e6::/64	295
2001:db8:d2c:a1ae::/64	266
2001:db8:d2c:bf0c::/64	710
2001:db8:d2d:88b::/64	275
2001:db8:d2d:81ff::/64	185
2001:db8:d2e:179d::/64	746
2001:db8:d2e:2ec6::/64	234
2001:db8:d2e:4044::/64	220
2001:db8:d2e:6b4c::/64	419
2001:db8:d2e:6cb2::/64	492
2001:db8:d2f:305::/64	491
2001:db8:d30:4873::/64	50
2001:db8:d30:6176::/64	164
2001:db8:d33:e712::/64	967
2001:db8:d34:8b1c::/64	464
2001:db8:d34:adf8::/64	495
2001:db8:d35:4086::/64	408
2001:db8:d36:3d3f::/64	832
2001:db8:d36:ea31::/64	892
2001:db8:d37:ae91::/64	779
2001:db8:d37:d74d::/64	4
2001:db8:d38:84df::/64	51
2001:db8:d39:fda::/64	991
2001:db8:d39:3bca::/64	479
2001:db8:d39:a64a::/64	279
2001:db8:d39:c489::/64	57
2001:db8:d39:d1a5::/64	251
2001:db8:d3a:c73d::/64	453
2001:db8:d3b:1021::/64	88
2001:db8:d3b:1b1c::/64	262
2001:db8:d3b:df97::/64	983
2001:db8:d3b:f9e9::/64	534
2001:db8:d3c:56b9::/64	791
2001:db8:d3d:1829::/64	394
2001:db8:d3d:6551::/64	614
2001:db8:d3d:898b::/64	413
2001:db8:d3e:2c1c::/64	434
2001:db8:d3e:b40c::/64	562
2001:db8:d3e:dd5d::/64	804
2001:db8:d3e:ecbd::/64	939
2001:db8:d3f:3d44::/64	261
2001:db8:d3f:9006::/64	62
2001:db8:d3f:9581::/64	883
2001:db8:d41:c2f5::/64	713
2001:db8:d42:bb21::/64	623
2001:db8:d43:5ae1::/64	475
2001:db8:d44:2df8::/64	205
2001:db8:d44:a1b7::/64	699
2001:db8:d44:d924::/64	240
2001:db8:d44:f7bb::/64	549
2001:db8:d46:79f9::/64	781
2001:db8:d46:980e::/64	551
2001:db8:d47:2f7::/64	978
2001:db8:d47:5fdc::/64	662
2001:db8:d47:9733::/64	792
2001:db8:d47:d9b3::/64	219
2001:db8:d48:764f::/64	507
2001:db8:d48:ac80::/64	739
2001:db8:d48:fd4a::/64	343
2001:db8:d49:7b9::/64	169
2001:db8:d49:5e47::/64	599
2001:db8:d49:6f3d::/64	188
2001:db8:d49:8b93::/64	153
2001:db8:d4b:72a1::/64	42
2001:db8:d4b:e8d3::/64	224
2001:db8:d4c:d564::/64	821
2001:db8:d4d:b5e7::/64	663
2001:db8:d4e:1fc::/64	863
2001:db8:d4f:9490::/64	97
2001:db8:d50:4c97::/64	193
2001:db8:d51:28a::/64	184
2001:db8:d51:9635::/64	398
2001:db8:d52:4ffe::/64	986
2001:db8:d52:5274::/64	908
2001:db8:d52:fb94::/64	98
2001:db8:d53:465e::/64	987
2001:db8:d53:84b7::/64	945
2001:db8:d53:ed48::/64	481
2001:db8:d54:3f8::/64	490
2001:db8:d54:99e0::/64	912
2001:db8:d54:c51d::/64	469
2001:db8:d54:dad0::/64	381
2001:db8:d54:e4e8::/64	227
2001:db8:d55:d34::/64	599
2001:db8:d55:260a::/64	686
2001:db8:d55:2a39::/64	584
2001:db8:d55:2ce9::/64	424
2001:db8:d55:cbe8::/64	467
2001:db8:d56:5ace::/64	380
2001:db8:d56:9c97::/64	463
2001:db8:d56:d9f8::/64	537
2001:db8:d56:f5bb::/64	881
2001:db8:d57:60df::/64	219
2001:db8:d57:7221::/64	999
2001:db8:d58:95f8::/64	285
2001:db8:d59:69c6::/64	854
2001:db8:d59:c305::/64	632
2001:db8:d5a:c8d9::/64	792
2001:db8:d5a:ead4::/64	586
2001:db8:d5b:2d0a::/64	787
2001:db8:d5b:5b42::/64	55
2001:db8:d5b:ced8::/64	714
2001:db8:d5c:f29::/64	545
2001:db8:d5c:4371::/64	456
2001:db8:d5c:7e59::/64	591
2001:db8:d5c:8ce7::/64	832
2001:db8:d5c:de1b::/64	873
2001:db8:d5e:7f97::/64	75
2001:db8:d5f:7efd::/64	56
2001:db8:d5f:8fbf::/64	595
2001:db8:d60:1688::/64	7
2001:db8:d60:1c67::/64	62
2001:db8:d60:1d4a::/64	971
2001:db8:d60:25be::/64	681
2001:db8:d60:583c::/64	558
2001:db8:d61:5e6a::/64	946
2001:db8:d61:f9bc::/64	193
2001:db8:d62:5431::/64	715
2001:db8:d62:7248::/64	775
2001:db8:d65:17cc::/64	641
2001:db8:d65:44ca::/64	417
2001:db8:d65:45ea::/64	473
2001:db8:d66:9e::/64	142
2001:db8:d66:674c::/64	998
2001:db8:d66:e323::/64	286
2001:db8:d67:b719::/64	168
2001:db8:d67:c197::/64	738
2001:db8:d68:d073::/64	156
2001:db8:d69:6340::/64	849
2001:db8:d69:6a16::/64	441
2001:db8:d69:fb67::/64	534
2001:db8:d6a:443::/64	340
2001:db8:d6a:b8a::/64	686
2001:db8:d6b:1b08::/64	328
2001:db8:d6b:50b0::/64	423
2001:db8:d6c:2c00::/64	774
2001:db8:d6c:6f6b::/64	544
2001:db8:d6c:ecd7::/64	41
2001:db8:d6d:5b80::/64	190
2001:db8:d6d:c1dd::/64	400
2001:db8:d6d:da00::/64	978
2001:db8:d6d:da9c::/64	239
2001:db8:d6e:518d::/64	152
2001:db8:d6e:8fb3::/64	75
2001:db8:d6f:40a2::/64	640
2001:db8:d6f:a567::/64	915
2001:db8:d6f:a6aa::/64	640
2001:db8:d6f:fdd0::/64	752
2001:db8:d70:7c3::/64	240
2001:db8:d70:31ba::/64	742
2001:db8:d70:a465::/64	253
2001:db8:d71:232c::/64	938
2001:db8:d71:429d::/64	995
2001:db8:d71:df6d::/64	243
2001:db8:d71:ea28::/64	313
2001:db8:d72:286b::/64	431
2001:db8:d72:42bf::/64	841
2001:db8:d72:5c9f::/64	390
2001:db8:d73:4f7d::/64	655
2001:db8:d73:faa9::/64	748
2001:db8:d75:129::/64	724
2001:db8:d75:2058::/64	540
2001:db8:d75:2b81::/64	323
2001:db8:d76:6d6::/64	355
2001:db8:d76:c141::/64	138
2001:db8:d76:ff44::/64	989
2001:db8:d77:ee92::/64	811
2001:db8:d78:7d78::/64	896
2001:db8:d7a:c02c::/64	596
2001:db8:d7a:da70::/64	198
2001:db8:d7a:f496::/64	82
2001:db8:d7b:35c4::/64	914
2001:db8:d7b:443e::/64	554
2001:db8:d7b:74a1::/64	402
2001:db8:d7b:9768::/64	485
2001:db8:d7b:97b1::/64	378
2001:db8:d7b:e1a3::/64	929
2001:db8:d7c:acbc::/64	852
2001:db8:d7c:ca1d::/64	373
2001:db8:d7d:74c8::/64	176
2001:db8:d7d:77c4::/64	261
2001:db8:d7d:b3c0::/64	676
2001:db8:d7e:71c0::/64	129
2001:db8:d7e:ae12::/64	692
2001:db8:d7f:f68::/64	73
2001:db8:d7f:7b82::/64	546
2001:db8:d7f:dd79::/64	537
2001:db8:d80:56b5::/64	641
2001:db8:d80:771c::/64	778
2001:db8:d80:bd08::/64	548
2001:db8:d80:d80b::/64	355
2001:db8:d80:f1ea::/64	135
2001:db8:d80:f39b::/64	246
2001:db8:d80:f97c::/64	35
2001:db8:d81:5002::/64	903
2001:db8:d81:56c9::/64	418
2001:db8:d82:80a8::/64	83
2001:db8:d83:85d2::/64	706
2001:db8:d84:2efb::/64	522
2001:db8:d84:45f3::/64	644
2001:db8:d84:78fb::/64	995
2001:db8:d85:ab1::/64	4
2001:db8:d85:1df3::/64	612
2001:db8:d85:5d6c::/64	562
2001:db8:d85:6644::/64	481
2001:db8:d86:bdc2::/64	99
2001:db8:d87:d7c8::/64	292
2001:db8:d87:fba0::/64	375
2001:db8:d88:70ca::/64	939
2001:db8:d88:a18d::/64	640
2001:db8:d88:a257::/64	441
2001:db8:d89:7caf::/64	670
2001:db8:d8a:e65::/64	283
2001:db8:d8b:2a10::/64	953
2001:db8:d8b:36bf::/64	327
2001:db8:d8b:37e7::/64	924
2001:db8:d8b:6821::/64	289
2001:db8:d8b:bbb8::/64	65
2001:db8:d8c:fdb::/64	634
2001:db8:d8d:cff7::/64	483
2001:db8:d8d:dd37::/64	269
2001:db8:d8e:87f2::/64	43
2001:db8:d8e:882c::/64	978
2001:db8:d8f:8814::/64	78
2001:db8:d8f:b0dc::/64	75
2001:db8:d90:54ff::/64	96
2001:db8:d90:711c::/64	608
2001:db8:d90:ddb3::/64	468
2001:db8:d91:71df::/64	553
2001:db8:d91:c955::/64	114
2001:db8:d92:84e9::/64	321
2001:db8:d92:f28b::/64	642
2001:db8:d93:123a::/64	76
2001:db8:d93:39b2::/64	14
2001:db8:d93:5efb::/64	289
2001:db8:d93:79cb::/64	85
2001:db8:d94:6453::/64	405
2001:db8:d94:b942::/64	375
2001:db8:d94:cc69::/64	214
2001:db8:d94:e579::/64	158
2001:db8:d95:1140::/64	895
2001:db8:d95:3428::/64	326
2001:db8:d95:81a3::/64	376
2001:db8:d96:17bd::/64	815
2001:db8:d96:3f0c::/64	531
2001:db8:d96:c670::/64	258
2001:db8:d97:70a2::/64	637
2001:db8:d97:deb7::/64	550
2001:db8:d97:f68e::/64	627
2001:db8:d98:8f29::/64	815
2001:db8:d98:9fb4::/64	163
2001:db8:d98:afe4::/64	699
2001:db8:d99:724e::/64	475
2001:db8:d9a:172f::/64	212
2001:db8:d9a:2ae0::/64	8
2001:db8:d9b:fe18::/64	695
2001:db8:d9c:2379::/64	848
2001:db8:d9c:dcc8::/64	658
2001:db8:d9d:3621::/64	751
2001:db8:d9d:4e41::/64	331
2001:db8:d9e:5899::/64	834
2001:db8:d9e:7265::/64	508
2001:db8:d9e:999d::/64	55
2001:db8:d9f:9ad::/64	832
2001:db8:d9f:6721::/64	416
2001:db8:da0:2767::/64	469
2001:db8:da0:623c::/64	304
2001:db8:da0:6498::/64	364
2001:db8:da1:d31::/64	809
2001:db8:da1:6103::/64	582
2001:db8:da1:a317::/64	969
2001:db8:da2:6352::/64	956
2001:db8:da2:aac1::/64	373
2001:db8:da3:103::/64	352
2001:db8:da3:570::/64	968
2001:db8:da3:5a57::/64	964
2001:db8:da4:c980::/64	938
2001:db8:da5:acdb::/64	63
2001:db8:da6:f55::/64	689
2001:db8:da6:318e::/64	602
2001:db8:da6:5c96::/64	470
2001:db8:da6:5d00::/64	715
2001:db8:da6:adcb::/64	807
2001:db8:da6:e17d::/64	808
2001:db8:da7:43ab::/64	116
2001:db8:da8:8807::/64	26
2001:db8:da9:109a::/64	699
2001:db8:da9:122b::/64	109
2001:db8:da9:12cf::/64	517
2001:db8:da9:28f9::/64	31
2001:db8:da9:9eed::/64	937
2001:db8:da9:c74c::/64	830
2001:db8:da9:d2bb::/64	251
2001:db8:daa:28df::/64	741
2001:db8:daa:dc2b::/64	164
2001:db8:dab:35cd::/64	42
2001:db8:dac:ee1::/64	331
2001:db8:dac:2737::/64	669
2001:db8:dac:4203::/64	758
2001:db8:dac:94f4::/64	388
2001:db8:dac:e9b8::/64	144
2001:db8:dad:282f::/64	23
2001:db8:dad:6444::/64	783
2001:db8:dad:7a05::/64	692
2001:db8:dad:de17::/64	314
2001:db8:dae:3617::/64	965
2001:db8:dae:3d07::/64	841
2001:db8:dae:9301::/64	612
2001:db8:dae:a464::/64	917
2001:db8:daf:9a5d::/64	4
2001:db8:daf:a283::/64	396
2001:db8:daf:adb7::/64	74
2001:db8:daf:b27b::/64	692
2001:db8:daf:bc14::/64	239
2001:db8:daf:c45d::/64	27
2001:db8:db0:3322::/64	801
2001:db8:db0:5cbe::/64	306
2001:db8:db0:8bb1::/64	282
2001:db8:db0:dde4::/64	212
2001:db8:db1:7e28::/64	650
2001:db8:db1:d8ab::/64	312
2001:db8:db2:be0a::/64	376
2001:db8:db2:dba3::/64	716
2001:db8:db3:25d4::/64	742
2001:db8:db3:9424::/64	325
2001:db8:db4:b1de::/64	833
2001:db8:db5:11b6::/64	361
2001:db8:db5:7ad4::/64	22
2001:db8:db6:923::/64	286
2001:db8:db6:62e5::/64	372
2001:db8:db6:ddde::/64	758
2001:db8:db7:3666::/64	21
2001:db8:db7:7475::/64	726
2001:db8:db7:ec5d::/64	653
2001:db8:db8:22b5::/64	475
2001:db8:db8:43da::/64	29
2001:db8:db8:5598::/64	836
2001:db8:db8:67d2::/64	703
2001:db8:db9:29ad::/64	202
2001:db8:db9:3f3f::/64	766
2001:db8:db9:7772::/64	333
2001:db8:db9:ab60::/64	288
2001:db8:db9:feda::/64	142
2001:db8:dba:476::/64	20
2001:db8:dba:6c0c::/64	89
2001:db8:dbc:11da::/64	865
2001:db8:dbc:4547::/64	927
2001:db8:dbc:8eb0::/64	778
2001:db8:dbc:d70d::/64	23
2001:db8:dbc:fe26::/64	229
2001:db8:dbd:4640::/64	270
2001:db8:dbd:9430::/64	488
2001:db8:dbd:b274::/64	457
2001:db8:dbd:e52f::/64	311
2001:db8:dbe:5ef4::/64	76
2001:db8:dbf:21e::/64	86
2001:db8:dbf:4a51::/64	652
2001:db8:dbf:4e82::/64	394
2001:db8:dbf:588d::/64	186
2001:db8:dbf:bce9::/64	888
2001:db8:dbf:c916::/64	455
2001:db8:dc0:216a::/64	148
2001:db8:dc0:b08f::/64	546
2001:db8:dc0:c320::/64	105
2001:db8:dc1:26ef::/64	546
2001:db8:dc1:4c9f::/64	485
2001:db8:dc1:8ea9::/64	337
2001:db8:dc1:a68f::/64	130
2001:db8:dc3:2ecd::/64	673
2001:db8:dc3:456c::/64	425
2001:db8:dc3:50b4::/64	732
2001:db8:dc3:d685::/64	329
2001:db8:dc4:ca8::/64	72
2001:db8:dc4:3ce9::/64	836
2001:db8:dc4:5934::/64	974
2001:db8:dc4:61fb::/64	110
2001:db8:dc4:6283::/64	653
2001:db8:dc4:d34e::/64	261
2001:db8:dc4:e46e::/64	623
2001:db8:dc5:2d1a::/64	922
2001:db8:dc6:4cce::/64	754
2001:db8:dc7:2b::/64	119
2001:db8:dc7:b194::/64	301
2001:db8:dc7:e90f::/64	534
2001:db8:dc8:1f83::/64	296
2001:db8:dc8:a4aa::/64	790
2001:db8:dc8:b337::/64	441
2001:db8:dca:c159::/64	611
2001:db8:dca:e851::/64	34
2001:db8:dcb:ad::/64	797
2001:db8:dcb:3ea8::/64	432
2001:db8:dcb:4b4c::/64	271
2001:db8:dcb:c7a5::/64	460
2001:db8:dcc:5edc::/64	462
2001:db8:dcd:d7dc::/64	457
2001:db8:dce:728d::/64	967
2001:db8:dce:d2a4::/64	570
2001:db8:dcf:1a98::/64	114
2001:db8:dcf:6c08::/64	643
2001:db8:dcf:f39e::/64	78
2001:db8:dd0:25c::/64	872
2001:db8:dd0:2fde::/64	960
2001:db8:dd0:f4e7::/64	698
2001:db8:dd1:2b0a::/64	382
2001:db8:dd1:6004::/64	206
2001:db8:dd2:351::/64	342
2001:db8:dd3:2f84::/64	120
2001:db8:dd3:86ec::/64	529
2001:db8:dd3:9a07::/64	723
2001:db8:dd3:caf2::/64	457
2001:db8:dd4:12c1::/64	543
2001:db8:dd4:1d69::/64	661
2001:db8:dd4:bfc2::/64	612
2001:db8:dd4:cccb::/64	744
2001:db8:dd5:7c80::/64	202
2001:db8:dd5:8b19::/64	729
2001:db8:dd5:fe44::/64	140
2001:db8:dd6:c97::/64	241
2001:db8:dd6:53bd::/64	205
2001:db8:dd7:7b7d::/64	10
2001:db8:dd8:26c8::/64	581
2001:db8:dd8:c999::/64	472
2001:db8:dd8:ca80::/64	800
2001:db8:dd9:3b3e::/64	774
2001:db8:dda:e074::/64	52
2001:db8:dda:fced::/64	491
2001:db8:ddb:3789::/64	54
2001:db8:ddb:5d41::/64	993
2001:db8:ddb:9030::/64	52
2001:db8:ddb:97c0::/64	402
2001:db8:ddc:2c1::/64	482
2001:db8:ddc:3b64::/64	224
2001:db8:ddc:3e96::/64	854
2001:db8:ddc:6099::/64	953
2001:db8:ddc:946e::/64	48
2001:db8:ddd:b2::/64	334
2001:db8:ddd:5162::/64	616
2001:db8:ddd:ca1d::/64	939
2001:db8:ddd:f7d2::/64	256
2001:db8:ddd:f93e::/64	439
2001:db8:dde:1488::/64	612
2001:db8:dde:4b5a::/64	215
2001:db8:dde:9a51::/64	260
2001:db8:dde:f0b0::/64	924
2001:db8:ddf:558::/64	616
2001:db8:ddf:95d::/64	488
2001:db8:ddf:3e4a::/64	231
2001:db8:ddf:51f5::/64	249
2001:db8:de0:419e::/64	764
2001:db8:de0:c6b1::/64	514
2001:db8:de1:2eca::/64	611
2001:db8:de1:72d1::/64	140
2001:db8:de1:88d6::/64	702
2001:db8:de2:a60c::/64	209
2001:db8:de3:1404::/64	721
2001:db8:de3:9922::/64	498
2001:db8:de3:ae30::/64	177
2001:db8:de4:a665::/64	715
2001:db8:de5:ddee::/64	279
2001:db8:de6:5a87::/64	582
2001:db8:de7:2306::/64	973
2001:db8:de7:795f::/64	395
2001:db8:de7:bce5::/64	305
2001:db8:de7:f964::/64	264
2001:db8:de8:4bf9::/64	344
2001:db8:de8:5e8e::/64	684
2001:db8:de8:88a3::/64	817
2001:db8:de8:c1d5::/64	597
2001:db8:de9:8a5e::/64	860
2001:db8:de9:a2ec::/64	445
2001:db8:de9:d317::/64	272
2001:db8:de9:dc2b::/64	386
2001:db8:de9:e63c::/64	334
2001:db8:de9:f5b1::/64	360
2001:db8:dea:1953::/64	564
2001:db8:dea:47c7::/64	650
2001:db8:deb:f7cc::/64	655
2001:db8:dec:60df::/64	575
2001:db8:ded:240a::/64	8
2001:db8:ded:991c::/64	10
2001:db8:ded:bdf4::/64	289
2001:db8:dee:a14e::/64	731
2001:db8:dee:cab9::/64	994
2001:db8:def:15b7::/64	758
2001:db8:df0:2ae1::/64	807
2001:db8:df0:337b::/64	164
2001:db8:df0:f777::/64	913
2001:db8:df1:12d8::/64	842
2001:db8:df2:f8b::/64	169
2001:db8:df2:6543::/64	309
2001:db8:df3:3f0a::/64	663
2001:db8:df3:ae92::/64	675
2001:db8:df3:beb2::/64	155
2001:db8:df4:a3f7::/64	397
2001:db8:df5:44c3::/64	990
2001:db8:df5:635c::/64	883
2001:db8:df5:c929::/64	276
2001:db8:df6:1def::/64	921
2001:db8:df6:21d6::/64	626
2001:db8:df6:3829::/64	617
2001:db8:df6:3ef8::/64	461
2001:db8:df7:278a::/64	664
2001:db8:df7:972e::/64	174
2001:db8:df7:db77::/64	504
2001:db8:df7:f0ff::/64	394
2001:db8:df8:1efa::/64	683
2001:db8:df8:383d::/64	746
2001:db8:df8:3b44::/64	708
2001:db8:df8:c0e7::/64	1000
2001:db8:df9:8f30::/64	278
2001:db8:df9:b8dc::/64	758
2001:db8:df9:c1b5::/64	89
2001:db8:dfa:2c85::/64	900
2001:db8:dfa:cf00::/64	159
2001:db8:dfb:1b32::/64	734
2001:db8:dfb:1c8c::/64	763
2001:db8:dfb:a982::/64	662
2001:db8:dfb:c6be::/64	854
2001:db8:dfb:d0b6::/64	473
2001:db8:dfb:fe26::/64	788
2001:db8:dfc:b4cf::/64	528
2001:db8:dfd:498f::/64	921
2001:db8:dfe:a929::/64	283
2001:db8:dfe:d456::/64	381
2001:db8:dff:6c7f::/64	309
2001:db8:dff:ad2e::/64	636
2001:db8:dff:fcac::/64	306
2001:db8:e00:5281::/64	695
2001:db8:e00:668a::/64	529
2001:db8:e00:e104::/64	67
2001:db8:e01:75b8::/64	684
2001:db8:e01:8d38::/64	675
2001:db8:e02:53fb::/64	713
2001:db8:e03:56f0::/64	763
2001:db8:e03:ad22::/64	135
2001:db8:e03:d844::/64	89
2001:db8:e04:5a8a::/64	379
2001:db8:e05:c52f::/64	723
2001:db8:e06:aad0::/64	175
2001:db8:e06:bba5::/64	192
2001:db8:e07:4496::/64	602
2001:db8:e07:8e72::/64	858
2001:db8:e08:5d18::/64	432
2001:db8:e08:e807::/64	783
2001:db8:e09:163b::/64	115
2001:db8:e09:1ced::/64	86
2001:db8:e09:29bd::/64	593
2001:db8:e09:6d78::/64	307
2001:db8:e0a:19b::/64	811
2001:db8:e0a:2fd7::/64	540
2001:db8:e0a:943b::/64	396
2001:db8:e0a:f57a::/64	188
2001:db8:e0c:9968::/64	882
2001:db8:e0d:b8c5::/64	476
2001:db8:e0d:d0d3::/64	221
2001:db8:e0d:f45c::/64	1
2001:db8:e0f:9380::/64	370
2001:db8:e0f:fcfb::/64	48
2001:db8:e10:4::/64	803
2001:db8:e10:83e::/64	348
2001:db8:e10:2773::/64	338
2001:db8:e10:7550::/64	256
2001:db8:e10:89ea::/64	851
2001:db8:e10:a64c::/64	493
2001:db8:e10:a7c4::/64	916
2001:db8:e10:fd59::/64	15
2001:db8:e11:8580::/64	503
2001:db8:e12:47e0::/64	681
2001:db8:e12:85b9::/64	803
2001:db8:e14:d274::/64	743
2001:db8:e15:1af5::/64	884
2001:db8:e15:401f::/64	557
2001:db8:e15:bc0a::/64	270
2001:db8:e16:1c8d::/64	764
2001:db8:e16:7616::/64	364
2001:db8:e16:f2b7::/64	27
2001:db8:e17:651f::/64	210
2001:db8:e17:e515::/64	98
2001:db8:e19:176b::/64	937
2001:db8:e19:2fee::/64	148
2001:db8:e19:73a7::/64	630
2001:db8:e19:f669::/64	600
2001:db8:e1a:2a80::/64	448
2001:db8:e1a:61b3::/64	592
2001:db8:e1a:b13d::/64	680
2001:db8:e1b:3ed0::/64	587
2001:db8:e1b:7e73::/64	320
2001:db8:e1b:82cf::/64	730
2001:db8:e1c:7d87::/64	676
2001:db8:e1c:81d2::/64	268
2001:db8:e1c:f172::/64	464
2001:db8:e1d:9351::/64	272
2001:db8:e1e:7794::/64	846
2001:db8:e1e:86c8::/64	65
2001:db8:e1e:bc08::/64	223
2001:db8:e1e:bf3a::/64	229
2001:db8:e1e:e668::/64	284
2001:db8:e20:f2e::/64	737
2001:db8:e20:3029::/64	186
2001:db8:e20:4b2f::/64	429
2001:db8:e20:79de::/64	89
2001:db8:e20:97b4::/64	6
2001:db8:e20:a31a::/64	442
2001:db8:e20:d1e3::/64	458
2001:db8:e21:6c0d::/64	277
2001:db8:e21:aff7::/64	28
2001:db8:e21:b1cd::/64	14
2001:db8:e21:b99f::/64	730
2001:db8:e21:c229::/64	715
2001:db8:e23:742a::/64	590
2001:db8:e23:e897::/64	677
2001:db8:e24:645f::/64	475
2001:db8:e24:c628::/64	986
2001:db8:e25:766b::/64	464
2001:db8:e25:fe38::/64	103
2001:db8:e26:86eb::/64	840
2001:db8:e26:f212::/64	237
2001:db8:e27:10ca::/64	666
2001:db8:e27:18e2::/64	830
2001:db8:e27:9685::/64	659
2001:db8:e28:2b97::/64	272
2001:db8:e28:c732::/64	990
2001:db8:e28:cbd4::/64	946
2001:db8:e28:e6bc::/64	260
2001:db8:e29:d11::/64	192
2001:db8:e29:40a4::/64	866
2001:db8:e29:b63f::/64	412
2001:db8:e2a:1a09::/64	815
2001:db8:e2a:7842::/64	896
2001:db8:e2b:f7b6::/64	522
2001:db8:e2c:9d56::/64	263
2001:db8:e2c:a4d6::/64	991
2001:db8:e2d:e366::/64	762
2001:db8:e2d:e83e::/64	884
2001:db8:e2e:ca1::/64	125
2001:db8:e2e:f18::/64	916
2001:db8:e2e:2369::/64	918
2001:db8:e2e:4060::/64	940
2001:db8:e2e:50e3::/64	659
2001:db8:e2e:541a::/64	433
2001:db8:e2e:7cbb::/64	587
2001:db8:e2f:2a34::/64	957
2001:db8:e2f:53f6::/64	712
2001:db8:e30:11a2::/64	297
2001:db8:e30:583b::/64	333
2001:db8:e30:676c::/64	986
2001:db8:e30:7af4::/64	891
2001:db8:e30:8745::/64	642
2001:db8:e30:ca1a::/64	17
2001:db8:e30:fa92::/64	584
2001:db8:e31:145b::/64	916
2001:db8:e31:a055::/64	132
2001:db8:e31:d5b1::/64	223
2001:db8:e33:bdf8::/64	561
2001:db8:e33:d961::/64	117
2001:db8:e35:29a5::/64	784
2001:db8:e35:68f3::/64	489
2001:db8:e35:7f7a::/64	461
2001:db8:e35:b8c0::/64	750
2001:db8:e35:c8c7::/64	535
2001:db8:e36:3121::/64	334
2001:db8:e36:4b9a::/64	367
2001:db8:e36:c831::/64	802
2001:db8:e36:dbb8::/64	151
2001:db8:e37:118c::/64	593
2001:db8:e37:4c7e::/64	112
2001:db8:e37:64d3::/64	845
2001:db8:e37:a87c::/64	84
2001:db8:e38:4b47::/64	269
2001:db8:e38:7351::/64	720
2001:db8:e38:b1e8::/64	841
2001:db8:e38:e202::/64	107
2001:db8:e38:fbbc::/64	982
2001:db8:e39:2bf4::/64	380
2001:db8:e3a:107e::/64	897
2001:db8:e3a:9a92::/64	304
2001:db8:e3a:f42b::/64	718
2001:db8:e3a:fd87::/64	230
2001:db8:e3b:95::/64	34
2001:db8:e3b:9e7::/64	44
2001:db8:e3b:97ee::/64	472
2001:db8:e3b:f3ec::/64	628
2001:db8:e3c:e8bc::/64	608
2001:db8:e3d:3db7::/64	407
2001:db8:e3d:6be4::/64	503
2001:db8:e3d:b3bf::/64	673
2001:db8:e3d:c347::/64	220
2001:db8:e3d:ef5d::/64	403
2001:db8:e3d:f9ed::/64	434
2001:db8:e3e:af17::/64	618
2001:db8:e3e:cb49::/64	313
2001:db8:e3e:cd44::/64	152
2001:db8:e3f:4a11::/64	725
2001:db8:e3f:7aeb::/64	532
2001:db8:e3f:b806::/64	693
2001:db8:e3f:e4bd::/64	931
2001:db8:e40:3959::/64	57
2001:db8:e40:f585::/64	58
2001:db8:e41:8846::/64	872
2001:db8:e42:4ca3::/64	15
2001:db8:e42:ae76::/64	248
2001:db8:e42:de5b::/64	373
2001:db8:e43:2d02::/64	442
2001:db8:e43:3a93::/64	426
2001:db8:e43:461a::/64	553
2001:db8:e43:8190::/64	668
2001:db8:e43:8da0::/64	491
2001:db8:e43:e579::/64	914
2001:db8:e44:4d3d::/64	351
2001:db8:e44:4f08::/64	802
2001:db8:e44:4fc8::/64	441
2001:db8:e44:b9d1::/64	65
2001:db8:e45:71c6::/64	912
2001:db8:e45:8ec0::/64	229
2001:db8:e45:ae82::/64	128
2001:db8:e46:1a95::/64	211
2001:db8:e46:89e9::/64	364
2001:db8:e46:d16c::/64	241
2001:db8:e47::/48	224
2001:db8:e48:e7c::/64	756
2001:db8:e48:cfbf::/64	997
2001:db8:e48:edc3::/64	844
2001:db8:e48:ee31::/64	539
2001:db8:e49:5349::/64	692
2001:db8:e4b:9329::/64	729
2001:db8:e4b:ef3e::/64	144
2001:db8:e4c:9147::/64	332
2001:db8:e4d:215b::/64	812
2001:db8:e4d:29b6::/64	649
2001:db8:e4d:459e::/64	718
2001:db8:e4f:375d::/64	460
2001:db8:e4f:88bf::/64	126
2001:db8:e50:6625::/64	494
2001:db8:e51:10ab::/64	785
2001:db8:e51:7157::/64	933
2001:db8:e53:bcc7::/64	403
2001:db8:e53:ca38::/64	663
2001:db8:e53:fcf0::/64	995
2001:db8:e54:8093::/64	563
2001:db8:e55:762::/64	947
2001:db8:e56:2f98::/64	351
2001:db8:e56:804e::/64	942
2001:db8:e56:eff8::/64	459
2001:db8:e57:1e93::/64	764
2001:db8:e57:39c1::/64	775
2001:db8:e57:8dc5::/64	508
2001:db8:e57:9297::/64	860
2001:db8:e57:c28a::/64	707
2001:db8:e57:d5e0::/64	150
2001:db8:e58:5067::/64	711
2001:db8:e58:5324::/64	656
2001:db8:e58:9985::/64	703
2001:db8:e58:bb23::/64	196
2001:db8:e58:cf96::/64	276
2001:db8:e59:9909::/64	29
2001:db8:e5a:3269::/64	622
2001:db8:e5a:d765::/64	123
2001:db8:e5a:f372::/64	16
2001:db8:e5b:756::/64	533
2001:db8:e5b:37b2::/64	450
2001:db8:e5c:36bb::/64	526
2001:db8:e5c:5509::/64	531
2001:db8:e5c:5650::/64	512
2001:db8:e5c:752f::/64	813
2001:db8:e5c:885b::/64	644
2001:db8:e5c:c0fb::/64	927
2001:db8:e5d:6837::/64	303
2001:db8:e5d:82d0::/64	797
2001:db8:e5d:9b4f::/64	613
2001:db8:e5e:1ab1::/64	112
2001:db8:e5e:219d::/64	173
2001:db8:e5e:2cfb::/64	127
2001:db8:e5e:eb17::/64	724
2001:db8:e5f:4299::/64	623
2001:db8:e5f:8116::/64	693
2001:db8:e5f:afee::/64	154
2001:db8:e5f:d2d4::/64	250
2001:db8:e60:f780::/64	212
2001:db8:e61:da23::/64	739
2001:db8:e62:7521::/64	991
2001:db8:e62:b20d::/64	338
2001:db8:e62:d62e::/64	177
2001:db8:e63:4e05::/64	855
2001:db8:e63:b94c::/64	174
2001:db8:e64:42af::/64	22
2001:db8:e64:587e::/64	207
2001:db8:e64:9da7::/64	465
2001:db8:e65:1a0e::/64	234
2001:db8:e65:a1c6::/64	238
2001:db8:e65:faab::/64	236
2001:db8:e66:888::/64	954
2001:db8:e66:1276::/64	73
2001:db8:e67:dd7c::/64	215
2001:db8:e67:f2d0::/64	564
2001:db8:e68:4b29::/64	27
2001:db8:e68:aa42::/64	293
2001:db8:e68:c305::/64	367
2001:db8:e69:4ff5::/64	665
2001:db8:e69:a604::/64	334
2001:db8:e69:f98a::/64	117
2001:db8:e6a:ecc::/64	599
2001:db8:e6a:524e::/64	70
2001:db8:e6a:7977::/64	155
2001:db8:e6a:9dd8::/64	225
2001:db8:e6b:4b63::/64	587
2001:db8:e6b:5912::/64	529
2001:db8:e6b:7324::/64	9
2001:db8:e6c:5321::/64	709
2001:db8:e6d:88a::/64	660
2001:db8:e6d:7fef::/64	443
2001:db8:e6d:cbd6::/64	835
2001:db8:e6f:2796::/64	922
2001:db8:e70:4cb6::/64	432
2001:db8:e70:954e::/64	410
2001:db8:e70:c865::/64	456
2001:db8:e70:df87::/64	226
2001:db8:e71:f681::/64	456
2001:db8:e73:224::/64	919
2001:db8:e73:4bfa::/64	331
2001:db8:e75::/48	423
2001:db8:e76:4939::/64	644
2001:db8:e76:9ae0::/64	589
2001:db8:e76:caf9::/64	647
2001:db8:e76:ccb8::/64	509
2001:db8:e77:867::/64	382
2001:db8:e77:97d0::/64	321
2001:db8:e77:9d29::/64	380
2001:db8:e77:ff96::/64	153
2001:db8:e78:673d::/64	268
2001:db8:e79:5a40::/64	782
2001:db8:e79:e6e3::/64	336
2001:db8:e7a:184b::/64	566
2001:db8:e7a:21f5::/64	276
2001:db8:e7a:691e::/64	335
2001:db8:e7b:379c::/64	845
2001:db8:e7b:97ce::/64	331
2001:db8:e7c:f32a::/64	280
2001:db8:e7d:869::/64	127
2001:db8:e7d:205d::/64	812
2001:db8:e7d:5b41::/64	651
2001:db8:e7d:8fcd::/64	591
2001:db8:e7e:a19::/64	550
2001:db8:e7e:a639::/64	340
2001:db8:e7f:f44f::/64	127
2001:db8:e7f:f6ce::/64	124
2001:db8:e80:164::/64	90
2001:db8:e80:349::/64	899
2001:db8:e81:24c8::/64	638
2001:db8:e81:3466::/64	227
2001:db8:e82:9415::/64	618
2001:db8:e82:eea2::/64	597
2001:db8:e83:cfc0::/64	889
2001:db8:e84:a5d4::/64	684
2001:db8:e85:6e69::/64	367
2001:db8:e85:77b9::/64	698
2001:db8:e85:962d::/64	507
2001:db8:e85:a40b::/64	427
2001:db8:e85:c9bd::/64	265
2001:db8:e85:ce32::/64	160
2001:db8:e86:4dd0::/64	812
2001:db8:e86:74e6::/64	192
2001:db8:e86:bbac::/64	431
2001:db8:e88:d008::/64	810
2001:db8:e89:bfcb::/64	984
2001:db8:e8a:bdd3::/64	272
2001:db8:e8b:123f::/64	438
2001:db8:e8b:37b5::/64	247
2001:db8:e8b:55bd::/64	472
2001:db8:e8b:932a::/64	439
2001:db8:e8b:9ec3::/64	872
2001:db8:e8b:c159::/64	215
2001:db8:e8c:4fd::/64	155
2001:db8:e8c:768::/64	59
2001:db8:e8c:c040::/64	893
2001:db8:e8d:1df7::/64	515
2001:db8:e8e:30cf::/64	316
2001:db8:e8e:4d8e::/64	228
2001:db8:e8e:56e7::/64	845
2001:db8:e8e:5e3d::/64	545
2001:db8:e8e:8c95::/64	762
2001:db8:e8e:a7aa::/64	841
2001:db8:e8e:e5d6::/64	310
2001:db8:e8f:3248::/64	654
2001:db8:e8f:3641::/64	839
2001:db8:e8f:381f::/64	492
2001:db8:e8f:3a6a::/64	380
2001:db8:e8f:7a85::/64	345
2001:db8:e90:d145::/64	748
2001:db8:e91:2357::/64	270
2001:db8:e93:62d0::/64	97
2001:db8:e95:8695::/64	668
2001:db8:e96:c8af::/64	462
2001:db8:e96:e49d::/64	369
2001:db8:e96:f0e0::/64	747
2001:db8:e97:21f5::/64	274
2001:db8:e97:23b5::/64	910
2001:db8:e98:8e2::/64	489
2001:db8:e98:6ce9::/64	919
2001:db8:e98:933b::/64	791
2001:db8:e98:93b7::/64	715
2001:db8:e98:f997::/64	730
2001:db8:e99:9892::/64	115
2001:db8:e99:9d0e::/64	578
2001:db8:e99:e887::/64	598
2001:db8:e9a:37a1::/64	206
2001:db8:e9b:83f::/64	813
2001:db8:e9b:8439::/64	639
2001:db8:e9c:7a67::/64	991
2001:db8:e9c:c004::/64	201
2001:db8:e9d:984::/64	608
2001:db8:e9d:dc0f::/64	345
2001:db8:e9e:1ab8::/64	329
2001:db8:e9e:51a7::/64	725
2001:db8:e9e:d05f::/64	622
2001:db8:e9f:5838::/64	486
2001:db8:ea2:d94::/64	53
2001:db8:ea2:9c8d::/64	550
2001:db8:ea3:9e2e::/64	871
2001:db8:ea3:e085::/64	243
2001:db8:ea4:a7b9::/64	520
2001:db8:ea5:3f61::/64	484
2001:db8:ea5:956c::/64	936
2001:db8:ea5:9a4f::/64	880
2001:db8:ea5:a8e0::/64	207
2001:db8:ea6:24d8::/64	13
2001:db8:ea6:3bf4::/64	369
2001:db8:ea6:987d::/64	384
2001:db8:ea6:f276::/64	86
2001:db8:ea7:36c2::/64	847
2001:db8:ea7:40d8::/64	367
2001:db8:ea7:5ca1::/64	230
2001:db8:ea7:b7ce::/64	547
2001:db8:ea8:744f::/64	592
2001:db8:ea8:82ea::/64	969
2001:db8:ea8:a1dc::/64	535
2001:db8:ea9:b47::/64	914
2001:db8:eaa:3da3::/64	101
2001:db8:eaa:9abd::/64	73
2001:db8:eab:6ab7::/64	394
2001:db8:eab:c168::/64	795
2001:db8:eac:1d7c::/64	228
2001:db8:ead:5513::/64	819
2001:db8:eae:339c::/64	209
2001:db8:eae:dd68::/64	22
2001:db8:eaf:51df::/64	279
2001:db8:eaf:6905::/64	809
2001:db8:eb0:8ce8::/64	43
2001:db8:eb1:1859::/64	174
2001:db8:eb1:2a27::/64	695
2001:db8:eb1:5b8e::/64	829
2001:db8:eb1:dc89::/64	466
2001:db8:eb2:296a::/64	257
2001:db8:eb2:630d::/64	750
2001:db8:eb2:a5bd::/64	88
2001:db8:eb2:cd55::/64	212
2001:db8:eb3:3420::/64	703
2001:db8:eb3:d621::/64	326
2001:db8:eb5:e4a0::/64	597
2001:db8:eb5:ee66::/64	863
2001:db8:eb5:f694::/64	188
2001:db8:eb6:d0e::/64	32
2001:db8:eb6:2518::/64	92
2001:db8:eb6:6daa::/64	337
2001:db8:eb6:e3ac::/64	858
2001:db8:eb7:45e::/64	70
2001:db8:eb7:2a03::/64	752
2001:db8:eb7:6e63::/64	921
2001:db8:eb8:ae9b::/64	418
2001:db8:eb9:896b::/64	409
2001:db8:eb9:a405::/64	20
2001:db8:eb9:ac0d::/64	716
2001:db8:eb9:cc84::/64	655
2001:db8:eb9:d3b3::/64	540
2001:db8:eba:984a::/64	487
2001:db8:ebb:5211::/64	950
2001:db8:ebc:51be::/64	318
2001:db8:ebc:89a2::/64	940
2001:db8:ebd:ffa::/64	48
2001:db8:ebd:1214::/64	407
2001:db8:ebd:2b0f::/64	454
2001:db8:ebd:c7f5::/64	586
2001:db8:ebd:dbf7::/64	287
2001:db8:ebe:1938::/64	183
2001:db8:ebe:679f::/64	272
2001:db8:ec0:31e0::/64	488
2001:db8:ec0:8288::/64	177
2001:db8:ec0:9e51::/64	971
2001:db8:ec0:c906::/64	419
2001:db8:ec1:fec8::/64	994
2001:db8:ec2:cff2::/64	346
2001:db8:ec4:7854::/64	800
2001:db8:ec5:36c4::/64	373
2001:db8:ec5:5e5c::/64	631
2001:db8:ec5:a490::/64	893
2001:db8:ec6:1411::/64	193
2001:db8:ec6:164a::/64	199
2001:db8:ec6:af93::/64	455
2001:db8:ec6:bc13::/64	105
2001:db8:ec7:44a1::/64	718
2001:db8:ec7:5fdb::/64	31
2001:db8:ec7:637e::/64	579
2001:db8:ec7:c4ea::/64	607
2001:db8:ec7:ce90::/64	711
2001:db8:ec8:23f5::/64	668
2001:db8:ec9:a27a::/64	15
2001:db8:eca:536c::/64	91
2001:db8:eca:e1d1::/64	197
2001:db8:ecb:3833::/64	567
2001:db8:ecb:ee62::/64	784
2001:db8:ecb:f506::/64	228
2001:db8:ecc:500f::/64	958
2001:db8:ecc:ce95::/64	111
2001:db8:ecd:963f::/64	802
2001:db8:ecd:aa5a::/64	794
2001:db8:ece:ea43::/64	968
2001:db8:ed0:b0c3::/64	651
2001:db8:ed0:f59a::/64	543
2001:db8:ed1:f022::/64	849
2001:db8:ed2:faed::/64	873
2001:db8:ed3:5f40::/64	103
2001:db8:ed3:d72d::/64	999
2001:db8:ed4:1e5::/64	2
2001:db8:ed4:e0ea::/64	260
2001:db8:ed5:b28b::/64	540
2001:db8:ed5:d154::/64	443
2001:db8:ed5:d61a::/64	561
2001:db8:ed6:6a9a::/64	392
2001:db8:ed6:e06f::/64	619
2001:db8:ed7:9729::/64	863
2001:db8:ed8:de7::/64	754
2001:db8:ed8:9442::/64	294
2001:db8:ed8:b522::/64	71
2001:db8:ed8:cb7f::/64	670
2001:db8:ed9:d1ee::/64	396
2001:db8:eda:136a::/64	975
2001:db8:eda:9f07::/64	200
2001:db8:eda:f984::/64	486
2001:db8:eda:fbf2::/64	847
2001:db8:edc:4d2::/64	687
2001:db8:edc:8b7e::/64	303
2001:db8:edc:a8e7::/64	132
2001:db8:edc:e069::/64	701
2001:db8:ede:cc78::/64	235
2001:db8:edf:34fc::/64	475
2001:db8:edf:5fe1::/64	925
2001:db8:ee0:2621::/64	168
2001:db8:ee0:d7dd::/64	208
2001:db8:ee1:bac9::/64	126
2001:db8:ee1:f346::/64	637
2001:db8:ee2:438d::/64	111
2001:db8:ee2:d9fc::/64	793
2001:db8:ee3:3776::/64	61
2001:db8:ee3:8607::/64	198
2001:db8:ee3:b4eb::/64	792
2001:db8:ee4:38aa::/64	754
2001:db8:ee4:ac68::/64	652
2001:db8:ee4:e494::/64	197
2001:db8:ee5:3b02::/64	602
2001:db8:ee5:3e4e::/64	388
2001:db8:ee5:ef97::/64	678
2001:db8:ee6:1999::/64	340
2001:db8:ee6:e6f0::/64	809
2001:db8:ee6:efee::/64	928
2001:db8:ee7:858f::/64	940
2001:db8:ee8:c410::/64	147
2001:db8:ee9:d69e::/64	915
2001:db8:ee9:e2d2::/64	294
2001:db8:eea:4cc0::/64	489
2001:db8:eec:3c22::/64	155
2001:db8:eec:8c3e::/64	782
2001:db8:eed:3430::/64	913
2001:db8:eed:99e1::/64	698
2001:db8:eed:cda2::/64	846
2001:db8:eee:4c25::/64	101
2001:db8:eee:dd32::/64	169
2001:db8:eef:dd8f::/64	437
2001:db8:eef:f3e6::/64	369
2001:db8:ef0:3931::/64	120
2001:db8:ef1:3f3e::/64	816
2001:db8:ef1:d5a3::/64	712
2001:db8:ef1:dee4::/64	567
2001:db8:ef2:3325::/64	962
2001:db8:ef2:c0ab::/64	17
2001:db8:ef3:33e1::/64	533
2001:db8:ef3:4c8a::/64	612
2001:db8:ef3:7ac3::/64	26
2001:db8:ef4:2cfb::/64	194
2001:db8:ef4:a0c4::/64	65
2001:db8:ef5:43f9::/64	396
2001:db8:ef5:51a8::/64	950
2001:db8:ef7:948::/64	539
2001:db8:ef7:15a2::/64	105
2001:db8:ef7:3960::/64	732
2001:db8:ef7:4162::/64	312
2001:db8:ef7:516d::/64	655
2001:db8:ef7:9469::/64	635
2001:db8:ef8:a054::/64	563
2001:db8:ef9:b023::/64	886
2001:db8:efc:28e7::/64	523
2001:db8:efc:3537::/64	389
2001:db8:efc:47cd::/64	597
2001:db8:efc:7f95::/64	297
2001:db8:efc:855c::/64	513
2001:db8:efc:dc9c::/64	946
2001:db8:efd:e50e::/64	165
2001:db8:efe:1319::/64	333
2001:db8:efe:ad8c::/64	87
2001:db8:eff:36b2::/64	709
2001:db8:eff:b228::/64	541
2001:db8:f00:140a::/64	38
2001:db8:f00:691e::/64	278
2001:db8:f00:8166::/64	88
2001:db8:f01:32e4::/64	948
2001:db8:f02:dd5::/64	169
2001:db8:f02:3f2e::/64	653
2001:db8:f02:54a3::/64	856
2001:db8:f02:84fe::/64	858
2001:db8:f03:40f1::/64	773
2001:db8:f03:85c9::/64	333
2001:db8:f04:3233::/64	101
2001:db8:f04:b7c9::/64	770
2001:db8:f05:40c7::/64	356
2001:db8:f06:6732::/64	586
2001:db8:f06:854b::/64	682
2001:db8:f06:86b0::/64	8
2001:db8:f07:803c::/64	201
2001:db8:f07:f343::/64	19
2001:db8:f08:597a::/64	626
2001:db8:f08:6517::/64	679
2001:db8:f09:171::/64	192
2001:db8:f09:9f56::/64	228
2001:db8:f09:d674::/64	629
2001:db8:f09:e12a::/64	947
2001:db8:f0a:68b2::/64	706
2001:db8:f0a:b4cb::/64	983
2001:db8:f0a:c091::/64	44
2001:db8:f0b:a971::/64	585
2001:db8:f0b:b64f::/64	435
2001:db8:f0c:58b::/64	856
2001:db8:f0c:3e81::/64	463
2001:db8:f0c:5f04::/64	682
2001:db8:f0c:efa2::/64	379
2001:db8:f0d:491c::/64	938
2001:db8:f0d:e824::/64	729
2001:db8:f10:b0a3::/64	169
2001:db8:f10:cca2::/64	92
2001:db8:f11:9f08::/64	468
2001:db8:f11:dfc0::/64	379
2001:db8:f12:663::/64	870
2001:db8:f12:9d2::/64	445
2001:db8:f12:4d20::/64	789
2001:db8:f12:5662::/64	795
2001:db8:f12:958a::/64	232
2001:db8:f13:44::/64	793
2001:db8:f15:d6d::/64	250
2001:db8:f15:a133::/64	510
2001:db8:f15:c920::/64	699
2001:db8:f16::/48	109
2001:db8:f17:4c2f::/64	523
2001:db8:f17:904e::/64	864
2001:db8:f1a:4891::/64	698
2001:db8:f1a:6b90::/64	423
2001:db8:f1a:f321::/64	141
2001:db8:f1b:3461::/64	701
2001:db8:f1b:6338::/64	306
2001:db8:f1b:7ae7::/64	645
2001:db8:f1c:494e::/64	741
2001:db8:f1d:f269::/64	489
2001:db8:f1e:12ee::/64	802
2001:db8:f1e:4cc5::/64	411
2001:db8:f1e:bf2b::/64	810
2001:db8:f1f:2953::/64	883
2001:db8:f1f:5bb9::/64	532
2001:db8:f20:50c7::/64	223
2001:db8:f20:9923::/64	584
2001:db8:f20:f3d3::/64	912
2001:db8:f21:d515::/64	330
2001:db8:f22:3840::/64	674
2001:db8:f22:9025::/64	822
2001:db8:f23:860b::/64	303
2001:db8:f23:915d::/64	237
2001:db8:f23:ce89::/64	332
2001:db8:f23:fefe::/64	392
2001:db8:f24:3a43::/64	620
2001:db8:f24:c5a0::/64	227
2001:db8:f25:15a7::/64	51
2001:db8:f25:3a8c::/64	288
2001:db8:f25:f840::/64	382
2001:db8:f26:d64::/64	233
2001:db8:f26:a22d::/64	952
2001:db8:f27:1032::/64	78
2001:db8:f27:29b2::/64	125
2001:db8:f27:584f::/64	88
2001:db8:f27:c669::/64	252
2001:db8:f27:dc37::/64	19
2001:db8:f27:fbc2::/64	704
2001:db8:f28:b61c::/64	596
2001:db8:f29:3578::/64	358
2001:db8:f29:8d4e::/64	740
2001:db8:f2a:3173::/64	982
2001:db8:f2b:a6f9::/64	235
2001:db8:f2d:303b::/64	934
2001:db8:f2d:32d9::/64	196
2001:db8:f2d:4a7d::/64	432
2001:db8:f2e:3d::/64	942
2001:db8:f2e:78bf::/64	119
2001:db8:f2e:ce48::/64	919
2001:db8:f2f:fff::/64	16
2001:db8:f2f:bcf5::/64	482
2001:db8:f2f:dd93::/64	38
2001:db8:f30:8a20::/64	164
2001:db8:f31:8a85::/64	309
2001:db8:f33:b6f5::/64	239
2001:db8:f33:d431::/64	12
2001:db8:f34:4f5::/64	200
2001:db8:f35:e74f::/64	199
2001:db8:f36:7af::/64	349
2001:db8:f36:142b::/64	818
2001:db8:f36:5576::/64	853
2001:db8:f36:a148::/64	621
2001:db8:f37:4a08::/64	323
2001:db8:f38:65e5::/64	531
2001:db8:f38:708e::/64	551
2001:db8:f38:b9c3::/64	328
2001:db8:f39:b4d8::/64	329
2001:db8:f39:b764::/64	615
2001:db8:f39:cc86::/64	907
2001:db8:f39:f4dd::/64	888
2001:db8:f3a:10b4::/64	117
2001:db8:f3a:acfc::/64	397
2001:db8:f3a:c6d9::/64	793
2001:db8:f3a:e0a6::/64	538
2001:db8:f3b:8428::/64	955
2001:db8:f3b:b45e::/64	650
2001:db8:f3b:c455::/64	524
2001:db8:f3b:ed02::/64	501
2001:db8:f3b:f470::/64	535
2001:db8:f3c:ce60::/64	622
2001:db8:f3c:dfe1::/64	223
2001:db8:f3c:e897::/64	946
2001:db8:f3d:3e86::/64	480
2001:db8:f3d:c787::/64	774
2001:db8:f3d:dc82::/64	306
2001:db8:f3e:2ed::/64	45
2001:db8:f3e:8838::/64	177
2001:db8:f3e:c1b7::/64	143
2001:db8:f3e:f774::/64	908
2001:db8:f3f:1a57::/64	172
2001:db8:f3f:32be::/64	235
2001:db8:f3f:36d8::/64	498
2001:db8:f3f:4d95::/64	884
2001:db8:f3f:85c5::/64	900
2001:db8:f3f:fb91::/64	454
2001:db8:f40:528::/64	857
2001:db8:f41:d3d::/64	145
2001:db8:f41:594c::/64	939
2001:db8:f42:26a0::/64	40
2001:db8:f42:2855::/64	881
2001:db8:f42:db97::/64	912
2001:db8:f43:3811::/64	533
2001:db8:f43:ab08::/64	158
2001:db8:f43:d9af::/64	245
2001:db8:f44:c7ea::/64	255
2001:db8:f44:f7a5::/64	211
2001:db8:f45:8069::/64	158
2001:db8:f46:8e8a::/64	134
2001:db8:f46:cf2b::/64	27
2001:db8:f49:9bce::/64	530
2001:db8:f4a:940c::/64	473
2001:db8:f4b:5ad7::/64	936
2001:db8:f4b:7cc8::/64	919
2001:db8:f4b:acdb::/64	520
2001:db8:f4b:c6b3::/64	426
2001:db8:f4b:d43e::/64	66
2001:db8:f4b:d8cf::/64	808
2001:db8:f4b:fc7f::/64	923
2001:db8:f4c:4833::/64	859
2001:db8:f4c:7b58::/64	685
2001:db8:f4c:9bbe::/64	882
2001:db8:f4c:bd16::/64	717
2001:db8:f4c:cbcc::/64	750
2001:db8:f4c:d950::/64	444
2001:db8:f4d:f9c8::/64	190
2001:db8:f4e:d3c::/64	576
2001:db8:f4e:362b::/64	800
2001:db8:f4f:11c2::/64	243
2001:db8:f4f:2058::/64	221
2001:db8:f4f:34e0::/64	856
2001:db8:f4f:9f1d::/64	307
2001:db8:f4f:d8ee::/64	575
2001:db8:f50:540c::/64	786
2001:db8:f50:fe42::/64	881
2001:db8:f51:8f37::/64	933
2001:db8:f52:1523::/64	303
2001:db8:f52:1dfd::/64	327
2001:db8:f53:ef7c::/64	471
2001:db8:f54:16bc::/64	638
2001:db8:f54:93ac::/64	255
2001:db8:f54:d919::/64	124
2001:db8:f55:4a5::/64	891
2001:db8:f55:1686::/64	512
2001:db8:f55:a8cc::/64	361
2001:db8:f56:1d4f::/64	590
2001:db8:f56:249c::/64	545
2001:db8:f57:a0d9::/64	505
2001:db8:f58:b912::/64	213
2001:db8:f58:d14e::/64	97
2001:db8:f59:1adb::/64	278
2001:db8:f5a:7fd9::/64	815
2001:db8:f5b:b21::/64	665
2001:db8:f5c:9e48::/64	766
2001:db8:f5c:ce24::/64	872
2001:db8:f5d:5f2d::/64	532
2001:db8:f5e:b18d::/64	52
2001:db8:f5f:3cf::/64	376
2001:db8:f5f:76be::/64	472
2001:db8:f5f:9ae8::/64	347
2001:db8:f5f:d75e::/64	694
2001:db8:f5f:f45c::/64	604
2001:db8:f60:3433::/64	387
2001:db8:f60:3d1b::/64	480
2001:db8:f60:9e63::/64	96
2001:db8:f61:627c::/64	246
2001:db8:f63:51da::/64	932
2001:db8:f63:73f5::/64	465
2001:db8:f63:d512::/64	830
2001:db8:f64:65e0::/64	984
2001:db8:f65:2d3b::/64	971
2001:db8:f65:68e2::/64	516
2001:db8:f65:7cfb::/64	470
2001:db8:f66:10de::/64	554
2001:db8:f66:2845::/64	101
2001:db8:f66:47d1::/64	114
2001:db8:f66:e25c::/64	620
2001:db8:f67:938a::/64	222
2001:db8:f68:2004::/64	126
2001:db8:f68:94e5::/64	212
2001:db8:f68:d047::/64	450
2001:db8:f69:3be7::/64	456
2001:db8:f69:a1c8::/64	743
2001:db8:f6a:57a0::/64	626
2001:db8:f6a:8cc0::/64	280
2001:db8:f6a:e3e0::/64	557
2001:db8:f6a:edc5::/64	744
2001:db8:f6c:6705::/64	36
2001:db8:f6c:dd71::/64	281
2001:db8:f6c:e253::/64	404
2001:db8:f6d:d31::/64	978
2001:db8:f6d:6a06::/64	729
2001:db8:f6d:9509::/64	707
2001:db8:f6e:2b62::/64	697
2001:db8:f70:5462::/64	362
2001:db8:f71:1632::/64	186
2001:db8:f71:7c62::/64	342
2001:db8:f71:8647::/64	673
2001:db8:f72:c165::/64	356
2001:db8:f72:c27e::/64	364
2001:db8:f72:d27c::/64	968
2001:db8:f72:fa87::/64	568
2001:db8:f73:536::/64	320
2001:db8:f73:1c00::/64	489
2001:db8:f73:3493::/64	657
2001:db8:f74:fdb4::/64	542
2001:db8:f75:640a::/64	263
2001:db8:f76:5e59::/64	622
2001:db8:f77:43ce::/64	528
2001:db8:f77:96dc::/64	830
2001:db8:f78:43f4::/64	913
2001:db8:f7a:6f1f::/64	510
2001:db8:f7b:7733::/64	455
2001:db8:f7c:1583::/64	799
2001:db8:f7c:985a::/64	671
2001:db8:f7c:9b75::/64	707
2001:db8:f7c:9fce::/64	961
2001:db8:f7c:de59::/64	6
2001:db8:f7c:e6b4::/64	378
2001:db8:f7c:ec35::/64	508
2001:db8:f7d:277c::/64	564
2001:db8:f7d:287f::/64	974
2001:db8:f7d:9627::/64	422
2001:db8:f7d:cb02::/64	185
2001:db8:f7e:a97f::/64	174
2001:db8:f7e:ba1f::/64	982
2001:db8:f7f:849e::/64	945
2001:db8:f7f:bfc3::/64	74
2001:db8:f81:8e3::/64	725
2001:db8:f81:c4f1::/64	391
2001:db8:f82:12bb::/64	331
2001:db8:f82:1429::/64	613
2001:db8:f82:9cf8::/64	480
2001:db8:f82:9f16::/64	563
2001:db8:f82:e848::/64	19
2001:db8:f83:1a31::/64	148
2001:db8:f83:2ecd::/64	928
2001:db8:f83:9e50::/64	801
2001:db8:f83:c675::/64	782
2001:db8:f84:95f3::/64	331
2001:db8:f84:d5f8::/64	267
2001:db8:f84:f372::/64	497
2001:db8:f85:1f86::/64	110
2001:db8:f85:4000::/64	894
2001:db8:f85:7ef6::/64	729
2001:db8:f85:edba::/64	556
2001:db8:f86:33d7::/64	962
2001:db8:f86:7ccd::/64	906
2001:db8:f86:8855::/64	726
2001:db8:f87:1093::/64	172
2001:db8:f87:587b::/64	495
2001:db8:f88:df9::/64	476
2001:db8:f88:25d5::/64	190
2001:db8:f88:52c4::/64	798
2001:db8:f88:be6d::/64	526
2001:db8:f89:1a3a::/64	908
2001:db8:f89:8991::/64	51
2001:db8:f89:a436::/64	367
2001:db8:f8b:d41::/64	665
2001:db8:f8b:2e7c::/64	331
2001:db8:f8b:d88b::/64	133
2001:db8:f8b:d93b::/64	66
2001:db8:f8c:8376::/64	946
2001:db8:f8c:d8f6::/64	356
2001:db8:f8d:20f8::/64	455
2001:db8:f8d:a52b::/64	542
2001:db8:f8d:dab7::/64	952
2001:db8:f8d:f773::/64	63
2001:db8:f8e:188b::/64	57
2001:db8:f8e:2523::/64	251
2001:db8:f8e:7f8b::/64	2
2001:db8:f8f:7370::/64	14
2001:db8:f8f:bcbb::/64	41
2001:db8:f8f:cde5::/64	546
2001:db8:f90:1bed::/64	508
2001:db8:f90:bbe0::/64	124
2001:db8:f90:bde3::/64	345
2001:db8:f91:3bd4::/64	407
2001:db8:f91:90e2::/64	566
2001:db8:f91:9d5c::/64	937
2001:db8:f92:83a::/64	165
2001:db8:f92:5311::/64	868
2001:db8:f92:9a2c::/64	156
2001:db8:f94:189c::/64	969
2001:db8:f94:458d::/64	615
2001:db8:f94:6d74::/64	284
2001:db8:f94:daae::/64	508
2001:db8:f95:503a::/64	919
2001:db8:f95:8779::/64	279
2001:db8:f95:c5fb::/64	932
2001:db8:f96:25ff::/64	181
2001:db8:f96:8f96::/64	587
2001:db8:f97:88c5::/64	725
2001:db8:f97:fd37::/64	338
2001:db8:f98:7833::/64	439
2001:db8:f98:9f0d::/64	788
2001:db8:f99:d95d::/64	113
2001:db8:f9a:2577::/64	808
2001:db8:f9a:5ec1::/64	873
2001:db8:f9a:6bad::/64	990
2001:db8:f9a:9ec4::/64	94
2001:db8:f9b:14c3::/64	913
2001:db8:f9b:7a09::/64	564
2001:db8:f9b:7a0e::/64	744
2001:db8:f9b:f0bd::/64	605
2001:db8:f9c:7dc::/64	390
2001:db8:f9f:2468::/64	521
2001:db8:f9f:f04f::/64	616
2001:db8:fa0:cb33::/64	161
2001:db8:fa1:23bd::/64	999
2001:db8:fa1:2552::/64	401
2001:db8:fa1:653e::/64	133
2001:db8:fa2:2d93::/64	152
2001:db8:fa2:36fb::/64	799
2001:db8:fa2:f0df::/64	922
2001:db8:fa3:757d::/64	17
2001:db8:fa3:7f1c::/64	505
2001:db8:fa3:9f0d::/64	629
2001:db8:fa4:3209::/64	763
2001:db8:fa4:4270::/64	772
2001:db8:fa5:1ecc::/64	166
2001:db8:fa5:2faf::/64	618
2001:db8:fa5:ffb2::/64	158
2001:db8:fa6:6b8c::/64	203
2001:db8:fa6:6ec7::/64	370
2001:db8:fa6:b9a4::/64	558
2001:db8:fa6:dd46::/64	412
2001:db8:fa7:78cb::/64	965
2001:db8:fa7:856f::/64	621
2001:db8:fa7:be77::/64	31
2001:db8:fa8:2267::/64	263
2001:db8:fa8:aae0::/64	658
2001:db8:fa9:e1b7::/64	186
2001:db8:fab:d227::/64	243
2001:db8:fad:80de::/64	802
2001:db8:fad:9a09::/64	819
2001:db8:fae:21b8::/64	802
2001:db8:fae:6680::/64	535
2001:db8:fae:6bb3::/64	210
2001:db8:fb1:2d21::/64	457
2001:db8:fb1:a556::/64	783
2001:db8:fb1:ddb8::/64	416
2001:db8:fb2:f4c5::/64	143
2001:db8:fb2:f6e3::/64	293
2001:db8:fb3:2526::/64	108
2001:db8:fb3:7784::/64	268
2001:db8:fb4:2c7d::/64	187
2001:db8:fb4:35bf::/64	831
2001:db8:fb4:692d::/64	496
2001:db8:fb4:9bc6::/64	405
2001:db8:fb5:5ca8::/64	75
2001:db8:fb6:ac58::/64	897
2001:db8:fb7:4b87::/64	976
2001:db8:fb7:bb53::/64	747
2001:db8:fb8:5b66::/64	613
2001:db8:fb9:73ab::/64	935
2001:db8:fb9:adc1::/64	678
2001:db8:fba:6e92::/64	192
2001:db8:fba:8874::/64	880
2001:db8:fba:d0c7::/64	803
2001:db8:fba:d39f::/64	650
2001:db8:fba:ef98::/64	158
2001:db8:fbb:1aec::/64	857
2001:db8:fbb:ab57::/64	343
2001:db8:fbc:1b57::/64	89
2001:db8:fbc:328e::/64	708
2001:db8:fbc:d0f8::/64	801
2001:db8:fbc:dd44::/64	165
2001:db8:fbd:54fc::/64	128
2001:db8:fbd:e53a::/64	360
2001:db8:fbd:f865::/64	313
2001:db8:fbe:7668::/64	328
2001:db8:fbf:97c5::/64	167
2001:db8:fc0:5a64::/64	380
2001:db8:fc0:5afd::/64	948
2001:db8:fc0:d5a8::/64	917
2001:db8:fc0:e6c1::/64	647
2001:db8:fc1:6553::/64	608
2001:db8:fc1:e81b::/64	104
2001:db8:fc1:ec0a::/64	974
2001:db8:fc2:13c6::/64	343
2001:db8:fc2:caa9::/64	373
2001:db8:fc2:caf5::/64	831
2001:db8:fc3:120::/64	168
2001:db8:fc3:225a::/64	871
2001:db8:fc3:3abe::/64	310
2001:db8:fc3:779c::/64	768
2001:db8:fc3:fa10::/64	837
2001:db8:fc5:4162::/64	138
2001:db8:fc5:c7f4::/64	162
2001:db8:fc5:f88c::/64	295
2001:db8:fc6:4443::/64	959
2001:db8:fc6:5e38::/64	672
2001:db8:fc6:b6de::/64	59
2001:db8:fc6:e1bc::/64	271
2001:db8:fc7:3f18::/64	80
2001:db8:fc7:7c5d::/64	610
2001:db8:fc7:8e88::/64	148
2001:db8:fc8:6ff5::/64	394
2001:db8:fc8:ef84::/64	414
2001:db8:fc9:55e::/64	36
2001:db8:fc9:4725::/64	140
2001:db8:fca:7124::/64	444
2001:db8:fcb:f98::/64	719
2001:db8:fcb:4e71::/64	933
2001:db8:fcb:5936::/64	357
2001:db8:fcb:c616::/64	792
2001:db8:fcd:625f::/64	901
2001:db8:fce:1f37::/64	810
2001:db8:fce:5538::/64	1000
2001:db8:fce:e5dd::/64	365
2001:db8:fcf:3f87::/64	205
2001:db8:fcf:82f5::/64	106
2001:db8:fcf:b129::/64	562
2001:db8:fcf:e45f::/64	650
2001:db8:fd0:5220::/64	781
2001:db8:fd0:8a82::/64	57
2001:db8:fd1:5e0b::/64	197
2001:db8:fd2:3111::/64	168
2001:db8:fd2:a897::/64	841
2001:db8:fd2:c662::/64	797
2001:db8:fd2:d398::/64	687
2001:db8:fd3:7a72::/64	75
2001:db8:fd3:b883::/64	649
2001:db8:fd3:d3d9::/64	720
2001:db8:fd3:f9fe::/64	792
2001:db8:fd4:7903::/64	149
2001:db8:fd4:8c02::/64	371
2001:db8:fd4:b603::/64	559
2001:db8:fd4:c53e::/64	109
2001:db8:fd4:c98e::/64	762
2001:db8:fd5:8ecc::/64	466
2001:db8:fd5:e77c::/64	292
2001:db8:fd6:fe17::/64	53
2001:db8:fd7:2cf2::/64	437
2001:db8:fd7:5bea::/64	685
2001:db8:fd7:ea46::/64	887
2001:db8:fd7:eb60::/64	754
2001:db8:fd9:59da::/64	306
2001:db8:fda:34cf::/64	508
2001:db8:fda:5359::/64	496
2001:db8:fda:b528::/64	946
2001:db8:fda:ff92::/64	831
2001:db8:fdb:e97::/64	229
2001:db8:fdb:192c::/64	436
2001:db8:fdb:55b7::/64	340
2001:db8:fdb:5bc3::/64	661
2001:db8:fdb:b8b7::/64	553
2001:db8:fdc:7bb9::/64	1000
2001:db8:fdc:b8f6::/64	292
2001:db8:fdd:a31c::/64	831
2001:db8:fdd:a3cc::/64	21
2001:db8:fde:191d::/64	430
2001:db8:fde:dfc4::/64	861
2001:db8:fdf:b868::/64	951
2001:db8:fdf:dda9::/64	688
2001:db8:fe0:18e::/64	972
2001:db8:fe0:1114::/64	291
2001:db8:fe0:338d::/64	119
2001:db8:fe0:9d28::/64	175
2001:db8:fe0:9d73::/64	164
2001:db8:fe0:ae49::/64	532
2001:db8:fe0:ff35::/64	953
2001:db8:fe1:22ca::/64	334
2001:db8:fe1:4d55::/64	217
2001:db8:fe1:9621::/64	400
2001:db8:fe1:9928::/64	386
2001:db8:fe1:c520::/64	366
2001:db8:fe2:5145::/64	576
2001:db8:fe2:7554::/64	631
2001:db8:fe2:deb5::/64	522
2001:db8:fe3:1a1f::/64	802
2001:db8:fe3:7ee5::/64	692
2001:db8:fe4:3bb3::/64	13
2001:db8:fe5:3e00::/64	658
2001:db8:fe5:55ee::/64	569
2001:db8:fe6:51fd::/64	871
2001:db8:fe6:54b8::/64	818
2001:db8:fe6:7ac9::/64	313
2001:db8:fe6:8fde::/64	508
2001:db8:fe6:ce42::/64	746
2001:db8:fe6:de41::/64	726
2001:db8:fe7:2ec8::/64	683
2001:db8:fe7:9397::/64	980
2001:db8:fe8:1ef::/64	107
2001:db8:fe8:5294::/64	835
2001:db8:fe8:a190::/64	971
2001:db8:fe8:d35b::/64	462
2001:db8:fe8:ffd3::/64	553
2001:db8:fe9:5cad::/64	423
2001:db8:fe9:7d48::/64	658
2001:db8:fe9:a4e2::/64	790
2001:db8:fe9:bd9e::/64	361
2001:db8:fe9:eeb1::/64	548
2001:db8:fea::/48	161
2001:db8:feb:708f::/64	243
2001:db8:feb:a0ae::/64	574
2001:db8:fec:443e::/64	311
2001:db8:fec:51a0::/64	370
2001:db8:fed:74a4::/64	805
2001:db8:fed:c94f::/64	412
2001:db8:fed:ce13::/64	282
2001:db8:fee:932b::/64	108
2001:db8:fef:35b1::/64	79
2001:db8:fef:4c65::/64	165
2001:db8:fef:af44::/64	966
2001:db8:ff0:3d2::/64	825
2001:db8:ff0:1e4e::/64	110
2001:db8:ff0:735f::/64	319
2001:db8:ff0:8151::/64	395
2001:db8:ff0:c153::/64	549
2001:db8:ff0:d2e1::/64	220
2001:db8:ff1:4db4::/64	316
2001:db8:ff1:642e::/64	994
2001:db8:ff1:884c::/64	299
2001:db8:ff1:e49b::/64	895
2001:db8:ff2:7b9::/64	637
2001:db8:ff2:22fa::/64	250
2001:db8:ff2:c6c5::/64	559
2001:db8:ff2:e0cf::/64	787
2001:db8:ff3:8130::/64	557
2001:db8:ff4:7092::/64	970
2001:db8:ff4:b59d::/64	916
2001:db8:ff4:f4ea::/64	954
2001:db8:ff5:3f54::/64	801
2001:db8:ff5:515c::/64	765
2001:db8:ff5:7b7d::/64	8
2001:db8:ff5:ac7a::/64	482
2001:db8:ff5:d8e9::/64	185
2001:db8:ff6:c3ce::/64	430
2001:db8:ff7:a0b2::/64	56
2001:db8:ff8:7dba::/64	361
2001:db8:ff8:7de4::/64	335
2001:db8:ff8:9f40::/64	674
2001:db8:ff9:1b7f::/64	299
2001:db8:ffa:13fb::/64	723
2001:db8:ffa:3f8f::/64	7
2001:db8:ffa:7e54::/64	736
2001:db8:ffa:80b4::/64	480
2001:db8:ffb:1ab7::/64	913
2001:db8:ffb:9ad0::/64	710
2001:db8:ffb:ba63::/64	314
2001:db8:ffb:e404::/64	184
2001:db8:ffc:2c58::/64	236
2001:db8:ffc:a23d::/64	413
2001:db8:ffd:3ae2::/64	477
2001:db8:ffd:aead::/64	804
2001:db8:ffe:728b::/64	844
2001:db8:ffe:ae11::/64	928
2001:db8:ffe:fa16::/64	364
2001:db8:fff:5801::/64	218
2001:db8:fff:cdf0::/64	245
2001:db8:1000:bcc1::/64	508
2001:db8:1000:cef6::/64	241
2001:db8:1002:a02f::/64	137
2001:db8:1003:e334::/64	781
2001:db8:1004:52a6::/64	477
2001:db8:1005:1d0f::/64	940
2001:db8:1005:8583::/64	561
2001:db8:1007:27f6::/64	863
2001:db8:1007:a5ac::/64	364
2001:db8:1007:db4a::/64	304
2001:db8:1009:13f9::/64	545
2001:db8:1009:293b::/64	698
2001:db8:1009:5c47::/64	534
2001:db8:1009:7923::/64	891
2001:db8:100b:4077::/64	272
2001:db8:100b:e04d::/64	478
2001:db8:100c:e31::/64	730
2001:db8:100c:9950::/64	448
2001:db8:100c:de3a::/64	446
2001:db8:100d:8442::/64	139
2001:db8:100e:142d::/64	29
2001:db8:100e:3cea::/64	483
2001:db8:100e:9bfe::/64	788
2001:db8:100e:e29a::/64	992
2001:db8:100e:f6b5::/64	762
2001:db8:100f:2e44::/64	94
2001:db8:100f:5b74::/64	163
2001:db8:1010:3754::/64	934
2001:db8:1010:64b3::/64	647
2001:db8:1010:9349::/64	602
2001:db8:1011:7801::/64	611
2001:db8:1011:7b99::/64	374
2001:db8:1011:b17a::/64	60
2001:db8:1012:1cff::/64	166
2001:db8:1012:c80a::/64	129
2001:db8:1012:e4c4::/64	802
2001:db8:1013:2ccf::/64	789
2001:db8:1013:87ba::/64	381
2001:db8:1013:8dd2::/64	15
2001:db8:1014::/48	10
2001:db8:1015:df70::/64	579
2001:db8:1015:e127::/64	434
2001:db8:1016:487a::/64	683
2001:db8:1016:c497::/64	452
2001:db8:1016:d939::/64	412
2001:db8:1017:cef::/64	914
2001:db8:1017:6ef9::/64	225
2001:db8:1017:9a08::/64	687
2001:db8:1017:e83c::/64	741
2001:db8:1018:3cc::/64	235
2001:db8:1018:9cf::/64	606
2001:db8:1018:77dd::/64	579
2001:db8:1019:69c7::/64	87
2001:db8:1019:ef17::/64	623
2001:db8:101a:34e::/64	463
2001:db8:101a:43a3::/64	763
2001:db8:101a:7488::/64	317
2001:db8:101a:c220::/64	624
2001:db8:101a:e120::/64	91
2001:db8:101a:ed10::/64	715
2001:db8:101b:82b::/64	794
2001:db8:101e:a6ce::/64	467
2001:db8:101e:b5c6::/64	529
2001:db8:101e:b971::/64	428
2001:db8:101e:d3d2::/64	262
2001:db8:101f:e0b::/64	145
2001:db8:101f:daf1::/64	318
2001:db8:1020:289::/64	707
2001:db8:1020:a27::/64	429
2001:db8:1020:5e54::/64	984
2001:db8:1021:c2d1::/64	806
2001:db8:1021:cbce::/64	930
2001:db8:1022:2696::/64	628
2001:db8:1022:5859::/64	115
2001:db8:1022:7693::/64	673
2001:db8:1023:8050::/64	840
2001:db8:1023:ec25::/64	452
2001:db8:1023:ed3a::/64	507
2001:db8:1024:5e1a::/64	155
2001:db8:1024:aa89::/64	816
2001:db8:1024:e618::/64	383
2001:db8:1025:e874::/64	894
2001:db8:1026:14f0::/64	910
2001:db8:1026:723f::/64	65
2001:db8:1026:a04f::/64	597
2001:db8:1026:f024::/64	414
2001:db8:1026:f67a::/64	147
2001:db8:1027:f128::/64	998
2001:db8:1028:de16::/64	2
2001:db8:1029:52d7::/64	175
2001:db8:1029:94bf::/64	669
2001:db8:1029:f0ca::/64	811
2001:db8:102a:1c63::/64	847
2001:db8:102b:180b::/64	609
2001:db8:102b:4201::/64	289
2001:db8:102c:47b2::/64	221
2001:db8:102c:745d::/64	59
2001:db8:102d:d317::/64	4
2001:db8:102e:5aa::/64	231
2001:db8:102e:5645::/64	973
2001:db8:102e:e264::/64	190
2001:db8:102f:5f08::/64	149
2001:db8:102f:855f::/64	493
2001:db8:102f:b111::/64	899
2001:db8:1030:db94::/64	39
2001:db8:1031:1e93::/64	545
2001:db8:1031:2ba6::/64	307
2001:db8:1031:81ad::/64	8
2001:db8:1031:e334::/64	789
2001:db8:1031:ef69::/64	981
2001:db8:1033:71a7::/64	272
2001:db8:1033:cdd2::/64	679
2001:db8:1033:d5b7::/64	603
2001:db8:1034:54f0::/64	998
2001:db8:1034:80b9::/64	349
2001:db8:1035:31e2::/64	351
2001:db8:1035:66be::/64	419
2001:db8:1036:ed6::/64	398
2001:db8:1036:3d25::/64	360
2001:db8:1036:a823::/64	785
2001:db8:1036:c608::/64	239
2001:db8:1036:e7d5::/64	281
2001:db8:1038:99b9::/64	363
2001:db8:1038:edd7::/64	419
2001:db8:1038:fd67::/64	848
2001:db8:103a:a08::/64	441
2001:db8:103a:535a::/64	512
2001:db8:103a:6388::/64	980
2001:db8:103a:871d::/64	131
2001:db8:103b:d12b::/64	31
2001:db8:103b:d241::/64	494
2001:db8:103c:dc2::/64	228
2001:db8:103c:3708::/64	689
2001:db8:103c:8ef4::/64	164
2001:db8:103c:a9ed::/64	461
2001:db8:103c:ab46::/64	481
2001:db8:103c:d1f6::/64	443
2001:db8:103d:1ce0::/64	326
2001:db8:103d:20cc::/64	275
2001:db8:103d:44b5::/64	840
2001:db8:103e:704e::/64	288
2001:db8:103e:722d::/64	759
2001:db8:103e:b2c2::/64	833
2001:db8:103f:6f35::/64	732
2001:db8:103f:8295::/64	817
2001:db8:103f:bd14::/64	339
2001:db8:1040:9e74::/64	39
2001:db8:1041:3a4d::/64	799
2001:db8:1041:fc6f::/64	734
2001:db8:1042:162::/64	603
2001:db8:1042:122e::/64	86
2001:db8:1042:6777::/64	300
2001:db8:1042:7f4a::/64	1
2001:db8:1042:aa3a::/64	674
2001:db8:1042:caa0::/64	333
2001:db8:1043:731e::/64	749
2001:db8:1043:91cc::/64	233
2001:db8:1043:f251::/64	200
2001:db8:1043:fe7f::/64	48
2001:db8:1045:5384::/64	647
2001:db8:1045:6ccc::/64	287
2001:db8:1045:6f6b::/64	558
2001:db8:1045:993d::/64	712
2001:db8:1046:803::/64	743
2001:db8:1046:bd5a::/64	96
2001:db8:1046:c5eb::/64	635
2001:db8:1046:e58b::/64	597
2001:db8:1047:57b6::/64	672
2001:db8:1048:6e9d::/64	378
2001:db8:1048:8556::/64	601
2001:db8:1048:c083::/64	235
2001:db8:1048:c4e3::/64	958
2001:db8:1048:cadf::/64	92
2001:db8:1049:48a9::/64	846
2001:db8:1049:5c8a::/64	595
2001:db8:1049:7e63::/64	613
2001:db8:1049:a661::/64	134
2001:db8:1049:f606::/64	540
2001:db8:104a:3485::/64	230
2001:db8:104a:5a9d::/64	756
2001:db8:104a:6f3c::/64	678
2001:db8:104a:cd17::/64	272
2001:db8:104b:1ce6::/64	224
2001:db8:104b:899d::/64	171
2001:db8:104b:d023::/64	981
2001:db8:104b:e26c::/64	370
2001:db8:104c:7ce7::/64	369
2001:db8:104c:a597::/64	149
2001:db8:104d:9e9::/64	827
2001:db8:104d:c72::/64	422
2001:db8:104d:3562::/64	837
2001:db8:104d:3b65::/64	38
2001:db8:104d:42bb::/64	59
2001:db8:104d:5f5a::/64	757
2001:db8:104d:71e5::/64	217
2001:db8:104e:5ad9::/64	883
2001:db8:104e:8a1f::/64	942
2001:db8:104e:d8cc::/64	940
2001:db8:104e:da4c::/64	319
2001:db8:104f:664b::/64	498
2001:db8:1050:d6be::/64	390
2001:db8:1050:f7ec::/64	302
2001:db8:1051:c6d9::/64	114
2001:db8:1052:bb4::/64	350
2001:db8:1052:2764::/64	370
2001:db8:1052:61fc::/64	195
2001:db8:1052:6e30::/64	417
2001:db8:1053:6037::/64	242
2001:db8:1053:e73b::/64	898
2001:db8:1054:2f18::/64	286
2001:db8:1054:43da::/64	773
2001:db8:1054:49d0::/64	264
2001:db8:1054:f82f::/64	756
2001:db8:1055:7fc4::/64	103
2001:db8:1055:b486::/64	598
2001:db8:1056:3fa5::/64	479
2001:db8:1056:4966::/64	298
2001:db8:1056:8d49::/64	680
2001:db8:1056:e273::/64	926
2001:db8:1057:3c8f::/64	349
2001:db8:1058:85d::/64	273
2001:db8:1058:ff8c::/64	830
2001:db8:1059:50c2::/64	177
2001:db8:105a:3543::/64	50
2001:db8:105a:4164::/64	268
2001:db8:105a:73ee::/64	31
2001:db8:105a:a66d::/64	439
2001:db8:105b:d786::/64	528
2001:db8:105c:359f::/64	382
2001:db8:105c:6103::/64	698
2001:db8:105c:90d3::/64	455
2001:db8:105c:abb6::/64	45
2001:db8:105c:e083::/64	873
2001:db8:105c:ecbe::/64	726
2001:db8:105d:87a8::/64	176
2001:db8:105d:94e5::/64	54
2001:db8:105d:bb38::/64	109
2001:db8:105d:f7bd::/64	124
2001:db8:105d:fb61::/64	473
2001:db8:105e:22be::/64	731
2001:db8:105e:a173::/64	33
2001:db8:105f:5109::/64	980
2001:db8:105f:9fd1::/64	496
2001:db8:1060:4fa3::/64	683
2001:db8:1061:879::/64	85
2001:db8:1061:9f68::/64	779
2001:db8:1062:304b::/64	178
2001:db8:1062:98b9::/64	435
2001:db8:1062:c3d7::/64	347
2001:db8:1063:7dd3::/64	860
2001:db8:1063:84ff::/64	96
2001:db8:1063:8605::/64	739
2001:db8:1064:696c::/64	143
2001:db8:1064:9525::/64	562
2001:db8:1064:bc7b::/64	767
2001:db8:1064:cff2::/64	280
2001:db8:1065:1c4f::/64	208
2001:db8:1065:67fd::/64	921
2001:db8:1065:b1a6::/64	102
2001:db8:1066:28cf::/64	980
2001:db8:1067:9d89::/64	958
2001:db8:1067:e881::/64	729
2001:db8:1067:ef16::/64	729
2001:db8:1068:2a24::/64	865
2001:db8:1068:4a65::/64	765
2001:db8:1068:b9b4::/64	102
2001:db8:1069:11ee::/64	795
2001:db8:106a:f1d6::/64	662
2001:db8:106b:4f02::/64	167
2001:db8:106b:5a37::/64	435
2001:db8:106b:d9ee::/64	919
2001:db8:106c:c36c::/64	14
2001:db8:106c:d193::/64	531
2001:db8:106c:f400::/64	213
2001:db8:106d:284b::/64	542
2001:db8:106d:cf80::/64	477
2001:db8:106f:1d78::/64	404
2001:db8:106f:4713::/64	202
2001:db8:106f:ec59::/64	171
2001:db8:1072:b3a::/64	612
2001:db8:1072:3b4e::/64	627
2001:db8:1073:7e06::/64	20
2001:db8:1074:f4bd::/64	581
2001:db8:1075:6854::/64	874
2001:db8:1075:7679::/64	689
2001:db8:1075:998b::/64	977
2001:db8:1075:a966::/64	20
2001:db8:1075:fc1c::/64	195
2001:db8:1076:33d5::/64	149
2001:db8:1076:d52a::/64	470
2001:db8:1076:db67::/64	247
2001:db8:1076:e61f::/64	568
2001:db8:1076:ec7d::/64	424
2001:db8:1076:f148::/64	996
2001:db8:1077:c4b0::/64	550
2001:db8:1078:3190::/64	534
2001:db8:1078:43a5::/64	290
2001:db8:1078:a0ca::/64	42
2001:db8:1078:ef91::/64	359
2001:db8:1079:3548::/64	120
2001:db8:1079:8dc2::/64	324
2001:db8:1079:ad7e::/64	655
2001:db8:107a:c3b6::/64	859
2001:db8:107a:d826::/64	893
2001:db8:107a:e271::/64	865
2001:db8:107b:221f::/64	5
2001:db8:107b:2e24::/64	167
2001:db8:107b:3544::/64	505
2001:db8:107b:9683::/64	189
2001:db8:107c:e4ab::/64	471
2001:db8:107d:4ad1::/64	20
2001:db8:107d:73c3::/64	893
2001:db8:107d:a5d9::/64	703
2001:db8:107e:2385::/64	193
2001:db8:107e:3152::/64	214
2001:db8:107f:11a5::/64	108
2001:db8:107f:a4ba::/64	872
2001:db8:107f:a713::/64	503
2001:db8:1080:4d04::/64	82
2001:db8:1081:40bc::/64	570
2001:db8:1081:5c37::/64	164
2001:db8:1081:912d::/64	598
2001:db8:1082:3d45::/64	871
2001:db8:1082:7936::/64	142
2001:db8:1082:8d9c::/64	443
2001:db8:1082:d22c::/64	950
2001:db8:1082:fa66::/64	821
2001:db8:1083:a1c::/64	743
2001:db8:1083:2611::/64	137
2001:db8:1084:35ac::/64	505
2001:db8:1084:7cd9::/64	253
2001:db8:1084:a22e::/64	853
2001:db8:1084:e974::/64	270
2001:db8:1085:3569::/64	762
2001:db8:1085:9f2b::/64	637
2001:db8:1086:cc2::/64	879
2001:db8:1086:1dc3::/64	207
2001:db8:1086:7941::/64	152
2001:db8:1086:841c::/64	986
2001:db8:1087:e5f5::/64	968
2001:db8:1088:b187::/64	165
2001:db8:1088:fad2::/64	71
2001:db8:1089:1954::/64	471
2001:db8:1089:e848::/64	551
2001:db8:1089:ee75::/64	24
2001:db8:108a:6402::/64	805
2001:db8:108a:6cc0::/64	713
2001:db8:108b:1732::/64	828
2001:db8:108b:de03::/64	661
2001:db8:108c:40f::/64	290
2001:db8:108c:39d0::/64	941
2001:db8:108c:9897::/64	104
2001:db8:108d:9736::/64	145
2001:db8:108d:b4c1::/64	711
2001:db8:108e:1d5::/64	918
2001:db8:108e:dbe::/64	438
2001:db8:108e:f248::/64	241
2001:db8:1090:18bb::/64	87
2001:db8:1090:c2a7::/64	462
2001:db8:1090:de75::/64	507
2001:db8:1091:d490::/64	958
2001:db8:1091:e621::/64	182
2001:db8:1091:ef2f::/64	619
2001:db8:1093:a226::/64	625
2001:db8:1094:3a04::/64	915
2001:db8:1094:593f::/64	384
2001:db8:1094:9194::/64	53
2001:db8:1095:75a4::/64	552
2001:db8:1095:ac61::/64	704
2001:db8:1095:bc89::/64	869
2001:db8:1095:f2e8::/64	92
2001:db8:1097:1134::/64	294
2001:db8:1097:5756::/64	745
2001:db8:1097:76c7::/64	922
2001:db8:1097:b962::/64	44
2001:db8:1098:3754::/64	618
2001:db8:1098:3d4e::/64	383
2001:db8:1098:6b9a::/64	12
2001:db8:1098:859d::/64	581
2001:db8:1099:23eb::/64	754
2001:db8:1099:c12a::/64	262
2001:db8:1099:db18::/64	193
2001:db8:109b:545e::/64	661
2001:db8:109b:6329::/64	969
2001:db8:109b:8702::/64	878
2001:db8:109b:9607::/64	913
2001:db8:109c:7042::/64	58
2001:db8:109c:aadd::/64	877
2001:db8:109c:d066::/64	820
2001:db8:109d:2e67::/64	962
2001:db8:109d:7963::/64	543
2001:db8:109d:d2aa::/64	620
2001:db8:109e:7930::/64	743
2001:db8:109e:ab74::/64	327
2001:db8:109f:12cd::/64	917
2001:db8:109f:fa57::/64	500
2001:db8:10a0:3059::/64	144
2001:db8:10a0:f129::/64	716
2001:db8:10a1:4735::/64	146
2001:db8:10a1:4b2a::/64	203
2001:db8:10a1:b4dd::/64	169
2001:db8:10a1:c4eb::/64	864
2001:db8:10a2:3526::/64	718
2001:db8:10a2:6311::/64	915
2001:db8:10a2:bf25::/64	12
2001:db8:10a3:a98::/64	146
2001:db8:10a3:b16::/64	492
2001:db8:10a3:12a5::/64	792
2001:db8:10a3:496c::/64	923
2001:db8:10a4:4080::/64	319
2001:db8:10a4:6e98::/64	589
2001:db8:10a4:ed86::/64	179
2001:db8:10a5:7e1::/64	750
2001:db8:10a5:5e60::/64	986
2001:db8:10a5:60a7::/64	389
2001:db8:10a6:2cb::/64	144
2001:db8:10a6:bbc::/64	724
2001:db8:10a6:18d9::/64	419
2001:db8:10a7:e0fb::/64	3
2001:db8:10a7:ea9c::/64	869
2001:db8:10a7:ec3a::/64	419
2001:db8:10a8:c20::/64	866
2001:db8:10a8:8449::/64	687
2001:db8:10a9:3e4f::/64	186
2001:db8:10a9:3f1e::/64	534
2001:db8:10a9:8dd7::/64	194
2001:db8:10a9:a048::/64	426
2001:db8:10a9:ce96::/64	658
2001:db8:10aa:cf6f::/64	727
2001:db8:10aa:f16f::/64	72
2001:db8:10ab:86ce::/64	984
2001:db8:10ac:41ff::/64	349
2001:db8:10ac:ad12::/64	570
2001:db8:10ac:cb85::/64	836
2001:db8:10ac:ef2f::/64	809
2001:db8:10ad:701d::/64	519
2001:db8:10ad:9731::/64	721
2001:db8:10ad:fe24::/64	861
2001:db8:10ae:50e1::/64	768
2001:db8:10ae:9a27::/64	30
2001:db8:10b0:84fd::/64	770
2001:db8:10b0:e0f4::/64	175
2001:db8:10b1:67d9::/64	457
2001:db8:10b3:5fc9::/64	8
2001:db8:10b3:ef6f::/64	137
2001:db8:10b4:449d::/64	559
2001:db8:10b4:a071::/64	784
2001:db8:10b5:4f6d::/64	94
2001:db8:10b5:6641::/64	333
2001:db8:10b5:74d2::/64	446
2001:db8:10b5:869b::/64	128
2001:db8:10b5:a37b::/64	787
2001:db8:10b5:c713::/64	208
2001:db8:10b6:acc2::/64	680
2001:db8:10b8:f132::/64	61
2001:db8:10b9:2827::/64	812
2001:db8:10ba:f97c::/64	13
2001:db8:10bb:d0e::/64	671
2001:db8:10bb:2ad6::/64	830
2001:db8:10bb:449f::/64	936
2001:db8:10bb:d2a4::/64	863
2001:db8:10bc:7437::/64	43
2001:db8:10bc:ce08::/64	309
2001:db8:10bd:a001::/64	749
2001:db8:10bd:cdc0::/64	837
2001:db8:10be:53aa::/64	889
2001:db8:10bf:834d::/64	7
2001:db8:10bf:83fe::/64	521
2001:db8:10bf:9a15::/64	160
2001:db8:10c0:a0f::/64	438
2001:db8:10c0:28b1::/64	544
2001:db8:10c0:c59b::/64	271
2001:db8:10c1:152b::/64	409
2001:db8:10c1:9740::/64	194
2001:db8:10c1:a065::/64	234
2001:db8:10c1:af95::/64	162
2001:db8:10c2:1470::/64	951
2001:db8:10c2:4303::/64	282
2001:db8:10c2:4f78::/64	672
2001:db8:10c3:1dfb::/64	120
2001:db8:10c3:a6e0::/64	619
2001:db8:10c3:a6ef::/64	223
2001:db8:10c3:d461::/64	566
2001:db8:10c3:da26::/64	654
2001:db8:10c5:27c3::/64	649
2001:db8:10c5:6458::/64	510
2001:db8:10c5:a2ce::/64	279
2001:db8:10c5:d001::/64	89
2001:db8:10c5:d41c::/64	447
2001:db8:10c6:7fe9::/64	866
2001:db8:10c6:a7a6::/64	11
2001:db8:10c6:dc89::/64	694
2001:db8:10c6:f419::/64	180
2001:db8:10c9:dce7::/64	340
2001:db8:10ca:99e2::/64	844
2001:db8:10cb:dbe1::/64	462
2001:db8:10cb:f92a::/64	935
2001:db8:10cc:b591::/64	73
2001:db8:10cd:30b1::/64	349
2001:db8:10cd:6633::/64	341
2001:db8:10cd:96b6::/64	97
2001:db8:10cd:a3c3::/64	574
2001:db8:10ce:4a33::/64	347
2001:db8:10ce:5795::/64	677
2001:db8:10cf:cfbb::/64	255
2001:db8:10d0:a146::/64	532
2001:db8:10d1:1057::/64	434
2001:db8:10d1:3ca7::/64	219
2001:db8:10d1:62ed::/64	313
2001:db8:10d2:ce84::/64	913
2001:db8:10d3:a39a::/64	641
2001:db8:10d3:d203::/64	197
2001:db8:10d4:aa::/64	50
2001:db8:10d4:f363::/64	713
2001:db8:10d5:7329::/64	41
2001:db8:10d6:2afe::/64	72
2001:db8:10d6:35a1::/64	877
2001:db8:10d6:7041::/64	343
2001:db8:10d6:c7dd::/64	155
2001:db8:10d6:eaa7::/64	590
2001:db8:10d6:fef8::/64	519
2001:db8:10d7:99cd::/64	194
2001:db8:10d8:8b15::/64	789
2001:db8:10d8:daa5::/64	581
2001:db8:10d9:2921::/64	205
2001:db8:10d9:55d7::/64	356
2001:db8:10da:770b::/64	920
2001:db8:10da:9981::/64	425
2001:db8:10da:de29::/64	638
2001:db8:10da:e15e::/64	983
2001:db8:10db:acc0::/64	590
2001:db8:10dc:2c9a::/64	314
2001:db8:10dc:8676::/64	326
2001:db8:10dc:b328::/64	610
2001:db8:10dc:d936::/64	806
2001:db8:10dc:e39c::/64	201
2001:db8:10dd:1a8b::/64	664
2001:db8:10dd:8650::/64	83
2001:db8:10dd:e6f4::/64	45
2001:db8:10de:ae0::/64	543
2001:db8:10df:549c::/64	615
2001:db8:10df:e508::/64	945
2001:db8:10df:ebaa::/64	650
2001:db8:10e0:7e84::/64	965
2001:db8:10e0:a98f::/64	441
2001:db8:10e1:221f::/64	294
2001:db8:10e1:2d6b::/64	394
2001:db8:10e1:f64d::/64	821
2001:db8:10e1:fc77::/64	38
2001:db8:10e2:7c8::/64	339
2001:db8:10e2:5e89::/64	504
2001:db8:10e2:c722::/64	941
2001:db8:10e2:cea0::/64	8
2001:db8:10e2:f1c7::/64	231
2001:db8:10e3:25ba::/64	392
2001:db8:10e3:4abf::/64	983
2001:db8:10e3:6baa::/64	119
2001:db8:10e3:9eee::/64	90
2001:db8:10e4:562d::/64	320
2001:db8:10e4:5eda::/64	669
2001:db8:10e5:a45b::/64	195
2001:db8:10e5:c480::/64	149
2001:db8:10e6:33bc::/64	140
2001:db8:10e6:8c9f::/64	680
2001:db8:10e6:a50d::/64	71
2001:db8:10e7:ad32::/64	825
2001:db8:10e7:fea3::/64	697
2001:db8:10e8:4bb::/64	705
2001:db8:10e8:3193::/64	145
2001:db8:10e8:e202::/64	575
2001:db8:10e9:acd5::/64	433
2001:db8:10eb:68d4::/64	592
2001:db8:10ec:b177::/64	241
2001:db8:10ed:2634::/64	162
2001:db8:10ed:924d::/64	708
2001:db8:10ee:7902::/64	551
2001:db8:10ee:9366::/64	226
2001:db8:10ee:be73::/64	422
2001:db8:10ef:1200::/64	859
2001:db8:10ef:164d::/64	403
2001:db8:10ef:9ec5::/64	325
2001:db8:10f0:11fc::/64	941
2001:db8:10f0:b999::/64	545
2001:db8:10f0:c6c4::/64	823
2001:db8:10f1:4640::/64	388
2001:db8:10f1:924a::/64	364
2001:db8:10f2:2e93::/64	707
2001:db8:10f2:4ce6::/64	593
2001:db8:10f2:d7fa::/64	317
2001:db8:10f3:12f1::/64	409
2001:db8:10f3:562e::/64	707
2001:db8:10f3:8a8a::/64	732
2001:db8:10f4:b54::/64	209
2001:db8:10f4:a753::/64	366
2001:db8:10f5:9fb5::/64	475
2001:db8:10f5:b1b3::/64	343
2001:db8:10f5:b292::/64	799
2001:db8:10f6:1a4d::/64	43
2001:db8:10f6:60b3::/64	162
2001:db8:10f7:5852::/64	515
2001:db8:10f7:c01a::/64	627
2001:db8:10f8:311b::/64	94
2001:db8:10f8:6642::/64	160
2001:db8:10f9:34ef::/64	658
2001:db8:10f9:8c53::/64	917
2001:db8:10fb:7cde::/64	40
2001:db8:10fc:20d1::/64	617
2001:db8:10fc:7f19::/64	807
2001:db8:10fd:96e8::/64	189
2001:db8:10fd:e813::/64	711
2001:db8:10fe:284c::/64	60
2001:db8:10fe:5fb3::/64	805
2001:db8:10ff:9cca::/64	722
2001:db8:10ff:a906::/64	34
2001:db8:1100:4dae::/64	118
2001:db8:1100:6bb4::/64	827
2001:db8:1101:1e78::/64	735
2001:db8:1101:600c::/64	45
2001:db8:1101:7cb1::/64	467
2001:db8:1102:dcac::/64	665
2001:db8:1103:91bc::/64	176
2001:db8:1104:d85a::/64	398
2001:db8:1105:6990::/64	555
2001:db8:1105:b0d0::/64	726
2001:db8:1106:378f::/64	906
2001:db8:1106:f0ce::/64	514
2001:db8:1107:2139::/64	402
2001:db8:1107:7197::/64	288
2001:db8:1107:cdc5::/64	813
2001:db8:1108:1487::/64	262
2001:db8:1108:741d::/64	864
2001:db8:1108:9d75::/64	520
2001:db8:1108:c499::/64	559
2001:db8:110a:3014::/64	600
2001:db8:110b:31fc::/64	739
2001:db8:110b:4004::/64	128
2001:db8:110b:ac4e::/64	430
2001:db8:110c:7ac::/64	152
2001:db8:110c:2eb8::/64	204
2001:db8:110c:53f1::/64	229
2001:db8:110c:a6a5::/64	112
2001:db8:110c:b411::/64	365
2001:db8:110c:f3db::/64	164
2001:db8:110d:1fc0::/64	739
2001:db8:110d:5a05::/64	520
2001:db8:110e:33a5::/64	609
2001:db8:110e:9745::/64	816
2001:db8:110f:281c::/64	473
2001:db8:110f:cf9c::/64	309
2001:db8:110f:e8da::/64	708
2001:db8:1110:1f21::/64	889
2001:db8:1111:13f7::/64	380
2001:db8:1111:2890::/64	743
2001:db8:1111:45f2::/64	167
2001:db8:1111:b182::/64	978
2001:db8:1112:1836::/64	358
2001:db8:1112:5138::/64	74
2001:db8:1113:66fb::/64	689
2001:db8:1114:6d3b::/64	792
2001:db8:1114:6d67::/64	298
2001:db8:1114:7727::/64	249
2001:db8:1114:eeea::/64	505
2001:db8:1115:218::/64	896
2001:db8:1115:3b6::/64	878
2001:db8:1115:c41b::/64	667
2001:db8:1115:ce8a::/64	507
2001:db8:1116:2bd::/64	670
2001:db8:1116:a8d::/64	395
2001:db8:1116:3d6f::/64	55
2001:db8:1116:8064::/64	211
2001:db8:1116:ee3f::/64	259
2001:db8:1117:a7::/64	3
2001:db8:1118:1e21::/64	701
2001:db8:1118:3b01::/64	458
2001:db8:1118:830c::/64	937
2001:db8:1118:a032::/64	150
2001:db8:1118:adfd::/64	97
2001:db8:1118:f226::/64	264
2001:db8:1119:bb07::/64	828
2001:db8:1119:d092::/64	931
2001:db8:111a:1c3c::/64	17
2001:db8:111a:933c::/64	29
2001:db8:111a:9b1b::/64	493
2001:db8:111b:b5d5::/64	154
2001:db8:111b:d904::/64	731
2001:db8:111c:47dc::/64	483
2001:db8:111c:8a5f::/64	431
2001:db8:111c:a591::/64	441
2001:db8:111c:aa4e::/64	132
2001:db8:111d:252a::/64	621
2001:db8:111d:5e0f::/64	987
2001:db8:111d:77d1::/64	515
2001:db8:111d:a1f7::/64	843
2001:db8:111e:3da5::/64	641
2001:db8:111e:c833::/64	521
2001:db8:111e:c8dc::/64	423
2001:db8:111f:4763::/64	8
2001:db8:111f:baaf::/64	173
2001:db8:1120:b943::/64	654
2001:db8:1121:7375::/64	930
2001:db8:1121:b0df::/64	405
2001:db8:1121:f705::/64	353
2001:db8:1123:1241::/64	340
2001:db8:1123:2e7c::/64	69
2001:db8:1123:62e5::/64	355
2001:db8:1124:67fc::/64	228
2001:db8:1124:6c92::/64	362
2001:db8:1124:f05a::/64	641
2001:db8:1124:f8c7::/64	177
2001:db8:1126:3784::/64	727
2001:db8:1126:b450::/64	799
2001:db8:1128:ced5::/64	610
2001:db8:1129:315a::/64	605
2001:db8:1129:89f2::/64	959
2001:db8:1129:d298::/64	409
2001:db8:1129:f5ee::/64	943
2001:db8:112b:b598::/64	537
2001:db8:112b:caf5::/64	296
2001:db8:112b:f43c::/64	659
2001:db8:112b:f54b::/64	187
2001:db8:112c:1071::/64	855
2001:db8:112c:b6be::/64	615
2001:db8:112c:e27e::/64	240
2001:db8:112d:8790::/64	206
2001:db8:112f:1002::/64	897
2001:db8:112f:50bb::/64	999
2001:db8:112f:5fe5::/64	716
2001:db8:112f:74d3::/64	469
2001:db8:112f:99e6::/64	695
2001:db8:112f:d757::/64	210
2001:db8:112f:dade::/64	980
2001:db8:1130:f255::/64	502
2001:db8:1131:1eee::/64	743
2001:db8:1131:2273::/64	353
2001:db8:1131:326a::/64	381
2001:db8:1132:d7b::/64	421
2001:db8:1133:7d3d::/64	175
2001:db8:1134:42c::/64	219
2001:db8:1134:16d9::/64	179
2001:db8:1134:542e::/64	842
2001:db8:1134:9c3b::/64	228
2001:db8:1134:a8b1::/64	967
2001:db8:1134:ba65::/64	302
2001:db8:1134:ccc9::/64	173
2001:db8:1135:1182::/64	531
2001:db8:1135:2d38::/64	41
2001:db8:1136:86e8::/64	294
2001:db8:1136:9973::/64	333
2001:db8:1136:af89::/64	691
2001:db8:1136:fc7a::/64	674
2001:db8:1137:485::/64	77
2001:db8:1137:6baf::/64	935
2001:db8:1138:5272::/64	399
2001:db8:1138:a31d::/64	914
2001:db8:1138:ba55::/64	974
2001:db8:1138:e427::/64	244
2001:db8:1139:59b0::/64	711
2001:db8:1139:dc9d::/64	822
2001:db8:113a:79b3::/64	305
2001:db8:113a:efdd::/64	922
2001:db8:113c:8343::/64	276
2001:db8:113c:a2e3::/64	981
2001:db8:113e:5126::/64	703
2001:db8:113e:ad45::/64	475
2001:db8:113f:29b2::/64	304
2001:db8:113f:71c7::/64	563
2001:db8:113f:a9c4::/64	580
2001:db8:1140:6680::/64	277
2001:db8:1140:b509::/64	320
2001:db8:1141:133a::/64	226
2001:db8:1141:3cb3::/64	843
2001:db8:1141:45b6::/64	926
2001:db8:1141:a8bd::/64	634
2001:db8:1142:ac8c::/64	198
2001:db8:1142:cea1::/64	435
2001:db8:1142:ceba::/64	929
2001:db8:1143:4951::/64	815
2001:db8:1143:51b8::/64	820
2001:db8:1144:1132::/64	362
2001:db8:1144:2972::/64	806
2001:db8:1145:3287::/64	125
2001:db8:1145:b03f::/64	518
2001:db8:1145:f435::/64	798
2001:db8:1145:f9b0::/64	204
2001:db8:1146:4be4::/64	826
2001:db8:1148:26b2::/64	562
2001:db8:1148:c428::/64	700
2001:db8:1148:e61f::/64	259
2001:db8:1149:4543::/64	824
2001:db8:1149:b0ae::/64	195
2001:db8:1149:b32a::/64	405
2001:db8:1149:b704::/64	492
2001:db8:114b:b9e5::/64	322
2001:db8:114c:346f::/64	764
2001:db8:114d:7a85::/64	477
2001:db8:114d:e5b4::/64	28
2001:db8:114e:d54::/64	947
2001:db8:114e:910a::/64	463
2001:db8:114e:da97::/64	904
2001:db8:114e:f33f::/64	207
2001:db8:114f:8059::/64	880
2001:db8:114f:a7d4::/64	929
2001:db8:114f:e2c9::/64	32
2001:db8:1150:3484::/64	196
2001:db8:1150:771e::/64	92
2001:db8:1150:ebac::/64	956
2001:db8:1151:ed5c::/64	136
2001:db8:1151:f737::/64	244
2001:db8:1152:5216::/64	16
2001:db8:1153:e320::/64	259
2001:db8:1153:e6c1::/64	634
2001:db8:1153:f2ed::/64	855
2001:db8:1154:c70::/64	61
2001:db8:1154:483e::/64	429
2001:db8:1154:8255::/64	916
2001:db8:1154:a187::/64	547
2001:db8:1154:c1dc::/64	702
2001:db8:1154:e525::/64	549
2001:db8:1154:fcfd::/64	39
2001:db8:1155:158e::/64	618
2001:db8:1156:426a::/64	88
2001:db8:1156:602f::/64	131
2001:db8:1156:ebf3::/64	480
2001:db8:1157:2e69::/64	8
2001:db8:1157:b1b9::/64	883
2001:db8:1157:e90a::/64	470
2001:db8:1158:684a::/64	851
2001:db8:1159:6632::/64	14
2001:db8:1159:b177::/64	73
2001:db8:115a:c1a8::/64	73
2001:db8:115b:8ec3::/64	544
2001:db8:115b:b8d4::/64	937
2001:db8:115c:5d85::/64	104
2001:db8:115c:b50e::/64	697
2001:db8:115d:160::/64	195
2001:db8:115d:2115::/64	837
2001:db8:115d:bd4c::/64	467
2001:db8:115d:c9d6::/64	401
2001:db8:115e:7a37::/64	499
2001:db8:115e:840f::/64	200
2001:db8:115e:daac::/64	597
2001:db8:115e:fe25::/64	123
2001:db8:115f:9783::/64	467
2001:db8:115f:effc::/64	388
2001:db8:1160:fc61::/64	650
2001:db8:1161:efbe::/64	355
2001:db8:1162:63d9::/64	417
2001:db8:1162:bfb9::/64	182
2001:db8:1163:623b::/64	688
2001:db8:1164:1d08::/64	285
2001:db8:1164:2d06::/64	343
2001:db8:1164:37e4::/64	701
2001:db8:1164:7ff0::/64	157
2001:db8:1164:8881::/64	195
2001:db8:1164:9fdc::/64	230
2001:db8:1164:a7df::/64	3
2001:db8:1165:17ff::/64	268
2001:db8:1165:1f54::/64	772
2001:db8:1165:4e61::/64	9
2001:db8:1165:5b93::/64	804
2001:db8:1165:bdf4::/64	946
2001:db8:1165:d6b9::/64	557
2001:db8:1166:5e3c::/64	402
2001:db8:1167:16be::/64	631
2001:db8:1167:662d::/64	585
2001:db8:1167:962d::/64	108
2001:db8:1167:a63e::/64	345
2001:db8:1167:b955::/64	621
2001:db8:1167:d6c6::/64	709
2001:db8:1167:de1a::/64	181
2001:db8:1168:c8d7::/64	515
2001:db8:1169:3a33::/64	692
2001:db8:116a:368d::/64	195
2001:db8:116a:a74e::/64	728
2001:db8:116a:c846::/64	349
2001:db8:116a:cb28::/64	728
2001:db8:116a:f902::/64	216
2001:db8:116c:2440::/64	848
2001:db8:116c:2d33::/64	848
2001:db8:116c:37b0::/64	490
2001:db8:116c:8b5f::/64	513
2001:db8:116c:fd7a::/64	488
2001:db8:116d:678a::/64	164
2001:db8:116d:ea43::/64	119
2001:db8:116d:edec::/64	89
2001:db8:116e:10d8::/64	89
2001:db8:116e:996c::/64	999
2001:db8:116e:edb0::/64	924
2001:db8:116f:437b::/64	512
2001:db8:116f:b5a5::/64	771
2001:db8:116f:eb7f::/64	422
2001:db8:1170:19d9::/64	555
2001:db8:1170:27ee::/64	385
2001:db8:1170:b702::/64	159
2001:db8:1171:bfb::/64	101
2001:db8:1171:6426::/64	859
2001:db8:1171:8156::/64	536
2001:db8:1171:b5bd::/64	46
2001:db8:1171:ffb5::/64	578
2001:db8:1172:4b2c::/64	980
2001:db8:1172:7a04::/64	381
2001:db8:1173:1cae::/64	347
2001:db8:1173:3b90::/64	251
2001:db8:1173:d9f8::/64	316
2001:db8:1174:65b4::/64	137
2001:db8:1174:8d81::/64	515
2001:db8:1175:1004::/64	457
2001:db8:1175:70ec::/64	676
2001:db8:1175:b833::/64	978
2001:db8:1175:ff7e::/64	505
2001:db8:1176:d97::/64	418
2001:db8:1176:c661::/64	120
2001:db8:1177:9ca5::/64	567
2001:db8:1178:141c::/64	662
2001:db8:1178:3787::/64	215
2001:db8:1178:c1ce::/64	728
2001:db8:1178:d3ee::/64	299
2001:db8:1178:dc8e::/64	348
2001:db8:1178:ed70::/64	870
2001:db8:1179:8070::/64	425
2001:db8:1179:903b::/64	601
2001:db8:117a:c30f::/64	94
2001:db8:117b:e9a9::/64	280
2001:db8:117c:4bf9::/64	688
2001:db8:117c:9db0::/64	491
2001:db8:117c:b2db::/64	453
2001:db8:117c:b864::/64	826
2001:db8:117d:6f3e::/64	368
2001:db8:117d:c1c7::/64	122
2001:db8:117e:2c2f::/64	235
2001:db8:117e:670d::/64	238
2001:db8:117e:9d6f::/64	791
2001:db8:117f:5b70::/64	212
2001:db8:117f:8291::/64	288
2001:db8:117f:a61e::/64	514
2001:db8:1180:ec1d::/64	32
2001:db8:1180:feb2::/64	588
2001:db8:1181:6862::/64	406
2001:db8:1181:7197::/64	488
2001:db8:1181:ba80::/64	551
2001:db8:1181:c009::/64	978
2001:db8:1182:1e43::/64	807
2001:db8:1182:584f::/64	501
2001:db8:1182:6f3e::/64	978
2001:db8:1182:d688::/64	995
2001:db8:1183:d83e::/64	965
2001:db8:1184:1f8d::/64	327
2001:db8:1184:4547::/64	650
2001:db8:1184:87e4::/64	772
2001:db8:1185:2c82::/64	185
2001:db8:1185:f17e::/64	866
2001:db8:1186:5725::/64	875
2001:db8:1187:917::/64	945
2001:db8:1187:5dfb::/64	697
2001:db8:1188:c3d::/64	476
2001:db8:1189:1d81::/64	225
2001:db8:1189:61c7::/64	336
2001:db8:1189:9bd1::/64	10
2001:db8:118b:157::/64	713
2001:db8:118b:4e30::/64	946
2001:db8:118b:a658::/64	336
2001:db8:118b:df90::/64	232
2001:db8:118c:8ba::/64	633
2001:db8:118c:44e8::/64	936
2001:db8:118d:43ce::/64	413
2001:db8:118d:8c90::/64	195
2001:db8:118d:cc3e::/64	224
2001:db8:118e:f276::/64	146
2001:db8:1190:791::/64	858
2001:db8:1190:7c32::/64	663
2001:db8:1191:17b7::/64	837
2001:db8:1191:5270::/64	456
2001:db8:1191:7112::/64	349
2001:db8:1191:99fb::/64	496
2001:db8:1192:59a4::/64	817
2001:db8:1192:cb9c::/64	245
2001:db8:1193:d909::/64	133
2001:db8:1194:a956::/64	489
2001:db8:1194:cb58::/64	592
2001:db8:1194:cfbf::/64	313
2001:db8:1195:8310::/64	950
2001:db8:1196:323::/64	978
2001:db8:1196:48bd::/64	932
2001:db8:1196:555f::/64	354
2001:db8:1196:8282::/64	568
2001:db8:1197:475d::/64	337
2001:db8:1198:8f1::/64	834
2001:db8:1198:26df::/64	106
2001:db8:1198:9ab4::/64	988
2001:db8:119a:2a53::/64	688
2001:db8:119a:d23e::/64	572
2001:db8:119b:61f::/64	521
2001:db8:119b:2a94::/64	917
2001:db8:119b:4123::/64	525
2001:db8:119b:59f2::/64	708
2001:db8:119b:fd63::/64	503
2001:db8:119c:1d49::/64	224
2001:db8:119c:24e7::/64	375
2001:db8:119d:1b93::/64	441
2001:db8:119d:1c89::/64	477
2001:db8:119d:f1d6::/64	585
2001:db8:119e:10cc::/64	630
2001:db8:119f:5da9::/64	486
2001:db8:119f:9ded::/64	794
2001:db8:11a0:8776::/64	632
2001:db8:11a0:9fd8::/64	423
2001:db8:11a2:35f5::/64	323
2001:db8:11a2:4764::/64	127
2001:db8:11a2:4b44::/64	215
2001:db8:11a2:8e02::/64	985
2001:db8:11a3:7862::/64	156
2001:db8:11a3:9117::/64	447
2001:db8:11a3:9b64::/64	973
2001:db8:11a3:b1c3::/64	349
2001:db8:11a4:270::/64	998
2001:db8:11a4:1679::/64	923
2001:db8:11a4:38ce::/64	722
2001:db8:11a4:4929::/64	568
2001:db8:11a6:1017::/64	679
2001:db8:11a6:1bdf::/64	77
2001:db8:11a6:3674::/64	227
2001:db8:11a6:6dfa::/64	534
2001:db8:11a6:7055::/64	387
2001:db8:11a6:b9d5::/64	355
2001:db8:11a7:83dc::/64	583
2001:db8:11a7:bed5::/64	40
2001:db8:11a9:8a5c::/64	937
2001:db8:11aa:d75::/64	118
2001:db8:11aa:6a29::/64	185
2001:db8:11aa:ced0::/64	550
2001:db8:11ab:6fd4::/64	863
2001:db8:11ab:b99b::/64	746
2001:db8:11ac:188::/64	153
2001:db8:11ac:5ac0::/64	745
2001:db8:11ac:9ecf::/64	412
2001:db8:11ad:20e7::/64	702
2001:db8:11ad:4809::/64	517
2001:db8:11ae:200b::/64	202
2001:db8:11ae:468d::/64	425
2001:db8:11ae:9c3b::/64	416
2001:db8:11ae:f864::/64	582
2001:db8:11af:cd2::/64	408
2001:db8:11af:1930::/64	981
2001:db8:11af:45ec::/64	923
2001:db8:11b0:30cb::/64	422
2001:db8:11b0:714e::/64	623
2001:db8:11b0:bb3f::/64	974
2001:db8:11b1:2e84::/64	976
2001:db8:11b1:4efd::/64	46
2001:db8:11b1:fdb3::/64	629
2001:db8:11b2:30ee::/64	695
2001:db8:11b2:cd9f::/64	836
2001:db8:11b3:c02a::/64	395
2001:db8:11b3:c42d::/64	800
2001:db8:11b4:f02::/64	816
2001:db8:11b4:742d::/64	136
2001:db8:11b4:e97e::/64	434
2001:db8:11b5:b6f::/64	397
2001:db8:11b5:7615::/64	157
2001:db8:11b5:c8e6::/64	778
2001:db8:11b6:cd77::/64	432
2001:db8:11b6:ec2c::/64	317
2001:db8:11b7:340f::/64	871
2001:db8:11b8:b204::/64	237
2001:db8:11b8:cc26::/64	743
2001:db8:11b9:5895::/64	410
2001:db8:11b9:d170::/64	673
2001:db8:11ba:25eb::/64	232
2001:db8:11bb:2f2b::/64	487
2001:db8:11bb:68f7::/64	288
2001:db8:11bc:3ef7::/64	132
2001:db8:11bc:6509::/64	438
2001:db8:11bd:2f31::/64	871
2001:db8:11bd:3ff8::/64	349
2001:db8:11bd:b984::/64	598
2001:db8:11be:b68d::/64	841
2001:db8:11c0:7234::/64	161
2001:db8:11c0:9838::/64	110
2001:db8:11c0:b453::/64	607
2001:db8:11c0:cbb7::/64	73
2001:db8:11c1:980::/64	746
2001:db8:11c1:2958::/64	172
2001:db8:11c1:981d::/64	425
2001:db8:11c1:c454::/64	457
2001:db8:11c1:cc81::/64	936
2001:db8:11c1:dcf6::/64	459
2001:db8:11c2:1f1e::/64	127
2001:db8:11c3:67bc::/64	340
2001:db8:11c3:948d::/64	283
2001:db8:11c3:a4e5::/64	915
2001:db8:11c3:a721::/64	600
2001:db8:11c3:c712::/64	95
2001:db8:11c3:d023::/64	782
2001:db8:11c4:bf3f::/64	220
2001:db8:11c4:f2c3::/64	391
2001:db8:11c5:23fb::/64	910
2001:db8:11c5:2958::/64	664
2001:db8:11c5:88eb::/64	817
2001:db8:11c5:9b23::/64	81
2001:db8:11c5:9bd6::/64	524
2001:db8:11c6:f543::/64	937
2001:db8:11c7:21ec::/64	924
2001:db8:11c7:3a7a::/64	3
2001:db8:11c7:c97d::/64	149
2001:db8:11c8:1221::/64	398
2001:db8:11c8:c8d5::/64	209
2001:db8:11ca:9402::/64	959
2001:db8:11ca:d75b::/64	982
2001:db8:11cb:6151::/64	615
2001:db8:11cb:aba4::/64	118
2001:db8:11cc:3bc3::/64	267
2001:db8:11cc:8351::/64	971
2001:db8:11cd:9ac8::/64	198
2001:db8:11cd:ed55::/64	706
2001:db8:11ce:4c5e::/64	49
2001:db8:11ce:7bd5::/64	506
2001:db8:11ce:9a88::/64	271
2001:db8:11ce:cc70::/64	924
2001:db8:11ce:d02e::/64	1
2001:db8:11cf:a9c8::/64	633
2001:db8:11d0::/48	373
2001:db8:11d1:180f::/64	411
2001:db8:11d1:7dfd::/64	516
2001:db8:11d1:b226::/64	454
2001:db8:11d2:57f5::/64	216
2001:db8:11d3:7552::/64	220
2001:db8:11d4:2468::/64	594
2001:db8:11d4:a66e::/64	676
2001:db8:11d5:239a::/64	668
2001:db8:11d6:1cf2::/64	217
2001:db8:11d6:4f1d::/64	63
2001:db8:11d6:6fd7::/64	684
2001:db8:11d6:f9ef::/64	77
2001:db8:11d7:3654::/64	101
2001:db8:11d7:9af1::/64	419
2001:db8:11d7:b2df::/64	922
2001:db8:11d8:68b4::/64	961
2001:db8:11d8:7aec::/64	505
2001:db8:11d9:3c9d::/64	463
2001:db8:11d9:48c6::/64	229
2001:db8:11d9:5e95::/64	701
2001:db8:11d9:f10b::/64	143
2001:db8:11da:6e8e::/64	174
2001:db8:11da:b6bf::/64	121
2001:db8:11db:8a07::/64	104
2001:db8:11dc:38a0::/64	657
2001:db8:11dc:9670::/64	852
2001:db8:11dc:b395::/64	815
2001:db8:11dd:805a::/64	274
2001:db8:11dd:e344::/64	829
2001:db8:11de:f3c5::/64	886
2001:db8:11df:83b5::/64	325
2001:db8:11df:d5e1::/64	233
2001:db8:11e0:6349::/64	897
2001:db8:11e0:8e51::/64	925
2001:db8:11e1:10::/64	767
2001:db8:11e1:1007::/64	910
2001:db8:11e1:1a50::/64	756
2001:db8:11e1:ab03::/64	527
2001:db8:11e2:5c1e::/64	818
2001:db8:11e2:917e::/64	707
2001:db8:11e2:990c::/64	303
2001:db8:11e3:2290::/64	70
2001:db8:11e4:679f::/64	553
2001:db8:11e5:d6ff::/64	948
2001:db8:11e6:f09::/64	110
2001:db8:11e6:3392::/64	83
2001:db8:11e6:7e24::/64	508
2001:db8:11e7:7c::/64	64
2001:db8:11e7:2cf0::/64	556
2001:db8:11e7:35ae::/64	906
2001:db8:11e7:908c::/64	558
2001:db8:11e7:d871::/64	17
2001:db8:11e8:14c9::/64	770
2001:db8:11e8:3247::/64	695
2001:db8:11e8:964b::/64	985
2001:db8:11e8:c6e5::/64	748
2001:db8:11e8:fc34::/64	962
2001:db8:11e9:84bd::/64	645
2001:db8:11e9:a73a::/64	277
2001:db8:11ea:6fe9::/64	914
2001:db8:11ea:9d49::/64	846
2001:db8:11ea:b5f9::/64	403
2001:db8:11eb:40eb::/64	815
2001:db8:11eb:6809::/64	399
2001:db8:11eb:cb18::/64	649
2001:db8:11ec::/48	82
2001:db8:11ed:2ab2::/64	683
2001:db8:11ed:3d8d::/64	398
2001:db8:11ed:48ff::/64	767
2001:db8:11ee:6600::/64	827
2001:db8:11f0:bb87::/64	580
2001:db8:11f0:cc39::/64	983
2001:db8:11f1:3f4f::/64	929
2001:db8:11f1:c26f::/64	530
2001:db8:11f2:2015::/64	449
2001:db8:11f2:2884::/64	553
2001:db8:11f2:9897::/64	487
2001:db8:11f3:b1a::/64	126
2001:db8:11f3:72c4::/64	956
2001:db8:11f3:8926::/64	689
2001:db8:11f4:ca14::/64	178
2001:db8:11f5:e4b5::/64	20
2001:db8:11f8:1e2f::/64	535
2001:db8:11f8:4025::/64	48
2001:db8:11f9:fc94::/64	630
2001:db8:11fa:bbfd::/64	516
2001:db8:11fa:c9fc::/64	246
2001:db8:11fb:24ca::/64	426
2001:db8:11fb:287f::/64	462
2001:db8:11fb:2a23::/64	492
2001:db8:11fb:cff7::/64	121
2001:db8:11fc:1b82::/64	719
2001:db8:11fc:1f10::/64	211
2001:db8:11fc:8e1b::/64	48
2001:db8:11fc:938e::/64	126
2001:db8:11fc:9736::/64	547
2001:db8:11fc:bfb1::/64	982
2001:db8:11fd:9a24::/64	348
2001:db8:11fe:6e8::/64	277
2001:db8:11fe:17de::/64	963
2001:db8:11fe:2786::/64	627
2001:db8:11fe:33a0::/64	900
2001:db8:11fe:55a1::/64	469
2001:db8:11fe:5799::/64	459
2001:db8:11fe:a02a::/64	448
2001:db8:11fe:c576::/64	991
2001:db8:11ff:2278::/64	994
2001:db8:11ff:2395::/64	670
2001:db8:11ff:2501::/64	801
2001:db8:11ff:565b::/64	282
2001:db8:11ff:cf25::/64	574
2001:db8:1200:3145::/64	518
2001:db8:1200:a517::/64	347
2001:db8:1201:4543::/64	665
2001:db8:1202:fd7f::/64	84
2001:db8:1204:a5e5::/64	554
2001:db8:1205:3a37::/64	55
2001:db8:1205:8b65::/64	383
2001:db8:1205:8e21::/64	9
2001:db8:1206:7e1b::/64	779
2001:db8:1206:837e::/64	584
2001:db8:1206:a75b::/64	318
2001:db8:1206:ef84::/64	650
2001:db8:1207:210e::/64	617
2001:db8:1207:e3f0::/64	167
2001:db8:1209:8350::/64	875
2001:db8:120b:47ff::/64	304
2001:db8:120b:c93b::/64	101
2001:db8:120c:acee::/64	746
2001:db8:120c:f3de::/64	570
2001:db8:120d:19c3::/64	897
2001:db8:120d:d03c::/64	392
2001:db8:120e:ab5a::/64	224
2001:db8:120e:e535::/64	849
2001:db8:120e:edfc::/64	509
2001:db8:120f:8fc1::/64	528
2001:db8:120f:c421::/64	552
2001:db8:1210:474e::/64	226
2001:db8:1210:48b0::/64	185
2001:db8:1210:6d3a::/64	862
2001:db8:1210:7539::/64	785
2001:db8:1211:325b::/64	371
2001:db8:1211:76c5::/64	234
2001:db8:1211:7bda::/64	79
2001:db8:1211:7d6c::/64	535
2001:db8:1212:673e::/64	897
2001:db8:1212:f2ce::/64	855
2001:db8:1213:224d::/64	293
2001:db8:1213:54e9::/64	908
2001:db8:1213:9189::/64	169
2001:db8:1214:2612::/64	250
2001:db8:1214:3f31::/64	847
2001:db8:1214:7a09::/64	740
2001:db8:1214:949f::/64	168
2001:db8:1214:99ab::/64	351
2001:db8:1214:f008::/64	354
2001:db8:1215:883f::/64	243
2001:db8:1215:942e::/64	591
2001:db8:1216:403::/64	554
2001:db8:1216:464e::/64	804
2001:db8:1216:4b87::/64	534
2001:db8:1216:54b0::/64	82
2001:db8:1216:7c32::/64	81
2001:db8:1217:18c7::/64	790
2001:db8:1217:a69a::/64	703
2001:db8:1218:1d72::/64	461
2001:db8:1218:2a55::/64	391
2001:db8:1218:472c::/64	187
2001:db8:1218:5180::/64	891
2001:db8:1218:a900::/64	414
2001:db8:1219:9100::/64	398
2001:db8:1219:d944::/64	527
2001:db8:121a:254::/64	366
2001:db8:121a:dc6::/64	245
2001:db8:121a:3154::/64	379
2001:db8:121a:5f23::/64	575
2001:db8:121a:aa9e::/64	710
2001:db8:121a:f0d1::/64	182
2001:db8:121b:8ca8::/64	544
2001:db8:121b:a8b4::/64	464
2001:db8:121c:649::/64	974
2001:db8:121c:5f4f::/64	748
2001:db8:121c:b355::/64	261
2001:db8:121c:e086::/64	353
2001:db8:121d:1f36::/64	20
2001:db8:121d:2fa8::/64	6
2001:db8:121d:915f::/64	717
2001:db8:121d:9224::/64	770
2001:db8:121d:a56a::/64	794
2001:db8:121d:fbbf::/64	614
2001:db8:121e:13c3::/64	193
2001:db8:121e:85b4::/64	472
2001:db8:121f:4306::/64	537
2001:db8:1220:3e35::/64	437
2001:db8:1220:b690::/64	782
2001:db8:1221:35da::/64	856
2001:db8:1221:a6d1::/64	843
2001:db8:1222:7cf6::/64	52
2001:db8:1222:81c4::/64	374
2001:db8:1222:9ab1::/64	147
2001:db8:1222:d5cf::/64	776
2001:db8:1222:eab6::/64	243
2001:db8:1223:44f0::/64	660
2001:db8:1223:f857::/64	884
2001:db8:1224:a0b::/64	714
2001:db8:1224:96cd::/64	255
2001:db8:1225:2784::/64	572
2001:db8:1225:9c80::/64	940
2001:db8:1226:c097::/64	725
2001:db8:1227:49c7::/64	777
2001:db8:1227:5913::/64	482
2001:db8:1227:72de::/64	295
2001:db8:1227:bc6e::/64	707
2001:db8:1228:3d51::/64	131
2001:db8:1228:67ef::/64	90
2001:db8:1228:80ad::/64	797
2001:db8:1228:cba8::/64	985
2001:db8:1229:1864::/64	13
2001:db8:1229:294d::/64	414
2001:db8:1229:acda::/64	758
2001:db8:122a:29e::/64	717
2001:db8:122a:18a4::/64	943
2001:db8:122a:3a26::/64	433
2001:db8:122b:9585::/64	620
2001:db8:122c:1373::/64	334
2001:db8:122c:d033::/64	11
2001:db8:122d:91c8::/64	826
2001:db8:122f:66f2::/64	460
2001:db8:1230:727c::/64	759
2001:db8:1231:3db::/64	637
2001:db8:1232:3bd5::/64	849
2001:db8:1232:8d94::/64	28
2001:db8:1233:78b1::/64	108
2001:db8:1233:da0b::/64	80
2001:db8:1234:9fd::/64	826
2001:db8:1234:84d6::/64	756
2001:db8:1235:32c0::/64	490
2001:db8:1235:4a07::/64	145
2001:db8:1235:bedd::/64	48
2001:db8:1236:b8d1::/64	617
2001:db8:1237:98ed::/64	32
2001:db8:1238:66e1::/64	155
2001:db8:1238:8ae1::/64	274
2001:db8:1239:1602::/64	626
2001:db8:1239:23b2::/64	110
2001:db8:1239:24c2::/64	969
2001:db8:123a:194::/64	466
2001:db8:123a:5ce5::/64	318
2001:db8:123a:df2c::/64	458
2001:db8:123a:e230::/64	134
2001:db8:123c:12c8::/64	305
2001:db8:123c:2530::/64	78
2001:db8:123c:2683::/64	388
2001:db8:123c:4c2f::/64	858
2001:db8:123c:63d3::/64	674
2001:db8:123c:d7a7::/64	650
2001:db8:123d:6c32::/64	362
2001:db8:123d:7a19::/64	373
2001:db8:123e:aac7::/64	333
2001:db8:123e:e433::/64	35
2001:db8:123f:a004::/64	524
2001:db8:123f:b958::/64	844
2001:db8:1240:66d9::/64	285
2001:db8:1240:7d3e::/64	625
2001:db8:1240:a6b5::/64	761
2001:db8:1240:b4ee::/64	113
2001:db8:1241:20b0::/64	790
2001:db8:1241:f44b::/64	478
2001:db8:1242:8c2::/64	458
2001:db8:1242:5e25::/64	614
2001:db8:1242:9bcc::/64	87
2001:db8:1242:bf5c::/64	640
2001:db8:1242:d19a::/64	134
2001:db8:1243:f0a4::/64	524
2001:db8:1244:4e84::/64	572
2001:db8:1244:85aa::/64	69
2001:db8:1244:bb4e::/64	175
2001:db8:1246:b89::/64	367
2001:db8:1246:317e::/64	322
2001:db8:1246:38f2::/64	270
2001:db8:1246:fc2a::/64	697
2001:db8:1247:4518::/64	595
2001:db8:1248:532d::/64	975
2001:db8:1248:5e40::/64	145
2001:db8:1249:65a9::/64	354
2001:db8:1249:bf47::/64	65
2001:db8:1249:e1f7::/64	683
2001:db8:1249:ea12::/64	167
2001:db8:124a:1dd7::/64	794
2001:db8:124a:2a24::/64	12
2001:db8:124a:7875::/64	326
2001:db8:124a:8d2b::/64	429
2001:db8:124a:9cea::/64	431
2001:db8:124a:e3d8::/64	357
2001:db8:124b:cfa::/64	581
2001:db8:124b:d8a::/64	880
2001:db8:124b:8284::/64	333
2001:db8:124b:a2d1::/64	151
2001:db8:124c:1d92::/64	97
2001:db8:124c:4bcd::/64	729
2001:db8:124c:c253::/64	160
2001:db8:124d:fc9::/64	866
2001:db8:124d:3db1::/64	409
2001:db8:124d:50c7::/64	411
2001:db8:124d:70cf::/64	534
2001:db8:124e:25::/64	512
2001:db8:124e:45d9::/64	694
2001:db8:124e:a578::/64	415
2001:db8:124e:bf37::/64	316
2001:db8:124f:c0::/64	361
2001:db8:124f:53e::/64	678
2001:db8:124f:1021::/64	88
2001:db8:124f:52b8::/64	66
2001:db8:124f:5749::/64	319
2001:db8:124f:ab5f::/64	779
2001:db8:1250:42f6::/64	118
2001:db8:1251:f6c::/64	298
2001:db8:1251:2753::/64	257
2001:db8:1251:666d::/64	157
2001:db8:1252:ffc::/64	149
2001:db8:1252:24ce::/64	186
2001:db8:1252:491b::/64	927
2001:db8:1252:b8de::/64	656
2001:db8:1252:d39e::/64	304
2001:db8:1253:619b::/64	229
2001:db8:1253:cbcf::/64	889
2001:db8:1254:828::/64	60
2001:db8:1254:ab5b::/64	552
2001:db8:1254:b8f1::/64	66
2001:db8:1254:cb1e::/64	615
2001:db8:1255:4f02::/64	548
2001:db8:1255:ebb8::/64	12
2001:db8:1256:3858::/64	607
2001:db8:1256:62bb::/64	793
2001:db8:1257:964b::/64	929
2001:db8:1257:b148::/64	837
2001:db8:1258:27ef::/64	104
2001:db8:1258:450c::/64	94
2001:db8:1258:a38f::/64	461
2001:db8:1258:cf23::/64	978
2001:db8:1258:d23c::/64	769
2001:db8:1259:1da2::/64	571
2001:db8:1259:26bd::/64	292
2001:db8:1259:2c0d::/64	824
2001:db8:1259:8a9a::/64	580
2001:db8:1259:99f3::/64	526
2001:db8:1259:a78f::/64	918
2001:db8:1259:c74b::/64	299
2001:db8:1259:f0c6::/64	460
2001:db8:125a:dd06::/64	118
2001:db8:125b:700e::/64	811
2001:db8:125b:9295::/64	587
2001:db8:125b:b559::/64	144
2001:db8:125b:b79f::/64	166
2001:db8:125b:cd0c::/64	530
2001:db8:125c:41a0::/64	359
2001:db8:125c:a5cb::/64	551
2001:db8:125c:c1fa::/64	354
2001:db8:125d:186e::/64	915
2001:db8:125d:78fb::/64	770
2001:db8:125d:7955::/64	69
2001:db8:125d:fb54::/64	291
2001:db8:125e:7d04::/64	269
2001:db8:125f:447c::/64	149
2001:db8:125f:bba9::/64	738
2001:db8:1260:6bf4::/64	60
2001:db8:1260:9e61::/64	727
2001:db8:1260:a15d::/64	99
2001:db8:1261:1cbd::/64	667
2001:db8:1261:5a57::/64	685
2001:db8:1261:6117::/64	382
2001:db8:1261:7bd2::/64	367
2001:db8:1261:aff7::/64	687
2001:db8:1261:c26d::/64	501
2001:db8:1262:342e::/64	420
2001:db8:1262:5aa9::/64	340
2001:db8:1262:b7a8::/64	700
2001:db8:1262:eefc::/64	329
2001:db8:1263:639c::/64	528
2001:db8:1263:8ca6::/64	966
2001:db8:1263:ec3a::/64	668
2001:db8:1264:11fb::/64	129
2001:db8:1264:7842::/64	302
2001:db8:1264:9a74::/64	305
2001:db8:1264:9dfa::/64	646
2001:db8:1264:d72d::/64	61
2001:db8:1265:b334::/64	229
2001:db8:1265:b934::/64	375
2001:db8:1265:bccf::/64	436
2001:db8:1266:28b4::/64	853
2001:db8:1266:6483::/64	719
2001:db8:1266:b582::/64	466
2001:db8:1266:c208::/64	417
2001:db8:1267:487::/64	900
2001:db8:1267:a06::/64	808
2001:db8:1267:47e7::/64	620
2001:db8:1267:561d::/64	343
2001:db8:1268:3275::/64	986
2001:db8:1268:c369::/64	170
2001:db8:1269:1816::/64	397
2001:db8:1269:7a1b::/64	750
2001:db8:126a:4ba::/64	885
2001:db8:126a:7a10::/64	696
2001:db8:126b:fed::/64	107
2001:db8:126b:5301::/64	628
2001:db8:126b:b731::/64	538
2001:db8:126c:245::/64	526
2001:db8:126d:e35::/64	960
2001:db8:126d:4dcc::/64	350
2001:db8:126e:46a3::/64	247
2001:db8:126e:836c::/64	436
2001:db8:126f:a8fa::/64	496
2001:db8:1270:ccb1::/64	558
2001:db8:1270:d7df::/64	32
2001:db8:1270:d823::/64	422
2001:db8:1271:4702::/64	590
2001:db8:1271:6503::/64	719
2001:db8:1271:88cc::/64	78
2001:db8:1271:a876::/64	77
2001:db8:1271:d380::/64	913
2001:db8:1273:c081::/64	346
2001:db8:1273:c8ab::/64	15
2001:db8:1273:d8ee::/64	309
2001:db8:1274:69e7::/64	640
2001:db8:1275:3a4b::/64	63
2001:db8:1276:104e::/64	664
2001:db8:1276:b460::/64	728
2001:db8:1276:bf2d::/64	908
2001:db8:1276:ecaa::/64	245
2001:db8:1279:30fb::/64	837
2001:db8:1279:ad29::/64	558
2001:db8:1279:bafc::/64	61
2001:db8:127a:42ba::/64	969
2001:db8:127a:6d66::/64	485
2001:db8:127a:7546::/64	771
2001:db8:127b:1b35::/64	690
2001:db8:127d:4184::/64	906
2001:db8:127d:ddd5::/64	411
2001:db8:127e:3be5::/64	619
2001:db8:127e:f1e9::/64	606
2001:db8:127f:9cc3::/64	361
2001:db8:127f:c701::/64	384
2001:db8:1280:1e3c::/64	517
2001:db8:1280:4d47::/64	327
2001:db8:1280:812d::/64	183
2001:db8:1282:2a40::/64	813
2001:db8:1282:34b5::/64	230
2001:db8:1282:6125::/64	539
2001:db8:1282:7b68::/64	909
2001:db8:1282:aee9::/64	243
2001:db8:1282:d2bf::/64	582
2001:db8:1283:6325::/64	340
2001:db8:1283:8268::/64	28
2001:db8:1283:b95a::/64	388
2001:db8:1283:faa4::/64	788
2001:db8:1285:2613::/64	156
2001:db8:1285:356c::/64	152
2001:db8:1285:4574::/64	931
2001:db8:1285:46fb::/64	839
2001:db8:1285:9e0c::/64	695
2001:db8:1285:a235::/64	920
2001:db8:1286:44ce::/64	142
2001:db8:1286:f659::/64	25
2001:db8:1287:a707::/64	957
2001:db8:1288:196a::/64	755
2001:db8:1288:3fd4::/64	706
2001:db8:1288:9153::/64	303
2001:db8:1289:1056::/64	117
2001:db8:1289:4a02::/64	792
2001:db8:1289:59b1::/64	773
2001:db8:1289:73d1::/64	259
2001:db8:128a:d42c::/64	36
2001:db8:128a:ea73::/64	22
2001:db8:128b:1e8d::/64	243
2001:db8:128b:6c84::/64	447
2001:db8:128c:613a::/64	572
2001:db8:128c:97f1::/64	607
2001:db8:128d:8c8e::/64	904
2001:db8:128d:8dfd::/64	883
2001:db8:128e:1ec5::/64	140
2001:db8:128e:65c6::/64	906
2001:db8:128e:9189::/64	489
2001:db8:128f:2f6d::/64	585
2001:db8:128f:87cc::/64	108
2001:db8:128f:d15f::/64	598
2001:db8:128f:da63::/64	886
2001:db8:1290:2aae::/64	518
2001:db8:1290:4070::/64	774
2001:db8:1290:7629::/64	496
2001:db8:1291:68c5::/64	764
2001:db8:1291:71ed::/64	440
2001:db8:1291:96b5::/64	57
2001:db8:1291:c7cc::/64	565
2001:db8:1292:3146::/64	153
2001:db8:1292:4d67::/64	418
2001:db8:1292:a8ef::/64	388
2001:db8:1292:b937::/64	322
2001:db8:1293:80e9::/64	20
2001:db8:1293:d31c::/64	319
2001:db8:1295:5950::/64	853
2001:db8:1295:f015::/64	269
2001:db8:1296:1a24::/64	971
2001:db8:1296:de28::/64	171
2001:db8:1297:2da7::/64	893
2001:db8:1298:5e78::/64	902
2001:db8:1298:732b::/64	142
2001:db8:1299:8906::/64	861
2001:db8:1299:8d74::/64	668
2001:db8:129a:27d1::/64	91
2001:db8:129a:3659::/64	923
2001:db8:129b:7e56::/64	576
2001:db8:129b:938e::/64	587
2001:db8:129b:9911::/64	608
2001:db8:129c:6e9b::/64	898
2001:db8:129c:bba4::/64	595
2001:db8:129d:d534::/64	686
2001:db8:129e:b064::/64	328
2001:db8:129e:c245::/64	508
2001:db8:129f:9b5e::/64	558
2001:db8:12a0:9cd7::/64	561
2001:db8:12a1:f5bd::/64	448
2001:db8:12a2:da5f::/64	746
2001:db8:12a2:fdb5::/64	160
2001:db8:12a3:b9f::/64	274
2001:db8:12a3:9bce::/64	527
2001:db8:12a4:203e::/64	547
2001:db8:12a4:8001::/64	629
2001:db8:12a4:9d32::/64	473
2001:db8:12a4:a1b4::/64	554
2001:db8:12a5:8f10::/64	468
2001:db8:12a5:ced1::/64	34
2001:db8:12a6:a91d::/64	612
2001:db8:12a6:c6f8::/64	698
2001:db8:12a6:f1af::/64	187
2001:db8:12a7:10c3::/64	242
2001:db8:12a7:300c::/64	28
2001:db8:12a7:809b::/64	146
2001:db8:12a8:12fe::/64	989
2001:db8:12a8:7cdf::/64	485
2001:db8:12a8:b796::/64	797
2001:db8:12a8:ce57::/64	996
2001:db8:12a9:4331::/64	846
2001:db8:12a9:7740::/64	40
2001:db8:12a9:81e3::/64	719
2001:db8:12aa:5302::/64	694
2001:db8:12aa:5942::/64	688
2001:db8:12aa:932d::/64	861
2001:db8:12ab:76b::/64	233
2001:db8:12ab:b545::/64	795
2001:db8:12ac:7c11::/64	790
2001:db8:12ad:6c23::/64	255
2001:db8:12ae:1fd8::/64	383
2001:db8:12ae:39b7::/64	329
2001:db8:12ae:3acd::/64	673
2001:db8:12ae:69d0::/64	267
2001:db8:12af:b26e::/64	703
2001:db8:12b0:808b::/64	871
2001:db8:12b0:8709::/64	891
2001:db8:12b2:2dfd::/64	229
2001:db8:12b3:552a::/64	426
2001:db8:12b3:5fd1::/64	276
2001:db8:12b3:b494::/64	372
2001:db8:12b3:f60c::/64	2
2001:db8:12b4:23ad::/64	656
2001:db8:12b4:46bd::/64	788
2001:db8:12b4:5aad::/64	847
2001:db8:12b4:5d1a::/64	524
2001:db8:12b4:ad6e::/64	211
2001:db8:12b6:cd8::/64	912
2001:db8:12b6:89f8::/64	677
2001:db8:12b6:be8d::/64	926
2001:db8:12b7:3e2::/64	255
2001:db8:12b7:91a7::/64	368
2001:db8:12b7:b01d::/64	710
2001:db8:12b7:f063::/64	790
2001:db8:12b8:86dc::/64	171
2001:db8:12b8:bb71::/64	605
2001:db8:12b8:f618::/64	131
2001:db8:12b9:5dca::/64	847
2001:db8:12b9:817d::/64	154
2001:db8:12b9:9026::/64	339
2001:db8:12b9:9698::/64	971
2001:db8:12b9:bd14::/64	347
2001:db8:12b9:beff::/64	575
2001:db8:12b9:c08a::/64	440
2001:db8:12ba:26c6::/64	92
2001:db8:12bb:774::/64	722
2001:db8:12bb:a773::/64	131
2001:db8:12bb:e7b2::/64	956
2001:db8:12bc:12bc::/64	612
2001:db8:12bc:d30b::/64	250
2001:db8:12bd:6f4::/64	893
2001:db8:12bd:314e::/64	470
2001:db8:12bd:4a0a::/64	367
2001:db8:12be:60f3::/64	206
2001:db8:12be:8049::/64	917
2001:db8:12be:9d76::/64	123
2001:db8:12be:a5ed::/64	493
2001:db8:12be:a6fc::/64	220
2001:db8:12bf:581a::/64	112
2001:db8:12c0:dd17::/64	490
2001:db8:12c1:3422::/64	456
2001:db8:12c1:8865::/64	362
2001:db8:12c1:a8e7::/64	642
2001:db8:12c1:b525::/64	432
2001:db8:12c1:b8d7::/64	581
2001:db8:12c1:e4e4::/64	900
2001:db8:12c2:4e25::/64	129
2001:db8:12c3:5d3::/64	987
2001:db8:12c3:1367::/64	211
2001:db8:12c3:24e2::/64	887
2001:db8:12c3:61f5::/64	265
2001:db8:12c3:81de::/64	566
2001:db8:12c3:bc0b::/64	290
2001:db8:12c3:c544::/64	786
2001:db8:12c3:f794::/64	498
2001:db8:12c4:3e58::/64	664
2001:db8:12c4:4d50::/64	891
2001:db8:12c4:92c5::/64	232
2001:db8:12c5:3f64::/64	298
2001:db8:12c5:49d7::/64	228
2001:db8:12c5:4e2d::/64	988
2001:db8:12c5:60d9::/64	124
2001:db8:12c5:652b::/64	494
2001:db8:12c6:d4b3::/64	110
2001:db8:12c7:9a8e::/64	434
2001:db8:12c9:1cfb::/64	956
2001:db8:12c9:2ce1::/64	46
2001:db8:12c9:fdfa::/64	41
2001:db8:12ca:64d6::/64	718
2001:db8:12ca:6612::/64	391
2001:db8:12ca:9021::/64	161
2001:db8:12ca:abdb::/64	927
2001:db8:12ca:f8a7::/64	680
2001:db8:12cb:ae13::/64	677
2001:db8:12cb:dc8d::/64	987
2001:db8:12cc:24ef::/64	964
2001:db8:12cc:4b7f::/64	749
2001:db8:12cd:6c98::/64	505
2001:db8:12d0:72ea::/64	857
2001:db8:12d1:6766::/64	372
2001:db8:12d1:cf22::/64	397
2001:db8:12d1:e429::/64	284
2001:db8:12d2:bcd8::/64	656
2001:db8:12d3:e61::/64	305
2001:db8:12d3:37b8::/64	335
2001:db8:12d3:5105::/64	774
2001:db8:12d3:85fd::/64	809
2001:db8:12d3:9d3a::/64	571
2001:db8:12d3:e0e5::/64	224
2001:db8:12d3:f11e::/64	230
2001:db8:12d4:10a8::/64	564
2001:db8:12d5:1ea6::/64	384
2001:db8:12d5:3fe6::/64	520
2001:db8:12d5:931b::/64	711
2001:db8:12d5:ce80::/64	813
2001:db8:12d6:8b5a::/64	451
2001:db8:12d7:75ef::/64	151
2001:db8:12d7:9f26::/64	565
2001:db8:12d7:eca9::/64	472
2001:db8:12d8:905b::/64	79
2001:db8:12d8:aad1::/64	275
2001:db8:12d8:e7cf::/64	123
2001:db8:12d9:6a1a::/64	735
2001:db8:12d9:9f45::/64	752
2001:db8:12d9:df85::/64	675
2001:db8:12d9:e453::/64	169
2001:db8:12da:82e1::/64	777
2001:db8:12da:8337::/64	268
2001:db8:12da:aa42::/64	677
2001:db8:12da:fac8::/64	251
2001:db8:12db:1800::/64	634
2001:db8:12db:4ffa::/64	110
2001:db8:12db:c5b3::/64	664
2001:db8:12db:e894::/64	518
2001:db8:12db:fc4d::/64	983
2001:db8:12dd:a::/64	413
2001:db8:12dd:54e1::/64	520
2001:db8:12de:4d39::/64	122
2001:db8:12de:76c4::/64	515
2001:db8:12de:b1a8::/64	627
2001:db8:12de:c1e8::/64	610
2001:db8:12df:28a8::/64	450
2001:db8:12df:6165::/64	487
2001:db8:12e0:90fe::/64	505
2001:db8:12e1:8946::/64	431
2001:db8:12e2:e16b::/64	863
2001:db8:12e2:ebe2::/64	307
2001:db8:12e3:16fc::/64	844
2001:db8:12e3:20dc::/64	158
2001:db8:12e3:b615::/64	210
2001:db8:12e3:bab8::/64	681
2001:db8:12e5:1aed::/64	551
2001:db8:12e5:1c9e::/64	597
2001:db8:12e5:689e::/64	592
2001:db8:12e5:777d::/64	607
2001:db8:12e6:9fdd::/64	154
2001:db8:12e6:c9d9::/64	176
2001:db8:12e7:10bd::/64	494
2001:db8:12e7:2620::/64	769
2001:db8:12e8:1704::/64	57
2001:db8:12e8:4846::/64	948
2001:db8:12e8:5f98::/64	45
2001:db8:12e8:e3f2::/64	520
2001:db8:12e9:3ed5::/64	700
2001:db8:12ea:202b::/64	345
2001:db8:12ea:9372::/64	106
2001:db8:12eb:363b::/64	978
2001:db8:12eb:b134::/64	663
2001:db8:12ec:78f0::/64	816
2001:db8:12ec:a378::/64	787
2001:db8:12ed:d02::/64	270
2001:db8:12ed:9405::/64	519
2001:db8:12ed:cb28::/64	151
2001:db8:12ed:f0f7::/64	351
2001:db8:12ee:9fe::/64	260
2001:db8:12ee:5eca::/64	940
2001:db8:12ee:ae6b::/64	436
2001:db8:12ee:b20f::/64	784
2001:db8:12ee:c901::/64	455
2001:db8:12ef:2194::/64	814
2001:db8:12ef:8478::/64	600
2001:db8:12ef:a1d1::/64	187
2001:db8:12f0:4c41::/64	718
2001:db8:12f0:4e9d::/64	486
2001:db8:12f0:7f90::/64	700
2001:db8:12f0:a7de::/64	544
2001:db8:12f1:ac3::/64	12
2001:db8:12f1:515e::/64	84
2001:db8:12f1:86a8::/64	230
2001:db8:12f1:8c3c::/64	211
2001:db8:12f1:f942::/64	320
2001:db8:12f2:87a9::/64	836
2001:db8:12f3:4ed0::/64	495
2001:db8:12f3:db8d::/64	468
2001:db8:12f4:cb21::/64	975
2001:db8:12f4:f43d::/64	23
2001:db8:12f5:6ddc::/64	43
2001:db8:12f5:ff5f::/64	324
2001:db8:12f7:8cd1::/64	974
2001:db8:12f7:a34a::/64	457
2001:db8:12f7:f531::/64	124
2001:db8:12f8:163e::/64	954
2001:db8:12f8:6144::/64	548
2001:db8:12f8:6516::/64	474
2001:db8:12f8:740a::/64	164
2001:db8:12f8:aefd::/64	798
2001:db8:12f9:20::/64	787
2001:db8:12f9:d3d::/64	603
2001:db8:12f9:1337::/64	934
2001:db8:12f9:b0b7::/64	801
2001:db8:12f9:d073::/64	419
2001:db8:12f9:ff3b::/64	949
2001:db8:12fa:ee2b::/64	327
2001:db8:12fb:7ecc::/64	856
2001:db8:12fb:b53d::/64	595
2001:db8:12fb:b5f0::/64	743
2001:db8:12fb:b634::/64	479
2001:db8:12fc:6306::/64	413
2001:db8:12fd:787::/64	957
2001:db8:12fd:4fdb::/64	349
2001:db8:12fd:8cbe::/64	75
2001:db8:12fd:ffe7::/64	548
2001:db8:12fe:f0a2::/64	722
2001:db8:12ff:7d14::/64	767
2001:db8:1300:604::/64	783
2001:db8:1300:df6::/64	787
2001:db8:1301:5d5c::/64	613
2001:db8:1301:5d5e::/64	447
2001:db8:1301:cca1::/64	101
2001:db8:1302:c0c::/64	252
2001:db8:1302:11f7::/64	486
2001:db8:1302:b649::/64	791
2001:db8:1302:c082::/64	141
2001:db8:1302:cbeb::/64	275
2001:db8:1302:d996::/64	641
2001:db8:1303:29f3::/64	376
2001:db8:1303:5e79::/64	396
2001:db8:1303:673a::/64	825
2001:db8:1303:bdcd::/64	566
2001:db8:1304:331f::/64	131
2001:db8:1305:9443::/64	758
2001:db8:1306:472e::/64	521
2001:db8:1306:97fa::/64	939
2001:db8:1306:fd79::/64	348
2001:db8:1307:7041::/64	59
2001:db8:1307:f37a::/64	92
2001:db8:1308:4d14::/64	386
2001:db8:1309:fe::/64	425
2001:db8:1309:6c3::/64	380
2001:db8:1309:2631::/64	778
2001:db8:1309:6205::/64	668
2001:db8:1309:9894::/64	62
2001:db8:130b:ae6::/64	645
2001:db8:130b:1131::/64	310
2001:db8:130b:51b4::/64	509
2001:db8:130b:5628::/64	57
2001:db8:130b:86df::/64	989
2001:db8:130b:8a67::/64	450
2001:db8:130b:9085::/64	343
2001:db8:130b:a103::/64	771
2001:db8:130b:b1cb::/64	743
2001:db8:130c:53c::/64	773
2001:db8:130c:6ac6::/64	164
2001:db8:130d:182e::/64	603
2001:db8:130d:4aad::/64	648
2001:db8:130e:1742::/64	642
2001:db8:130e:c008::/64	963
2001:db8:130e:f469::/64	264
2001:db8:130e:f960::/64	465
2001:db8:130f:32d3::/64	167
2001:db8:130f:448f::/64	3
2001:db8:130f:d6eb::/64	421
2001:db8:130f:da8b::/64	298
2001:db8:1310:15df::/64	212
2001:db8:1310:7dc9::/64	729
2001:db8:1311:94b5::/64	215
2001:db8:1312:61c9::/64	155
2001:db8:1312:baa0::/64	559
2001:db8:1312:d96e::/64	860
2001:db8:1313:5b29::/64	322
2001:db8:1314:1a77::/64	224
2001:db8:1314:1f2c::/64	310
2001:db8:1314:b3b3::/64	107
2001:db8:1314:d12d::/64	656
2001:db8:1315:4c67::/64	36
2001:db8:1315:d4b0::/64	973
2001:db8:1315:f061::/64	114
2001:db8:1315:f8dc::/64	189
2001:db8:1316:2d29::/64	427
2001:db8:1316:6740::/64	998
2001:db8:1316:c22e::/64	444
2001:db8:1317:90cb::/64	448
2001:db8:1317:d4b3::/64	188
2001:db8:1317:e27d::/64	332
2001:db8:1318:5d6::/64	667
2001:db8:1318:16db::/64	743
2001:db8:1318:6eb0::/64	835
2001:db8:1319:89f7::/64	490
2001:db8:131b:2564::/64	576
2001:db8:131b:7545::/64	772
2001:db8:131b:7895::/64	692
2001:db8:131b:b782::/64	810
2001:db8:131c:daeb::/64	700
2001:db8:131d:15b8::/64	148
2001:db8:131d:98f5::/64	115
2001:db8:131e:ac31::/64	789
2001:db8:131e:b512::/64	441
2001:db8:131e:efef::/64	759
2001:db8:131f:7f02::/64	897
2001:db8:131f:f119::/64	250
2001:db8:1320:43f2::/64	369
2001:db8:1320:9387::/64	78
2001:db8:1322:cf7::/64	136
2001:db8:1322:3e94::/64	836
2001:db8:1322:a11e::/64	358
2001:db8:1322:dfc8::/64	780
2001:db8:1323:5820::/64	916
2001:db8:1323:b69a::/64	818
2001:db8:1323:fa6a::/64	924
2001:db8:1324:5b09::/64	956
2001:db8:1324:e1a5::/64	844
2001:db8:1325:95c0::/64	161
2001:db8:1325:99d6::/64	761
2001:db8:1326:3ea1::/64	695
2001:db8:1326:49dc::/64	251
2001:db8:1326:5c0c::/64	547
2001:db8:1326:a4a3::/64	972
2001:db8:1326:d20b::/64	502
2001:db8:1327:c6b7::/64	853
2001:db8:1327:da37::/64	952
2001:db8:1328:5767::/64	676
2001:db8:1328:6db9::/64	261
2001:db8:1328:8a21::/64	855
2001:db8:1329:14d::/64	711
2001:db8:1329:e049::/64	350
2001:db8:132a:d801::/64	593
2001:db8:132a:da58::/64	386
2001:db8:132b:a819::/64	585
2001:db8:132c:2876::/64	886
2001:db8:132d:5b57::/64	324
2001:db8:132e:18ff::/64	946
2001:db8:132f:40f9::/64	295
2001:db8:132f:822c::/64	4
2001:db8:132f:dd5f::/64	819
2001:db8:1330:3808::/64	941
2001:db8:1330:6634::/64	260
2001:db8:1331:2dd5::/64	59
2001:db8:1331:70cc::/64	151
2001:db8:1331:c82d::/64	392
2001:db8:1332:c7aa::/64	365
2001:db8:1332:cede::/64	701
2001:db8:1333:9185::/64	564
2001:db8:1333:c73d::/64	78
2001:db8:1333:fd44::/64	443
2001:db8:1334:3d43::/64	423
2001:db8:1334:e194::/64	100
2001:db8:1334:f553::/64	474
2001:db8:1335:17bc::/64	314
2001:db8:1335:9351::/64	539
2001:db8:1336:5f4e::/64	635
2001:db8:1336:dae2::/64	597
2001:db8:1337:201c::/64	332
2001:db8:1338:45fb::/64	837
2001:db8:1338:a83f::/64	412
2001:db8:1338:c37d::/64	371
2001:db8:1338:cee4::/64	970
2001:db8:1339:43f8::/64	468
2001:db8:133a:369e::/64	35
2001:db8:133a:48e6::/64	626
2001:db8:133a:4f8c::/64	396
2001:db8:133a:7987::/64	585
2001:db8:133a:c3ca::/64	8
2001:db8:133b:438::/64	313
2001:db8:133b:8072::/64	150
2001:db8:133c:41c8::/64	820
2001:db8:133c:f01a::/64	208
2001:db8:133d:6490::/64	445
2001:db8:133e:56b1::/64	736
2001:db8:133e:645c::/64	958
2001:db8:133e:6465::/64	429
2001:db8:133e:e8e4::/64	626
2001:db8:1342:7252::/64	423
2001:db8:1343:14a4::/64	271
2001:db8:1344:a93::/64	221
2001:db8:1344:f94::/64	248
2001:db8:1344:d2f8::/64	950
2001:db8:1345:c048::/64	962
2001:db8:1345:d711::/64	715
2001:db8:1345:f7b1::/64	611
2001:db8:1346:f745::/64	232
2001:db8:1346:fe6a::/64	376
2001:db8:1347:7ec::/64	938
2001:db8:1347:3fe1::/64	142
2001:db8:1347:55fd::/64	192
2001:db8:1347:b197::/64	534
2001:db8:1348:471d::/64	759
2001:db8:1348:94ae::/64	220
2001:db8:1348:d7ba::/64	653
2001:db8:1349:39fc::/64	605
2001:db8:134a:2771::/64	331
2001:db8:134a:64f6::/64	477
2001:db8:134b:639b::/64	566
2001:db8:134b:9828::/64	6
2001:db8:134c:845::/64	490
2001:db8:134c:6076::/64	345
2001:db8:134c:7008::/64	518
2001:db8:134c:724f::/64	892
2001:db8:134c:9bea::/64	337
2001:db8:134d:3466::/64	916
2001:db8:134d:7dab::/64	380
2001:db8:134d:8f31::/64	998
2001:db8:134e:4acc::/64	361
2001:db8:134e:afae::/64	58
2001:db8:134f:4766::/64	17
2001:db8:134f:5736::/64	169
2001:db8:134f:ceac::/64	646
2001:db8:134f:de30::/64	340
2001:db8:1350:4b6f::/64	942
2001:db8:1351:636a::/64	33
2001:db8:1351:7ef3::/64	611
2001:db8:1351:dae1::/64	457
2001:db8:1352:58bb::/64	760
2001:db8:1352:c264::/64	555
2001:db8:1353:384f::/64	545
2001:db8:1353:b941::/64	965
2001:db8:1354:2c4b::/64	270
2001:db8:1354:3434::/64	596
2001:db8:1354:4a1e::/64	842
2001:db8:1354:6076::/64	531
2001:db8:1354:836b::/64	768
2001:db8:1354:c557::/64	408
2001:db8:1354:ed4d::/64	906
2001:db8:1355:810d::/64	906
2001:db8:1355:e800::/64	269
2001:db8:1356:553a::/64	956
2001:db8:1358:6346::/64	268
2001:db8:1358:732b::/64	760
2001:db8:1358:bb29::/64	39
2001:db8:1358:d7d8::/64	39
2001:db8:1359:620d::/64	587
2001:db8:1359:9387::/64	570
2001:db8:135a:292a::/64	361
2001:db8:135a:5369::/64	38
2001:db8:135a:5db6::/64	27
2001:db8:135a:9fcf::/64	515
2001:db8:135a:a103::/64	308
2001:db8:135a:b514::/64	906
2001:db8:135a:ff1a::/64	34
2001:db8:135b:6310::/64	649
2001:db8:135b:ae4e::/64	3
2001:db8:135b:eb8c::/64	156
2001:db8:135c:ecc::/64	33
2001:db8:135c:6b96::/64	213
2001:db8:135c:95c7::/64	741
2001:db8:135c:e48e::/64	732
2001:db8:135d:1707::/64	290
2001:db8:135d:7c01::/64	679
2001:db8:135d:a1f3::/64	440
2001:db8:135d:c0f8::/64	262
2001:db8:135e:5c26::/64	311
2001:db8:135e:c53d::/64	926
2001:db8:135e:cd83::/64	721
2001:db8:135f:6673::/64	868
2001:db8:135f:d2ff::/64	904
2001:db8:1360:aac::/64	558
2001:db8:1361:3235::/64	285
2001:db8:1361:47fc::/64	968
2001:db8:1361:cea8::/64	382
2001:db8:1362:3a00::/64	155
2001:db8:1362:8f84::/64	886
2001:db8:1363:381a::/64	295
2001:db8:1363:54f2::/64	543
2001:db8:1364:894d::/64	84
2001:db8:1365:4e24::/64	736
2001:db8:1366:bda6::/64	305
2001:db8:1367:4315::/64	143
2001:db8:1367:55f2::/64	998
2001:db8:1367:6299::/64	51
2001:db8:1367:c4a2::/64	534
2001:db8:1368:1661::/64	349
2001:db8:1368:7e75::/64	533
2001:db8:1368:8b25::/64	728
2001:db8:1368:f5de::/64	528
2001:db8:1369:7a7a::/64	287
2001:db8:1369:91ec::/64	274
2001:db8:1369:94cb::/64	293
2001:db8:1369:f128::/64	774
2001:db8:136a:de66::/64	20
2001:db8:136b:e75::/64	420
2001:db8:136b:372e::/64	647
2001:db8:136b:5aaa::/64	333
2001:db8:136b:dc3e::/64	759
2001:db8:136b:edb9::/64	922
2001:db8:136e:6448::/64	160
2001:db8:136e:7fd3::/64	401
2001:db8:136e:c90d::/64	635
2001:db8:136e:f3f0::/64	299
2001:db8:136f:e9e0::/64	569
2001:db8:136f:faf4::/64	913
2001:db8:1370:26dd::/64	153
2001:db8:1370:87b8::/64	272
2001:db8:1370:ae65::/64	57
2001:db8:1371:446e::/64	872
2001:db8:1372:d4b4::/64	532
2001:db8:1374:3257::/64	446
2001:db8:1374:dded::/64	333
2001:db8:1375:8307::/64	102
2001:db8:1375:97c9::/64	407
2001:db8:1376::/48	298
2001:db8:1377:a9b::/64	545
2001:db8:1377:1bb9::/64	146
2001:db8:1377:3001::/64	788
2001:db8:1377:7fe2::/64	161
2001:db8:1377:83a7::/64	494
2001:db8:1378:37ad::/64	360
2001:db8:1378:bb16::/64	382
2001:db8:1379:67fc::/64	259
2001:db8:137a:3cbc::/64	669
2001:db8:137a:7323::/64	351
2001:db8:137b:abca::/64	635
2001:db8:137b:f190::/64	239
2001:db8:137d:3196::/64	369
2001:db8:137e:12a5::/64	754
2001:db8:137e:65bf::/64	955
2001:db8:137e:add7::/64	6
2001:db8:137f:4caa::/64	376
2001:db8:137f:ee3a::/64	799
2001:db8:1380:8f0d::/64	441
2001:db8:1380:a5a6::/64	719
2001:db8:1381:a208::/64	446
2001:db8:1381:a6f5::/64	758
2001:db8:1381:eb4f::/64	966
2001:db8:1382:14a8::/64	545
2001:db8:1382:1580::/64	783
2001:db8:1382:788b::/64	595
2001:db8:1383:33f::/64	820
2001:db8:1383:bfa::/64	877
2001:db8:1383:d0a0::/64	703
2001:db8:1385:1a71::/64	874
2001:db8:1385:5647::/64	833
2001:db8:1386:22d6::/64	481
2001:db8:1387:b7b::/64	200
2001:db8:1387:696e::/64	228
2001:db8:1387:ef7a::/64	865
2001:db8:1388:b177::/64	694
2001:db8:1389:c670::/64	782
2001:db8:138a:4922::/64	551
2001:db8:138a:f1ee::/64	826
2001:db8:138b:4fad::/64	699
2001:db8:138c:1201::/64	711
2001:db8:138c:1925::/64	95
2001:db8:138c:c3c9::/64	680
2001:db8:138d:dc52::/64	310
2001:db8:138d:efc8::/64	412
2001:db8:138e:6d83::/64	9
2001:db8:138e:796b::/64	439
2001:db8:138e:884c::/64	380
2001:db8:138f:7ba8::/64	251
2001:db8:1390:262e::/64	655
2001:db8:1390:bbd4::/64	492
2001:db8:1392:4588::/64	220
2001:db8:1392:e2c1::/64	149
2001:db8:1394:8d57::/64	935
2001:db8:1394:b9af::/64	342
2001:db8:1395:6f4c::/64	2
2001:db8:1395:d1ec::/64	648
2001:db8:1397:3014::/64	709
2001:db8:1397:bd34::/64	58
2001:db8:1397:e524::/64	957
2001:db8:1397:e8bd::/64	254
2001:db8:1397:ed51::/64	415
2001:db8:1398:5f05::/64	223
2001:db8:1398:efcf::/64	832
2001:db8:1399:46ee::/64	985
2001:db8:1399:8992::/64	27
2001:db8:1399:baa4::/64	727
2001:db8:1399:ccbe::/64	750
2001:db8:1399:e269::/64	85
2001:db8:1399:f184::/64	350
2001:db8:139b:80cc::/64	126
2001:db8:139b:941a::/64	790
2001:db8:139b:b11a::/64	514
2001:db8:139b:fb9c::/64	941
2001:db8:139c:3a2::/64	803
2001:db8:139c:1fb5::/64	743
2001:db8:139c:3049::/64	936
2001:db8:139c:3797::/64	985
2001:db8:139c:db7b::/64	431
2001:db8:139d:4ee9::/64	461
2001:db8:139d:a189::/64	991
2001:db8:139e:4523::/64	396
2001:db8:13a0:1370::/64	550
2001:db8:13a1:75d4::/64	399
2001:db8:13a1:8a43::/64	908
2001:db8:13a2:19bc::/64	174
2001:db8:13a2:bc40::/64	849
2001:db8:13a3:1e3b::/64	711
2001:db8:13a3:2327::/64	878
2001:db8:13a3:5b0e::/64	764
2001:db8:13a3:76ad::/64	433
2001:db8:13a3:8c83::/64	245
2001:db8:13a3:bfa0::/64	758
2001:db8:13a4:2586::/64	144
2001:db8:13a4:7c7d::/64	281
2001:db8:13a4:7e3b::/64	516
2001:db8:13a4:9e2e::/64	647
2001:db8:13a5:8ded::/64	146
2001:db8:13a5:c34d::/64	175
2001:db8:13a6:8e83::/64	443
2001:db8:13a6:af25::/64	929
2001:db8:13a7:14c0::/64	399
2001:db8:13a7:edbe::/64	879
2001:db8:13a8:1f3f::/64	966
2001:db8:13a8:2c34::/64	185
2001:db8:13aa:55ac::/64	262
2001:db8:13ab:ba2::/64	509
2001:db8:13ab:1852::/64	838
2001:db8:13ab:8a97::/64	287
2001:db8:13ab:ac34::/64	909
2001:db8:13ab:f15e::/64	297
2001:db8:13ac:35a::/64	231
2001:db8:13ac:1667::/64	512
2001:db8:13ac:210b::/64	109
2001:db8:13ac:6752::/64	593
2001:db8:13ac:cf44::/64	767
2001:db8:13ad:421b::/64	639
2001:db8:13ad:5a11::/64	793
2001:db8:13ad:7592::/64	791
2001:db8:13ad:8fd0::/64	693
2001:db8:13ad:cab4::/64	779
2001:db8:13ae:1822::/64	302
2001:db8:13ae:cf32::/64	501
2001:db8:13ae:d8f1::/64	474
2001:db8:13af:400a::/64	119
2001:db8:13af:b86b::/64	227
2001:db8:13af:c3fd::/64	684
2001:db8:13b0:e156::/64	982
2001:db8:13b0:f3c2::/64	463
2001:db8:13b1:46c3::/64	703
2001:db8:13b1:7bbc::/64	266
2001:db8:13b2:8984::/64	570
2001:db8:13b2:d842::/64	96
2001:db8:13b2:d88a::/64	770
2001:db8:13b3:7cab::/64	942
2001:db8:13b3:9888::/64	871
2001:db8:13b4:245::/64	434
2001:db8:13b4:551d::/64	675
2001:db8:13b4:ee1a::/64	909
2001:db8:13b6:1fd3::/64	709
2001:db8:13b6:49ae::/64	373
2001:db8:13b6:8ebe::/64	613
2001:db8:13b6:ce9a::/64	475
2001:db8:13b7:36f4::/64	114
2001:db8:13b8:6a94::/64	844
2001:db8:13b9:a22::/64	311
2001:db8:13b9:5dd8::/64	313
2001:db8:13b9:c7be::/64	784
2001:db8:13ba:e173::/64	590
2001:db8:13ba:f1c5::/64	255
2001:db8:13bb:9c6f::/64	653
2001:db8:13bb:c5cc::/64	420
2001:db8:13bb:c90d::/64	432
2001:db8:13bc:8851::/64	852
2001:db8:13bc:94ae::/64	937
2001:db8:13bc:debe::/64	30
2001:db8:13bc:f5cf::/64	685
2001:db8:13be:a84::/64	587
2001:db8:13be:5add::/64	137
2001:db8:13bf:4f9c::/64	652
2001:db8:13bf:55a7::/64	192
2001:db8:13c0:410d::/64	612
2001:db8:13c0:7278::/64	2
2001:db8:13c0:b4be::/64	261
2001:db8:13c1:4aca::/64	630
2001:db8:13c1:9f32::/64	516
2001:db8:13c1:cb63::/64	103
2001:db8:13c2:30f1::/64	560
2001:db8:13c2:6099::/64	95
2001:db8:13c2:e85b::/64	563
2001:db8:13c3:f32::/64	873
2001:db8:13c3:cdfa::/64	42
2001:db8:13c4:21b3::/64	49
2001:db8:13c4:723c::/64	984
2001:db8:13c4:a79c::/64	478
2001:db8:13c4:e3ef::/64	231
2001:db8:13c5:1::/64	119
2001:db8:13c5:1310::/64	780
2001:db8:13c6:a68::/64	190
2001:db8:13c6:3ca2::/64	373
2001:db8:13c6:7512::/64	848
2001:db8:13c6:8bfb::/64	966
2001:db8:13c6:9fa7::/64	481
2001:db8:13c6:ee31::/64	727
2001:db8:13c7:6997::/64	847
2001:db8:13c7:e230::/64	91
2001:db8:13c8:e617::/64	120
2001:db8:13c9:222f::/64	287
2001:db8:13c9:54b7::/64	269
2001:db8:13c9:f32a::/64	769
2001:db8:13ca:f4f8::/64	242
2001:db8:13cb:9b59::/64	806
2001:db8:13cc:dd6d::/64	589
2001:db8:13cc:de06::/64	321
2001:db8:13cd:2b04::/64	384
2001:db8:13cd:3929::/64	380
2001:db8:13ce:3b3f::/64	290
2001:db8:13ce:72bb::/64	608
2001:db8:13ce:753f::/64	32
2001:db8:13cf:481c::/64	493
2001:db8:13cf:8741::/64	357
2001:db8:13cf:ca47::/64	153
2001:db8:13d1:33cf::/64	997
2001:db8:13d1:acd6::/64	485
2001:db8:13d2:41a2::/64	497
2001:db8:13d2:eb09::/64	52
2001:db8:13d3:8fd4::/64	100
2001:db8:13d4:31c4::/64	697
2001:db8:13d5:5192::/64	989
2001:db8:13d5:fad4::/64	268
2001:db8:13d6:3f74::/64	65
2001:db8:13d6:42b0::/64	601
2001:db8:13d6:9ae2::/64	215
2001:db8:13d6:bc63::/64	945
2001:db8:13d8:5c43::/64	496
2001:db8:13d8:5c84::/64	66
2001:db8:13d9::/48	94
2001:db8:13da:21ff::/64	386
2001:db8:13da:2edf::/64	114
2001:db8:13da:bf36::/64	917
2001:db8:13db:7eaa::/64	683
2001:db8:13dc:2cae::/64	684
2001:db8:13dc:89a5::/64	254
2001:db8:13dc:8a23::/64	61
2001:db8:13dc:be4a::/64	139
2001:db8:13dc:c19e::/64	364
2001:db8:13dd:970::/64	444
2001:db8:13dd:aba::/64	411
2001:db8:13dd:578e::/64	419
2001:db8:13de:8933::/64	38
2001:db8:13de:bb40::/64	506
2001:db8:13de:ef7a::/64	355
2001:db8:13df:92d4::/64	656
2001:db8:13df:cbca::/64	687
2001:db8:13df:e4e4::/64	29
2001:db8:13e0:5b20::/64	186
2001:db8:13e0:f6e4::/64	517
2001:db8:13e1:3fbf::/64	237
2001:db8:13e1:46e1::/64	92
2001:db8:13e1:7f72::/64	251
2001:db8:13e2:2ed6::/64	66
2001:db8:13e2:6d06::/64	480
2001:db8:13e2:7f0a::/64	877
2001:db8:13e2:9a37::/64	346
2001:db8:13e2:a064::/64	8
2001:db8:13e2:c297::/64	608
2001:db8:13e3:1243::/64	287
2001:db8:13e4:c101::/64	651
2001:db8:13e5:49d4::/64	757
2001:db8:13e5:69ae::/64	700
2001:db8:13e6:417::/64	613
2001:db8:13e6:ee82::/64	413
2001:db8:13e7:48cb::/64	38
2001:db8:13e8:7f3b::/64	138
2001:db8:13e8:a9d7::/64	762
2001:db8:13e8:abb7::/64	952
2001:db8:13e8:b558::/64	542
2001:db8:13e8:ef2b::/64	873
2001:db8:13e8:fc16::/64	875
2001:db8:13e9:839a::/64	385
2001:db8:13e9:b9fd::/64	444
2001:db8:13e9:d919::/64	217
2001:db8:13e9:e3c1::/64	791
2001:db8:13e9:feb8::/64	524
2001:db8:13ea:3504::/64	310
2001:db8:13ea:8e77::/64	755
2001:db8:13ea:9a32::/64	906
2001:db8:13ea:9c81::/64	104
2001:db8:13ea:ccd1::/64	980
2001:db8:13ea:ea1d::/64	234
2001:db8:13eb:7f8::/64	31
2001:db8:13eb:34d5::/64	541
2001:db8:13eb:55c2::/64	809
2001:db8:13eb:67dd::/64	735
2001:db8:13eb:9057::/64	848
2001:db8:13eb:9642::/64	524
2001:db8:13ec:32a0::/64	162
2001:db8:13ec:8b9b::/64	751
2001:db8:13ec:9ae1::/64	803
2001:db8:13ed:5cce::/64	971
2001:db8:13ef:842a::/64	647
2001:db8:13ef:9ed6::/64	717
2001:db8:13ef:b5bf::/64	212
2001:db8:13ef:da26::/64	251
2001:db8:13f0:678e::/64	94
2001:db8:13f0:7bac::/64	937
2001:db8:13f0:fbd8::/64	686
2001:db8:13f1:2741::/64	466
2001:db8:13f1:881c::/64	252
2001:db8:13f1:bd53::/64	890
2001:db8:13f2:4463::/64	738
2001:db8:13f2:9d64::/64	887
2001:db8:13f2:af8f::/64	551
2001:db8:13f3:1876::/64	563
2001:db8:13f3:d1f0::/64	940
2001:db8:13f3:dfcf::/64	217
2001:db8:13f4:a7f::/64	236
2001:db8:13f4:1a12::/64	106
2001:db8:13f5:4c86::/64	607
2001:db8:13f7:36c::/64	450
2001:db8:13f7:f024::/64	758
2001:db8:13f8:70ba::/64	915
2001:db8:13f8:82ec::/64	970
2001:db8:13f8:846e::/64	162
2001:db8:13f8:f75a::/64	242
2001:db8:13f9:6e92::/64	216
2001:db8:13f9:7906::/64	738
2001:db8:13f9:807a::/64	55
2001:db8:13fa:ccb2::/64	285
2001:db8:13fa:e736::/64	690
2001:db8:13fb:2892::/64	704
2001:db8:13fb:3b1e::/64	642
2001:db8:13fb:428d::/64	67
2001:db8:13fb:450d::/64	876
2001:db8:13fb:8872::/64	154
2001:db8:13fb:a079::/64	795
2001:db8:13fc:624f::/64	453
2001:db8:13fc:a973::/64	85
2001:db8:13fc:c244::/64	730
2001:db8:13fc:e12e::/64	61
2001:db8:13fd:d78f::/64	965
2001:db8:13fe:342b::/64	913
2001:db8:1400:6e0::/64	604
2001:db8:1400:c9a::/64	132
2001:db8:1400:98e1::/64	945
2001:db8:1400:abbd::/64	356
2001:db8:1400:cd2d::/64	815
2001:db8:1400:d972::/64	150
2001:db8:1400:e175::/64	358
2001:db8:1401:5b36::/64	721
2001:db8:1401:8f12::/64	12
2001:db8:1401:de73::/64	389
2001:db8:1402:7a1::/64	733
2001:db8:1402:181a::/64	445
2001:db8:1402:1bee::/64	254
2001:db8:1402:fc38::/64	807
2001:db8:1403:82e7::/64	817
2001:db8:1404:e54d::/64	568
2001:db8:1405:f7a0::/64	690
2001:db8:1406:42aa::/64	32
2001:db8:1406:8d47::/64	472
2001:db8:1407:69d1::/64	84
2001:db8:1407:8070::/64	834
2001:db8:1408:6526::/64	20
2001:db8:1409:46d0::/64	876
2001:db8:1409:6fb6::/64	605
2001:db8:140a:659d::/64	935
2001:db8:140a:7908::/64	347
2001:db8:140a:83f0::/64	140
2001:db8:140a:aa9b::/64	788
2001:db8:140b:8285::/64	660
2001:db8:140b:8cfc::/64	723
2001:db8:140b:f853::/64	740
2001:db8:140c:39a0::/64	305
2001:db8:140c:c8f1::/64	831
2001:db8:140d:ba2f::/64	903
2001:db8:140d:f7c1::/64	804
2001:db8:140e:1a31::/64	64
2001:db8:140e:3801::/64	578
2001:db8:140e:e8e2::/64	983
2001:db8:140f:9c5e::/64	520
2001:db8:1410:21e5::/64	25
2001:db8:1410:31af::/64	970
2001:db8:1411:6db9::/64	67
2001:db8:1411:ade3::/64	366
2001:db8:1411:f934::/64	7
2001:db8:1412:925a::/64	485
2001:db8:1412:9b16::/64	837
2001:db8:1412:c8fa::/64	298
2001:db8:1412:dcff::/64	759
2001:db8:1413:9b3d::/64	831
2001:db8:1413:e6d2::/64	510
2001:db8:1414:7c::/64	87
2001:db8:1414:6101::/64	676
2001:db8:1414:db65::/64	933
2001:db8:1415:50c::/64	921
2001:db8:1415:add::/64	98
2001:db8:1415:9396::/64	956
2001:db8:1415:9fba::/64	311
2001:db8:1415:c0df::/64	120
2001:db8:1415:f7d3::/64	260
2001:db8:1416:568a::/64	492
2001:db8:1416:d6c3::/64	926
2001:db8:1417:b979::/64	229
2001:db8:1418:242d::/64	493
2001:db8:1418:34a2::/64	579
2001:db8:1419:e777::/64	582
2001:db8:141b:262f::/64	460
2001:db8:141c:841::/64	333
2001:db8:141c:6e64::/64	140
2001:db8:141c:99b9::/64	511
2001:db8:141c:b98a::/64	748
2001:db8:141d:9830::/64	381
2001:db8:141d:e817::/64	542
2001:db8:141e:a4ab::/64	84
2001:db8:141f:1eb::/64	252
2001:db8:141f:132e::/64	328
2001:db8:141f:666b::/64	111
2001:db8:1420:f5fd::/64	921
2001:db8:1420:fcd0::/64	876
2001:db8:1421:ba06::/64	891
2001:db8:1422:4fcd::/64	595
2001:db8:1423:e455::/64	829
2001:db8:1424:75::/64	145
2001:db8:1424:2302::/64	737
2001:db8:1424:2e05::/64	26
2001:db8:1424:932e::/64	892
2001:db8:1424:cbff::/64	75
2001:db8:1425:88d::/64	657
2001:db8:1425:224f::/64	500
2001:db8:1425:ad74::/64	935
2001:db8:1425:bf2f::/64	667
2001:db8:1425:f034::/64	981
2001:db8:1426:7be0::/64	972
2001:db8:1426:d0f1::/64	642
2001:db8:1426:f349::/64	155
2001:db8:1427:1ed2::/64	603
2001:db8:1427:1f98::/64	759
2001:db8:1427:2411::/64	345
2001:db8:1427:c078::/64	830
2001:db8:1427:e351::/64	61
2001:db8:1427:f2f7::/64	921
2001:db8:1428:56a8::/64	710
2001:db8:1428:5f36::/64	913
2001:db8:1429:3619::/64	792
2001:db8:1429:41da::/64	77
2001:db8:1429:a18d::/64	893
2001:db8:1429:fea0::/64	989
2001:db8:142a:a87::/64	721
2001:db8:142a:4c09::/64	724
2001:db8:142a:a79f::/64	358
2001:db8:142b:f3b1::/64	688
2001:db8:142d:53c2::/64	369
2001:db8:142e:5caf::/64	513
2001:db8:142e:a80d::/64	524
2001:db8:142e:aae2::/64	675
2001:db8:142f:2e16::/64	505
2001:db8:142f:44d6::/64	882
2001:db8:142f:db5e::/64	110
2001:db8:1430:d7ae::/64	922
2001:db8:1431:b1fd::/64	708
2001:db8:1432:3cd8::/64	5
2001:db8:1432:c98b::/64	384
2001:db8:1433:8c26::/64	62
2001:db8:1433:dc1c::/64	324
2001:db8:1434:390e::/64	971
2001:db8:1434:95c9::/64	810
2001:db8:1434:ee88::/64	890
2001:db8:1435:747::/64	911
2001:db8:1435:9f48::/64	520
2001:db8:1435:bea3::/64	508
2001:db8:1435:e233::/64	567
2001:db8:1436:4268::/64	6
2001:db8:1436:4a1a::/64	640
2001:db8:1436:8383::/64	364
2001:db8:1436:bb9c::/64	794
2001:db8:1436:c743::/64	585
2001:db8:1437:6774::/64	376
2001:db8:1437:6f90::/64	721
2001:db8:1437:76c0::/64	517
2001:db8:1437:9f95::/64	708
2001:db8:1437:d91e::/64	249
2001:db8:1437:eeb5::/64	564
2001:db8:1438:46c7::/64	510
2001:db8:1438:e0ca::/64	236
2001:db8:1439:15a3::/64	815
2001:db8:1439:2958::/64	303
2001:db8:1439:70cf::/64	953
2001:db8:1439:ca99::/64	592
2001:db8:143a:53eb::/64	25
2001:db8:143a:b7d8::/64	728
2001:db8:143a:c375::/64	954
2001:db8:143b:2be::/64	275
2001:db8:143b:7a80::/64	358
2001:db8:143c:3dba::/64	556
2001:db8:143d:6cc::/64	154
2001:db8:143d:48aa::/64	1000
2001:db8:143d:6886::/64	716
2001:db8:143d:cbfe::/64	600
2001:db8:143e:456e::/64	721
2001:db8:143e:d993::/64	356
2001:db8:143f:ab2e::/64	755
2001:db8:1440:6b6::/64	300
2001:db8:1440:2530::/64	500
2001:db8:1441:155b::/64	707
2001:db8:1441:3e34::/64	683
2001:db8:1441:b4b9::/64	896
2001:db8:1441:e9e1::/64	781
2001:db8:1442:86f9::/64	113
2001:db8:1443:87b::/64	914
2001:db8:1443:a621::/64	820
2001:db8:1443:b338::/64	322
2001:db8:1444:427a::/64	579
2001:db8:1444:d261::/64	351
2001:db8:1446:8f20::/64	7
2001:db8:1446:f621::/64	522
2001:db8:1447:1b8c::/64	42
2001:db8:1448:1b6::/64	181
2001:db8:1448:4ffe::/64	725
2001:db8:1448:811c::/64	79
2001:db8:1449:ecdf::/64	78
2001:db8:144a:69c7::/64	229
2001:db8:144b:1b62::/64	952
2001:db8:144b:5f31::/64	213
2001:db8:144b:7875::/64	506
2001:db8:144c:268::/64	153
2001:db8:144c:516e::/64	431
2001:db8:144c:9346::/64	590
2001:db8:144c:d4b7::/64	993
2001:db8:144d:12f::/64	332
2001:db8:144d:3457::/64	477
2001:db8:144d:b8b0::/64	994
2001:db8:144d:c1d9::/64	462
2001:db8:144e:5d5::/64	988
2001:db8:144e:6b2::/64	288
2001:db8:144e:206a::/64	87
2001:db8:144f:80d5::/64	635
2001:db8:1450:c3a::/64	468
2001:db8:1450:8198::/64	488
2001:db8:1450:cd39::/64	55
2001:db8:1451:2b5::/64	403
2001:db8:1451:35d0::/64	289
2001:db8:1451:88bd::/64	456
2001:db8:1451:cdc0::/64	469
2001:db8:1452:c0a6::/64	108
2001:db8:1453:b03::/64	725
2001:db8:1453:47e3::/64	479
2001:db8:1453:578c::/64	101
2001:db8:1453:6c1f::/64	435
2001:db8:1453:705d::/64	713
2001:db8:1453:efc9::/64	292
2001:db8:1454:b6cb::/64	501
2001:db8:1454:c4b7::/64	412
2001:db8:1455:4821::/64	103
2001:db8:1455:68b7::/64	635
2001:db8:1456:5abd::/64	790
2001:db8:1456:7d26::/64	333
2001:db8:1456:9d14::/64	889
2001:db8:1457:954d::/64	513
2001:db8:1458:d1::/64	454
2001:db8:1458:ab87::/64	128
2001:db8:1458:ef4d::/64	374
2001:db8:1459:c188::/64	417
2001:db8:1459:f813::/64	354
2001:db8:145a:1366::/64	46
2001:db8:145a:8187::/64	766
2001:db8:145a:97f7::/64	938
2001:db8:145b:286f::/64	297
2001:db8:145b:30a5::/64	254
2001:db8:145b:4b90::/64	795
2001:db8:145b:bb82::/64	24
2001:db8:145b:fa03::/64	434
2001:db8:145c:1bf7::/64	515
2001:db8:145c:6336::/64	726
2001:db8:145c:9b11::/64	776
2001:db8:145d:1f35::/64	660
2001:db8:145d:5e8b::/64	602
2001:db8:145d:b091::/64	165
2001:db8:145e:61::/64	673
2001:db8:145e:1c38::/64	173
2001:db8:145e:5f97::/64	202
2001:db8:145e:a0af::/64	140
2001:db8:145f:8a23::/64	546
2001:db8:145f:ec6b::/64	792
2001:db8:1460:1006::/64	149
2001:db8:1460:5805::/64	856
2001:db8:1460:71b1::/64	925
2001:db8:1460:88f3::/64	506
2001:db8:1461:2cf7::/64	991
2001:db8:1461:bdd8::/64	199
2001:db8:1461:f7c7::/64	329
2001:db8:1462:60f5::/64	347
2001:db8:1462:e40f::/64	861
2001:db8:1463:13ca::/64	30
2001:db8:1463:1da0::/64	710
2001:db8:1463:56dc::/64	864
2001:db8:1463:8302::/64	600
2001:db8:1465:717b::/64	226
2001:db8:1465:f657::/64	654
2001:db8:1466:dcf2::/64	13
2001:db8:1467:aaef::/64	586
2001:db8:1467:eca8::/64	177
2001:db8:1468:deff::/64	439
2001:db8:1469:7bc2::/64	93
2001:db8:1469:c0d4::/64	431
2001:db8:146a:7766::/64	557
2001:db8:146a:e8fc::/64	678
2001:db8:146b:12f2::/64	107
2001:db8:146b:a74f::/64	905
2001:db8:146b:c491::/64	379
2001:db8:146b:ee49::/64	176
2001:db8:146c:3ecb::/64	679
2001:db8:146c:412e::/64	369
2001:db8:146d:1935::/64	101
2001:db8:146d:a3d7::/64	65
2001:db8:146d:c1fa::/64	275
2001:db8:146e:36e1::/64	66
2001:db8:146e:4dc8::/64	801
2001:db8:146e:ab7f::/64	814
2001:db8:146f:9e4b::/64	173
2001:db8:1470:5813::/64	162
2001:db8:1470:d082::/64	380
2001:db8:1471:1697::/64	91
2001:db8:1471:8add::/64	150
2001:db8:1472:1b32::/64	781
2001:db8:1472:ef66::/64	55
2001:db8:1473:1bb0::/64	20
2001:db8:1473:691a::/64	485
2001:db8:1473:7a06::/64	307
2001:db8:1473:7a69::/64	542
2001:db8:1473:b9aa::/64	544
2001:db8:1473:cc54::/64	340
2001:db8:1474:1a92::/64	802
2001:db8:1474:1b3e::/64	971
2001:db8:1474:1b6a::/64	607
2001:db8:1474:cadf::/64	337
2001:db8:1475:c9f::/64	658
2001:db8:1475:166d::/64	701
2001:db8:1475:5859::/64	243
2001:db8:1475:5fba::/64	315
2001:db8:1475:7f4e::/64	475
2001:db8:1475:b85d::/64	553
2001:db8:1476:419e::/64	82
2001:db8:1476:d6a1::/64	488
2001:db8:1477:c414::/64	433
2001:db8:1477:eae4::/64	671
2001:db8:1478:cb2b::/64	406
2001:db8:1479:37a::/64	676
2001:db8:1479:43d8::/64	512
2001:db8:1479:c8b1::/64	444
2001:db8:147a:ab25::/64	423
2001:db8:147a:db71::/64	691
2001:db8:147b:133c::/64	46
2001:db8:147b:512e::/64	905
2001:db8:147b:f996::/64	981
2001:db8:147b:ffc0::/64	136
2001:db8:147c:29dd::/64	865
2001:db8:147d:9773::/64	323
2001:db8:147e:1ced::/64	440
2001:db8:147e:cac6::/64	479
2001:db8:147e:ec7a::/64	985
2001:db8:147f:e281::/64	381
2001:db8:1480:393a::/64	363
2001:db8:1480:3f38::/64	941
2001:db8:1480:61a2::/64	366
2001:db8:1480:8568::/64	74
2001:db8:1480:fc9a::/64	348
2001:db8:1481:c960::/64	851
2001:db8:1482:3084::/64	220
2001:db8:1482:7a4a::/64	481
2001:db8:1482:caf4::/64	34
2001:db8:1483:58e3::/64	226
2001:db8:1483:a0ee::/64	758
2001:db8:1486:6b01::/64	157
2001:db8:1486:ce2d::/64	106
2001:db8:1487:8e3d::/64	761
2001:db8:1487:a327::/64	302
2001:db8:1488:1fa9::/64	103
2001:db8:1488:57da::/64	499
2001:db8:1488:c6ae::/64	277
2001:db8:1489:cc2d::/64	852
2001:db8:148b:4719::/64	726
2001:db8:148b:5f0f::/64	930
2001:db8:148b:66c8::/64	207
2001:db8:148c:4100::/64	436
2001:db8:148c:54d7::/64	120
2001:db8:148c:878d::/64	271
2001:db8:148e:44cd::/64	989
2001:db8:148e:f5cf::/64	593
2001:db8:148f:765e::/64	993
2001:db8:1490:1123::/64	253
2001:db8:1490:2b91::/64	591
2001:db8:1490:c880::/64	325
2001:db8:1490:e035::/64	988
2001:db8:1490:f6cd::/64	539
2001:db8:1492:528f::/64	693
2001:db8:1492:67d0::/64	13
2001:db8:1492:cd91::/64	883
2001:db8:1492:cdce::/64	213
2001:db8:1492:ce4c::/64	476
2001:db8:1492:eb1d::/64	524
2001:db8:1492:f9f3::/64	558
2001:db8:1493:77f2::/64	887
2001:db8:1493:8017::/64	313
2001:db8:1493:8c37::/64	309
2001:db8:1493:f71e::/64	870
2001:db8:1494:b471::/64	988
2001:db8:1494:d50b::/64	572
2001:db8:1494:e9f3::/64	84
2001:db8:1494:eed4::/64	545
2001:db8:1497:d4d6::/64	3
2001:db8:1498:54a2::/64	236
2001:db8:1498:586f::/64	171
2001:db8:1498:97c7::/64	415
2001:db8:1498:cb0f::/64	67
2001:db8:1499:16db::/64	211
2001:db8:1499:af8c::/64	606
2001:db8:149a:27aa::/64	920
2001:db8:149a:9047::/64	704
2001:db8:149a:efa7::/64	59
2001:db8:149a:f9db::/64	595
2001:db8:149b:b165::/64	287
2001:db8:149b:ca75::/64	19
2001:db8:149c:f66::/64	130
2001:db8:149c:fa5f::/64	58
2001:db8:149d:3382::/64	218
2001:db8:149d:cffc::/64	816
2001:db8:149d:da17::/64	653
2001:db8:149e:966::/64	1000
2001:db8:149e:2f10::/64	378
2001:db8:149e:344c::/64	116
2001:db8:149f:299b::/64	668
2001:db8:149f:2c95::/64	729
2001:db8:149f:764e::/64	805
2001:db8:149f:a293::/64	219
2001:db8:14a1:29f9::/64	496
2001:db8:14a2:5dd0::/64	465
2001:db8:14a2:fc50::/64	705
2001:db8:14a3:6471::/64	138
2001:db8:14a3:b412::/64	330
2001:db8:14a6:525d::/64	148
2001:db8:14a6:a319::/64	834
2001:db8:14a7:54d4::/64	789
2001:db8:14a7:54df::/64	685
2001:db8:14a7:5729::/64	849
2001:db8:14a7:6a54::/64	634
2001:db8:14a7:9696::/64	822
2001:db8:14a7:c151::/64	887
2001:db8:14a8:32f2::/64	378
2001:db8:14a8:4046::/64	992
2001:db8:14a8:7357::/64	969
2001:db8:14a8:78d1::/64	72
2001:db8:14a8:cc1f::/64	491
2001:db8:14a9:27b4::/64	770
2001:db8:14a9:364f::/64	206
2001:db8:14a9:bcad::/64	980
2001:db8:14ab:68bd::/64	284
2001:db8:14ab:9d5b::/64	596
2001:db8:14ab:a0e6::/64	651
2001:db8:14ab:ff48::/64	116
2001:db8:14ac:e3c0::/64	107
2001:db8:14ac:f010::/64	768
2001:db8:14ad:e526::/64	443
2001:db8:14ad:e6c4::/64	76
2001:db8:14ad:eb4a::/64	464
2001:db8:14ad:f6d8::/64	736
2001:db8:14ae:7bff::/64	59
2001:db8:14ae:94cf::/64	208
2001:db8:14ae:b678::/64	340
2001:db8:14ae:d17c::/64	129
2001:db8:14af:3628::/64	10
2001:db8:14af:9f9a::/64	838
2001:db8:14b0:4771::/64	437
2001:db8:14b0:b1dc::/64	306
2001:db8:14b0:cbf6::/64	92
2001:db8:14b0:e6b9::/64	896
2001:db8:14b1:a567::/64	575
2001:db8:14b1:d9e3::/64	346
2001:db8:14b2:b4e::/64	508
2001:db8:14b2:1d42::/64	495
2001:db8:14b2:5846::/64	811
2001:db8:14b2:a9ff::/64	110
2001:db8:14b3:1295::/64	437
2001:db8:14b3:170f::/64	448
2001:db8:14b3:2307::/64	763
2001:db8:14b3:430c::/64	861
2001:db8:14b3:5009::/64	997
2001:db8:14b3:673b::/64	8
2001:db8:14b4:bc5c::/64	134
2001:db8:14b4:bd21::/64	46
2001:db8:14b4:bd61::/64	468
2001:db8:14b4:be8a::/64	566
2001:db8:14b5:9671::/64	243
2001:db8:14b5:c6e0::/64	398
2001:db8:14b5:cd50::/64	200
2001:db8:14b5:cfdf::/64	586
2001:db8:14b6:5aa3::/64	608
2001:db8:14b6:93cf::/64	87
2001:db8:14b6:e350::/64	215
2001:db8:14b7:f11::/64	688
2001:db8:14b7:6061::/64	430
2001:db8:14b7:9b5c::/64	912
2001:db8:14b7:e7bd::/64	351
2001:db8:14b8:8349::/64	372
2001:db8:14b9:200::/64	164
2001:db8:14b9:aeeb::/64	239
2001:db8:14b9:c455::/64	512
2001:db8:14ba:4443::/64	727
2001:db8:14ba:b006::/64	582
2001:db8:14ba:d883::/64	517
2001:db8:14ba:f334::/64	365
2001:db8:14bb:1aa5::/64	763
2001:db8:14bb:3923::/64	978
2001:db8:14bb:4a79::/64	418
2001:db8:14bb:831d::/64	945
2001:db8:14bb:9251::/64	784
2001:db8:14bb:dec3::/64	74
2001:db8:14bc:2c82::/64	505
2001:db8:14bc:5a44::/64	674
2001:db8:14bc:7597::/64	173
2001:db8:14bd:35f2::/64	340
2001:db8:14bd:ac88::/64	265
2001:db8:14be:2b::/64	175
2001:db8:14bf:faa7::/64	992
2001:db8:14c0:1e30::/64	365
2001:db8:14c1:1178::/64	845
2001:db8:14c2:47d0::/64	978
2001:db8:14c3:ff::/64	883
2001:db8:14c3:5f43::/64	12
2001:db8:14c3:e24d::/64	940
2001:db8:14c4:5eab::/64	878
2001:db8:14c4:afb9::/64	713
2001:db8:14c5:10a7::/64	93
2001:db8:14c5:fb4b::/64	298
2001:db8:14c6:f26::/64	254
2001:db8:14c6:5831::/64	178
2001:db8:14c6:8969::/64	289
2001:db8:14c7:89f2::/64	417
2001:db8:14c7:9b90::/64	637
2001:db8:14c7:a53d::/64	515
2001:db8:14c7:d0f0::/64	792
2001:db8:14c8:3cca::/64	65
2001:db8:14c8:802b::/64	204
2001:db8:14c8:a7ed::/64	354
2001:db8:14c9:262::/64	406
2001:db8:14c9:1244::/64	254
2001:db8:14c9:687e::/64	105
2001:db8:14c9:b32b::/64	5
2001:db8:14c9:ee01::/64	864
2001:db8:14ca:6efa::/64	724
2001:db8:14ca:78d6::/64	907
2001:db8:14ca:aafd::/64	878
2001:db8:14cb:7b11::/64	156
2001:db8:14cb:e2aa::/64	775
2001:db8:14cb:f9a8::/64	617
2001:db8:14cc:1a02::/64	846
2001:db8:14cc:2e43::/64	721
2001:db8:14cc:99b7::/64	959
2001:db8:14cc:ca34::/64	280
2001:db8:14cc:deb0::/64	365
2001:db8:14cc:ea97::/64	736
2001:db8:14cd:4f58::/64	521
2001:db8:14cd:6fc5::/64	839
2001:db8:14ce:7a58::/64	649
2001:db8:14cf:1c71::/64	90
2001:db8:14cf:1f5d::/64	599
2001:db8:14cf:2c32::/64	669
2001:db8:14cf:2dfa::/64	418
2001:db8:14cf:6364::/64	594
2001:db8:14cf:afa6::/64	92
2001:db8:14d0:20be::/64	126
2001:db8:14d0:53be::/64	106
2001:db8:14d0:c237::/64	653
2001:db8:14d0:fafc::/64	102
2001:db8:14d1:1c96::/64	163
2001:db8:14d1:c528::/64	856
2001:db8:14d1:c646::/64	516
2001:db8:14d2:9af::/64	439
2001:db8:14d3:19e1::/64	968
2001:db8:14d5:4ac6::/64	654
2001:db8:14d5:87e8::/64	137
2001:db8:14d5:8909::/64	330
2001:db8:14d7:119b::/64	498
2001:db8:14d7:263a::/64	134
2001:db8:14d8:2fe::/64	365
2001:db8:14d9:c1fa::/64	383
2001:db8:14d9:c212::/64	895
2001:db8:14da:c569::/64	211
2001:db8:14da:f42d::/64	971
2001:db8:14db:69f3::/64	623
2001:db8:14db:84ef::/64	878
2001:db8:14db:9ea7::/64	401
2001:db8:14db:dd31::/64	29
2001:db8:14db:e077::/64	825
2001:db8:14dc:155b::/64	540
2001:db8:14dc:4387::/64	113
2001:db8:14dc:6445::/64	936
2001:db8:14dc:7e71::/64	661
2001:db8:14dc:ce16::/64	341
2001:db8:14dd:43da::/64	498
2001:db8:14dd:4e0d::/64	624
2001:db8:14dd:90f5::/64	347
2001:db8:14de:7715::/64	81
2001:db8:14df:3efd::/64	304
2001:db8:14df:7076::/64	214
2001:db8:14e0:5473::/64	130
2001:db8:14e1:8d32::/64	848
2001:db8:14e2:1738::/64	607
2001:db8:14e2:45a4::/64	686
2001:db8:14e2:de0f::/64	123
2001:db8:14e3:33b::/64	923
2001:db8:14e3:2ce8::/64	190
2001:db8:14e4:794c::/64	524
2001:db8:14e4:7d84::/64	137
2001:db8:14e4:cd78::/64	142
2001:db8:14e5:4496::/64	37
2001:db8:14e5:93bd::/64	416
2001:db8:14e6:4c3c::/64	699
2001:db8:14e6:9078::/64	218
2001:db8:14e7:4d06::/64	266
2001:db8:14e7:f1a1::/64	635
2001:db8:14e8:b510::/64	229
2001:db8:14e9:9b1f::/64	433
2001:db8:14ea:34ba::/64	773
2001:db8:14eb:624a::/64	253
2001:db8:14eb:a305::/64	520
2001:db8:14ec:df40::/64	504
2001:db8:14ed:3dc6::/64	363
2001:db8:14ed:ca68::/64	319
2001:db8:14ed:eca0::/64	900
2001:db8:14ee:a2f7::/64	678
2001:db8:14ee:c340::/64	435
2001:db8:14ef:7638::/64	429
2001:db8:14ef:7b58::/64	20
2001:db8:14ef:8c29::/64	87
2001:db8:14ef:9a38::/64	912
2001:db8:14ef:c548::/64	567
2001:db8:14ef:d0a8::/64	468
2001:db8:14f0:b3e::/64	531
2001:db8:14f0:519f::/64	151
2001:db8:14f0:80cf::/64	815
2001:db8:14f0:d80c::/64	719
2001:db8:14f1:2c43::/64	566
2001:db8:14f1:a2d9::/64	498
2001:db8:14f2:19df::/64	363
2001:db8:14f3:5c44::/64	614
2001:db8:14f4:1804::/64	562
2001:db8:14f4:4b48::/64	759
2001:db8:14f4:8422::/64	102
2001:db8:14f5:27b4::/64	254
2001:db8:14f5:a88a::/64	976
2001:db8:14f6:3dec::/64	127
2001:db8:14f6:e21c::/64	114
2001:db8:14f7:4fae::/64	422
2001:db8:14f8:5a6f::/64	606
2001:db8:14f8:a4b3::/64	854
2001:db8:14f8:d761::/64	855
2001:db8:14f9:cea::/64	98
2001:db8:14f9:a295::/64	606
2001:db8:14fa:a7d8::/64	27
2001:db8:14fb:1322::/64	199
2001:db8:14fb:37ee::/64	707
2001:db8:14fb:5e10::/64	195
2001:db8:14fb:8430::/64	487
2001:db8:14fb:87a6::/64	797
2001:db8:14fb:8a1b::/64	664
2001:db8:14fb:c4bf::/64	535
2001:db8:14fc:64f5::/64	286
2001:db8:14fd:3b5f::/64	304
2001:db8:14ff:4a1a::/64	614
2001:db8:14ff:5356::/64	574
2001:db8:14ff:6665::/64	708
2001:db8:14ff:972a::/64	226
2001:db8:1500:662::/64	813
2001:db8:1500:b771::/64	733
2001:db8:1501:61f3::/64	578
2001:db8:1501:eced::/64	124
2001:db8:1502:b6be::/64	485
2001:db8:1502:fec3::/64	626
2001:db8:1503:31df::/64	22
2001:db8:1503:881b::/64	140
2001:db8:1503:c856::/64	925
2001:db8:1503:d616::/64	381
2001:db8:1504:9cd2::/64	695
2001:db8:1505:135c::/64	4
2001:db8:1505:4eb8::/64	212
2001:db8:1505:952f::/64	644
2001:db8:1506:9faf::/64	23
2001:db8:1507:a53::/64	444
2001:db8:1507:5d78::/64	834
2001:db8:1507:ca3f::/64	697
2001:db8:1508:79b3::/64	815
2001:db8:1508:8331::/64	410
2001:db8:1508:93b2::/64	647
2001:db8:1508:abb2::/64	638
2001:db8:1508:c718::/64	973
2001:db8:1508:d872::/64	523
2001:db8:1509:c7d4::/64	284
2001:db8:150a:459e::/64	601
2001:db8:150a:a507::/64	92
2001:db8:150a:ab5e::/64	479
2001:db8:150a:d7ed::/64	949
2001:db8:150a:f04b::/64	999
2001:db8:150c:6f59::/64	263
2001:db8:150c:7ac8::/64	730
2001:db8:150d:2a6d::/64	883
2001:db8:150d:408a::/64	296
2001:db8:150d:6a34::/64	682
2001:db8:150d:ef7f::/64	38
2001:db8:150f:3164::/64	587
2001:db8:1510:35d1::/64	203
2001:db8:1510:7b95::/64	259
2001:db8:1510:cc7c::/64	503
2001:db8:1511:3d0e::/64	512
2001:db8:1513:4678::/64	396
2001:db8:1515:e4c::/64	350
2001:db8:1515:e551::/64	624
2001:db8:1516:23f8::/64	37
2001:db8:1516:778b::/64	323
2001:db8:1516:cccd::/64	651
2001:db8:1517:cdaf::/64	590
2001:db8:1517:e3a7::/64	115
2001:db8:1518:8da::/64	2
2001:db8:1518:6f69::/64	743
2001:db8:1519:1f63::/64	363
2001:db8:1519:fe33::/64	973
2001:db8:151a:a984::/64	630
2001:db8:151a:cb4b::/64	426
2001:db8:151b:71ce::/64	46
2001:db8:151b:c87a::/64	170
2001:db8:151c:8ce::/64	567
2001:db8:151c:4b6a::/64	883
2001:db8:151c:7a9b::/64	175
2001:db8:151d:eb9e::/64	113
2001:db8:151e:e2d5::/64	416
2001:db8:151f:20b6::/64	442
2001:db8:151f:66c9::/64	809
2001:db8:151f:76a4::/64	674
2001:db8:151f:d868::/64	211
2001:db8:1520:74df::/64	674
2001:db8:1520:769f::/64	191
2001:db8:1520:b9ab::/64	47
2001:db8:1521:bf19::/64	212
2001:db8:1522:27a7::/64	237
2001:db8:1522:4cbe::/64	737
2001:db8:1523:73e0::/64	63
2001:db8:1524:2560::/64	906
2001:db8:1524:8ce0::/64	388
2001:db8:1524:9253::/64	476
2001:db8:1525:d06b::/64	485
2001:db8:1526:bbf1::/64	375
2001:db8:1526:d10d::/64	497
2001:db8:1526:f4ee::/64	859
2001:db8:1526:f9ac::/64	6
2001:db8:1526:fd0f::/64	895
2001:db8:1527:9a87::/64	933
2001:db8:1527:b332::/64	100
2001:db8:1527:bd08::/64	643
2001:db8:1528:3b19::/64	484
2001:db8:1528:cd8f::/64	459
2001:db8:1528:e039::/64	435
2001:db8:1529:5dbd::/64	969
2001:db8:152b:dd5::/64	14
2001:db8:152b:8973::/64	604
2001:db8:152c:e6b9::/64	604
2001:db8:152d:e9cd::/64	176
2001:db8:152e:1d99::/64	976
2001:db8:152e:577b::/64	559
2001:db8:152e:73e3::/64	928
2001:db8:152e:d66f::/64	826
2001:db8:152f:35e7::/64	419
2001:db8:152f:d03c::/64	178
2001:db8:152f:d29c::/64	221
2001:db8:1530:74::/64	185
2001:db8:1530:8df4::/64	697
2001:db8:1531:b25e::/64	347
2001:db8:1531:d957::/64	208
2001:db8:1532:3d7a::/64	430
2001:db8:1532:5f6b::/64	434
2001:db8:1532:d801::/64	874
2001:db8:1533:1305::/64	639
2001:db8:1534:b064::/64	202
2001:db8:1534:b25e::/64	219
2001:db8:1534:d503::/64	994
2001:db8:1535:c02e::/64	746
2001:db8:1535:cb1e::/64	479
2001:db8:1537:468d::/64	174
2001:db8:1537:572e::/64	296
2001:db8:1537:fb50::/64	344
2001:db8:1538:36aa::/64	483
2001:db8:1539:2f7d::/64	495
2001:db8:1539:db2e::/64	809
2001:db8:1539:f3a2::/64	243
2001:db8:153a:2d41::/64	776
2001:db8:153a:38ed::/64	573
2001:db8:153a:ae66::/64	238
2001:db8:153b:ce91::/64	143
2001:db8:153c:374f::/64	317
2001:db8:153c:434b::/64	740
2001:db8:153c:875f::/64	187
2001:db8:153c:e356::/64	985
2001:db8:153d:f095::/64	128
2001:db8:153e:461f::/64	477
2001:db8:153f:ce8::/64	88
2001:db8:153f:9bd3::/64	595
2001:db8:153f:b97f::/64	344
2001:db8:153f:c246::/64	446
2001:db8:153f:c7df::/64	96
2001:db8:1540:414a::/64	98
2001:db8:1540:5150::/64	618
2001:db8:1540:78b6::/64	222
2001:db8:1540:92c7::/64	688
2001:db8:1541:bd7c::/64	555
2001:db8:1542:5930::/64	912
2001:db8:1542:89a0::/64	505
2001:db8:1542:b640::/64	290
2001:db8:1543:8db9::/64	133
2001:db8:1543:bb72::/64	889
2001:db8:1543:c82c::/64	292
2001:db8:1543:e8b3::/64	759
2001:db8:1543:eaec::/64	331
2001:db8:1543:f1a2::/64	777
2001:db8:1544:1402::/64	480
2001:db8:1544:7adf::/64	515
2001:db8:1544:824b::/64	257
2001:db8:1544:db46::/64	283
2001:db8:1545:efe6::/64	727
2001:db8:1546:a8cd::/64	781
2001:db8:1546:ece8::/64	744
2001:db8:1547:65e7::/64	953
2001:db8:1547:9400::/64	670
2001:db8:1547:ab4b::/64	914
2001:db8:1547:b642::/64	391
2001:db8:1547:d2dc::/64	709
2001:db8:1548:461d::/64	753
2001:db8:1549:7519::/64	541
2001:db8:1549:85d0::/64	145
2001:db8:1549:b5d6::/64	999
2001:db8:1549:e77a::/64	660
2001:db8:154a:8f99::/64	984
2001:db8:154a:954d::/64	254
2001:db8:154b:6a03::/64	128
2001:db8:154b:a15b::/64	993
2001:db8:154b:d6fd::/64	410
2001:db8:154c:8b37::/64	426
2001:db8:154c:b682::/64	4
2001:db8:154d:b312::/64	247
2001:db8:154e:264::/64	449
2001:db8:154e:e129::/64	992
2001:db8:154e:fa2e::/64	468
2001:db8:154f:a51d::/64	465
2001:db8:1550:61e2::/64	431
2001:db8:1550:8214::/64	912
2001:db8:1550:9dea::/64	31
2001:db8:1550:f7a6::/64	807
2001:db8:1551:4175::/64	832
2001:db8:1551:527f::/64	213
2001:db8:1551:cce7::/64	930
2001:db8:1552:f2d::/64	448
2001:db8:1552:1332::/64	969
2001:db8:1552:4816::/64	104
2001:db8:1552:8837::/64	939
2001:db8:1552:f68f::/64	53
2001:db8:1553:6f5::/64	538
2001:db8:1553:30e5::/64	354
2001:db8:1553:819e::/64	360
2001:db8:1553:81dc::/64	948
2001:db8:1553:d1ea::/64	17
2001:db8:1553:e64a::/64	770
2001:db8:1554:97e6::/64	245
2001:db8:1554:c5f3::/64	638
2001:db8:1556:5faf::/64	359
2001:db8:1557:7::/64	64
2001:db8:1557:63a7::/64	927
2001:db8:1557:c306::/64	8
2001:db8:1557:fee8::/64	834
2001:db8:1558:6bd4::/64	614
2001:db8:1558:ccdc::/64	879
2001:db8:1559:3abc::/64	528
2001:db8:1559:5cf6::/64	12
2001:db8:1559:dfab::/64	941
2001:db8:155a:4602::/64	468
2001:db8:155a:577d::/64	50
2001:db8:155a:5a9d::/64	512
2001:db8:155a:6248::/64	191
2001:db8:155a:6f33::/64	807
2001:db8:155c:18c4::/64	181
2001:db8:155c:7643::/64	400
2001:db8:155d:47bb::/64	128
2001:db8:155d:8c46::/64	36
2001:db8:155d:f3da::/64	223
2001:db8:155e:179c::/64	576
2001:db8:155e:8b58::/64	996
2001:db8:155e:902a::/64	888
2001:db8:155f:168c::/64	597
2001:db8:155f:9df5::/64	399
2001:db8:155f:cc89::/64	175
2001:db8:155f:d9ad::/64	459
2001:db8:155f:f6a3::/64	867
2001:db8:1560:bc69::/64	502
2001:db8:1561:1825::/64	716
2001:db8:1561:e67a::/64	341
2001:db8:1562:2658::/64	552
2001:db8:1562:7129::/64	800
2001:db8:1563:35f5::/64	137
2001:db8:1563:7ff8::/64	213
2001:db8:1563:daae::/64	490
2001:db8:1564:a85d::/64	349
2001:db8:1565:8dc0::/64	599
2001:db8:1565:c96e::/64	630
2001:db8:1567:3b7c::/64	665
2001:db8:1567:a542::/64	400
2001:db8:1568:9bdb::/64	625
2001:db8:1568:e74e::/64	511
2001:db8:1569:178a::/64	222
2001:db8:1569:6dda::/64	218
2001:db8:156a:a02::/64	21
2001:db8:156a:4207::/64	853
2001:db8:156a:ba50::/64	275
2001:db8:156b:16ef::/64	70
2001:db8:156b:9c31::/64	529
2001:db8:156c:662d::/64	992
2001:db8:156c:cb6f::/64	99
2001:db8:156c:d45a::/64	616
2001:db8:156c:ddd0::/64	167
2001:db8:156d:af::/64	75
2001:db8:156d:3a32::/64	554
2001:db8:156d:4149::/64	830
2001:db8:156d:4d87::/64	97
2001:db8:156e:4f65::/64	185
2001:db8:156e:924b::/64	533
2001:db8:156e:e970::/64	96
2001:db8:1570:c283::/64	738
2001:db8:1571::/48	133
2001:db8:1572:fdf2::/64	682
2001:db8:1573:d6b6::/64	187
2001:db8:1575:3487::/64	743
2001:db8:1575:3625::/64	568
2001:db8:1575:bf7f::/64	884
2001:db8:1575:c277::/64	114
2001:db8:1576:7108::/64	994
2001:db8:1576:86a0::/64	861
2001:db8:1576:88a2::/64	965
2001:db8:1577:38ae::/64	495
2001:db8:1577:499c::/64	595
2001:db8:1577:c55f::/64	211
2001:db8:1577:cd0c::/64	595
2001:db8:1578:1025::/64	965
2001:db8:1578:8c6f::/64	583
2001:db8:1578:a44d::/64	937
2001:db8:1579:c230::/64	907
2001:db8:157a:47bb::/64	80
2001:db8:157a:712c::/64	695
2001:db8:157a:b77c::/64	848
2001:db8:157a:c308::/64	517
2001:db8:157b:12e5::/64	473
2001:db8:157b:4878::/64	253
2001:db8:157b:7b29::/64	393
2001:db8:157c:4f1e::/64	148
2001:db8:157c:6acc::/64	216
2001:db8:157c:8b3c::/64	320
2001:db8:157c:f1f0::/64	183
2001:db8:157d:26db::/64	522
2001:db8:157f:124f::/64	580
2001:db8:157f:34c7::/64	851
2001:db8:1580:dddf::/64	727
2001:db8:1581:1bf4::/64	12
2001:db8:1581:f7bb::/64	679
2001:db8:1583:75f::/64	680
2001:db8:1583:fc69::/64	930
2001:db8:1584:7438::/64	976
2001:db8:1585:acb3::/64	544
2001:db8:1585:c931::/64	775
2001:db8:1586:d9de::/64	194
2001:db8:1587:27ef::/64	228
2001:db8:1587:2ba9::/64	265
2001:db8:1587:4202::/64	340
2001:db8:1587:7ed8::/64	125
2001:db8:1587:a600::/64	437
2001:db8:1588:8354::/64	281
2001:db8:1588:9026::/64	390
2001:db8:1588:a3fc::/64	348
2001:db8:1589:8706::/64	230
2001:db8:1589:97fb::/64	727
2001:db8:1589:c8e2::/64	634
2001:db8:1589:fae7::/64	84
2001:db8:158a:6bb4::/64	461
2001:db8:158b:cd4b::/64	316
2001:db8:158c:35ac::/64	720
2001:db8:158c:666c::/64	775
2001:db8:158e:c634::/64	502
2001:db8:158f:4462::/64	541
2001:db8:158f:6d04::/64	250
2001:db8:1590:5100::/64	138
2001:db8:1590:9f61::/64	295
2001:db8:1590:c5ec::/64	382
2001:db8:1590:e765::/64	611
2001:db8:1590:e80d::/64	707
2001:db8:1591:815::/64	944
2001:db8:1591:3101::/64	713
2001:db8:1591:52d0::/64	342
2001:db8:1591:73a8::/64	74
2001:db8:1591:d5a9::/64	133
2001:db8:1593:6ce6::/64	1000
2001:db8:1594:ccb::/64	763
2001:db8:1594:554b::/64	39
2001:db8:1595:6115::/64	415
2001:db8:1595:b55f::/64	366
2001:db8:1595:feaf::/64	440
2001:db8:1596:1392::/64	501
2001:db8:1596:4e0d::/64	993
2001:db8:1598:1ce::/64	812
2001:db8:1598:3c85::/64	352
2001:db8:1598:c61f::/64	900
2001:db8:1599:1c52::/64	14
2001:db8:1599:59f7::/64	528
2001:db8:1599:9c06::/64	990
2001:db8:1599:a0e4::/64	737
2001:db8:1599:f925::/64	191
2001:db8:159a:2635::/64	755
2001:db8:159a:567b::/64	975
2001:db8:159a:8750::/64	547
2001:db8:159a:a27a::/64	91
2001:db8:159d:41c2::/64	348
2001:db8:159d:421b::/64	754
2001:db8:159d:8126::/64	492
2001:db8:159d:a0a4::/64	924
2001:db8:159d:a28c::/64	756
2001:db8:159e:8538::/64	935
2001:db8:159e:cce6::/64	806
2001:db8:159f:677d::/64	651
2001:db8:159f:978f::/64	317
2001:db8:159f:a14b::/64	759
2001:db8:15a0:efe1::/64	634
2001:db8:15a1:2f35::/64	338
2001:db8:15a2:2ff5::/64	901
2001:db8:15a2:a164::/64	60
2001:db8:15a3:21ef::/64	663
2001:db8:15a3:25b3::/64	650
2001:db8:15a3:328d::/64	426
2001:db8:15a3:6245::/64	225
2001:db8:15a3:728b::/64	92
2001:db8:15a3:7e15::/64	155
2001:db8:15a4:fd06::/64	743
2001:db8:15a5:2103::/64	210
2001:db8:15a5:f16e::/64	682
2001:db8:15a6:d8c8::/64	91
2001:db8:15a8:9fe9::/64	670
2001:db8:15a9:4656::/64	194
2001:db8:15a9:8380::/64	918
2001:db8:15a9:d4aa::/64	481
2001:db8:15a9:fe31::/64	127
2001:db8:15aa:b0c::/64	368
2001:db8:15aa:1f0a::/64	566
2001:db8:15aa:47de::/64	217
2001:db8:15aa:bd94::/64	523
2001:db8:15aa:dab7::/64	681
2001:db8:15ab:3ea2::/64	132
2001:db8:15ab:67ff::/64	350
2001:db8:15ab:99f1::/64	506
2001:db8:15ab:c13d::/64	113
2001:db8:15ac:8fb4::/64	795
2001:db8:15ac:b9c0::/64	856
2001:db8:15ad:3487::/64	415
2001:db8:15ad:7918::/64	377
2001:db8:15ae:283d::/64	712
2001:db8:15ae:aac6::/64	174
2001:db8:15ae:f54e::/64	385
2001:db8:15b0:282b::/64	917
2001:db8:15b0:5dcc::/64	29
2001:db8:15b1:cfc8::/64	753
2001:db8:15b1:d0c7::/64	244
2001:db8:15b1:e319::/64	219
2001:db8:15b1:fc6d::/64	790
2001:db8:15b2:5e47::/64	121
2001:db8:15b3:a51d::/64	234
2001:db8:15b3:cb81::/64	293
2001:db8:15b3:e554::/64	29
2001:db8:15b4:4eaf::/64	803
2001:db8:15b4:5274::/64	331
2001:db8:15b4:8f96::/64	948
2001:db8:15b4:ee1b::/64	430
2001:db8:15b4:f62a::/64	369
2001:db8:15b5:45e::/64	499
2001:db8:15b5:1104::/64	749
2001:db8:15b5:807b::/64	327
2001:db8:15b6:2495::/64	807
2001:db8:15b6:9737::/64	448
2001:db8:15b6:dd5b::/64	589
2001:db8:15b6:e4a1::/64	938
2001:db8:15b7:42a5::/64	181
2001:db8:15b7:45b5::/64	30
2001:db8:15b7:b2cb::/64	852
2001:db8:15b7:e885::/64	372
2001:db8:15b8:2e5e::/64	497
2001:db8:15b8:8bd6::/64	864
2001:db8:15b8:f42e::/64	327
2001:db8:15b9:a31::/64	161
2001:db8:15ba:ac2::/64	10
2001:db8:15ba:dcb::/64	622
2001:db8:15ba:9dbf::/64	884
2001:db8:15bb:306e::/64	208
2001:db8:15bb:40b9::/64	163
2001:db8:15bb:cbd6::/64	347
2001:db8:15bc:42c::/64	311
2001:db8:15bc:acbb::/64	347
2001:db8:15bc:b890::/64	648
2001:db8:15bc:d589::/64	586
2001:db8:15bd:3ebd::/64	157
2001:db8:15bd:612a::/64	732
2001:db8:15bd:cf09::/64	514
2001:db8:15bf:2b53::/64	662
2001:db8:15bf:2c1e::/64	655
2001:db8:15bf:4bbd::/64	790
2001:db8:15bf:61c7::/64	750
2001:db8:15bf:d613::/64	912
2001:db8:15bf:d8b9::/64	456
2001:db8:15bf:ed90::/64	500
2001:db8:15c0:a78b::/64	542
2001:db8:15c1:34e8::/64	857
2001:db8:15c1:a230::/64	127
2001:db8:15c1:b98a::/64	484
2001:db8:15c2:82c::/64	340
2001:db8:15c2:3320::/64	91
2001:db8:15c3:77b9::/64	175
2001:db8:15c4:8cf1::/64	727
2001:db8:15c5:3b86::/64	178
2001:db8:15c5:43a2::/64	693
2001:db8:15c5:a2ab::/64	444
2001:db8:15c6:12a::/64	174
2001:db8:15c6:3f7::/64	635
2001:db8:15c6:810b::/64	676
2001:db8:15c6:9305::/64	741
2001:db8:15c7:4243::/64	747
2001:db8:15c7:6bfe::/64	916
2001:db8:15c7:85af::/64	597
2001:db8:15c7:b082::/64	235
2001:db8:15c7:b2ed::/64	383
2001:db8:15c8:5db8::/64	36
2001:db8:15c8:c07b::/64	455
2001:db8:15c8:d5ea::/64	444
2001:db8:15c8:f523::/64	533
2001:db8:15c8:fd44::/64	178
2001:db8:15c9:56c2::/64	596
2001:db8:15c9:603d::/64	857
2001:db8:15c9:77e9::/64	203
2001:db8:15c9:aad7::/64	100
2001:db8:15ca:6200::/64	160
2001:db8:15ca:a939::/64	796
2001:db8:15ca:f4b0::/64	351
2001:db8:15cb:88d8::/64	258
2001:db8:15cc:83e6::/64	59
2001:db8:15cc:cee2::/64	94
2001:db8:15cd:4cb1::/64	119
2001:db8:15cd:51f5::/64	653
2001:db8:15cd:9d69::/64	743
2001:db8:15cd:b51c::/64	11
2001:db8:15ce:4744::/64	853
2001:db8:15ce:c190::/64	667
2001:db8:15cf:509::/64	244
2001:db8:15d0:24d6::/64	515
2001:db8:15d1:96d5::/64	973
2001:db8:15d2:2445::/64	367
2001:db8:15d2:96d8::/64	778
2001:db8:15d3:23d8::/64	279
2001:db8:15d3:7b59::/64	739
2001:db8:15d5:313::/64	212
2001:db8:15d5:d75d::/64	602
2001:db8:15d6:2ae2::/64	968
2001:db8:15d6:3996::/64	848
2001:db8:15d6:d594::/64	309
2001:db8:15d7:4897::/64	194
2001:db8:15d7:736b::/64	436
2001:db8:15d7:c6f0::/64	420
2001:db8:15d8:1310::/64	517
2001:db8:15d8:67df::/64	599
2001:db8:15d8:7a2b::/64	397
2001:db8:15d8:919c::/64	872
2001:db8:15d8:a7e7::/64	991
2001:db8:15d8:c05a::/64	255
2001:db8:15d9:69f8::/64	887
2001:db8:15d9:8681::/64	7
2001:db8:15da:6703::/64	514
2001:db8:15da:bcd5::/64	887
2001:db8:15db:1dca::/64	117
2001:db8:15db:d4a4::/64	418
2001:db8:15dc:8ce2::/64	331
2001:db8:15dc:b7c8::/64	961
2001:db8:15dc:eb04::/64	670
2001:db8:15dd:1cb::/64	565
2001:db8:15dd:76d9::/64	879
2001:db8:15dd:7d82::/64	23
2001:db8:15de:78ab::/64	771
2001:db8:15de:a34e::/64	141
2001:db8:15de:a4f7::/64	650
2001:db8:15df:4734::/64	793
2001:db8:15df:4b6c::/64	563
2001:db8:15df:6f49::/64	91
2001:db8:15df:7601::/64	593
2001:db8:15df:b9af::/64	299
2001:db8:15df:fb8c::/64	920
2001:db8:15e0:48fc::/64	10
2001:db8:15e0:a750::/64	187
2001:db8:15e0:b19e::/64	855
2001:db8:15e0:d9d8::/64	452
2001:db8:15e0:f37b::/64	741
2001:db8:15e1:941e::/64	570
2001:db8:15e1:a9f9::/64	555
2001:db8:15e1:ba48::/64	621
2001:db8:15e2:83db::/64	716
2001:db8:15e2:e195::/64	378
2001:db8:15e3:1ae0::/64	51
2001:db8:15e3:9033::/64	459
2001:db8:15e3:ba1a::/64	15
2001:db8:15e4:5f3::/64	858
2001:db8:15e4:987c::/64	702
2001:db8:15e5:de58::/64	734
2001:db8:15e5:f377::/64	676
2001:db8:15e6:2280::/64	898
2001:db8:15e6:f659::/64	988
2001:db8:15e7:15f9::/64	321
2001:db8:15e7:c871::/64	947
2001:db8:15e8:3c47::/64	485
2001:db8:15e8:c106::/64	616
2001:db8:15e9:3538::/64	135
2001:db8:15e9:4dc7::/64	281
2001:db8:15e9:aaca::/64	536
2001:db8:15e9:dd5f::/64	22
2001:db8:15ea:8a1::/64	418
2001:db8:15ea:14f6::/64	556
2001:db8:15ea:929d::/64	941
2001:db8:15ea:b910::/64	237
2001:db8:15eb:7025::/64	856
2001:db8:15eb:db66::/64	11
2001:db8:15ed:2ecc::/64	520
2001:db8:15ee:2a75::/64	186
2001:db8:15ee:9caa::/64	241
2001:db8:15ef:1307::/64	883
2001:db8:15ef:3ed1::/64	394
2001:db8:15ef:9782::/64	303
2001:db8:15ef:a75a::/64	958
2001:db8:15f0:ed5c::/64	662
2001:db8:15f0:f4cd::/64	387
2001:db8:15f1:264::/64	877
2001:db8:15f1:3c35::/64	99
2001:db8:15f1:4c62::/64	130
2001:db8:15f1:dda3::/64	252
2001:db8:15f2:4a::/64	729
2001:db8:15f2:f8fb::/64	569
2001:db8:15f3:ce39::/64	347
2001:db8:15f3:f2f7::/64	487
2001:db8:15f4:1226::/64	251
2001:db8:15f4:1ec9::/64	335
2001:db8:15f4:6312::/64	812
2001:db8:15f4:e06f::/64	248
2001:db8:15f4:f7ae::/64	899
2001:db8:15f5:4458::/64	999
2001:db8:15f5:9d51::/64	550
2001:db8:15f5:f5fa::/64	54
2001:db8:15f6:b154::/64	834
2001:db8:15f7:400b::/64	818
2001:db8:15f8:8649::/64	403
2001:db8:15f8:995f::/64	402
2001:db8:15f9:4bc::/64	865
2001:db8:15f9:aa93::/64	415
2001:db8:15fa:655e::/64	644
2001:db8:15fa:85a9::/64	133
2001:db8:15fa:97f2::/64	816
2001:db8:15fa:a5bf::/64	490
2001:db8:15fa:cb8a::/64	214
2001:db8:15fc:e7e7::/64	959
2001:db8:15fd:57be::/64	446
2001:db8:15fd:589c::/64	513
2001:db8:15fd:ea53::/64	426
2001:db8:15fe:1846::/64	73
2001:db8:15fe:5d45::/64	262
2001:db8:15fe:9fd9::/64	725
2001:db8:15ff:eca::/64	581
2001:db8:15ff:f299::/64	175
2001:db8:1600:3857::/64	204
2001:db8:1600:4dcd::/64	387
2001:db8:1600:755f::/64	875
2001:db8:1601:54ba::/64	251
2001:db8:1601:5b62::/64	537
2001:db8:1601:9ccd::/64	809
2001:db8:1601:dbcd::/64	999
2001:db8:1602:cc8::/64	594
2001:db8:1602:91d0::/64	209
2001:db8:1602:dcf3::/64	153
2001:db8:1603:512::/64	940
2001:db8:1603:723::/64	744
2001:db8:1603:dc34::/64	185
2001:db8:1604:252c::/64	871
2001:db8:1604:eb3a::/64	166
2001:db8:1605:627::/64	90
2001:db8:1605:1760::/64	883
2001:db8:1605:4310::/64	918
2001:db8:1605:6e06::/64	688
2001:db8:1605:bbdd::/64	49
2001:db8:1605:cabb::/64	844
2001:db8:1606:6239::/64	992
2001:db8:1606:f505::/64	701
2001:db8:1606:f67a::/64	551
2001:db8:1607:d7ac::/64	401
2001:db8:1609:3793::/64	704
2001:db8:1609:6f95::/64	742
2001:db8:1609:7815::/64	897
2001:db8:1609:a4c8::/64	627
2001:db8:160a:7bc2::/64	305
2001:db8:160a:c6de::/64	773
2001:db8:160a:cfb9::/64	779
2001:db8:160b:daba::/64	417
2001:db8:160c:f9b6::/64	966
2001:db8:160d:59f8::/64	786
2001:db8:160d:8883::/64	679
2001:db8:160d:b243::/64	171
2001:db8:160d:f728::/64	930
2001:db8:160e:14ae::/64	641
2001:db8:160e:42b3::/64	414
2001:db8:160e:8c35::/64	70
2001:db8:160f:7c44::/64	970
2001:db8:160f:e1fe::/64	430
2001:db8:1610:d6de::/64	701
2001:db8:1610:e0b4::/64	569
2001:db8:1611:9cd3::/64	169
2001:db8:1611:b408::/64	600
2001:db8:1612:60a5::/64	611
2001:db8:1612:a8a0::/64	254
2001:db8:1613:382c::/64	790
2001:db8:1613:7999::/64	24
2001:db8:1613:ac38::/64	844
2001:db8:1613:dd56::/64	819
2001:db8:1614:f370::/64	882
2001:db8:1615:2fcc::/64	356
2001:db8:1615:8e58::/64	365
2001:db8:1615:9ad3::/64	519
2001:db8:1615:c620::/64	899
2001:db8:1616:2cf4::/64	15
2001:db8:1616:37aa::/64	540
2001:db8:1617:52d::/64	506
2001:db8:1617:2afb::/64	782
2001:db8:1617:ea96::/64	491
2001:db8:1618:262c::/64	447
2001:db8:1618:ea2a::/64	933
2001:db8:1619:48a3::/64	27
2001:db8:1619:8d0f::/64	650
2001:db8:1619:a178::/64	692
2001:db8:1619:b800::/64	99
2001:db8:1619:ee38::/64	526
2001:db8:161b:a81::/64	507
2001:db8:161c:196f::/64	114
2001:db8:161c:cdb6::/64	277
2001:db8:161f:573b::/64	225
2001:db8:161f:d365::/64	738
2001:db8:1620:baf0::/64	870
2001:db8:1621:29d3::/64	630
2001:db8:1622:dd9b::/64	290
2001:db8:1623:11dc::/64	254
2001:db8:1623:4fa1::/64	616
2001:db8:1623:91ce::/64	178
2001:db8:1624:488d::/64	884
2001:db8:1625:2cc0::/64	806
2001:db8:1625:2d99::/64	978
2001:db8:1625:361a::/64	202
2001:db8:1625:57a6::/64	364
2001:db8:1625:9f40::/64	100
2001:db8:1625:efa0::/64	995
2001:db8:1626:2cff::/64	190
2001:db8:1626:f17f::/64	653
2001:db8:1627:ca9::/64	339
2001:db8:1627:1ffd::/64	823
2001:db8:1627:4b4b::/64	259
2001:db8:1627:e19d::/64	79
2001:db8:1628:3863::/64	281
2001:db8:1628:57ad::/64	433
2001:db8:1629:786f::/64	54
2001:db8:1629:a2d2::/64	819
2001:db8:1629:bbfb::/64	691
2001:db8:1629:d171::/64	498
2001:db8:1629:d5ea::/64	122
2001:db8:162a:8d45::/64	239
2001:db8:162a:e444::/64	137
2001:db8:162a:fb3a::/64	288
2001:db8:162b:192f::/64	416
2001:db8:162c:898::/64	374
2001:db8:162c:740c::/64	411
2001:db8:162c:af3a::/64	222
2001:db8:162d:123d::/64	931
2001:db8:162d:155b::/64	280
2001:db8:162d:64c9::/64	315
2001:db8:162d:7f3d::/64	670
2001:db8:162d:db4d::/64	986
2001:db8:162e:72c8::/64	372
2001:db8:162e:7b38::/64	168
2001:db8:162f:8854::/64	926
2001:db8:162f:be29::/64	805
2001:db8:162f:d67a::/64	478
2001:db8:162f:f6a7::/64	873
2001:db8:1630:1cb1::/64	44
2001:db8:1630:7578::/64	203
2001:db8:1631:5a0a::/64	19
2001:db8:1631:894c::/64	292
2001:db8:1631:9e3c::/64	715
2001:db8:1632:6dac::/64	966
2001:db8:1632:760e::/64	607
2001:db8:1632:8f91::/64	539
2001:db8:1633:ab0::/64	988
2001:db8:1633:1ad2::/64	11
2001:db8:1634:b082::/64	770
2001:db8:1635:607f::/64	820
2001:db8:1636:1582::/64	806
2001:db8:1636:2f14::/64	582
2001:db8:1636:3d51::/64	359
2001:db8:1636:75c6::/64	803
2001:db8:1636:d209::/64	94
2001:db8:1637:7eba::/64	985
2001:db8:1638:f6d8::/64	101
2001:db8:1639:7540::/64	37
2001:db8:1639:d179::/64	355
2001:db8:163a:b64::/64	423
2001:db8:163a:c19e::/64	840
2001:db8:163a:eec1::/64	263
2001:db8:163b:7155::/64	657
2001:db8:163b:7a67::/64	170
2001:db8:163b:9172::/64	347
2001:db8:163c:d742::/64	29
2001:db8:163d:f9bb::/64	837
2001:db8:163e:b3c3::/64	182
2001:db8:163f:2744::/64	314
2001:db8:163f:b41c::/64	661
2001:db8:1640:a519::/64	893
2001:db8:1640:de80::/64	872
2001:db8:1640:fd5a::/64	145
2001:db8:1641:7b72::/64	698
2001:db8:1642:575e::/64	699
2001:db8:1642:57f9::/64	129
2001:db8:1642:72f9::/64	358
2001:db8:1642:d755::/64	507
2001:db8:1643:4f0b::/64	577
2001:db8:1643:64ce::/64	411
2001:db8:1643:98b5::/64	388
2001:db8:1643:ac8f::/64	294
2001:db8:1643:d4e6::/64	271
2001:db8:1643:dc17::/64	503
2001:db8:1644:9a3::/64	655
2001:db8:1644:b20::/64	494
2001:db8:1644:dd44::/64	556
2001:db8:1645:2418::/64	398
2001:db8:1645:ffbf::/64	678
2001:db8:1646:18b2::/64	672
2001:db8:1646:1ec4::/64	370
2001:db8:1646:ff24::/64	313
2001:db8:1647:a5e0::/64	884
2001:db8:1647:abf4::/64	658
2001:db8:1647:b5b4::/64	871
2001:db8:1647:edac::/64	931
2001:db8:1648:2419::/64	678
2001:db8:1648:6ff1::/64	192
2001:db8:1648:7992::/64	708
2001:db8:1648:e8c5::/64	843
2001:db8:1649:d088::/64	984
2001:db8:164a:e08c::/64	194
2001:db8:164a:eeda::/64	471
2001:db8:164b:1665::/64	710
2001:db8:164b:384d::/64	797
2001:db8:164b:5767::/64	164
2001:db8:164b:6e0d::/64	546
2001:db8:164c:5389::/64	397
2001:db8:164c:5c73::/64	985
2001:db8:164c:9c16::/64	501
2001:db8:164c:d6c5::/64	350
2001:db8:164c:f486::/64	338
2001:db8:164d:2484::/64	402
2001:db8:164d:8b59::/64	143
2001:db8:164e:4fd::/64	206
2001:db8:164e:a5c8::/64	876
2001:db8:164f:b65e::/64	951
2001:db8:1650:5ae9::/64	216
2001:db8:1650:9341::/64	243
2001:db8:1651:337d::/64	385
2001:db8:1652:1fbc::/64	292
2001:db8:1652:20a5::/64	233
2001:db8:1652:2e58::/64	187
2001:db8:1652:542a::/64	683
2001:db8:1652:72e8::/64	187
2001:db8:1653:9b26::/64	126
2001:db8:1653:aeed::/64	63
2001:db8:1654:b391::/64	168
2001:db8:1654:bc85::/64	343
2001:db8:1654:e61d::/64	838
2001:db8:1655:4464::/64	162
2001:db8:1655:89bf::/64	429
2001:db8:1655:ee0e::/64	325
2001:db8:1656:1438::/64	742
2001:db8:1656:8b53::/64	113
2001:db8:1657:220b::/64	752
2001:db8:1657:a14c::/64	724
2001:db8:1658:51aa::/64	965
2001:db8:1658:5c31::/64	611
2001:db8:1658:6ba1::/64	67
2001:db8:1658:a873::/64	553
2001:db8:1658:ffc2::/64	180
2001:db8:1659:24b5::/64	773
2001:db8:1659:2f10::/64	700
2001:db8:1659:4bb1::/64	645
2001:db8:1659:eb11::/64	86
2001:db8:1659:efc8::/64	649
2001:db8:1659:f49c::/64	357
2001:db8:165a:8192::/64	610
2001:db8:165a:deb6::/64	314
2001:db8:165b:802d::/64	233
2001:db8:165b:968b::/64	257
2001:db8:165c:3f90::/64	37
2001:db8:165d:6b6d::/64	895
2001:db8:165d:73f0::/64	544
2001:db8:165e:45d7::/64	407
2001:db8:165e:8bb1::/64	595
2001:db8:1661:6929::/64	265
2001:db8:1661:7583::/64	66
2001:db8:1661:9969::/64	151
2001:db8:1661:e3ca::/64	7
2001:db8:1662:7852::/64	361
2001:db8:1662:fdbe::/64	344
2001:db8:1663:b20::/64	16
2001:db8:1663:b8ee::/64	809
2001:db8:1664:9f2::/64	317
2001:db8:1664:6772::/64	364
2001:db8:1664:9db0::/64	72
2001:db8:1665:1106::/64	732
2001:db8:1666:601c::/64	804
2001:db8:1666:6518::/64	942
2001:db8:1667:2df0::/64	181
2001:db8:1668:678::/64	603
2001:db8:1668:6d90::/64	441
2001:db8:1668:6e9b::/64	515
2001:db8:1668:bded::/64	875
2001:db8:1669:7007::/64	167
2001:db8:1669:7ab0::/64	807
2001:db8:1669:8ca6::/64	506
2001:db8:166a:29f9::/64	600
2001:db8:166a:8990::/64	697
2001:db8:166b:f4ae::/64	926
2001:db8:166c:3465::/64	802
2001:db8:166c:c7d0::/64	526
2001:db8:166c:fbad::/64	343
2001:db8:166d:25bb::/64	86
2001:db8:166d:37f8::/64	629
2001:db8:166d:4c63::/64	89
2001:db8:166d:59df::/64	253
2001:db8:166d:5d93::/64	760
2001:db8:166e:4d13::/64	280
2001:db8:166e:a5de::/64	40
2001:db8:166f:5027::/64	387
2001:db8:1670:8b5::/64	493
2001:db8:1670:16d9::/64	347
2001:db8:1670:b1d5::/64	446
2001:db8:1670:ddc7::/64	348
2001:db8:1671:431a::/64	144
2001:db8:1671:ac19::/64	53
2001:db8:1673:91db::/64	315
2001:db8:1673:b0d8::/64	851
2001:db8:1673:fe6d::/64	803
2001:db8:1674:4797::/64	723
2001:db8:1674:85f1::/64	510
2001:db8:1676:9bee::/64	377
2001:db8:1677:33e7::/64	495
2001:db8:1678:b5e::/64	883
2001:db8:1678:3ca9::/64	394
2001:db8:1678:6cc7::/64	309
2001:db8:1679:195b::/64	377
2001:db8:1679:a864::/64	181
2001:db8:167a:777a::/64	982
2001:db8:167a:b3d0::/64	741
2001:db8:167b:8024::/64	680
2001:db8:167b:ac2a::/64	120
2001:db8:167c:72a::/64	92
2001:db8:167c:f92::/64	676
2001:db8:167c:34fc::/64	648
2001:db8:167c:b2a0::/64	973
2001:db8:167d:5325::/64	408
2001:db8:167d:b83b::/64	391
2001:db8:167d:d027::/64	254
2001:db8:167d:d0ea::/64	909
2001:db8:167e:418c::/64	147
2001:db8:167e:ecc4::/64	955
2001:db8:167f:abc5::/64	107
2001:db8:1680:30a2::/64	959
2001:db8:1680:8c24::/64	377
2001:db8:1680:ee38::/64	940
2001:db8:1681:4461::/64	393
2001:db8:1681:964d::/64	511
2001:db8:1681:ab4b::/64	348
2001:db8:1681:cea1::/64	550
2001:db8:1682:4f6f::/64	106
2001:db8:1682:e7f9::/64	693
2001:db8:1683:117e::/64	603
2001:db8:1683:1c76::/64	929
2001:db8:1684:4987::/64	979
2001:db8:1684:7cac::/64	124
2001:db8:1685:a210::/64	153
2001:db8:1685:f1f0::/64	537
2001:db8:1686:45aa::/64	599
2001:db8:1686:510a::/64	385
2001:db8:1686:d30a::/64	589
2001:db8:1687:51fe::/64	936
2001:db8:1687:7daf::/64	460
2001:db8:1687:9727::/64	491
2001:db8:1687:acd5::/64	321
2001:db8:1687:d298::/64	569
2001:db8:1688:b347::/64	131
2001:db8:1689:6de::/64	762
2001:db8:1689:6cae::/64	37
2001:db8:168a:9b19::/64	403
2001:db8:168b:1623::/64	445
2001:db8:168b:27c7::/64	605
2001:db8:168c:6dae::/64	8
2001:db8:168c:fc83::/64	227
2001:db8:168d:162::/64	508
2001:db8:168f:51e6::/64	803
2001:db8:1690:2a5e::/64	116
2001:db8:1690:8f97::/64	281
2001:db8:1690:da29::/64	236
2001:db8:1691:222b::/64	140
2001:db8:1691:40f5::/64	50
2001:db8:1691:dcee::/64	111
2001:db8:1693:1b96::/64	748
2001:db8:1694:8f9a::/64	714
2001:db8:1695:fdd::/64	525
2001:db8:1695:4ead::/64	998
2001:db8:1695:8e9c::/64	694
2001:db8:1696:5ea8::/64	114
2001:db8:1696:9980::/64	136
2001:db8:1696:b0db::/64	185
2001:db8:1698:2473::/64	671
2001:db8:1698:8609::/64	115
2001:db8:1698:96e1::/64	149
2001:db8:1698:a4d7::/64	263
2001:db8:169a:9e3e::/64	856
2001:db8:169b:2617::/64	607
2001:db8:169c:3d86::/64	25
2001:db8:169c:45b9::/64	305
2001:db8:169c:85a4::/64	74
2001:db8:169c:c2f0::/64	186
2001:db8:169c:debe::/64	944
2001:db8:169c:eac9::/64	688
2001:db8:169d:295f::/64	752
2001:db8:169d:ae73::/64	714
2001:db8:169e:31b0::/64	18
2001:db8:169e:5f85::/64	463
2001:db8:169f:314c::/64	168
2001:db8:169f:fc53::/64	579
2001:db8:16a0:7557::/64	515
2001:db8:16a0:811c::/64	428
2001:db8:16a0:a31c::/64	703
2001:db8:16a2:3f9f::/64	791
2001:db8:16a2:5b04::/64	611
2001:db8:16a3:2997::/64	336
2001:db8:16a3:42ff::/64	540
2001:db8:16a3:7120::/64	767
2001:db8:16a3:fd8f::/64	980
2001:db8:16a4:27ab::/64	945
2001:db8:16a4:528a::/64	525
2001:db8:16a4:9cbd::/64	849
2001:db8:16a4:a6ce::/64	807
2001:db8:16a5:b70d::/64	292
2001:db8:16a6:3e56::/64	640
2001:db8:16a7:2492::/64	72
2001:db8:16a7:2e06::/64	500
2001:db8:16a8:766::/64	193
2001:db8:16a8:71d6::/64	267
2001:db8:16a8:d0ac::/64	681
2001:db8:16a8:e686::/64	863
2001:db8:16a9:1652::/64	430
2001:db8:16a9:91bb::/64	365
2001:db8:16aa:1358::/64	271
2001:db8:16aa:6269::/64	538
2001:db8:16aa:ffcc::/64	567
2001:db8:16ab:4b2e::/64	794
2001:db8:16ab:b8e4::/64	549
2001:db8:16ab:c65f::/64	328
2001:db8:16ab:c6c0::/64	685
2001:db8:16ac:5c2b::/64	415
2001:db8:16ac:840a::/64	97
2001:db8:16ad:43d9::/64	253
2001:db8:16ad:879e::/64	277
2001:db8:16ad:bbaa::/64	936
2001:db8:16ae:a311::/64	600
2001:db8:16ae:f163::/64	794
2001:db8:16af:44a4::/64	236
2001:db8:16af:4a19::/64	483
2001:db8:16af:f893::/64	132
2001:db8:16b0:1e34::/64	11
2001:db8:16b0:24ae::/64	581
2001:db8:16b0:4731::/64	616
2001:db8:16b0:c738::/64	306
2001:db8:16b0:cfc3::/64	450
2001:db8:16b1:87ef::/64	150
2001:db8:16b1:9157::/64	284
2001:db8:16b1:9ec2::/64	85
2001:db8:16b1:c257::/64	86
2001:db8:16b2:408c::/64	870
2001:db8:16b2:5b90::/64	945
2001:db8:16b2:6d47::/64	350
2001:db8:16b2:a357::/64	557
2001:db8:16b2:c25b::/64	124
2001:db8:16b4:5b4d::/64	390
2001:db8:16b4:78a6::/64	941
2001:db8:16b5:1a58::/64	686
2001:db8:16b5:92c6::/64	290
2001:db8:16b5:a00d::/64	493
2001:db8:16b5:f060::/64	47
2001:db8:16b6:156f::/64	515
2001:db8:16b6:a6c6::/64	249
2001:db8:16b6:b99a::/64	337
2001:db8:16b6:dfc2::/64	447
2001:db8:16b7:473c::/64	584
2001:db8:16b7:66ec::/64	121
2001:db8:16b7:b75f::/64	731
2001:db8:16b7:c41c::/64	220
2001:db8:16b7:c89b::/64	515
2001:db8:16ba:c9c0::/64	305
2001:db8:16ba:e1f4::/64	604
2001:db8:16bb:816a::/64	390
2001:db8:16bb:9141::/64	831
2001:db8:16bb:98e3::/64	230
2001:db8:16bc:1279::/64	554
2001:db8:16bc:6f52::/64	983
2001:db8:16bc:a02d::/64	139
2001:db8:16bc:d483::/64	900
2001:db8:16bd:f53::/64	563
2001:db8:16bd:314e::/64	475
2001:db8:16bd:5f68::/64	339
2001:db8:16bd:b2f4::/64	259
2001:db8:16be:140a::/64	954
2001:db8:16be:4bcb::/64	893
2001:db8:16be:bbf9::/64	741
2001:db8:16bf:4acd::/64	242
2001:db8:16c0:49d2::/64	692
2001:db8:16c0:5640::/64	277
2001:db8:16c1:3f7::/64	143
2001:db8:16c1:966a::/64	783
2001:db8:16c2:3ba::/64	973
2001:db8:16c2:5c29::/64	747
2001:db8:16c2:6723::/64	690
2001:db8:16c4:7bf::/64	234
2001:db8:16c4:f21f::/64	161
2001:db8:16c5:4605::/64	7
2001:db8:16c5:8906::/64	152
2001:db8:16c5:c456::/64	658
2001:db8:16c5:f89e::/64	580
2001:db8:16c6:bdb8::/64	931
2001:db8:16c7:362c::/64	266
2001:db8:16c7:440e::/64	115
2001:db8:16c8:5673::/64	27
2001:db8:16c8:ab9b::/64	679
2001:db8:16c8:bb25::/64	930
2001:db8:16c8:e8ee::/64	549
2001:db8:16c9:4835::/64	935
2001:db8:16ca:c42b::/64	541
2001:db8:16ca:dad3::/64	995
2001:db8:16cb:8733::/64	536
2001:db8:16cc:661f::/64	510
2001:db8:16cc:d932::/64	160
2001:db8:16cd:3a9f::/64	968
2001:db8:16cd:6250::/64	6
2001:db8:16cd:8bcd::/64	157
2001:db8:16ce:2e59::/64	948
2001:db8:16ce:88a0::/64	398
2001:db8:16ce:c969::/64	451
2001:db8:16cf:327b::/64	822
2001:db8:16cf:ab71::/64	864
2001:db8:16cf:d2b4::/64	588
2001:db8:16cf:e680::/64	50
2001:db8:16d1:8742::/64	453
2001:db8:16d1:c2b0::/64	678
2001:db8:16d1:f4b8::/64	283
2001:db8:16d2:aa4::/64	297
2001:db8:16d2:a053::/64	235
2001:db8:16d3:66af::/64	730
2001:db8:16d3:c657::/64	243
2001:db8:16d4:4578::/64	380
2001:db8:16d4:7414::/64	494
2001:db8:16d5:2ff6::/64	394
2001:db8:16d5:4165::/64	435
2001:db8:16d5:5608::/64	320
2001:db8:16d5:843f::/64	585
2001:db8:16d6:5cf2::/64	77
2001:db8:16d7:80c2::/64	122
2001:db8:16d7:f809::/64	69
2001:db8:16d8:a029::/64	887
2001:db8:16d8:a498::/64	258
2001:db8:16da:3975::/64	300
2001:db8:16da:4757::/64	224
2001:db8:16db:3cff::/64	851
2001:db8:16db:e473::/64	146
2001:db8:16dc:a72c::/64	772
2001:db8:16dc:d8d1::/64	966
2001:db8:16dc:e1db::/64	299
2001:db8:16dd:17::/64	658
2001:db8:16dd:3464::/64	625
2001:db8:16dd:43df::/64	169
2001:db8:16dd:4fca::/64	307
2001:db8:16dd:7a11::/64	911
2001:db8:16dd:bb81::/64	927
2001:db8:16de:613f::/64	904
2001:db8:16de:63ef::/64	113
2001:db8:16de:c0d3::/64	930
2001:db8:16de:df04::/64	244
2001:db8:16df:4bfa::/64	595
2001:db8:16df:945d::/64	969
2001:db8:16df:d3b6::/64	472
2001:db8:16e0:17a4::/64	168
2001:db8:16e0:5591::/64	558
2001:db8:16e2:29e5::/64	837
2001:db8:16e3:579a::/64	821
2001:db8:16e4:1be::/64	867
2001:db8:16e4:9869::/64	697
2001:db8:16e4:bf65::/64	411
2001:db8:16e4:f15f::/64	52
2001:db8:16e5:849d::/64	387
2001:db8:16e6:3f07::/64	689
2001:db8:16e6:5c04::/64	518
2001:db8:16e6:7c8d::/64	594
2001:db8:16e6:da03::/64	635
2001:db8:16e7:81a2::/64	826
2001:db8:16e8:76a::/64	102
2001:db8:16e8:d854::/64	742
2001:db8:16e9:5::/64	585
2001:db8:16e9:74a::/64	713
2001:db8:16e9:a5a::/64	768
2001:db8:16e9:880a::/64	356
2001:db8:16ea:20a::/64	947
2001:db8:16ea:3763::/64	630
2001:db8:16ea:94a1::/64	392
2001:db8:16eb:960::/64	782
2001:db8:16eb:36f3::/64	429
2001:db8:16eb:37da::/64	968
2001:db8:16eb:6982::/64	54
2001:db8:16eb:6f17::/64	290
2001:db8:16eb:f0f7::/64	18
2001:db8:16ec:103a::/64	806
2001:db8:16ec:2a78::/64	605
2001:db8:16ec:48cc::/64	411
2001:db8:16ec:c785::/64	943
2001:db8:16ec:fe96::/64	198
2001:db8:16ed:30d::/64	146
2001:db8:16ed:280f::/64	960
2001:db8:16ed:5bdf::/64	667
2001:db8:16ef:8542::/64	397
2001:db8:16ef:f91d::/64	995
2001:db8:16f0:207c::/64	216
2001:db8:16f0:442d::/64	252
2001:db8:16f0:b435::/64	344
2001:db8:16f1:9731::/64	130
2001:db8:16f1:9b4c::/64	44
2001:db8:16f1:a199::/64	49
2001:db8:16f1:d33b::/64	508
2001:db8:16f1:db3a::/64	594
2001:db8:16f2:95::/64	746
2001:db8:16f2:6067::/64	140
2001:db8:16f2:652e::/64	31
2001:db8:16f2:f633::/64	95
2001:db8:16f3:98a3::/64	318
2001:db8:16f4:b060::/64	69
2001:db8:16f5:6eec::/64	264
2001:db8:16f6:945d::/64	552
2001:db8:16f6:9b71::/64	531
2001:db8:16f6:a5be::/64	482
2001:db8:16f7:f61::/64	348
2001:db8:16f7:11e5::/64	935
2001:db8:16f7:4522::/64	471
2001:db8:16f7:8733::/64	54
2001:db8:16f9:76fb::/64	330
2001:db8:16f9:9dd1::/64	66
2001:db8:16f9:aca2::/64	810
2001:db8:16fa:bea::/64	872
2001:db8:16fa:3f73::/64	368
2001:db8:16fa:5bcf::/64	190
2001:db8:16fa:a1c9::/64	161
2001:db8:16fb:fb88::/64	549
2001:db8:16fc:9b6e::/64	29
2001:db8:16fc:b116::/64	190
2001:db8:16fc:b6a4::/64	657
2001:db8:16fd:84f5::/64	509
2001:db8:16fd:90a3::/64	452
2001:db8:16fd:9768::/64	318
2001:db8:16fd:d552::/64	709
2001:db8:16fe:196d::/64	449
2001:db8:16fe:dfa0::/64	522
2001:db8:16ff:17e9::/64	278
2001:db8:16ff:8631::/64	326
2001:db8:16ff:d139::/64	15
2001:db8:1700:1dbe::/64	945
2001:db8:1700:3c87::/64	220
2001:db8:1700:cd68::/64	151
2001:db8:1701:d95b::/64	842
2001:db8:1702:408c::/64	20
2001:db8:1702:9ac7::/64	679
2001:db8:1702:cc00::/64	166
2001:db8:1703:7ffc::/64	168
2001:db8:1703:82e3::/64	441
2001:db8:1703:9dba::/64	867
2001:db8:1703:a5d7::/64	697
2001:db8:1703:b817::/64	816
2001:db8:1703:c3ff::/64	315
2001:db8:1704:d44::/64	35
2001:db8:1704:4fb2::/64	397
2001:db8:1704:8546::/64	475
2001:db8:1705:106b::/64	764
2001:db8:1705:17c7::/64	360
2001:db8:1706:2cc3::/64	370
2001:db8:1706:8aa4::/64	938
2001:db8:1706:948f::/64	529
2001:db8:1706:e336::/64	108
2001:db8:1707:f98e::/64	766
2001:db8:1709:436a::/64	21
2001:db8:1709:88cc::/64	559
2001:db8:1709:9531::/64	467
2001:db8:170a:8c4d::/64	663
2001:db8:170b:3c6c::/64	651
2001:db8:170b:8f4b::/64	789
2001:db8:170c:bb6::/64	264
2001:db8:170c:172d::/64	18
2001:db8:170c:1d56::/64	922
2001:db8:170c:b05a::/64	42
2001:db8:170c:e321::/64	497
2001:db8:170d:d40::/64	488
2001:db8:170d:11f3::/64	900
2001:db8:170d:96fd::/64	86
2001:db8:170d:d7e3::/64	870
2001:db8:170e:9017::/64	286
2001:db8:170f:cdd9::/64	25
2001:db8:1710:11a4::/64	809
2001:db8:1710:2f32::/64	163
2001:db8:1710:3d2a::/64	391
2001:db8:1710:9eed::/64	5
2001:db8:1710:d659::/64	873
2001:db8:1710:f73b::/64	213
2001:db8:1711:42ab::/64	931
2001:db8:1711:f006::/64	842
2001:db8:1712:2b45::/64	772
2001:db8:1713:5867::/64	111
2001:db8:1713:8535::/64	298
2001:db8:1714:8ffb::/64	792
2001:db8:1714:b257::/64	769
2001:db8:1715:5ad4::/64	727
2001:db8:1715:dd0a::/64	668
2001:db8:1715:ed2b::/64	788
2001:db8:1715:f5f3::/64	24
2001:db8:1716:37ab::/64	193
2001:db8:1716:5bf0::/64	718
2001:db8:1716:cc5d::/64	720
2001:db8:1717:36d5::/64	629
2001:db8:1717:5423::/64	509
2001:db8:1717:9cc0::/64	934
2001:db8:1718:b167::/64	761
2001:db8:1718:b6e0::/64	391
2001:db8:1719:f16::/64	249
2001:db8:1719:4193::/64	53
2001:db8:1719:7687::/64	963
2001:db8:1719:8971::/64	257
2001:db8:1719:a958::/64	97
2001:db8:1719:c78b::/64	381
2001:db8:1719:ff08::/64	294
2001:db8:171a:28b5::/64	221
2001:db8:171a:51bf::/64	265
2001:db8:171a:c635::/64	836
2001:db8:171b:27be::/64	170
2001:db8:171b:dd92::/64	245
2001:db8:171c:756a::/64	883
2001:db8:171d:ac1::/64	612
2001:db8:171d:1d9c::/64	168
2001:db8:171e:8a3c::/64	532
2001:db8:171e:a3bb::/64	787
2001:db8:171f:4aa1::/64	73
2001:db8:171f:7c0f::/64	844
2001:db8:171f:de40::/64	302
2001:db8:1720:a228::/64	383
2001:db8:1721:6351::/64	542
2001:db8:1721:8add::/64	298
2001:db8:1721:9382::/64	36
2001:db8:1721:d25e::/64	606
2001:db8:1722:cdaf::/64	939
2001:db8:1724:18e2::/64	559
2001:db8:1724:7baa::/64	95
2001:db8:1724:be2a::/64	902
2001:db8:1724:e818::/64	865
2001:db8:1725:279f::/64	490
2001:db8:1725:2a6a::/64	186
2001:db8:1725:3d23::/64	352
2001:db8:1725:b6fd::/64	188
2001:db8:1726:41b1::/64	517
2001:db8:1726:61f7::/64	206
2001:db8:1726:6f92::/64	755
2001:db8:1727:6dfe::/64	366
2001:db8:1727:a8c8::/64	763
2001:db8:1728:bafb::/64	533
2001:db8:1729:3c8e::/64	139
2001:db8:1729:786c::/64	562
2001:db8:1729:d729::/64	302
2001:db8:172b:e40d::/64	662
2001:db8:172c:4619::/64	757
2001:db8:172c:55ac::/64	969
2001:db8:172d:4dce::/64	1000
2001:db8:172d:6c91::/64	908
2001:db8:172d:6c9f::/64	421
2001:db8:172d:94ff::/64	341
2001:db8:172e:7ef8::/64	493
2001:db8:172f:dd0d::/64	680
2001:db8:1730:fe0::/64	325
2001:db8:1730:52a9::/64	213
2001:db8:1730:b3bf::/64	196
2001:db8:1731:a506::/64	945
2001:db8:1732:7ae::/64	949
2001:db8:1732:f8d2::/64	603
2001:db8:1732:fd55::/64	50
2001:db8:1733:2fce::/64	265
2001:db8:1733:9e1e::/64	414
2001:db8:1734:269::/64	476
2001:db8:1734:3c06::/64	609
2001:db8:1734:f6c9::/64	187
2001:db8:1735:a71::/64	514
2001:db8:1735:7097::/64	932
2001:db8:1735:8f05::/64	243
2001:db8:1737:6bcf::/64	108
2001:db8:1737:c29f::/64	744
2001:db8:1738:157f::/64	831
2001:db8:1738:1928::/64	584
2001:db8:1738:2d10::/64	35
2001:db8:1738:5535::/64	850
2001:db8:1738:aac1::/64	351
2001:db8:1738:abd6::/64	825
2001:db8:1738:d7f1::/64	77
2001:db8:1738:e438::/64	675
2001:db8:1739:6f2a::/64	250
2001:db8:1739:9c3e::/64	171
2001:db8:1739:b42c::/64	660
2001:db8:1739:b9ec::/64	539
2001:db8:173a:a26a::/64	150
2001:db8:173a:b66f::/64	83
2001:db8:173a:dc2b::/64	175
2001:db8:173b:3855::/64	600
2001:db8:173b:6fc9::/64	630
2001:db8:173b:de9a::/64	49
2001:db8:173b:f656::/64	536
2001:db8:173c:1f24::/64	26
2001:db8:173c:2fab::/64	855
2001:db8:173c:4b82::/64	861
2001:db8:173c:81a7::/64	202
2001:db8:173c:cc3d::/64	210
2001:db8:173c:ddcc::/64	244
2001:db8:173d:77ff::/64	316
2001:db8:173e:48ca::/64	604
2001:db8:173e:8d28::/64	20
2001:db8:173f:e2f::/64	926
2001:db8:173f:7970::/64	532
2001:db8:173f:a7f2::/64	524
2001:db8:1740:4bf::/64	200
2001:db8:1740:7c85::/64	895
2001:db8:1741:4f52::/64	554
2001:db8:1741:ad7b::/64	812
2001:db8:1742:8728::/64	289
2001:db8:1742:8d9e::/64	641
2001:db8:1743:8cff::/64	997
2001:db8:1743:d873::/64	657
2001:db8:1743:ffe8::/64	295
2001:db8:1745:10fb::/64	446
2001:db8:1745:1ae9::/64	32
2001:db8:1745:530d::/64	366
2001:db8:1745:7c2c::/64	332
2001:db8:1745:8128::/64	27
2001:db8:1745:96cc::/64	109
2001:db8:1745:b118::/64	765
2001:db8:1745:c99d::/64	576
2001:db8:1745:cbb1::/64	126
2001:db8:1745:e553::/64	204
2001:db8:1746:5e1::/64	640
2001:db8:1746:10c3::/64	65
2001:db8:1746:6ed7::/64	725
2001:db8:1746:9ab5::/64	528
2001:db8:1747:406b::/64	270
2001:db8:1747:9694::/64	531
2001:db8:1748:5c08::/64	547
2001:db8:1748:7c7c::/64	534
2001:db8:1748:c3d7::/64	573
2001:db8:1749:76e2::/64	82
2001:db8:174a:ca4::/64	911
2001:db8:174a:3183::/64	708
2001:db8:174a:9da2::/64	133
2001:db8:174a:a167::/64	872
2001:db8:174a:d767::/64	852
2001:db8:174b:8066::/64	516
2001:db8:174b:bb61::/64	645
2001:db8:174c:2e93::/64	855
2001:db8:174c:b0fb::/64	488
2001:db8:174d:86db::/64	159
2001:db8:174d:fd82::/64	670
2001:db8:174e:32e1::/64	526
2001:db8:174e:7e3d::/64	455
2001:db8:174e:b49c::/64	594
2001:db8:174f:aac3::/64	645
2001:db8:1750:68c9::/64	264
2001:db8:1751:5a6d::/64	490
2001:db8:1751:5e16::/64	458
2001:db8:1751:d4eb::/64	790
2001:db8:1752:23b::/64	191
2001:db8:1752:8f53::/64	503
2001:db8:1752:c47a::/64	418
2001:db8:1752:f271::/64	675
2001:db8:1753:9834::/64	652
2001:db8:1754:ab47::/64	258
2001:db8:1754:b8b9::/64	536
2001:db8:1755:1574::/64	871
2001:db8:1755:c192::/64	962
2001:db8:1755:d64d::/64	504
2001:db8:1755:e469::/64	342
2001:db8:1756:514a::/64	329
2001:db8:1756:e841::/64	469
2001:db8:1756:f1d8::/64	79
2001:db8:1757:875e::/64	829
2001:db8:1757:9099::/64	495
2001:db8:1757:a191::/64	170
2001:db8:1757:f1d4::/64	535
2001:db8:1759:eec::/64	128
2001:db8:175a:17ed::/64	509
2001:db8:175a:1aee::/64	926
2001:db8:175a:84aa::/64	107
2001:db8:175a:9799::/64	155
2001:db8:175b:53a3::/64	257
2001:db8:175b:819e::/64	666
2001:db8:175b:935c::/64	116
2001:db8:175c:3ad1::/64	100
2001:db8:175c:99eb::/64	888
2001:db8:175d:7404::/64	990
2001:db8:175e:62b2::/64	410
2001:db8:175f:437c::/64	906
2001:db8:175f:63c8::/64	412
2001:db8:175f:d4d7::/64	879
2001:db8:1760:6954::/64	567
2001:db8:1761:8ecf::/64	148
2001:db8:1761:fd06::/64	115
2001:db8:1762:a92f::/64	496
2001:db8:1762:bb0c::/64	630
2001:db8:1763:523e::/64	467
2001:db8:1764:45c::/64	805
2001:db8:1764:ace6::/64	973
2001:db8:1766:64c8::/64	506
2001:db8:1766:7e3a::/64	271
2001:db8:1767:2439::/64	287
2001:db8:1767:3754::/64	122
2001:db8:1767:388b::/64	60
2001:db8:1767:75d5::/64	156
2001:db8:1767:818f::/64	661
2001:db8:1768:2b60::/64	257
2001:db8:1768:dfaf::/64	74
2001:db8:1768:e29a::/64	71
2001:db8:1769:336a::/64	17
2001:db8:1769:60d4::/64	95
2001:db8:176a:4883::/64	1000
2001:db8:176b:1468::/64	850
2001:db8:176b:2527::/64	925
2001:db8:176b:9aa3::/64	93
2001:db8:176b:ad0c::/64	842
2001:db8:176c:cf0e::/64	622
2001:db8:176d:d37::/64	497
2001:db8:176d:5e0d::/64	58
2001:db8:176d:9161::/64	718
2001:db8:176d:95da::/64	684
2001:db8:176d:e688::/64	600
2001:db8:176e:3f71::/64	326
2001:db8:176e:7908::/64	677
2001:db8:176e:a1cc::/64	809
2001:db8:176e:a1fb::/64	161
2001:db8:176f:4237::/64	446
2001:db8:1770:28bb::/64	739
2001:db8:1771:172d::/64	104
2001:db8:1771:3aaa::/64	133
2001:db8:1771:d113::/64	764
2001:db8:1771:d344::/64	997
2001:db8:1771:e2eb::/64	928
2001:db8:1772:5787::/64	495
2001:db8:1772:d3db::/64	686
2001:db8:1772:d6e7::/64	94
2001:db8:1772:e8b3::/64	245
2001:db8:1773:22f8::/64	725
2001:db8:1773:4183::/64	460
2001:db8:1773:91b6::/64	237
2001:db8:1773:d441::/64	706
2001:db8:1774:11d4::/64	851
2001:db8:1774:1437::/64	205
2001:db8:1774:35e5::/64	1
2001:db8:1774:4514::/64	480
2001:db8:1775:24c7::/64	442
2001:db8:1775:8ed0::/64	656
2001:db8:1776:b09a::/64	301
2001:db8:1776:c258::/64	46
2001:db8:1777:1096::/64	970
2001:db8:1777:5431::/64	821
2001:db8:1777:8236::/64	261
2001:db8:1777:a976::/64	398
2001:db8:1778:2f1a::/64	808
2001:db8:1778:6454::/64	465
2001:db8:1778:809c::/64	607
2001:db8:1778:8801::/64	215
2001:db8:1778:a3e6::/64	470
2001:db8:1778:be23::/64	288
2001:db8:1778:e3fe::/64	728
2001:db8:1779:105d::/64	609
2001:db8:1779:c935::/64	648
2001:db8:1779:d412::/64	68
2001:db8:177a:322c::/64	185
2001:db8:177a:5d99::/64	872
2001:db8:177a:7681::/64	787
2001:db8:177a:8799::/64	339
2001:db8:177a:cc77::/64	58
2001:db8:177a:e0a1::/64	389
2001:db8:177a:e7de::/64	22
2001:db8:177b:579f::/64	986
2001:db8:177b:d863::/64	811
2001:db8:177c:b419::/64	890
2001:db8:177d:6cdf::/64	414
2001:db8:177d:8d98::/64	806
2001:db8:177e:574c::/64	775
2001:db8:177e:8a10::/64	988
2001:db8:177e:c22a::/64	778
2001:db8:177f:8706::/64	902
2001:db8:177f:fae9::/64	95
2001:db8:1780:2157::/64	767
2001:db8:1781:6be9::/64	82
2001:db8:1782:a260::/64	544
2001:db8:1783:495c::/64	163
2001:db8:1784:7c0f::/64	38
2001:db8:1784:c79c::/64	50
2001:db8:1785:2586::/64	793
2001:db8:1786:3e43::/64	368
2001:db8:1786:9e95::/64	98
2001:db8:1786:f930::/64	451
2001:db8:1787:d7f9::/64	475
2001:db8:1788:9597::/64	401
2001:db8:1788:a3e4::/64	387
2001:db8:1789:9f01::/64	600
2001:db8:178b:2f8::/64	957
2001:db8:178b:cb6::/64	573
2001:db8:178b:142a::/64	783
2001:db8:178b:31db::/64	184
2001:db8:178c:7cf9::/64	974
2001:db8:178c:bbd4::/64	658
2001:db8:178c:bbe4::/64	149
2001:db8:178d:76e7::/64	185
2001:db8:178d:b39d::/64	457
2001:db8:178e:5e0e::/64	73
2001:db8:178f:8a51::/64	82
2001:db8:178f:9adc::/64	226
2001:db8:178f:d9e5::/64	530
2001:db8:1790:29d6::/64	430
2001:db8:1790:3d72::/64	883
2001:db8:1790:c5fa::/64	566
2001:db8:1791:2c0c::/64	188
2001:db8:1791:3912::/64	896
2001:db8:1791:7db3::/64	902
2001:db8:1791:ac18::/64	752
2001:db8:1791:be9f::/64	675
2001:db8:1793:9dd6::/64	783
2001:db8:1794:18ac::/64	368
2001:db8:1794:ba9f::/64	215
2001:db8:1794:fe73::/64	117
2001:db8:1795:2cff::/64	195
2001:db8:1795:517e::/64	632
2001:db8:1795:52ed::/64	620
2001:db8:1795:b829::/64	955
2001:db8:1795:ef92::/64	448
2001:db8:1796:7505::/64	255
2001:db8:1797:a9d::/64	191
2001:db8:1797:4363::/64	639
2001:db8:1797:dfd0::/64	888
2001:db8:1798:3dd7::/64	994
2001:db8:1799:12ee::/64	68
2001:db8:1799:fc92::/64	704
2001:db8:179a:25e4::/64	703
2001:db8:179a:591e::/64	755
2001:db8:179a:6980::/64	39
2001:db8:179a:f342::/64	406
2001:db8:179b:2b94::/64	520
2001:db8:179b:4a31::/64	644
2001:db8:179b:5fbf::/64	825
2001:db8:179c:7936::/64	510
2001:db8:179c:8e51::/64	516
2001:db8:179d:7b7f::/64	499
2001:db8:179d:7c3f::/64	998
2001:db8:179d:85ca::/64	989
2001:db8:179e:7c76::/64	302
2001:db8:179e:9561::/64	160
2001:db8:179e:960e::/64	515
2001:db8:179e:ba70::/64	492
2001:db8:179f:b56c::/64	120
2001:db8:17a0:bb25::/64	697
2001:db8:17a0:c1ed::/64	91
2001:db8:17a1:2d29::/64	483
2001:db8:17a1:2d2c::/64	438
2001:db8:17a1:7e23::/64	555
2001:db8:17a2:689f::/64	204
2001:db8:17a2:fa90::/64	216
2001:db8:17a3:ffa9::/64	577
2001:db8:17a4:c456::/64	616
2001:db8:17a4:cddd::/64	375
2001:db8:17a5:92ad::/64	233
2001:db8:17a6:7b85::/64	186
2001:db8:17a8:1d6::/64	704
2001:db8:17a8:8038::/64	732
2001:db8:17a8:bbf2::/64	869
2001:db8:17a9:447b::/64	14
2001:db8:17a9:a5ef::/64	65
2001:db8:17a9:ff1e::/64	106
2001:db8:17ab:2a8e::/64	695
2001:db8:17ab:2b4e::/64	327
2001:db8:17ab:bd83::/64	865
2001:db8:17ac:80b3::/64	881
2001:db8:17ac:9919::/64	469
2001:db8:17ad:934::/64	518
2001:db8:17b1:1aa8::/64	619
2001:db8:17b1:d713::/64	837
2001:db8:17b3:c7ad::/64	537
2001:db8:17b4:b9c::/64	258
2001:db8:17b4:649b::/64	249
2001:db8:17b5:44d1::/64	391
2001:db8:17b5:5b8d::/64	873
2001:db8:17b5:90c0::/64	277
2001:db8:17b5:dc34::/64	368
2001:db8:17b5:f01c::/64	32
2001:db8:17b6:68d2::/64	50
2001:db8:17b6:9edf::/64	618
2001:db8:17b6:dc40::/64	618
2001:db8:17b7:730::/64	599
2001:db8:17b7:147c::/64	386
2001:db8:17b7:414e::/64	536
2001:db8:17b7:f336::/64	766
2001:db8:17b8:4a0f::/64	165
2001:db8:17b8:6c18::/64	333
2001:db8:17b8:b5de::/64	305
2001:db8:17b9:1831::/64	356
2001:db8:17b9:1ee5::/64	917
2001:db8:17b9:26f7::/64	969
2001:db8:17b9:9004::/64	963
2001:db8:17b9:af3a::/64	991
2001:db8:17bc:257f::/64	312
2001:db8:17bc:f72e::/64	918
2001:db8:17bd:993c::/64	184
2001:db8:17bd:a644::/64	791
2001:db8:17bd:bcc6::/64	449
2001:db8:17be:38c7::/64	518
2001:db8:17be:b5d5::/64	563
2001:db8:17be:b847::/64	730
2001:db8:17be:e1bc::/64	675
2001:db8:17be:efb8::/64	595
2001:db8:17bf:3344::/64	103
2001:db8:17bf:58c0::/64	412
2001:db8:17bf:7749::/64	76
2001:db8:17c0:49d6::/64	799
2001:db8:17c0:52f7::/64	179
2001:db8:17c0:e9cd::/64	956
2001:db8:17c1:2c19::/64	32
2001:db8:17c1:38be::/64	915
2001:db8:17c1:3bc0::/64	522
2001:db8:17c1:87d6::/64	951
2001:db8:17c1:fcfa::/64	396
2001:db8:17c3:ab2::/64	694
2001:db8:17c3:31dd::/64	498
2001:db8:17c3:d011::/64	223
2001:db8:17c3:d3f9::/64	580
2001:db8:17c3:dab5::/64	923
2001:db8:17c4:2423::/64	961
2001:db8:17c4:c914::/64	777
2001:db8:17c5:5731::/64	311
2001:db8:17c5:a85c::/64	957
2001:db8:17c5:c06a::/64	597
2001:db8:17c6:289d::/64	741
2001:db8:17c6:48c4::/64	237
2001:db8:17c6:63df::/64	700
2001:db8:17c7:d6b::/64	596
2001:db8:17c7:c204::/64	500
2001:db8:17c7:ca1d::/64	395
2001:db8:17c7:d536::/64	545
2001:db8:17c9:6d92::/64	276
2001:db8:17ca:f0a3::/64	516
2001:db8:17cb:669b::/64	459
2001:db8:17cb:92d7::/64	658
2001:db8:17cb:c2fb::/64	64
2001:db8:17cc:3c1a::/64	230
2001:db8:17cc:7417::/64	998
2001:db8:17cc:97c1::/64	341
2001:db8:17cc:dd42::/64	522
2001:db8:17cc:fdc5::/64	370
2001:db8:17cd:2423::/64	549
2001:db8:17ce:e9f::/64	472
2001:db8:17ce:3838::/64	902
2001:db8:17ce:42b8::/64	469
2001:db8:17ce:7cd6::/64	897
2001:db8:17cf:3c0d::/64	508
2001:db8:17d0:fc92::/64	963
2001:db8:17d0:fd18::/64	429
2001:db8:17d1:1f6c::/64	660
2001:db8:17d1:bc4e::/64	501
2001:db8:17d2:216c::/64	869
2001:db8:17d2:7aeb::/64	151
2001:db8:17d2:aaa8::/64	839
2001:db8:17d2:b313::/64	937
2001:db8:17d2:d7e0::/64	214
2001:db8:17d3:3df0::/64	374
2001:db8:17d3:ef09::/64	890
2001:db8:17d3:f1d0::/64	151
2001:db8:17d4:a6f7::/64	533
2001:db8:17d4:b69a::/64	169
2001:db8:17d5:1bf6::/64	935
2001:db8:17d5:5ce9::/64	519
2001:db8:17d5:7547::/64	893
2001:db8:17d5:c04b::/64	563
2001:db8:17d6:16de::/64	340
2001:db8:17d6:332b::/64	952
2001:db8:17d6:3f0f::/64	386
2001:db8:17d6:765f::/64	146
2001:db8:17d6:f245::/64	16
2001:db8:17d8:41fc::/64	896
2001:db8:17d8:6e22::/64	599
2001:db8:17d8:993b::/64	91
2001:db8:17d8:d9cf::/64	105
2001:db8:17d9:cd41::/64	267
2001:db8:17d9:d654::/64	287
2001:db8:17d9:e42b::/64	118
2001:db8:17da:9e23::/64	225
2001:db8:17db:2a5::/64	62
2001:db8:17db:a14::/64	97
2001:db8:17db:1995::/64	382
2001:db8:17db:1da2::/64	814
2001:db8:17db:a1a1::/64	227
2001:db8:17db:ed05::/64	899
2001:db8:17dc:905e::/64	868
2001:db8:17dd:b35::/64	46
2001:db8:17dd:3212::/64	423
2001:db8:17dd:83cd::/64	750
2001:db8:17dd:c97c::/64	247
2001:db8:17dd:ed5b::/64	428
2001:db8:17de:6519::/64	44
2001:db8:17df:12fc::/64	143
2001:db8:17df:347a::/64	301
2001:db8:17df:d782::/64	249
2001:db8:17df:e840::/64	130
2001:db8:17e0:489c::/64	650
2001:db8:17e1:3ad::/64	442
2001:db8:17e1:5e66::/64	557
2001:db8:17e1:adcc::/64	165
2001:db8:17e1:b2ec::/64	615
2001:db8:17e2:9cd3::/64	344
2001:db8:17e2:c525::/64	619
2001:db8:17e2:d2bc::/64	614
2001:db8:17e2:edc9::/64	201
2001:db8:17e3:6977::/64	290
2001:db8:17e3:715b::/64	67
2001:db8:17e3:d2ca::/64	719
2001:db8:17e4:3d9d::/64	53
2001:db8:17e4:49a7::/64	902
2001:db8:17e4:5716::/64	136
2001:db8:17e4:718a::/64	370
2001:db8:17e4:729a::/64	715
2001:db8:17e4:89f8::/64	627
2001:db8:17e4:dc09::/64	374
2001:db8:17e4:e79e::/64	89
2001:db8:17e5:2ad::/64	752
2001:db8:17e5:a23a::/64	979
2001:db8:17e6:625e::/64	408
2001:db8:17e6:731a::/64	878
2001:db8:17e6:de14::/64	133
2001:db8:17e6:ef6a::/64	53
2001:db8:17e7:18c8::/64	709
2001:db8:17e7:c2ac::/64	127
2001:db8:17e8:53a9::/64	173
2001:db8:17e8:86ba::/64	424
2001:db8:17e9:826b::/64	915
2001:db8:17eb:bd1c::/64	371
2001:db8:17eb:ebaf::/64	736
2001:db8:17ec:1bcf::/64	519
2001:db8:17ec:22e5::/64	179
2001:db8:17ec:70ed::/64	86
2001:db8:17ec:bb7b::/64	164
2001:db8:17ee:8ba8::/64	206
2001:db8:17ef:4f23::/64	46
2001:db8:17ef:b9fc::/64	897
2001:db8:17f0:3c34::/64	651
2001:db8:17f0:47d5::/64	551
2001:db8:17f0:9f00::/64	342
2001:db8:17f0:ee8b::/64	616
2001:db8:17f0:f77a::/64	579
2001:db8:17f1:6f9d::/64	27
2001:db8:17f1:ca78::/64	428
2001:db8:17f2:1e9c::/64	444
2001:db8:17f2:acb6::/64	263
2001:db8:17f3:5739::/64	416
2001:db8:17f3:8b9f::/64	640
2001:db8:17f3:f7be::/64	446
2001:db8:17f4:2135::/64	194
2001:db8:17f4:3f58::/64	406
2001:db8:17f4:ad1a::/64	427
2001:db8:17f4:ccaa::/64	749
2001:db8:17f5:9298::/64	330
2001:db8:17f5:b81b::/64	888
2001:db8:17f6:6f58::/64	815
2001:db8:17f6:ab72::/64	530
2001:db8:17f6:f28b::/64	934
2001:db8:17f8:6beb::/64	205
2001:db8:17f8:a24a::/64	537
2001:db8:17f8:f2b3::/64	893
2001:db8:17f9:1c5f::/64	563
2001:db8:17f9:6501::/64	947
2001:db8:17f9:d5f6::/64	796
2001:db8:17f9:ec15::/64	474
2001:db8:17fa:9798::/64	626
2001:db8:17fb:25b::/64	217
2001:db8:17fb:9303::/64	351
2001:db8:17fb:ad16::/64	478
2001:db8:17fc:8cef::/64	150
2001:db8:17fc:feca::/64	732
2001:db8:17fd:4c94::/64	542
2001:db8:17fd:7ddc::/64	443
2001:db8:17fe:a0a::/64	995
2001:db8:17fe:619e::/64	934
2001:db8:17ff:47eb::/64	745
2001:db8:1800:cc6::/64	196
2001:db8:1800:ec8::/64	871
2001:db8:1800:4c75::/64	984
2001:db8:1801:2d9c::/64	486
2001:db8:1801:de0c::/64	253
2001:db8:1802:7a9d::/64	874
2001:db8:1802:f5ff::/64	126
2001:db8:1803:37ac::/64	971
2001:db8:1803:3a54::/64	839
2001:db8:1803:5052::/64	490
2001:db8:1803:77d2::/64	836
2001:db8:1803:9b04::/64	341
2001:db8:1804:5416::/64	185
2001:db8:1804:cc72::/64	673
2001:db8:1804:db91::/64	161
2001:db8:1805:4ebe::/64	360
2001:db8:1805:875d::/64	135
2001:db8:1806:356a::/64	403
2001:db8:1806:6fcf::/64	136
2001:db8:1806:764d::/64	247
2001:db8:1806:a92e::/64	717
2001:db8:1806:ccea::/64	132
2001:db8:1807:863::/64	383
2001:db8:1808:523a::/64	93
2001:db8:1809:3892::/64	910
2001:db8:1809:f9f9::/64	438
2001:db8:180a:5303::/64	793
2001:db8:180a:5385::/64	36
2001:db8:180a:dacd::/64	467
2001:db8:180b:2108::/64	260
2001:db8:180c:6c17::/64	45
2001:db8:180c:a03b::/64	167
2001:db8:180d:6873::/64	138
2001:db8:180d:ee16::/64	21
2001:db8:180e:2ef::/64	409
2001:db8:180e:1b28::/64	505
2001:db8:180e:2b1c::/64	338
2001:db8:180e:313f::/64	371
2001:db8:180e:e84d::/64	571
2001:db8:180f:a94::/64	791
2001:db8:1810:bbbc::/64	508
2001:db8:1811:3f73::/64	644
2001:db8:1811:4416::/64	473
2001:db8:1811:95e4::/64	461
2001:db8:1811:db0d::/64	662
2001:db8:1812:bf2b::/64	604
2001:db8:1813:7ff1::/64	217
2001:db8:1813:ad8a::/64	638
2001:db8:1813:bde1::/64	507
2001:db8:1814:165d::/64	375
2001:db8:1814:4513::/64	983
2001:db8:1814:ac09::/64	134
2001:db8:1814:fbc9::/64	390
2001:db8:1815:6d6::/64	801
2001:db8:1815:318b::/64	26
2001:db8:1815:5178::/64	244
2001:db8:1817:2e15::/64	785
2001:db8:1817:5e03::/64	995
2001:db8:1817:b043::/64	503
2001:db8:1818:c4f8::/64	809
2001:db8:1818:ce77::/64	4
2001:db8:1818:fcd8::/64	214
2001:db8:1819:8f3d::/64	444
2001:db8:181a:a863::/64	834
2001:db8:181a:b3eb::/64	592
2001:db8:181b:ada8::/64	266
2001:db8:181b:b659::/64	777
2001:db8:181b:f551::/64	290
2001:db8:181c:494b::/64	137
2001:db8:181c:588c::/64	607
2001:db8:181c:b06b::/64	605
2001:db8:181c:fd5b::/64	143
2001:db8:181d:3471::/64	330
2001:db8:181d:7028::/64	747
2001:db8:181e:99a::/64	902
2001:db8:181e:5506::/64	484
2001:db8:181e:5861::/64	504
2001:db8:181e:7e23::/64	242
2001:db8:181e:a397::/64	172
2001:db8:181f:a0a2::/64	179
2001:db8:1820:1511::/64	927
2001:db8:1820:a8df::/64	733
2001:db8:1820:c1ab::/64	953
2001:db8:1821:3860::/64	207
2001:db8:1821:7e57::/64	71
2001:db8:1821:ab18::/64	35
2001:db8:1822:308f::/64	371
2001:db8:1822:3e64::/64	929
2001:db8:1822:c463::/64	576
2001:db8:1823:b7e::/64	987
2001:db8:1823:bbb4::/64	908
2001:db8:1823:c1e0::/64	651
2001:db8:1823:ceea::/64	337
2001:db8:1824:b2fb::/64	563
2001:db8:1824:f629::/64	844
2001:db8:1824:f86e::/64	180
2001:db8:1825:7790::/64	574
2001:db8:1825:8a60::/64	198
2001:db8:1826:365d::/64	351
2001:db8:1826:f4be::/64	887
2001:db8:1827:b223::/64	834
2001:db8:1828:6f7d::/64	841
2001:db8:1828:ebd4::/64	421
2001:db8:182a:2b73::/64	510
2001:db8:182a:5070::/64	843
2001:db8:182b:7e8::/64	988
2001:db8:182b:2a39::/64	264
2001:db8:182b:6d35::/64	804
2001:db8:182b:be5c::/64	558
2001:db8:182c:3154::/64	81
2001:db8:182c:3e23::/64	864
2001:db8:182c:c733::/64	676
2001:db8:182c:d567::/64	418
2001:db8:182c:e2af::/64	701
2001:db8:182d:18bc::/64	471
2001:db8:182d:4b43::/64	580
2001:db8:182d:681c::/64	158
2001:db8:182e:6ab::/64	142
2001:db8:182e:1f18::/64	695
2001:db8:182e:37c3::/64	116
2001:db8:182e:86f3::/64	613
2001:db8:182e:8ded::/64	147
2001:db8:182e:e6cf::/64	324
2001:db8:182f:1671::/64	14
2001:db8:182f:43cc::/64	638
2001:db8:1830:4319::/64	43
2001:db8:1831:dd6f::/64	607
2001:db8:1832:21f2::/64	255
2001:db8:1832:3c52::/64	677
2001:db8:1832:ba8a::/64	698
2001:db8:1833:9f71::/64	816
2001:db8:1834:180a::/64	970
2001:db8:1834:34d7::/64	663
2001:db8:1834:f566::/64	560
2001:db8:1835:85f5::/64	665
2001:db8:1835:af3d::/64	861
2001:db8:1836:23ef::/64	596
2001:db8:1836:9382::/64	231
2001:db8:1836:b304::/64	584
2001:db8:1837:10aa::/64	21
2001:db8:1837:5f53::/64	468
2001:db8:1837:7589::/64	22
2001:db8:1837:b2ef::/64	522
2001:db8:1838:1670::/64	979
2001:db8:1838:5fbd::/64	122
2001:db8:1838:b2d8::/64	35
2001:db8:1838:df44::/64	814
2001:db8:1839:e7f::/64	503
2001:db8:183a:39c4::/64	977
2001:db8:183a:ceb6::/64	553
2001:db8:183c:5679::/64	418
2001:db8:183c:6970::/64	247
2001:db8:183e:2148::/64	292
2001:db8:183f:a55::/64	316
2001:db8:183f:4e07::/64	972
2001:db8:183f:5a14::/64	435
2001:db8:183f:c06c::/64	91
2001:db8:1842:73bc::/64	243
2001:db8:1843:3237::/64	855
2001:db8:1843:5cd9::/64	645
2001:db8:1843:b423::/64	863
2001:db8:1843:c44c::/64	90
2001:db8:1845:3923::/64	509
2001:db8:1846:1abe::/64	716
2001:db8:1846:3cc1::/64	175
2001:db8:1847:a068::/64	524
2001:db8:1848:7b89::/64	948
2001:db8:1848:8230::/64	209
2001:db8:184a:1bc7::/64	109
2001:db8:184a:ca74::/64	332
2001:db8:184a:fce6::/64	63
2001:db8:184b:213f::/64	413
2001:db8:184b:5905::/64	195
2001:db8:184b:6cab::/64	334
2001:db8:184b:f5fa::/64	549
2001:db8:184c:1dff::/64	939
2001:db8:184c:8630::/64	509
2001:db8:184c:c392::/64	424
2001:db8:184c:d9c2::/64	558
2001:db8:184d:1787::/64	2
2001:db8:184d:2440::/64	796
2001:db8:184d:9be2::/64	897
2001:db8:184d:f25c::/64	541
2001:db8:184e:3332::/64	837
2001:db8:184e:6a04::/64	745
2001:db8:184e:964c::/64	966
2001:db8:184e:ad9c::/64	670
2001:db8:184e:e29b::/64	904
2001:db8:184f:9ed1::/64	349
2001:db8:1850:5dab::/64	618
2001:db8:1850:c1eb::/64	488
2001:db8:1850:c369::/64	596
2001:db8:1850:dcfc::/64	24
2001:db8:1850:f6e0::/64	905
2001:db8:1851:2eef::/64	891
2001:db8:1851:5ac6::/64	400
2001:db8:1851:f986::/64	434
2001:db8:1852:278::/64	824
2001:db8:1852:1a84::/64	3
2001:db8:1852:a302::/64	1000
2001:db8:1853:9399::/64	40
2001:db8:1853:b095::/64	644
2001:db8:1854:270a::/64	494
2001:db8:1854:39a7::/64	882
2001:db8:1854:6f40::/64	108
2001:db8:1854:a5b9::/64	366
2001:db8:1855:13bb::/64	721
2001:db8:1855:b9a7::/64	462
2001:db8:1856:4c34::/64	183
2001:db8:1856:dca9::/64	225
2001:db8:1857:36ea::/64	82
2001:db8:1857:c392::/64	938
2001:db8:1858:405::/64	473
2001:db8:1858:1fc5::/64	814
2001:db8:1858:c72e::/64	356
2001:db8:1859:8d28::/64	935
2001:db8:185a:2073::/64	976
2001:db8:185a:8b2e::/64	423
2001:db8:185a:b3ee::/64	206
2001:db8:185b:44aa::/64	768
2001:db8:185b:a1cc::/64	826
2001:db8:185b:aa73::/64	45
2001:db8:185b:c924::/64	486
2001:db8:185b:ef3a::/64	684
2001:db8:185c:9972::/64	571
2001:db8:185d:27d::/64	430
2001:db8:185e:15e7::/64	154
2001:db8:185f:43c::/64	185
2001:db8:185f:94c7::/64	580
2001:db8:185f:c898::/64	652
2001:db8:1861:66ac::/64	587
2001:db8:1861:9e72::/64	443
2001:db8:1861:d7b0::/64	607
2001:db8:1861:f838::/64	822
2001:db8:1862:8ab::/64	970
2001:db8:1862:659b::/64	778
2001:db8:1862:d8fd::/64	635
2001:db8:1863:bb28::/64	312
2001:db8:1863:e876::/64	285
2001:db8:1863:e91a::/64	216
2001:db8:1864:df6::/64	607
2001:db8:1864:5fc7::/64	42
2001:db8:1864:6cec::/64	675
2001:db8:1864:7ead::/64	397
2001:db8:1864:a28b::/64	745
2001:db8:1864:e67e::/64	81
2001:db8:1864:e9ff::/64	133
2001:db8:1865:162d::/64	866
2001:db8:1865:9cbb::/64	82
2001:db8:1865:e297::/64	978
2001:db8:1866:2840::/64	738
2001:db8:1866:c5fa::/64	36
2001:db8:1866:cd60::/64	243
2001:db8:1867:2fe7::/64	521
2001:db8:1867:7759::/64	274
2001:db8:1868:27fe::/64	587
2001:db8:1869:4fb0::/64	538
2001:db8:1869:8c22::/64	205
2001:db8:186a:27ac::/64	662
2001:db8:186b:88b8::/64	431
2001:db8:186b:dee9::/64	999
2001:db8:186c:b72b::/64	446
2001:db8:186c:c543::/64	428
2001:db8:186d:1097::/64	117
2001:db8:186d:8156::/64	742
2001:db8:186d:c189::/64	44
2001:db8:186d:eb6e::/64	635
2001:db8:186e:43fc::/64	885
2001:db8:186e:6f64::/64	58
2001:db8:186f:883::/64	429
2001:db8:1870:96ea::/64	379
2001:db8:1870:de71::/64	566
2001:db8:1871:6cee::/64	16
2001:db8:1871:6fe9::/64	536
2001:db8:1871:b567::/64	434
2001:db8:1871:bda6::/64	984
2001:db8:1872:1fb0::/64	753
2001:db8:1872:c6d8::/64	530
2001:db8:1873:8e4::/64	456
2001:db8:1873:3f00::/64	53
2001:db8:1873:a969::/64	515
2001:db8:1873:f620::/64	758
2001:db8:1874:23a2::/64	584
2001:db8:1874:d314::/64	467
2001:db8:1875:36e1::/64	196
2001:db8:1875:965b::/64	101
2001:db8:1877:c63::/64	348
2001:db8:1877:7de9::/64	395
2001:db8:1877:9433::/64	689
2001:db8:1877:fed4::/64	779
2001:db8:1878:6f0c::/64	636
2001:db8:1878:fd15::/64	70
2001:db8:1879:afd::/64	111
2001:db8:1879:7d0a::/64	342
2001:db8:1879:9f72::/64	820
2001:db8:1879:b769::/64	970
2001:db8:187a:88d7::/64	450
2001:db8:187b:a0be::/64	507
2001:db8:187b:ebb9::/64	228
2001:db8:187c:2280::/64	465
2001:db8:187c:5de1::/64	126
2001:db8:187c:9b6f::/64	287
2001:db8:187c:a81c::/64	214
2001:db8:187c:c6f3::/64	45
2001:db8:187c:c9c8::/64	572
2001:db8:187c:fcb8::/64	153
2001:db8:187d:f59b::/64	207
2001:db8:187d:f817::/64	179
2001:db8:187e:b4d::/64	436
2001:db8:187e:349b::/64	341
2001:db8:187f:1cf3::/64	423
2001:db8:187f:acf2::/64	220
2001:db8:187f:bb32::/64	426
2001:db8:1880:2078::/64	938
2001:db8:1880:71fe::/64	667
2001:db8:1880:e33c::/64	136
2001:db8:1880:e68c::/64	869
2001:db8:1880:fa31::/64	349
2001:db8:1881:9f14::/64	550
2001:db8:1882:add::/64	696
2001:db8:1882:404e::/64	175
2001:db8:1882:9eff::/64	763
2001:db8:1882:f406::/64	707
2001:db8:1883:739c::/64	597
2001:db8:1883:c00c::/64	978
2001:db8:1884:a0f3::/64	662
2001:db8:1884:be22::/64	92
2001:db8:1885:e4e::/64	583
2001:db8:1885:6370::/64	399
2001:db8:1885:7d24::/64	964
2001:db8:1885:a689::/64	215
2001:db8:1885:dcab::/64	860
2001:db8:1885:fd41::/64	992
2001:db8:1886:2397::/64	218
2001:db8:1886:359c::/64	716
2001:db8:1887:1c5e::/64	293
2001:db8:1887:3699::/64	308
2001:db8:1887:9374::/64	214
2001:db8:1888:4ebf::/64	633
2001:db8:1888:4fb8::/64	818
2001:db8:1888:55b7::/64	37
2001:db8:1888:ff9c::/64	85
2001:db8:1889:39c1::/64	757
2001:db8:188a:1c02::/64	316
2001:db8:188a:2700::/64	590
2001:db8:188a:330f::/64	135
2001:db8:188a:bfc2::/64	672
2001:db8:188a:c285::/64	469
2001:db8:188b:16e5::/64	679
2001:db8:188b:18bc::/64	121
2001:db8:188b:581b::/64	148
2001:db8:188b:7f9d::/64	512
2001:db8:188c:5b13::/64	934
2001:db8:188c:6810::/64	458
2001:db8:188d:3ef8::/64	6
2001:db8:188d:d0f2::/64	235
2001:db8:188d:e275::/64	511
2001:db8:188e:266d::/64	610
2001:db8:188e:43cc::/64	815
2001:db8:188e:a5b5::/64	931
2001:db8:188e:ba09::/64	510
2001:db8:188f:57d1::/64	982
2001:db8:188f:d2bf::/64	373
2001:db8:188f:e2dc::/64	812
2001:db8:1890:88d::/64	810
2001:db8:1890:8e8::/64	673
2001:db8:1890:536c::/64	130
2001:db8:1890:9f0b::/64	380
2001:db8:1890:fc76::/64	178
2001:db8:1891:9140::/64	627
2001:db8:1891:f5a9::/64	78
2001:db8:1892:a11::/64	957
2001:db8:1892:91f6::/64	230
2001:db8:1894:31e6::/64	454
2001:db8:1895:179a::/64	172
2001:db8:1895:3ba8::/64	665
2001:db8:1895:766b::/64	63
2001:db8:1896:2402::/64	34
2001:db8:1896:695a::/64	889
2001:db8:1896:acfb::/64	303
2001:db8:1896:cec0::/64	887
2001:db8:1897:d3ec::/64	26
2001:db8:1897:fc60::/64	922
2001:db8:1898:235b::/64	576
2001:db8:1898:8cb5::/64	188
2001:db8:189a:32c7::/64	744
2001:db8:189a:54c2::/64	936
2001:db8:189b:4658::/64	985
2001:db8:189b:4bbc::/64	143
2001:db8:189b:dfcf::/64	475
2001:db8:189c:e27::/64	281
2001:db8:189c:216b::/64	564
2001:db8:189c:2aa1::/64	540
2001:db8:189c:31cd::/64	21
2001:db8:189c:ec0e::/64	623
2001:db8:189d:4d11::/64	778
2001:db8:189d:5ceb::/64	356
2001:db8:189d:5da3::/64	996
2001:db8:189d:7686::/64	50
2001:db8:189d:7ff7::/64	471
2001:db8:189d:900d::/64	74
2001:db8:189d:c211::/64	878
2001:db8:189d:d729::/64	612
2001:db8:189e:89d2::/64	531
2001:db8:189e:e26c::/64	60
2001:db8:189f:2017::/64	487
2001:db8:189f:8d1c::/64	579
2001:db8:189f:9835::/64	633
2001:db8:189f:bf1e::/64	3
2001:db8:18a0:a645::/64	907
2001:db8:18a0:b409::/64	661
2001:db8:18a0:d3a9::/64	171
2001:db8:18a1:d95::/64	695
2001:db8:18a1:58bb::/64	443
2001:db8:18a1:7404::/64	950
2001:db8:18a2:76d::/64	760
2001:db8:18a2:9556::/64	954
2001:db8:18a2:b8c6::/64	824
2001:db8:18a3:9629::/64	16
2001:db8:18a3:c7e4::/64	146
2001:db8:18a4:220d::/64	754
2001:db8:18a5:d274::/64	528
2001:db8:18a6:7a6::/64	718
2001:db8:18a6:9c90::/64	841
2001:db8:18a6:9e23::/64	177
2001:db8:18a7:2cb::/64	524
2001:db8:18a7:b52e::/64	203
2001:db8:18a8:869::/64	441
2001:db8:18a8:37e7::/64	359
2001:db8:18a8:95e4::/64	745
2001:db8:18a9:486::/64	767
2001:db8:18a9:119f::/64	649
2001:db8:18a9:ae55::/64	79
2001:db8:18a9:ce0b::/64	13
2001:db8:18a9:d30d::/64	69
2001:db8:18aa:bb08::/64	401
2001:db8:18aa:d9ae::/64	258
2001:db8:18aa:e4d9::/64	887
2001:db8:18ac:57fa::/64	552
2001:db8:18ac:7a8d::/64	727
2001:db8:18ad:2012::/64	746
2001:db8:18ad:74fd::/64	495
2001:db8:18ad:b5e4::/64	372
2001:db8:18ae:660::/64	303
2001:db8:18ae:7637::/64	839
2001:db8:18b0:d1c5::/64	740
2001:db8:18b1:312d::/64	689
2001:db8:18b1:93d5::/64	104
2001:db8:18b2:1ba4::/64	689
2001:db8:18b2:eb7a::/64	510
2001:db8:18b2:f647::/64	928
2001:db8:18b2:ffe3::/64	47
2001:db8:18b3:265a::/64	450
2001:db8:18b3:5fc9::/64	792
2001:db8:18b3:e438::/64	974
2001:db8:18b4:756b::/64	51
2001:db8:18b4:e947::/64	956
2001:db8:18b5:160a::/64	222
2001:db8:18b5:1a0d::/64	984
2001:db8:18b5:4ab8::/64	390
2001:db8:18b5:e924::/64	232
2001:db8:18b7:7a90::/64	106
2001:db8:18b7:e8a4::/64	934
2001:db8:18b8:1c28::/64	240
2001:db8:18b8:1f29::/64	287
2001:db8:18b8:3240::/64	763
2001:db8:18b8:4bce::/64	796
2001:db8:18b8:abb7::/64	743
2001:db8:18b9:d3e::/64	363
2001:db8:18b9:2a14::/64	521
2001:db8:18b9:7d85::/64	375
2001:db8:18b9:cb47::/64	726
2001:db8:18ba:24af::/64	630
2001:db8:18ba:61b7::/64	799
2001:db8:18bb:9775::/64	865
2001:db8:18bb:a78e::/64	598
2001:db8:18bb:c74f::/64	469
2001:db8:18bb:d05e::/64	476
2001:db8:18bb:dac4::/64	402
2001:db8:18bc:43bf::/64	587
2001:db8:18bc:c9e7::/64	729
2001:db8:18bc:d6fe::/64	530
2001:db8:18bd:31d3::/64	705
2001:db8:18bd:b5b5::/64	710
2001:db8:18be:c0ad::/64	954
2001:db8:18be:e740::/64	772
2001:db8:18bf:84d::/64	123
2001:db8:18bf:423a::/64	541
2001:db8:18c0:6b0::/64	75
2001:db8:18c0:14b3::/64	140
2001:db8:18c1:5214::/64	233
2001:db8:18c1:d86e::/64	413
2001:db8:18c2:258c::/64	395
2001:db8:18c2:4244::/64	911
2001:db8:18c2:6950::/64	139
2001:db8:18c2:7435::/64	807
2001:db8:18c3:279f::/64	881
2001:db8:18c3:ac37::/64	736
2001:db8:18c3:f774::/64	867
2001:db8:18c4:a6a3::/64	550
2001:db8:18c5:a62f::/64	752
2001:db8:18c6:39a5::/64	537
2001:db8:18c6:5e02::/64	786
2001:db8:18c6:7002::/64	690
2001:db8:18c6:cdc1::/64	954
2001:db8:18c7:324::/64	114
2001:db8:18c7:2a36::/64	644
2001:db8:18c8:419d::/64	128
2001:db8:18ca:a3f6::/64	89
2001:db8:18cc:1bee::/64	179
2001:db8:18cc:66ac::/64	165
2001:db8:18cc:7f34::/64	294
2001:db8:18cc:a714::/64	665
2001:db8:18cc:f855::/64	434
2001:db8:18cd:31bc::/64	655
2001:db8:18cd:3dbd::/64	967
2001:db8:18cd:3e56::/64	612
2001:db8:18cd:50b5::/64	261
2001:db8:18cd:6e8b::/64	980
2001:db8:18cd:88a9::/64	416
2001:db8:18ce:ee3e::/64	535
2001:db8:18cf:d98::/64	909
2001:db8:18cf:35dd::/64	5
2001:db8:18cf:f602::/64	118
2001:db8:18d0:1db8::/64	268
2001:db8:18d0:c3fc::/64	191
2001:db8:18d1:163a::/64	249
2001:db8:18d1:c993::/64	750
2001:db8:18d1:e5b9::/64	375
2001:db8:18d2:40cf::/64	160
2001:db8:18d3:8515::/64	386
2001:db8:18d4:26dd::/64	456
2001:db8:18d4:5f32::/64	593
2001:db8:18d4:8f44::/64	510
2001:db8:18d5:6a80::/64	710
2001:db8:18d5:8294::/64	572
2001:db8:18d5:9c26::/64	418
2001:db8:18d5:df5b::/64	509
2001:db8:18d6:a85b::/64	322
2001:db8:18d7:b536::/64	416
2001:db8:18d7:c756::/64	152
2001:db8:18d8:4371::/64	787
2001:db8:18d8:4d8e::/64	883
2001:db8:18d8:b3c1::/64	321
2001:db8:18d8:f20d::/64	481
2001:db8:18d9:8e8b::/64	729
2001:db8:18da:5a30::/64	226
2001:db8:18da:7c6a::/64	271
2001:db8:18da:d069::/64	371
2001:db8:18da:f2a8::/64	380
2001:db8:18dc:1c21::/64	587
2001:db8:18dc:3033::/64	226
2001:db8:18dc:57b9::/64	64
2001:db8:18dc:7fa1::/64	625
2001:db8:18dc:b41d::/64	546
2001:db8:18dc:d812::/64	990
2001:db8:18dd:6a32::/64	769
2001:db8:18dd:e97b::/64	132
2001:db8:18de:4602::/64	79
2001:db8:18de:b7f3::/64	594
2001:db8:18de:d269::/64	690
2001:db8:18df:5bea::/64	26
2001:db8:18df:78c8::/64	807
2001:db8:18df:d7df::/64	846
2001:db8:18e0:147b::/64	67
2001:db8:18e1:cc9::/64	530
2001:db8:18e1:300a::/64	948
2001:db8:18e1:60df::/64	981
2001:db8:18e1:c32c::/64	559
2001:db8:18e1:d18e::/64	917
2001:db8:18e1:faba::/64	563
2001:db8:18e2:b8d8::/64	448
2001:db8:18e3:17c::/64	674
2001:db8:18e3:338::/64	707
2001:db8:18e3:f02::/64	189
2001:db8:18e3:50b1::/64	44
2001:db8:18e3:cf5c::/64	482
2001:db8:18e4:52e7::/64	371
2001:db8:18e4:5ca5::/64	318
2001:db8:18e5:ae49::/64	519
2001:db8:18e5:af5e::/64	133
2001:db8:18e6:a5b4::/64	868
2001:db8:18e6:d3e1::/64	965
2001:db8:18e7:3ec5::/64	14
2001:db8:18e8:35c7::/64	722
2001:db8:18e8:3806::/64	578
2001:db8:18e8:546a::/64	460
2001:db8:18e8:a0b2::/64	55
2001:db8:18e9:3a1e::/64	944
2001:db8:18e9:43c2::/64	925
2001:db8:18e9:e666::/64	694
2001:db8:18ea:bc8c::/64	191
2001:db8:18eb:ea8a::/64	943
2001:db8:18ec:19cf::/64	925
2001:db8:18ec:3eef::/64	370
2001:db8:18ec:6587::/64	911
2001:db8:18ec:7aed::/64	579
2001:db8:18ec:84ef::/64	668
2001:db8:18ec:cf21::/64	140
2001:db8:18ec:da69::/64	867
2001:db8:18ed:8e5b::/64	964
2001:db8:18ed:c316::/64	490
2001:db8:18ed:ca20::/64	505
2001:db8:18ee:1efa::/64	752
2001:db8:18ee:ba34::/64	638
2001:db8:18ef:246a::/64	296
2001:db8:18ef:5457::/64	620
2001:db8:18ef:a378::/64	645
2001:db8:18ef:c523::/64	861
2001:db8:18ef:eac6::/64	567
2001:db8:18f0:7322::/64	847
2001:db8:18f1:f5e9::/64	778
2001:db8:18f3:8f2f::/64	756
2001:db8:18f3:c085::/64	127
2001:db8:18f4:1ac5::/64	662
2001:db8:18f4:2b59::/64	617
2001:db8:18f4:77bc::/64	455
2001:db8:18f4:7964::/64	972
2001:db8:18f4:8baf::/64	490
2001:db8:18f4:f05f::/64	584
2001:db8:18f5:3aff::/64	189
2001:db8:18f5:b641::/64	247
2001:db8:18f6:5af0::/64	326
2001:db8:18f6:81d2::/64	791
2001:db8:18f7:485a::/64	130
2001:db8:18f7:7c07::/64	226
2001:db8:18f7:b545::/64	35
2001:db8:18f7:f968::/64	585
2001:db8:18f8:2af8::/64	69
2001:db8:18f8:5b20::/64	805
2001:db8:18f8:8fe1::/64	887
2001:db8:18f8:a011::/64	398
2001:db8:18f8:f911::/64	329
2001:db8:18fa:7f0e::/64	659
2001:db8:18fb:cdd7::/64	530
2001:db8:18fb:dd4e::/64	590
2001:db8:18fc:1fd4::/64	759
2001:db8:18fc:6345::/64	281
2001:db8:18fc:66d0::/64	919
2001:db8:18fc:78d2::/64	155
2001:db8:18fc:af5c::/64	37
2001:db8:18fd:422b::/64	762
2001:db8:18fd:5494::/64	214
2001:db8:18fd:581a::/64	200
2001:db8:18fd:e90c::/64	971
2001:db8:18fe:245c::/64	161
2001:db8:18fe:8f42::/64	124
2001:db8:18fe:f031::/64	921
2001:db8:1900:86f::/64	486
2001:db8:1901:3b46::/64	493
2001:db8:1902:2eda::/64	3
2001:db8:1902:b47a::/64	477
2001:db8:1902:dcf2::/64	164
2001:db8:1902:dd87::/64	628
2001:db8:1902:fe3e::/64	100
2001:db8:1903:5112::/64	477
2001:db8:1903:df45::/64	501
2001:db8:1904:a756::/64	483
2001:db8:1904:aa9d::/64	882
2001:db8:1904:b03b::/64	939
2001:db8:1904:d095::/64	658
2001:db8:1905:9168::/64	842
2001:db8:1906:1d55::/64	323
2001:db8:1906:4806::/64	444
2001:db8:1906:5326::/64	781
2001:db8:1906:ce0e::/64	179
2001:db8:1907:c64::/64	487
2001:db8:1908:187a::/64	50
2001:db8:1909:88b5::/64	811
2001:db8:190a:61f8::/64	185
2001:db8:190b:3f3e::/64	188
2001:db8:190b:8c17::/64	505
2001:db8:190b:f1b7::/64	293
2001:db8:190c:4485::/64	670
2001:db8:190c:5d6c::/64	743
2001:db8:190c:776d::/64	515
2001:db8:190c:a55e::/64	147
2001:db8:190c:c52b::/64	191
2001:db8:190c:c716::/64	811
2001:db8:190d:4600::/64	846
2001:db8:190e:1342::/64	692
2001:db8:190f:ac8::/64	586
2001:db8:190f:3658::/64	766
2001:db8:190f:ba3d::/64	570
2001:db8:190f:c082::/64	719
2001:db8:1910:493::/64	630
2001:db8:1910:17e4::/64	434
2001:db8:1910:4e40::/64	639
2001:db8:1910:5def::/64	773
2001:db8:1910:96c9::/64	877
2001:db8:1911:8bf8::/64	480
2001:db8:1911:d166::/64	187
2001:db8:1911:d3f5::/64	634
2001:db8:1911:fe16::/64	766
2001:db8:1913:1c90::/64	104
2001:db8:1913:2d46::/64	503
2001:db8:1913:4853::/64	530
2001:db8:1913:ed7f::/64	36
2001:db8:1914:3ad2::/64	397
2001:db8:1914:d03e::/64	210
2001:db8:1915:3756::/64	416
2001:db8:1915:47ca::/64	171
2001:db8:1916:31b6::/64	384
2001:db8:1916:8f17::/64	822
2001:db8:1917:801::/64	228
2001:db8:1917:4f3f::/64	630
2001:db8:1917:eed6::/64	374
2001:db8:1918:9c37::/64	164
2001:db8:1919:5b2a::/64	474
2001:db8:191a:5597::/64	177
2001:db8:191b:b984::/64	827
2001:db8:191c:4060::/64	881
2001:db8:191c:48af::/64	569
2001:db8:191d:7249::/64	390
2001:db8:191e:2ab0::/64	152
2001:db8:191e:86ff::/64	507
2001:db8:191e:b1b4::/64	304
2001:db8:191e:cb6f::/64	782
2001:db8:191e:cc16::/64	548
2001:db8:191f:300b::/64	664
2001:db8:191f:9f2a::/64	876
2001:db8:1920:d6a5::/64	734
2001:db8:1920:fcbd::/64	849
2001:db8:1921:3e9f::/64	216
2001:db8:1921:9eb7::/64	125
2001:db8:1921:be90::/64	883
2001:db8:1922:43dd::/64	223
2001:db8:1922:74d1::/64	383
2001:db8:1922:d133::/64	198
2001:db8:1924:6524::/64	187
2001:db8:1924:c6db::/64	4
2001:db8:1924:f19e::/64	259
2001:db8:1924:fb75::/64	41
2001:db8:1925:f5a::/64	523
2001:db8:1925:f690::/64	118
2001:db8:1927:3407::/64	59
2001:db8:1927:9444::/64	407
2001:db8:1927:ea8c::/64	161
2001:db8:1927:f3a6::/64	349
2001:db8:1927:f894::/64	50
2001:db8:1928:7bfe::/64	652
2001:db8:1928:8315::/64	974
2001:db8:1928:fcde::/64	705
2001:db8:192a:a6d::/64	820
2001:db8:192a:cbf5::/64	87
2001:db8:192b:16c0::/64	138
2001:db8:192b:51e6::/64	168
2001:db8:192b:66fc::/64	965
2001:db8:192b:9122::/64	692
2001:db8:192b:9862::/64	971
2001:db8:192b:cad9::/64	201
2001:db8:192c:3a6b::/64	703
2001:db8:192d:41b5::/64	414
2001:db8:192d:d405::/64	444
2001:db8:192e:15ee::/64	690
2001:db8:192e:4013::/64	381
2001:db8:192e:e0eb::/64	817
2001:db8:192f:2662::/64	864
2001:db8:192f:e332::/64	355
2001:db8:1930:81cc::/64	140
2001:db8:1931:300b::/64	355
2001:db8:1931:b074::/64	999
2001:db8:1932:5512::/64	534
2001:db8:1932:a6d2::/64	702
2001:db8:1933:9f52::/64	440
2001:db8:1933:aede::/64	243
2001:db8:1935:29e1::/64	343
2001:db8:1936:90d::/64	366
2001:db8:1936:5621::/64	86
2001:db8:1936:7974::/64	304
2001:db8:1936:8e69::/64	343
2001:db8:1936:eb78::/64	867
2001:db8:1937:673e::/64	781
2001:db8:1937:7fac::/64	351
2001:db8:1937:b56b::/64	177
2001:db8:1937:d6e5::/64	993
2001:db8:1937:daac::/64	761
2001:db8:1938:4069::/64	389
2001:db8:1938:bf90::/64	983
2001:db8:1939:92d::/64	921
2001:db8:1939:1200::/64	417
2001:db8:1939:692b::/64	562
2001:db8:1939:9b07::/64	869
2001:db8:1939:e443::/64	187
2001:db8:193a:4b4c::/64	596
2001:db8:193a:c05b::/64	813
2001:db8:193a:d214::/64	552
2001:db8:193a:f902::/64	948
2001:db8:193b:4852::/64	126
2001:db8:193b:aaf9::/64	477
2001:db8:193c:35ef::/64	718
2001:db8:193c:3c18::/64	687
2001:db8:193c:5d08::/64	390
2001:db8:193c:fe9a::/64	914
2001:db8:193d:8a0b::/64	170
2001:db8:193d:acaa::/64	434
2001:db8:193e:2182::/64	852
2001:db8:193e:75ac::/64	578
2001:db8:193e:ba71::/64	352
2001:db8:193e:dcad::/64	923
2001:db8:193f:c463::/64	349
2001:db8:1940:a279::/64	976
2001:db8:1942:4574::/64	726
2001:db8:1942:735e::/64	258
2001:db8:1942:9c3c::/64	376
2001:db8:1942:af11::/64	680
2001:db8:1942:ee6a::/64	656
2001:db8:1943:6aea::/64	708
2001:db8:1943:7ad9::/64	501
2001:db8:1944:1c0::/64	609
2001:db8:1944:2a02::/64	924
2001:db8:1944:96b4::/64	504
2001:db8:1945:28a7::/64	935
2001:db8:1945:5532::/64	408
2001:db8:1946:c7bd::/64	715
2001:db8:1946:ee99::/64	573
2001:db8:1946:f9cb::/64	246
2001:db8:1947:343::/64	742
2001:db8:1947:4305::/64	664
2001:db8:1948:1c66::/64	861
2001:db8:1948:980f::/64	519
2001:db8:1949:4::/64	266
2001:db8:1949:4cf5::/64	211
2001:db8:194a:3d6c::/64	486
2001:db8:194b:3caf::/64	379
2001:db8:194b:8d61::/64	90
2001:db8:194b:a7bf::/64	579
2001:db8:194b:da13::/64	829
2001:db8:194c:a7f9::/64	984
2001:db8:194c:b8fc::/64	179
2001:db8:194d:4832::/64	650
2001:db8:194e:19b5::/64	612
2001:db8:194e:461c::/64	482
2001:db8:194e:65b7::/64	248
2001:db8:194f:d446::/64	468
2001:db8:1950:72da::/64	988
2001:db8:1950:82cd::/64	534
2001:db8:1950:9ddc::/64	781
2001:db8:1952:1f03::/64	795
2001:db8:1952:25d5::/64	168
2001:db8:1952:4cd6::/64	287
2001:db8:1952:61d0::/64	691
2001:db8:1952:69cc::/64	27
2001:db8:1952:9637::/64	934
2001:db8:1952:c4b7::/64	58
2001:db8:1953:488::/64	401
2001:db8:1953:2ecb::/64	880
2001:db8:1953:5deb::/64	31
2001:db8:1953:e570::/64	768
2001:db8:1954:4fb::/64	50
2001:db8:1954:c9c2::/64	78
2001:db8:1955:9637::/64	760
2001:db8:1955:cda7::/64	835
2001:db8:1955:d829::/64	554
2001:db8:1956:4276::/64	243
2001:db8:1956:a1da::/64	276
2001:db8:1957:10ba::/64	732
2001:db8:1957:1e3f::/64	283
2001:db8:1958:fc4::/64	720
2001:db8:1958:5b14::/64	420
2001:db8:1959:372b::/64	854
2001:db8:1959:a4a6::/64	616
2001:db8:1959:b2f6::/64	49
2001:db8:1959:b3db::/64	936
2001:db8:1959:c585::/64	666
2001:db8:195a:1860::/64	590
2001:db8:195a:5f0d::/64	505
2001:db8:195a:6df5::/64	519
2001:db8:195a:f66b::/64	494
2001:db8:195d:b24b::/64	3
2001:db8:195e:bc4::/64	228
2001:db8:195e:17a4::/64	93
2001:db8:195e:2b67::/64	553
2001:db8:195f:86c3::/64	137
2001:db8:1960:22ed::/64	490
2001:db8:1960:934a::/64	519
2001:db8:1960:d4b2::/64	364
2001:db8:1961:2107::/64	175
2001:db8:1961:2daf::/64	556
2001:db8:1961:b88b::/64	947
2001:db8:1962:1089::/64	958
2001:db8:1962:12b7::/64	666
2001:db8:1962:2f93::/64	379
2001:db8:1962:c596::/64	847
2001:db8:1963:8d4::/64	744
2001:db8:1963:3e6d::/64	478
2001:db8:1963:f56f::/64	686
2001:db8:1964:1166::/64	534
2001:db8:1964:bb70::/64	274
2001:db8:1965:3e75::/64	537
2001:db8:1965:759f::/64	249
2001:db8:1965:88c7::/64	927
2001:db8:1966:7435::/64	539
2001:db8:1967:a8fe::/64	238
2001:db8:1967:e409::/64	565
2001:db8:1968:af21::/64	257
2001:db8:1969:49e::/64	820
2001:db8:1969:15b2::/64	407
2001:db8:1969:a802::/64	570
2001:db8:196a:35e0::/64	844
2001:db8:196a:8a89::/64	647
2001:db8:196b:e98::/64	996
2001:db8:196c:d506::/64	844
2001:db8:196d:ae34::/64	979
2001:db8:196e:b21::/64	545
2001:db8:196e:7d1c::/64	193
2001:db8:196e:d6bd::/64	374
2001:db8:196f:117d::/64	286
2001:db8:196f:a729::/64	798
2001:db8:196f:e82e::/64	297
2001:db8:1970:28bf::/64	622
2001:db8:1970:6cdb::/64	583
2001:db8:1970:965e::/64	318
2001:db8:1970:a3ca::/64	60
2001:db8:1972:9d89::/64	84
2001:db8:1973:1df9::/64	427
2001:db8:1973:32bc::/64	698
2001:db8:1973:758d::/64	869
2001:db8:1973:e67d::/64	845
2001:db8:1973:f302::/64	506
2001:db8:1975:9667::/64	691
2001:db8:1976:2e49::/64	95
2001:db8:1976:6533::/64	933
2001:db8:1976:8ca9::/64	894
2001:db8:1976:c189::/64	517
2001:db8:1977:131b::/64	335
2001:db8:1977:52d3::/64	407
2001:db8:1977:6158::/64	317
2001:db8:1979:42e1::/64	819
2001:db8:197a:2570::/64	488
2001:db8:197a:3ee6::/64	444
2001:db8:197a:8d43::/64	573
2001:db8:197a:9af2::/64	343
2001:db8:197a:ee5b::/64	381
2001:db8:197a:ff00::/64	129
2001:db8:197b:12fe::/64	110
2001:db8:197b:a4b8::/64	252
2001:db8:197c:412f::/64	259
2001:db8:197c:4f18::/64	431
2001:db8:197d:131d::/64	915
2001:db8:197d:1caf::/64	17
2001:db8:197d:c7c5::/64	397
2001:db8:197e:7806::/64	14
2001:db8:197e:9146::/64	515
2001:db8:197e:aa23::/64	760
2001:db8:197f:3532::/64	303
2001:db8:197f:ef61::/64	352
2001:db8:1980:507::/64	589
2001:db8:1980:38d9::/64	80
2001:db8:1980:4647::/64	508
2001:db8:1980:5ab6::/64	772
2001:db8:1980:5c69::/64	802
2001:db8:1980:8899::/64	971
2001:db8:1980:bea5::/64	519
2001:db8:1980:defe::/64	449
2001:db8:1981:e1cd::/64	620
2001:db8:1981:e5d1::/64	316
2001:db8:1982:2997::/64	234
2001:db8:1982:37f7::/64	747
2001:db8:1982:4791::/64	12
2001:db8:1982:d390::/64	800
2001:db8:1983:ae60::/64	369
2001:db8:1984:476f::/64	839
2001:db8:1984:8900::/64	249
2001:db8:1985:5b2::/64	408
2001:db8:1985:1eee::/64	422
2001:db8:1985:804c::/64	628
2001:db8:1985:b1b0::/64	313
2001:db8:1985:ccab::/64	763
2001:db8:1985:f68e::/64	683
2001:db8:1986:4f05::/64	721
2001:db8:1986:735e::/64	489
2001:db8:1987:37e2::/64	40
2001:db8:1988:5f48::/64	134
2001:db8:1989:96a8::/64	72
2001:db8:198a:8fba::/64	382
2001:db8:198c:3361::/64	627
2001:db8:198d:716c::/64	677
2001:db8:198d:d84b::/64	171
2001:db8:198d:f4fa::/64	421
2001:db8:198e:34de::/64	416
2001:db8:198e:56bc::/64	270
2001:db8:1990:cba9::/64	868
2001:db8:1991:3ae0::/64	72
2001:db8:1991:7f56::/64	443
2001:db8:1991:930e::/64	717
2001:db8:1992:a9::/64	281
2001:db8:1992:6391::/64	136
2001:db8:1992:aa3b::/64	267
2001:db8:1993:2632::/64	243
2001:db8:1993:66b6::/64	303
2001:db8:1993:aab6::/64	875
2001:db8:1993:e6d8::/64	35
2001:db8:1994:327a::/64	797
2001:db8:1994:3d51::/64	637
2001:db8:1994:42e9::/64	482
2001:db8:1995:c333::/64	316
2001:db8:1996:1a3c::/64	271
2001:db8:1996:7806::/64	75
2001:db8:1996:979f::/64	153
2001:db8:1996:a8e9::/64	800
2001:db8:1997:8f35::/64	850
2001:db8:1997:d3d2::/64	305
2001:db8:1998:d647::/64	365
2001:db8:1999:3df8::/64	209
2001:db8:199a:6eb5::/64	44
2001:db8:199b:b0b8::/64	764
2001:db8:199c:2222::/64	850
2001:db8:199c:cdb5::/64	26
2001:db8:199d:30f9::/64	102
2001:db8:199d:7868::/64	341
2001:db8:199d:90c7::/64	581
2001:db8:199e:2a6::/64	313
2001:db8:199e:e0ee::/64	951
2001:db8:199e:fdf6::/64	957
2001:db8:199f:13fe::/64	627
2001:db8:199f:4bbc::/64	50
2001:db8:199f:547c::/64	577
2001:db8:199f:57ee::/64	143
2001:db8:19a0:3ddf::/64	466
2001:db8:19a1:2349::/64	238
2001:db8:19a1:6ed1::/64	52
2001:db8:19a1:8cba::/64	724
2001:db8:19a1:a8f1::/64	139
2001:db8:19a1:def4::/64	207
2001:db8:19a1:e38d::/64	346
2001:db8:19a2:503b::/64	300
2001:db8:19a2:5b81::/64	27
2001:db8:19a3:e9a::/64	892
2001:db8:19a3:1179::/64	690
2001:db8:19a3:1841::/64	811
2001:db8:19a3:7fe9::/64	83
2001:db8:19a3:c9cf::/64	304
2001:db8:19a4:eed3::/64	884
2001:db8:19a5:3ed4::/64	386
2001:db8:19a5:648c::/64	748
2001:db8:19a5:b11b::/64	123
2001:db8:19a5:e270::/64	975
2001:db8:19a6:8b69::/64	288
2001:db8:19a6:f55b::/64	707
2001:db8:19a7:15b5::/64	111
2001:db8:19a7:2263::/64	988
2001:db8:19a7:7ad0::/64	500
2001:db8:19a7:f4a9::/64	780
2001:db8:19a7:f82f::/64	420
2001:db8:19a8:c174::/64	130
2001:db8:19a9:5526::/64	273
2001:db8:19a9:a10a::/64	667
2001:db8:19aa:106f::/64	675
2001:db8:19aa:110a::/64	73
2001:db8:19aa:84c4::/64	380
2001:db8:19aa:a34b::/64	186
2001:db8:19ab:6601::/64	549
2001:db8:19ac:4c2d::/64	348
2001:db8:19ac:d4ce::/64	99
2001:db8:19ad:4a50::/64	625
2001:db8:19ad:97fa::/64	575
2001:db8:19ae:1368::/64	398
2001:db8:19ae:365f::/64	53
2001:db8:19ae:7c23::/64	74
2001:db8:19af:1f8b::/64	515
2001:db8:19af:30dc::/64	753
2001:db8:19af:b977::/64	223
2001:db8:19b0:2b1a::/64	594
2001:db8:19b0:ab84::/64	13
2001:db8:19b1:218c::/64	597
2001:db8:19b1:a322::/64	443
2001:db8:19b2:ba37::/64	909
2001:db8:19b3:4a24::/64	532
2001:db8:19b3:b0aa::/64	469
2001:db8:19b3:e31a::/64	281
2001:db8:19b4:1106::/64	577
2001:db8:19b4:5f67::/64	254
2001:db8:19b4:9537::/64	383
2001:db8:19b4:bed2::/64	860
2001:db8:19b4:ee18::/64	144
2001:db8:19b4:fad4::/64	145
2001:db8:19b5:7e30::/64	251
2001:db8:19b5:a1eb::/64	566
2001:db8:19b5:d35f::/64	388
2001:db8:19b7:255c::/64	709
2001:db8:19b7:4bcb::/64	3
2001:db8:19b7:ab39::/64	180
2001:db8:19b7:b859::/64	435
2001:db8:19b7:da43::/64	863
2001:db8:19b8:281b::/64	877
2001:db8:19b8:9b04::/64	227
2001:db8:19b8:ac2e::/64	278
2001:db8:19b9::/48	171
2001:db8:19ba:cdb6::/64	148
2001:db8:19ba:e967::/64	516
2001:db8:19bb:32e2::/64	540
2001:db8:19bb:513c::/64	867
2001:db8:19bb:e24b::/64	650
2001:db8:19bb:e6bb::/64	666
2001:db8:19bc:f1f::/64	964
2001:db8:19bc:31bd::/64	613
2001:db8:19bc:8e2a::/64	263
2001:db8:19bc:93fc::/64	959
2001:db8:19bc:b40c::/64	501
2001:db8:19bc:d799::/64	975
2001:db8:19bc:eeba::/64	664
2001:db8:19bd:7f64::/64	747
2001:db8:19be:9d1::/64	242
2001:db8:19bf:1b5b::/64	714
2001:db8:19bf:93b6::/64	354
2001:db8:19bf:9fc4::/64	811
2001:db8:19bf:c029::/64	984
2001:db8:19bf:ffa9::/64	978
2001:db8:19c0:125f::/64	86
2001:db8:19c0:9a87::/64	647
2001:db8:19c0:c580::/64	344
2001:db8:19c0:e180::/64	118
2001:db8:19c1:13c0::/64	458
2001:db8:19c1:598a::/64	733
2001:db8:19c1:777b::/64	66
2001:db8:19c2:2f63::/64	630
2001:db8:19c2:aa90::/64	528
2001:db8:19c2:d9a7::/64	377
2001:db8:19c3:1b9b::/64	10
2001:db8:19c3:b304::/64	948
2001:db8:19c3:f891::/64	453
2001:db8:19c4:937b::/64	921
2001:db8:19c5:837::/64	89
2001:db8:19c5:584d::/64	339
2001:db8:19c5:6e97::/64	127
2001:db8:19c6:32d3::/64	36
2001:db8:19c6:8015::/64	80
2001:db8:19c6:811a::/64	511
2001:db8:19c6:daf8::/64	905
2001:db8:19c6:dcb2::/64	108
2001:db8:19c7:38a2::/64	81
2001:db8:19c7:c882::/64	661
2001:db8:19c7:da4d::/64	562
2001:db8:19c7:f3ae::/64	546
2001:db8:19c8:b449::/64	888
2001:db8:19c8:bc88::/64	539
2001:db8:19c9:2890::/64	869
2001:db8:19c9:31ab::/64	220
2001:db8:19c9:e002::/64	923
2001:db8:19ca:905::/64	293
2001:db8:19ca:ed72::/64	121
2001:db8:19cb:17a5::/64	596
2001:db8:19cb:2ced::/64	272
2001:db8:19cb:3292::/64	96
2001:db8:19cc:85e4::/64	216
2001:db8:19cd:3f85::/64	235
2001:db8:19cd:450c::/64	869
2001:db8:19ce:5327::/64	874
2001:db8:19ce:6c0e::/64	28
2001:db8:19ce:9560::/64	423
2001:db8:19cf:227b::/64	861
2001:db8:19cf:37d7::/64	218
2001:db8:19cf:a345::/64	749
2001:db8:19d0:9361::/64	302
2001:db8:19d1:c2c::/64	988
2001:db8:19d1:abb6::/64	783
2001:db8:19d1:cb9f::/64	647
2001:db8:19d1:da4c::/64	672
2001:db8:19d2:63c9::/64	165
2001:db8:19d2:90ec::/64	453
2001:db8:19d3:8950::/64	115
2001:db8:19d3:b3bb::/64	754
2001:db8:19d3:f24b::/64	833
2001:db8:19d3:fa26::/64	734
2001:db8:19d4:2d3e::/64	436
2001:db8:19d4:6a6d::/64	360
2001:db8:19d4:bb7e::/64	554
2001:db8:19d4:e44e::/64	273
2001:db8:19d5:49c4::/64	411
2001:db8:19d5:78d3::/64	354
2001:db8:19d5:9286::/64	37
2001:db8:19d5:a6e2::/64	919
2001:db8:19d5:a9a7::/64	56
2001:db8:19d6:d0d3::/64	717
2001:db8:19d6:d5a7::/64	180
2001:db8:19d6:f8b2::/64	426
2001:db8:19d7:8d6e::/64	159
2001:db8:19d7:a3e7::/64	611
2001:db8:19d7:d34c::/64	551
2001:db8:19d8:ed92::/64	943
2001:db8:19d9:e40::/64	370
2001:db8:19d9:2211::/64	486
2001:db8:19d9:2852::/64	562
2001:db8:19d9:5deb::/64	11
2001:db8:19d9:61cf::/64	9
2001:db8:19d9:d540::/64	979
2001:db8:19da:18b5::/64	290
2001:db8:19da:2817::/64	47
2001:db8:19da:6c77::/64	410
2001:db8:19da:97a1::/64	517
2001:db8:19db:1dbd::/64	585
2001:db8:19db:8d13::/64	199
2001:db8:19db:a9c7::/64	491
2001:db8:19db:e6c4::/64	529
2001:db8:19dc:9f03::/64	736
2001:db8:19dd:1cc5::/64	755
2001:db8:19dd:b14f::/64	126
2001:db8:19dd:ffb6::/64	443
2001:db8:19df:f383::/64	856
2001:db8:19e0:6844::/64	187
2001:db8:19e0:cc05::/64	547
2001:db8:19e0:d204::/64	12
2001:db8:19e0:f43e::/64	74
2001:db8:19e1:4dcb::/64	914
2001:db8:19e1:54cf::/64	286
2001:db8:19e1:806c::/64	207
2001:db8:19e2:5f5c::/64	700
2001:db8:19e2:70ab::/64	981
2001:db8:19e2:a964::/64	481
2001:db8:19e4:87a0::/64	21
2001:db8:19e4:c379::/64	540
2001:db8:19e5:20c::/64	666
2001:db8:19e6:a38::/64	605
2001:db8:19e6:c2dd::/64	215
2001:db8:19e6:c90d::/64	724
2001:db8:19e7:4cdb::/64	912
2001:db8:19e7:513e::/64	87
2001:db8:19e7:8174::/64	744
2001:db8:19e7:e932::/64	565
2001:db8:19ea:387::/64	57
2001:db8:19ea:b91b::/64	630
2001:db8:19eb:13e4::/64	877
2001:db8:19eb:4493::/64	55
2001:db8:19eb:a39f::/64	114
2001:db8:19eb:ceac::/64	172
2001:db8:19eb:d39f::/64	994
2001:db8:19ec:a59::/64	865
2001:db8:19ec:1fc1::/64	466
2001:db8:19ec:406d::/64	275
2001:db8:19ec:5248::/64	832
2001:db8:19ec:9e4f::/64	736
2001:db8:19ee:1df5::/64	482
2001:db8:19ee:b7cd::/64	318
2001:db8:19ee:f6ea::/64	593
2001:db8:19ef:866c::/64	821
2001:db8:19ef:ec9c::/64	414
2001:db8:19ef:ef51::/64	53
2001:db8:19f0:3597::/64	114
2001:db8:19f0:5d91::/64	304
2001:db8:19f0:fd7a::/64	112
2001:db8:19f1:cb3a::/64	545
2001:db8:19f1:eea4::/64	232
2001:db8:19f1:f20c::/64	777
2001:db8:19f2:d29f::/64	934
2001:db8:19f3:214a::/64	842
2001:db8:19f3:3ef6::/64	628
2001:db8:19f3:9a2d::/64	675
2001:db8:19f3:a55f::/64	606
2001:db8:19f4:ba09::/64	8
2001:db8:19f5:8e5a::/64	18
2001:db8:19f6:4b68::/64	701
2001:db8:19f6:7eea::/64	873
2001:db8:19f6:afd4::/64	685
2001:db8:19f7:2b1b::/64	778
2001:db8:19f7:406d::/64	865
2001:db8:19f7:6c01::/64	557
2001:db8:19f7:8489::/64	592
2001:db8:19f8:1d76::/64	668
2001:db8:19f8:91c8::/64	579
2001:db8:19f8:c0ae::/64	644
2001:db8:19f9:37d1::/64	801
2001:db8:19f9:5c5c::/64	144
2001:db8:19f9:e476::/64	982
2001:db8:19fa:4c26::/64	784
2001:db8:19fc:d0c3::/64	309
2001:db8:19fd:f52a::/64	461
2001:db8:19fe:4e8c::/64	760
2001:db8:19ff:12f9::/64	499
2001:db8:19ff:5a9f::/64	138
2001:db8:19ff:914b::/64	280
2001:db8:19ff:9e14::/64	187
2001:db8:1a01:7827::/64	340
2001:db8:1a01:bd0a::/64	719
2001:db8:1a01:ed5c::/64	854
2001:db8:1a02:979f::/64	184
2001:db8:1a02:ec06::/64	657
2001:db8:1a03:34bb::/64	712
2001:db8:1a03:426b::/64	306
2001:db8:1a03:43bf::/64	908
2001:db8:1a03:f0fa::/64	121
2001:db8:1a04:42d0::/64	691
2001:db8:1a04:a90d::/64	388
2001:db8:1a04:afca::/64	101
2001:db8:1a04:b268::/64	109
2001:db8:1a04:fd51::/64	58
2001:db8:1a05:4738::/64	377
2001:db8:1a06:4443::/64	402
2001:db8:1a06:56f6::/64	68
2001:db8:1a06:5c10::/64	517
2001:db8:1a06:b2f3::/64	252
2001:db8:1a07:6dcb::/64	528
2001:db8:1a07:a647::/64	303
2001:db8:1a08:2763::/64	347
2001:db8:1a09:8498::/64	131
2001:db8:1a0a:25df::/64	373
2001:db8:1a0a:3d82::/64	336
2001:db8:1a0a:7e7c::/64	571
2001:db8:1a0a:b90b::/64	399
2001:db8:1a0a:cc59::/64	755
2001:db8:1a0b:1f33::/64	574
2001:db8:1a0b:27e1::/64	370
2001:db8:1a0b:4cce::/64	95
2001:db8:1a0b:b20d::/64	141
2001:db8:1a0b:dc8a::/64	780
2001:db8:1a0b:f73a::/64	506
2001:db8:1a0c:e410::/64	906
2001:db8:1a0d:2727::/64	532
2001:db8:1a0d:6c73::/64	558
2001:db8:1a0f:cc06::/64	390
2001:db8:1a0f:d784::/64	45
2001:db8:1a10:107a::/64	573
2001:db8:1a10:cfa8::/64	872
2001:db8:1a10:f221::/64	869
2001:db8:1a10:feec::/64	748
2001:db8:1a11:5885::/64	150
2001:db8:1a11:89c6::/64	518
2001:db8:1a11:8b76::/64	231
2001:db8:1a12:1841::/64	405
2001:db8:1a12:a0c7::/64	370
2001:db8:1a12:df6a::/64	685
2001:db8:1a13:19ad::/64	3
2001:db8:1a13:c715::/64	395
2001:db8:1a13:ca54::/64	207
2001:db8:1a14:4215::/64	658
2001:db8:1a14:6e74::/64	144
2001:db8:1a14:78f4::/64	500
2001:db8:1a14:9750::/64	318
2001:db8:1a15:7d34::/64	447
2001:db8:1a15:b72d::/64	884
2001:db8:1a16:8a7::/64	350
2001:db8:1a16:27de::/64	414
2001:db8:1a16:45e4::/64	986
2001:db8:1a16:89a7::/64	882
2001:db8:1a16:a642::/64	908
2001:db8:1a16:cc84::/64	65
2001:db8:1a17:8e5::/64	1000
2001:db8:1a17:674e::/64	676
2001:db8:1a17:d54c::/64	267
2001:db8:1a18:13af::/64	490
2001:db8:1a19:4a53::/64	263
2001:db8:1a1a:697a::/64	241
2001:db8:1a1b:6181::/64	598
2001:db8:1a1c:41fa::/64	48
2001:db8:1a1c:b2a6::/64	897
2001:db8:1a1c:f50e::/64	978
2001:db8:1a1d:3818::/64	379
2001:db8:1a1d:8785::/64	365
2001:db8:1a1e:ea4a::/64	83
2001:db8:1a1e:fe48::/64	137
2001:db8:1a1f:2b42::/64	557
2001:db8:1a1f:47d7::/64	72
2001:db8:1a1f:dbd7::/64	847
2001:db8:1a20:5503::/64	543
2001:db8:1a20:be91::/64	106
2001:db8:1a20:f3db::/64	614
2001:db8:1a21:4199::/64	604
2001:db8:1a21:6ec2::/64	353
2001:db8:1a21:9d0b::/64	160
2001:db8:1a22:82f::/64	185
2001:db8:1a22:c382::/64	896
2001:db8:1a23:cef7::/64	941
2001:db8:1a24:b401::/64	162
2001:db8:1a25:b0d::/64	510
2001:db8:1a25:32ab::/64	710
2001:db8:1a25:643e::/64	507
2001:db8:1a25:afd7::/64	6
2001:db8:1a26:117c::/64	136
2001:db8:1a27:5b6a::/64	604
2001:db8:1a27:9512::/64	873
2001:db8:1a28:4344::/64	866
2001:db8:1a28:85ff::/64	335
2001:db8:1a29:931f::/64	987
2001:db8:1a29:a500::/64	196
2001:db8:1a2a:36e0::/64	25
2001:db8:1a2a:56d7::/64	182
2001:db8:1a2a:86da::/64	352
2001:db8:1a2a:af3d::/64	278
2001:db8:1a2a:baee::/64	209
2001:db8:1a2b:d0ea::/64	639
2001:db8:1a2c:389f::/64	275
2001:db8:1a2c:6fde::/64	496
2001:db8:1a2c:8c2e::/64	941
2001:db8:1a2c:d62c::/64	377
2001:db8:1a2d:146e::/64	181
2001:db8:1a2d:58f1::/64	948
2001:db8:1a2d:6c6c::/64	917
2001:db8:1a2e:9425::/64	216
2001:db8:1a2e:ede6::/64	758
2001:db8:1a30:6cfd::/64	14
2001:db8:1a31:5b07::/64	818
2001:db8:1a31:bc43::/64	686
2001:db8:1a32:7249::/64	678
2001:db8:1a32:73f1::/64	88
2001:db8:1a32:bde9::/64	461
2001:db8:1a32:d096::/64	388
2001:db8:1a33:e3dc::/64	543
2001:db8:1a35:cf4e::/64	468
2001:db8:1a35:faa4::/64	109
2001:db8:1a36:56c1::/64	770
2001:db8:1a36:99b6::/64	467
2001:db8:1a37:3bb0::/64	885
2001:db8:1a37:42d6::/64	218
2001:db8:1a37:860f::/64	179
2001:db8:1a37:b290::/64	648
2001:db8:1a37:dca5::/64	277
2001:db8:1a38:bda1::/64	529
2001:db8:1a39:41b6::/64	255
2001:db8:1a39:42bc::/64	282
2001:db8:1a39:88d2::/64	864
2001:db8:1a39:c12e::/64	565
2001:db8:1a3a:bbcd::/64	474
2001:db8:1a3a:f57c::/64	625
2001:db8:1a3b:5a96::/64	859
2001:db8:1a3b:aab4::/64	200
2001:db8:1a3c:54cd::/64	141
2001:db8:1a3c:6a0e::/64	454
2001:db8:1a3d:3e5b::/64	458
2001:db8:1a3d:49ac::/64	983
2001:db8:1a3d:4cd7::/64	891
2001:db8:1a3d:ffff::/64	618
2001:db8:1a3e:c83::/64	717
2001:db8:1a3e:2505::/64	655
2001:db8:1a3f:424::/64	992
2001:db8:1a3f:993e::/64	601
2001:db8:1a41:3ec0::/64	306
2001:db8:1a41:534c::/64	694
2001:db8:1a41:d4bf::/64	237
2001:db8:1a41:d8d2::/64	370
2001:db8:1a42:a387::/64	771
2001:db8:1a42:df9d::/64	153
2001:db8:1a43:9de::/64	482
2001:db8:1a43:489a::/64	809
2001:db8:1a43:5e3d::/64	851
2001:db8:1a44:131::/64	469
2001:db8:1a45:4a57::/64	344
2001:db8:1a45:8832::/64	187
2001:db8:1a46:2570::/64	671
2001:db8:1a46:514c::/64	272
2001:db8:1a46:8b47::/64	239
2001:db8:1a46:c8b1::/64	989
2001:db8:1a47:64a9::/64	748
2001:db8:1a47:a23c::/64	688
2001:db8:1a47:b08c::/64	509
2001:db8:1a47:d99d::/64	665
2001:db8:1a48:1011::/64	667
2001:db8:1a48:b8c5::/64	262
2001:db8:1a49:41ed::/64	539
2001:db8:1a49:a2af::/64	442
2001:db8:1a4a:20b0::/64	442
2001:db8:1a4a:68d4::/64	633
2001:db8:1a4b:5daa::/64	325
2001:db8:1a4b:69f7::/64	254
2001:db8:1a4b:8752::/64	305
2001:db8:1a4b:ca8c::/64	12
2001:db8:1a4c:23d0::/64	363
2001:db8:1a4c:a1ec::/64	70
2001:db8:1a4e:3138::/64	250
2001:db8:1a4e:63cb::/64	821
2001:db8:1a4e:9f15::/64	692
2001:db8:1a4f:9663::/64	679
2001:db8:1a50:a8fb::/64	412
2001:db8:1a50:d056::/64	152
2001:db8:1a50:ed38::/64	424
2001:db8:1a52:1dfb::/64	680
2001:db8:1a52:2665::/64	75
2001:db8:1a52:70a4::/64	143
2001:db8:1a52:8a80::/64	97
2001:db8:1a52:a11f::/64	801
2001:db8:1a52:b567::/64	126
2001:db8:1a52:fd72::/64	346
2001:db8:1a53:7066::/64	357
2001:db8:1a53:ce42::/64	543
2001:db8:1a55:6ff5::/64	803
2001:db8:1a55:9ce2::/64	678
2001:db8:1a55:a290::/64	195
2001:db8:1a55:a622::/64	405
2001:db8:1a56:42fd::/64	231
2001:db8:1a56:a55b::/64	616
2001:db8:1a57:a852::/64	790
2001:db8:1a58:266c::/64	817
2001:db8:1a58:63c3::/64	125
2001:db8:1a58:7922::/64	571
2001:db8:1a59:831e::/64	926
2001:db8:1a5a:3e79::/64	462
2001:db8:1a5a:40fe::/64	264
2001:db8:1a5a:4bab::/64	452
2001:db8:1a5a:5684::/64	700
2001:db8:1a5a:6649::/64	191
2001:db8:1a5a:9597::/64	199
2001:db8:1a5b:1d79::/64	853
2001:db8:1a5b:3b0e::/64	92
2001:db8:1a5b:da96::/64	729
2001:db8:1a5c:5e9e::/64	563
2001:db8:1a5c:b2bc::/64	542
2001:db8:1a5d:4149::/64	920
2001:db8:1a5d:8f4d::/64	263
2001:db8:1a5e:4f12::/64	586
2001:db8:1a5e:75d8::/64	189
2001:db8:1a5e:a173::/64	296
2001:db8:1a5e:d55e::/64	826
2001:db8:1a5e:e1d0::/64	924
2001:db8:1a5f:15de::/64	506
2001:db8:1a5f:6304::/64	777
2001:db8:1a5f:b008::/64	610
2001:db8:1a5f:d7b6::/64	737
2001:db8:1a5f:fc76::/64	945
2001:db8:1a60:2338::/64	682
2001:db8:1a60:ccbc::/64	451
2001:db8:1a60:d825::/64	477
2001:db8:1a60:e4f8::/64	372
2001:db8:1a61:4ad6::/64	518
2001:db8:1a61:6aa4::/64	439
2001:db8:1a61:6f75::/64	284
2001:db8:1a61:8c38::/64	891
2001:db8:1a61:9e21::/64	119
2001:db8:1a62:8186::/64	439
2001:db8:1a62:9eb1::/64	893
2001:db8:1a62:b4a7::/64	995
2001:db8:1a62:ba9c::/64	31
2001:db8:1a63:924d::/64	570
2001:db8:1a64:1b9a::/64	202
2001:db8:1a64:c734::/64	670
2001:db8:1a65:1abf::/64	572
2001:db8:1a65:b995::/64	454
2001:db8:1a66:81cb::/64	994
2001:db8:1a66:e8c6::/64	532
2001:db8:1a68:a2f2::/64	955
2001:db8:1a69:9626::/64	929
2001:db8:1a69:ad06::/64	340
2001:db8:1a6a:5654::/64	843
2001:db8:1a6a:9665::/64	111
2001:db8:1a6b:b492::/64	47
2001:db8:1a6b:f5b5::/64	59
2001:db8:1a6d:1587::/64	599
2001:db8:1a6d:9863::/64	893
2001:db8:1a6d:b6d4::/64	348
2001:db8:1a6d:f7ff::/64	306
2001:db8:1a6d:f9cc::/64	41
2001:db8:1a6e:2f5f::/64	711
2001:db8:1a6e:5a5d::/64	263
2001:db8:1a6e:5d12::/64	857
2001:db8:1a6e:b7fd::/64	784
2001:db8:1a6f:310a::/64	577
2001:db8:1a6f:683c::/64	292
2001:db8:1a70:2bbd::/64	180
2001:db8:1a70:7b7a::/64	588
2001:db8:1a70:a7d0::/64	165
2001:db8:1a71:188d::/64	909
2001:db8:1a71:c93a::/64	913
2001:db8:1a72:376c::/64	640
2001:db8:1a72:a8cf::/64	714
2001:db8:1a72:aa27::/64	160
2001:db8:1a72:ab19::/64	54
2001:db8:1a72:bef3::/64	661
2001:db8:1a73:6d49::/64	889
2001:db8:1a73:84fd::/64	601
2001:db8:1a73:a63d::/64	516
2001:db8:1a74:3084::/64	67
2001:db8:1a74:9dad::/64	313
2001:db8:1a74:bfa3::/64	756
2001:db8:1a74:f3ec::/64	465
2001:db8:1a75:754d::/64	454
2001:db8:1a75:c76d::/64	845
2001:db8:1a75:e0c2::/64	658
2001:db8:1a76:2f3::/64	200
2001:db8:1a76:c3c3::/64	370
2001:db8:1a76:e582::/64	435
2001:db8:1a77:4324::/64	574
2001:db8:1a77:ae53::/64	362
2001:db8:1a78:7c2e::/64	816
2001:db8:1a79:2c60::/64	614
2001:db8:1a79:433b::/64	879
2001:db8:1a79:adf5::/64	380
2001:db8:1a79:bc6a::/64	294
2001:db8:1a79:e9b0::/64	848
2001:db8:1a7a:9c7d::/64	13
2001:db8:1a7a:a3f9::/64	223
2001:db8:1a7c:a9de::/64	928
2001:db8:1a7d:1c1f::/64	185
2001:db8:1a7d:9eec::/64	89
2001:db8:1a7e:902e::/64	571
2001:db8:1a7e:e5d7::/64	392
2001:db8:1a7f:5a17::/64	18
2001:db8:1a7f:abdd::/64	953
2001:db8:1a81:2b4c::/64	670
2001:db8:1a82:2753::/64	197
2001:db8:1a82:6bb0::/64	33
2001:db8:1a85:160::/64	217
2001:db8:1a85:12d9::/64	148
2001:db8:1a85:c1ba::/64	517
2001:db8:1a86:f75::/64	543
2001:db8:1a86:61b0::/64	925
2001:db8:1a86:6695::/64	876
2001:db8:1a86:8574::/64	446
2001:db8:1a87:5665::/64	135
2001:db8:1a87:730d::/64	264
2001:db8:1a87:84a5::/64	241
2001:db8:1a88:5a35::/64	118
2001:db8:1a89:4219::/64	79
2001:db8:1a8a:1b20::/64	366
2001:db8:1a8a:32f9::/64	348
2001:db8:1a8a:8a91::/64	247
2001:db8:1a8b:c8e::/64	319
2001:db8:1a8b:b531::/64	168
2001:db8:1a8b:e53e::/64	763
2001:db8:1a8c:98e::/64	715
2001:db8:1a8d:a46a::/64	700
2001:db8:1a8d:d900::/64	320
2001:db8:1a8e:61b1::/64	734
2001:db8:1a8e:b02f::/64	590
2001:db8:1a8f:d7e::/64	438
2001:db8:1a8f:8a6e::/64	53
2001:db8:1a8f:a057::/64	561
2001:db8:1a90:57ad::/64	101
2001:db8:1a90:822c::/64	847
2001:db8:1a90:eeb0::/64	383
2001:db8:1a91:662::/64	623
2001:db8:1a91:56c3::/64	215
2001:db8:1a92:3e4::/64	708
2001:db8:1a92:b12::/64	864
2001:db8:1a92:6bf7::/64	174
2001:db8:1a92:e167::/64	561
2001:db8:1a93:30d3::/64	317
2001:db8:1a93:4324::/64	494
2001:db8:1a93:4f16::/64	309
2001:db8:1a93:6cd0::/64	947
2001:db8:1a93:8409::/64	692
2001:db8:1a93:d03f::/64	339
2001:db8:1a93:e8e1::/64	946
2001:db8:1a94:f483::/64	457
2001:db8:1a95:2d50::/64	149
2001:db8:1a95:58cc::/64	3
2001:db8:1a95:8183::/64	165
2001:db8:1a95:defb::/64	1
2001:db8:1a95:e055::/64	406
2001:db8:1a96:4883::/64	924
2001:db8:1a96:e09d::/64	428
2001:db8:1a96:e1ab::/64	421
2001:db8:1a97:ec::/64	321
2001:db8:1a97:3a2c::/64	52
2001:db8:1a97:bc6a::/64	996
2001:db8:1a98:5399::/64	168
2001:db8:1a98:8d5b::/64	671
2001:db8:1a99:fb44::/64	961
2001:db8:1a9a:1669::/64	838
2001:db8:1a9a:46b8::/64	396
2001:db8:1a9a:7439::/64	730
2001:db8:1a9a:df07::/64	29
2001:db8:1a9b:4e0::/64	391
2001:db8:1a9b:552::/64	36
2001:db8:1a9b:4acd::/64	207
2001:db8:1a9b:a9ea::/64	362
2001:db8:1a9b:bdf4::/64	18
2001:db8:1a9b:d14a::/64	519
2001:db8:1a9c:b951::/64	433
2001:db8:1a9d:4b52::/64	632
2001:db8:1a9d:9758::/64	34
2001:db8:1a9e:3438::/64	104
2001:db8:1a9e:7511::/64	872
2001:db8:1a9f:1f7::/64	987
2001:db8:1a9f:469f::/64	749
2001:db8:1a9f:50dd::/64	429
2001:db8:1a9f:c6b1::/64	233
2001:db8:1a9f:ef1d::/64	882
2001:db8:1aa0:2f99::/64	912
2001:db8:1aa0:bbd7::/64	518
2001:db8:1aa1:72f6::/64	869
2001:db8:1aa1:9543::/64	247
2001:db8:1aa1:b4d5::/64	148
2001:db8:1aa2:715f::/64	357
2001:db8:1aa3:1152::/64	373
2001:db8:1aa3:c877::/64	655
2001:db8:1aa3:f27f::/64	898
2001:db8:1aa4:3bbd::/64	27
2001:db8:1aa4:90bb::/64	708
2001:db8:1aa4:a66b::/64	420
2001:db8:1aa4:da87::/64	482
2001:db8:1aa4:f19a::/64	895
2001:db8:1aa5:1f8b::/64	24
2001:db8:1aa5:205f::/64	671
2001:db8:1aa5:35d6::/64	761
2001:db8:1aa5:4427::/64	993
2001:db8:1aa5:b7b0::/64	257
2001:db8:1aa6:43c5::/64	22
2001:db8:1aa6:da74::/64	982
2001:db8:1aa7:a90a::/64	903
2001:db8:1aa7:f448::/64	908
2001:db8:1aa8:3938::/64	53
2001:db8:1aa8:b9ee::/64	867
2001:db8:1aa8:d921::/64	939
2001:db8:1aa8:ecaf::/64	304
2001:db8:1aa9:214d::/64	370
2001:db8:1aa9:3ad9::/64	656
2001:db8:1aa9:3c35::/64	270
2001:db8:1aa9:547b::/64	790
2001:db8:1aa9:f17e::/64	958
2001:db8:1aaa:e812::/64	93
2001:db8:1aab:bf3f::/64	7
2001:db8:1aab:cfd5::/64	369
2001:db8:1aac:66ca::/64	629
2001:db8:1aac:7067::/64	401
2001:db8:1aac:b4ae::/64	389
2001:db8:1aac:d62f::/64	508
2001:db8:1aad:35d6::/64	414
2001:db8:1aad:714a::/64	777
2001:db8:1aad:f087::/64	274
2001:db8:1aae:369d::/64	652
2001:db8:1aae:60d8::/64	140
2001:db8:1ab0:8406::/64	832
2001:db8:1ab1:1b36::/64	458
2001:db8:1ab1:8eba::/64	131
2001:db8:1ab1:cf99::/64	737
2001:db8:1ab2:b7a5::/64	276
2001:db8:1ab2:ead3::/64	887
2001:db8:1ab3:2d0b::/64	931
2001:db8:1ab3:63cd::/64	384
2001:db8:1ab3:67ce::/64	552
2001:db8:1ab3:d245::/64	63
2001:db8:1ab3:d3b1::/64	6
2001:db8:1ab4:febf::/64	102
2001:db8:1ab5:49ce::/64	955
2001:db8:1ab5:5c9e::/64	98
2001:db8:1ab5:88f0::/64	471
2001:db8:1ab5:9580::/64	159
2001:db8:1ab5:a69a::/64	696
2001:db8:1ab5:db6f::/64	4
2001:db8:1ab5:f877::/64	714
2001:db8:1ab6:1c14::/64	600
2001:db8:1ab6:5821::/64	724
2001:db8:1ab6:7c7c::/64	747
2001:db8:1ab6:88ea::/64	303
2001:db8:1ab6:cbe5::/64	200
2001:db8:1ab7:548f::/64	563
2001:db8:1ab7:64f9::/64	169
2001:db8:1ab7:cac0::/64	401
2001:db8:1ab8:5d1c::/64	878
2001:db8:1ab8:9165::/64	624
2001:db8:1ab8:be95::/64	401
2001:db8:1ab9:1a04::/64	343
2001:db8:1ab9:ab22::/64	504
2001:db8:1ab9:e4aa::/64	630
2001:db8:1abb:d83b::/64	481
2001:db8:1abb:fdb2::/64	796
2001:db8:1abc:9a1::/64	886
2001:db8:1abc:40c6::/64	46
2001:db8:1abc:681c::/64	231
2001:db8:1abc:7b4f::/64	399
2001:db8:1abc:e80d::/64	324
2001:db8:1abc:fe43::/64	49
2001:db8:1abd:5078::/64	989
2001:db8:1abd:77a7::/64	761
2001:db8:1abd:9786::/64	231
2001:db8:1abd:aba6::/64	529
2001:db8:1abe:a::/64	671
2001:db8:1abe:db1::/64	559
2001:db8:1abe:1832::/64	621
2001:db8:1abe:557b::/64	410
2001:db8:1abe:8df3::/64	421
2001:db8:1abe:92d8::/64	981
2001:db8:1abf:6b78::/64	645
2001:db8:1ac0:a51c::/64	534
2001:db8:1ac1:4792::/64	158
2001:db8:1ac1:76b4::/64	176
2001:db8:1ac1:825c::/64	857
2001:db8:1ac2:9fd7::/64	671
2001:db8:1ac2:cdb7::/64	880
2001:db8:1ac2:cee9::/64	748
2001:db8:1ac3:24f9::/64	497
2001:db8:1ac3:8e04::/64	552
2001:db8:1ac3:9376::/64	696
2001:db8:1ac4:25ba::/64	64
2001:db8:1ac4:a072::/64	215
2001:db8:1ac4:a890::/64	996
2001:db8:1ac5:5c10::/64	814
2001:db8:1ac5:6039::/64	486
2001:db8:1ac5:c39d::/64	261
2001:db8:1ac6:cd6::/64	435
2001:db8:1ac6:aa59::/64	187
2001:db8:1ac7:4d1d::/64	701
2001:db8:1ac7:abe7::/64	832
2001:db8:1ac8:7b6a::/64	531
2001:db8:1ac8:b21b::/64	278
2001:db8:1ac8:d613::/64	430
2001:db8:1ac9:fa1e::/64	476
2001:db8:1aca:1076::/64	302
2001:db8:1aca:10c5::/64	986
2001:db8:1acb:7df0::/64	529
2001:db8:1acb:dd4f::/64	204
2001:db8:1acc:aab0::/64	470
2001:db8:1acd:5982::/64	259
2001:db8:1acd:7031::/64	734
2001:db8:1acd:91d7::/64	954
2001:db8:1acd:baf4::/64	651
2001:db8:1acd:ec6e::/64	586
2001:db8:1acd:f243::/64	344
2001:db8:1ace:826b::/64	480
2001:db8:1ace:bf2e::/64	74
2001:db8:1acf:15d3::/64	312
2001:db8:1acf:2262::/64	490
2001:db8:1acf:2bea::/64	267
2001:db8:1acf:d4f5::/64	225
2001:db8:1ad0:5621::/64	488
2001:db8:1ad0:ebab::/64	781
2001:db8:1ad1:194b::/64	393
2001:db8:1ad1:68a6::/64	327
2001:db8:1ad1:de72::/64	672
2001:db8:1ad1:ece9::/64	175
2001:db8:1ad3:4ca6::/64	997
2001:db8:1ad4:ea25::/64	545
2001:db8:1ad5:7f6e::/64	973
2001:db8:1ad5:c732::/64	241
2001:db8:1ad5:ccfd::/64	433
2001:db8:1ad5:ebde::/64	143
2001:db8:1ad6:686::/64	96
2001:db8:1ad6:a334::/64	454
2001:db8:1ad7:7881::/64	828
2001:db8:1ad8:c475::/64	187
2001:db8:1ad8:e6a4::/64	731
2001:db8:1ad9:1df8::/64	106
2001:db8:1ad9:4c7e::/64	68
2001:db8:1ada:7719::/64	401
2001:db8:1ada:9567::/64	661
2001:db8:1ada:a241::/64	123
2001:db8:1adb:4122::/64	516
2001:db8:1adb:5b40::/64	574
2001:db8:1adc:544f::/64	249
2001:db8:1adc:651b::/64	528
2001:db8:1adc:d960::/64	914
2001:db8:1add:1fd7::/64	730
2001:db8:1add:5338::/64	196
2001:db8:1add:5b6b::/64	177
2001:db8:1add:94c5::/64	491
2001:db8:1add:e9b4::/64	794
2001:db8:1ade:5d1e::/64	81
2001:db8:1adf:c4e::/64	657
2001:db8:1adf:995a::/64	547
2001:db8:1adf:9c29::/64	418
2001:db8:1adf:fbdf::/64	933
2001:db8:1ae0:13ac::/64	484
2001:db8:1ae0:23df::/64	582
2001:db8:1ae0:a1c6::/64	815
2001:db8:1ae0:b1ba::/64	679
2001:db8:1ae0:c3f2::/64	453
2001:db8:1ae1:9e37::/64	680
2001:db8:1ae1:b702::/64	580
2001:db8:1ae1:e301::/64	931
2001:db8:1ae2:5b16::/64	445
2001:db8:1ae2:a77e::/64	147
2001:db8:1ae2:c164::/64	336
2001:db8:1ae3:37e1::/64	931
2001:db8:1ae3:bad9::/64	345
2001:db8:1ae3:bf77::/64	404
2001:db8:1ae3:cd00::/64	814
2001:db8:1ae4:a845::/64	649
2001:db8:1ae5:c02b::/64	369
2001:db8:1ae6:584c::/64	415
2001:db8:1ae7:2fac::/64	175
2001:db8:1ae7:503b::/64	838
2001:db8:1ae8:933::/64	72
2001:db8:1ae9:37e6::/64	571
2001:db8:1ae9:4ddd::/64	300
2001:db8:1ae9:52f7::/64	521
2001:db8:1ae9:629f::/64	292
2001:db8:1aea:4953::/64	941
2001:db8:1aea:62d9::/64	886
2001:db8:1aea:659f::/64	635
2001:db8:1aea:7e97::/64	468
2001:db8:1aea:9bf2::/64	670
2001:db8:1aec:5f5f::/64	467
2001:db8:1aec:66c8::/64	575
2001:db8:1aec:966d::/64	230
2001:db8:1aed:44c6::/64	642
2001:db8:1aed:7232::/64	712
2001:db8:1aed:e61e::/64	956
2001:db8:1aee:6235::/64	282
2001:db8:1aee:c156::/64	851
2001:db8:1aef:4296::/64	419
2001:db8:1aef:6f54::/64	247
2001:db8:1aef:9bd6::/64	496
2001:db8:1aef:f47d::/64	783
2001:db8:1af0:249d::/64	950
2001:db8:1af0:de34::/64	937
2001:db8:1af1:b1c::/64	503
2001:db8:1af1:246c::/64	131
2001:db8:1af1:2661::/64	735
2001:db8:1af1:e007::/64	330
2001:db8:1af2:3008::/64	792
2001:db8:1af2:a758::/64	88
2001:db8:1af2:da84::/64	117
2001:db8:1af2:f5ea::/64	195
2001:db8:1af3:2f7c::/64	122
2001:db8:1af3:6550::/64	660
2001:db8:1af5:975::/64	429
2001:db8:1af5:8bb9::/64	286
2001:db8:1af6:63f5::/64	379
2001:db8:1af6:9a6a::/64	967
2001:db8:1af6:9f03::/64	233
2001:db8:1af7:487f::/64	274
2001:db8:1af8:3453::/64	757
2001:db8:1af8:f4dc::/64	25
2001:db8:1af9:2dd3::/64	32
2001:db8:1af9:4a6a::/64	150
2001:db8:1af9:86fd::/64	247
2001:db8:1af9:ab4e::/64	128
2001:db8:1af9:b683::/64	29
2001:db8:1afa:46ba::/64	634
2001:db8:1afb:f655::/64	942
2001:db8:1afc:5d7a::/64	178
2001:db8:1afc:d679::/64	247
2001:db8:1afc:d78c::/64	547
2001:db8:1afd:a94a::/64	6
2001:db8:1afd:e8c4::/64	934
2001:db8:1aff:7113::/64	52
2001:db8:1b00:65f1::/64	176
2001:db8:1b00:8098::/64	930
2001:db8:1b00:9abd::/64	127
2001:db8:1b01:7a73::/64	293
2001:db8:1b01:b7f0::/64	352
2001:db8:1b01:ba2c::/64	67
2001:db8:1b01:df5f::/64	187
2001:db8:1b01:ff18::/64	492
2001:db8:1b02:2836::/64	252
2001:db8:1b02:8214::/64	312
2001:db8:1b02:9d17::/64	403
2001:db8:1b03:2d17::/64	361
2001:db8:1b04:19da::/64	202
2001:db8:1b04:5299::/64	798
2001:db8:1b04:928f::/64	157
2001:db8:1b05:92::/64	101
2001:db8:1b05:7398::/64	17
2001:db8:1b05:791f::/64	351
2001:db8:1b06:217e::/64	829
2001:db8:1b06:91eb::/64	367
2001:db8:1b07:3fd2::/64	88
2001:db8:1b07:bb00::/64	408
2001:db8:1b08:ac2a::/64	386
2001:db8:1b09:1885::/64	139
2001:db8:1b09:436e::/64	688
2001:db8:1b09:7cd7::/64	5
2001:db8:1b09:9670::/64	889
2001:db8:1b0a:30b9::/64	551
2001:db8:1b0a:5bb3::/64	296
2001:db8:1b0a:d317::/64	455
2001:db8:1b0b:9246::/64	503
2001:db8:1b0b:c4ff::/64	816
2001:db8:1b0b:e67b::/64	665
2001:db8:1b0c:9bc5::/64	659
2001:db8:1b0d:f62::/64	654
2001:db8:1b0d:3a11::/64	772
2001:db8:1b0e:3b80::/64	732
2001:db8:1b0f:8c97::/64	224
2001:db8:1b0f:bf53::/64	791
2001:db8:1b10:5de4::/64	944
2001:db8:1b10:9c39::/64	31
2001:db8:1b10:ad54::/64	425
2001:db8:1b11:e5c::/64	826
2001:db8:1b11:3512::/64	820
2001:db8:1b11:62cd::/64	172
2001:db8:1b12:7841::/64	842
2001:db8:1b12:aa54::/64	970
2001:db8:1b12:c02f::/64	743
2001:db8:1b12:da5c::/64	558
2001:db8:1b12:deab::/64	399
2001:db8:1b13:5a8::/64	178
2001:db8:1b14:198::/64	218
2001:db8:1b14:b9d8::/64	143
2001:db8:1b14:d0b7::/64	43
2001:db8:1b14:d5f8::/64	326
2001:db8:1b15:aa3::/64	825
2001:db8:1b15:344e::/64	981
2001:db8:1b16:22f7::/64	145
2001:db8:1b16:44e4::/64	262
2001:db8:1b17:e187::/64	403
2001:db8:1b17:eba9::/64	122
2001:db8:1b18:1b08::/64	587
2001:db8:1b18:551d::/64	855
2001:db8:1b18:55ee::/64	795
2001:db8:1b19:8aa0::/64	171
2001:db8:1b19:8d2c::/64	23
2001:db8:1b19:8f37::/64	933
2001:db8:1b1a:4f1a::/64	239
2001:db8:1b1a:c1a4::/64	388
2001:db8:1b1b:9aa7::/64	552
2001:db8:1b1b:aa61::/64	501
2001:db8:1b1c:603::/64	100
2001:db8:1b1c:383e::/64	42
2001:db8:1b1c:c5ea::/64	100
2001:db8:1b1c:fb4a::/64	523
2001:db8:1b1d:109::/64	519
2001:db8:1b1d:250::/64	59
2001:db8:1b1d:610e::/64	191
2001:db8:1b1d:7832::/64	765
2001:db8:1b1e:276a::/64	881
2001:db8:1b1e:ea02::/64	345
2001:db8:1b1f:48d3::/64	373
2001:db8:1b1f:936e::/64	819
2001:db8:1b20:ad0::/64	429
2001:db8:1b20:80e0::/64	524
2001:db8:1b21:54f8::/64	574
2001:db8:1b22:43e4::/64	233
2001:db8:1b22:46ad::/64	953
2001:db8:1b22:69b9::/64	385
2001:db8:1b22:8342::/64	354
2001:db8:1b23:594::/64	16
2001:db8:1b23:4385::/64	503
2001:db8:1b24:6bf1::/64	942
2001:db8:1b24:b144::/64	172
2001:db8:1b24:e523::/64	198
2001:db8:1b25:a5ad::/64	390
2001:db8:1b25:a7df::/64	607
2001:db8:1b26:4514::/64	562
2001:db8:1b26:b544::/64	986
2001:db8:1b27:45ea::/64	463
2001:db8:1b28:9f::/64	938
2001:db8:1b28:1d0f::/64	195
2001:db8:1b28:42e3::/64	665
2001:db8:1b28:5028::/64	386
2001:db8:1b28:78fa::/64	273
2001:db8:1b28:c94b::/64	220
2001:db8:1b28:ded5::/64	532
2001:db8:1b28:e035::/64	321
2001:db8:1b28:fded::/64	363
2001:db8:1b29:13f8::/64	104
2001:db8:1b29:62bd::/64	264
2001:db8:1b29:a7fb::/64	141
2001:db8:1b2a:167c::/64	758
2001:db8:1b2b:27e0::/64	679
2001:db8:1b2b:2b0d::/64	290
2001:db8:1b2b:ce95::/64	613
2001:db8:1b2d:3fd1::/64	337
2001:db8:1b2d:92ac::/64	323
2001:db8:1b2d:c13b::/64	626
2001:db8:1b2e:334f::/64	638
2001:db8:1b2e:60eb::/64	746
2001:db8:1b2e:bf7d::/64	178
2001:db8:1b2f:a2b::/64	441
2001:db8:1b2f:2e1d::/64	70
2001:db8:1b2f:3152::/64	617
2001:db8:1b2f:71f3::/64	122
2001:db8:1b30:d101::/64	587
2001:db8:1b30:de52::/64	423
2001:db8:1b30:e591::/64	787
2001:db8:1b31:117::/64	320
2001:db8:1b31:7620::/64	885
2001:db8:1b32:123d::/64	697
2001:db8:1b33:b8be::/64	513
2001:db8:1b33:fa50::/64	80
2001:db8:1b34:1392::/64	598
2001:db8:1b34:7608::/64	296
2001:db8:1b35:5a22::/64	688
2001:db8:1b35:f1f1::/64	15
2001:db8:1b35:f252::/64	349
2001:db8:1b36:8a78::/64	831
2001:db8:1b37:8669::/64	226
2001:db8:1b38:b2f::/64	933
2001:db8:1b38:1487::/64	384
2001:db8:1b38:1c64::/64	856
2001:db8:1b38:a7fa::/64	926
2001:db8:1b38:ee79::/64	776
2001:db8:1b3b:4392::/64	658
2001:db8:1b3b:59fe::/64	352
2001:db8:1b3b:732c::/64	610
2001:db8:1b3b:ec26::/64	305
2001:db8:1b3c:5a66::/64	70
2001:db8:1b3c:7ee0::/64	383
2001:db8:1b3c:cb24::/64	444
2001:db8:1b3c:d68e::/64	314
2001:db8:1b3c:d99c::/64	27
2001:db8:1b3c:f80f::/64	265
2001:db8:1b3d:2d8d::/64	617
2001:db8:1b3d:3fcc::/64	756
2001:db8:1b3d:49ce::/64	644
2001:db8:1b3d:9baf::/64	271
2001:db8:1b3d:e6a7::/64	332
2001:db8:1b3f:103d::/64	266
2001:db8:1b3f:2795::/64	15
2001:db8:1b3f:71b8::/64	546
2001:db8:1b40:bcdf::/64	716
2001:db8:1b41:b262::/64	810
2001:db8:1b41:d33d::/64	586
2001:db8:1b42:5ab2::/64	610
2001:db8:1b42:6af6::/64	926
2001:db8:1b43:7ee8::/64	900
2001:db8:1b43:d2c0::/64	400
2001:db8:1b43:ff76::/64	534
2001:db8:1b44:25aa::/64	211
2001:db8:1b44:a5b9::/64	177
2001:db8:1b44:f096::/64	435
2001:db8:1b44:f0d7::/64	58
2001:db8:1b45:1295::/64	365
2001:db8:1b45:8ae6::/64	707
2001:db8:1b45:e476::/64	172
2001:db8:1b46:722::/64	135
2001:db8:1b46:a520::/64	717
2001:db8:1b46:bc90::/64	319
2001:db8:1b46:bd9f::/64	495
2001:db8:1b46:deb5::/64	390
2001:db8:1b47:8c7c::/64	218
2001:db8:1b48:1dcc::/64	831
2001:db8:1b48:4f6f::/64	413
2001:db8:1b48:b032::/64	126
2001:db8:1b48:dfc4::/64	611
2001:db8:1b49:9c42::/64	865
2001:db8:1b49:d1f3::/64	908
2001:db8:1b4a:d574::/64	77
2001:db8:1b4b:443::/64	848
2001:db8:1b4b:2695::/64	500
2001:db8:1b4b:517c::/64	54
2001:db8:1b4b:c8b6::/64	349
2001:db8:1b4b:faca::/64	317
2001:db8:1b4c:318c::/64	432
2001:db8:1b4c:3ab4::/64	270
2001:db8:1b4d:1125::/64	166
2001:db8:1b4d:31e0::/64	289
2001:db8:1b4d:612b::/64	141
2001:db8:1b4d:a647::/64	920
2001:db8:1b4f:3401::/64	253
2001:db8:1b4f:37e8::/64	797
2001:db8:1b4f:878d::/64	369
2001:db8:1b4f:f155::/64	618
2001:db8:1b50:1152::/64	873
2001:db8:1b50:5777::/64	447
2001:db8:1b52:3ce6::/64	955
2001:db8:1b52:b303::/64	70
2001:db8:1b52:d69a::/64	175
2001:db8:1b53:66c::/64	895
2001:db8:1b53:21dd::/64	296
2001:db8:1b54:26fb::/64	772
2001:db8:1b54:7f67::/64	538
2001:db8:1b54:acd3::/64	213
2001:db8:1b54:dae3::/64	291
2001:db8:1b54:ed56::/64	612
2001:db8:1b55:aa1::/64	662
2001:db8:1b55:8635::/64	452
2001:db8:1b56:23c0::/64	74
2001:db8:1b56:3137::/64	858
2001:db8:1b56:5b93::/64	543
2001:db8:1b56:a1b5::/64	969
2001:db8:1b56:f57c::/64	94
2001:db8:1b57:1c3e::/64	52
2001:db8:1b59:6183::/64	119
2001:db8:1b5b:2171::/64	588
2001:db8:1b5b:cc09::/64	10
2001:db8:1b5b:fc2c::/64	42
2001:db8:1b5c:a64f::/64	981
2001:db8:1b5c:bec5::/64	946
2001:db8:1b5d:8ac4::/64	982
2001:db8:1b5d:d31d::/64	619
2001:db8:1b5d:e0c7::/64	236
2001:db8:1b5e:742c::/64	953
2001:db8:1b5f:1cb8::/64	187
2001:db8:1b60:371b::/64	615
2001:db8:1b60:b88b::/64	897
2001:db8:1b60:cc81::/64	217
2001:db8:1b61:11fd::/64	365
2001:db8:1b61:bb52::/64	292
2001:db8:1b61:c2ed::/64	313
2001:db8:1b62:924::/64	359
2001:db8:1b62:7953::/64	687
2001:db8:1b62:fc67::/64	823
2001:db8:1b62:fe78::/64	856
2001:db8:1b63:1483::/64	442
2001:db8:1b63:a3d2::/64	153
2001:db8:1b64:229b::/64	275
2001:db8:1b64:33ed::/64	380
2001:db8:1b64:533b::/64	575
2001:db8:1b65:ae13::/64	985
2001:db8:1b66:4658::/64	715
2001:db8:1b66:533e::/64	763
2001:db8:1b66:a627::/64	348
2001:db8:1b67:348d::/64	500
2001:db8:1b67:762d::/64	123
2001:db8:1b67:822e::/64	123
2001:db8:1b67:b930::/64	81
2001:db8:1b68:c10e::/64	550
2001:db8:1b69:370a::/64	202
2001:db8:1b69:82a8::/64	819
2001:db8:1b69:a043::/64	503
2001:db8:1b6a:b736::/64	368
2001:db8:1b6a:e8d6::/64	778
2001:db8:1b6b:10fa::/64	649
2001:db8:1b6b:d25b::/64	629
2001:db8:1b6b:dc59::/64	211
2001:db8:1b6c:ee92::/64	224
2001:db8:1b6d:28d0::/64	443
2001:db8:1b6d:28f4::/64	464
2001:db8:1b6d:ff45::/64	25
2001:db8:1b6e:37d1::/64	341
2001:db8:1b6e:abf9::/64	677
2001:db8:1b6e:ccd4::/64	918
2001:db8:1b6e:d6e1::/64	12
2001:db8:1b70:6a7e::/64	4
2001:db8:1b70:9ae2::/64	36
2001:db8:1b71:7dae::/64	994
2001:db8:1b72:c4::/64	77
2001:db8:1b73:129a::/64	590
2001:db8:1b73:237a::/64	337
2001:db8:1b74:601b::/64	855
2001:db8:1b74:8b55::/64	424
2001:db8:1b74:93a5::/64	542
2001:db8:1b74:a7fc::/64	285
2001:db8:1b75:99c::/64	253
2001:db8:1b75:2f94::/64	34
2001:db8:1b75:3042::/64	373
2001:db8:1b75:69df::/64	519
2001:db8:1b76:628c::/64	939
2001:db8:1b78:af33::/64	555
2001:db8:1b79:9aa0::/64	72
2001:db8:1b79:f8ea::/64	223
2001:db8:1b79:fe34::/64	359
2001:db8:1b7a:a7a::/64	907
2001:db8:1b7a:5d67::/64	302
2001:db8:1b7a:76e7::/64	17
2001:db8:1b7a:be60::/64	115
2001:db8:1b7a:c4b3::/64	207
2001:db8:1b7b:8c75::/64	842
2001:db8:1b7c:1562::/64	556
2001:db8:1b7c:601b::/64	605
2001:db8:1b7c:a1dd::/64	159
2001:db8:1b7c:c4b7::/64	78
2001:db8:1b7d:2ad::/64	446
2001:db8:1b7e:15ae::/64	903
2001:db8:1b7e:512f::/64	330
2001:db8:1b7e:5c2e::/64	525
2001:db8:1b7f:2b81::/64	789
2001:db8:1b7f:d23c::/64	477
2001:db8:1b82:6633::/64	693
2001:db8:1b82:84d3::/64	3
2001:db8:1b82:937f::/64	975
2001:db8:1b84:200f::/64	85
2001:db8:1b84:74b1::/64	140
2001:db8:1b85:25ba::/64	218
2001:db8:1b85:4d0c::/64	387
2001:db8:1b85:8cc5::/64	138
2001:db8:1b86:5c2f::/64	501
2001:db8:1b86:9d20::/64	347
2001:db8:1b86:aa26::/64	440
2001:db8:1b86:b2ab::/64	382
2001:db8:1b86:bc9b::/64	733
2001:db8:1b87:3884::/64	844
2001:db8:1b87:396f::/64	993
2001:db8:1b87:f695::/64	154
2001:db8:1b88:59ab::/64	920
2001:db8:1b88:c38a::/64	611
2001:db8:1b89:bd5::/64	433
2001:db8:1b89:9cb8::/64	40
2001:db8:1b89:a5ea::/64	306
2001:db8:1b89:e0f8::/64	940
2001:db8:1b89:f806::/64	759
2001:db8:1b8a:d91::/64	853
2001:db8:1b8a:1580::/64	363
2001:db8:1b8a:16cf::/64	489
2001:db8:1b8a:49e9::/64	669
2001:db8:1b8a:7290::/64	915
2001:db8:1b8a:daf3::/64	635
2001:db8:1b8b:de6::/64	153
2001:db8:1b8b:c87b::/64	634
2001:db8:1b8b:e019::/64	316
2001:db8:1b8c:297::/64	568
2001:db8:1b8c:1544::/64	63
2001:db8:1b8c:30a2::/64	411
2001:db8:1b8c:c79b::/64	381
2001:db8:1b8d:50b3::/64	862
2001:db8:1b8d:8ecc::/64	799
2001:db8:1b8d:9120::/64	879
2001:db8:1b8e:777b::/64	89
2001:db8:1b8e:9cbe::/64	116
2001:db8:1b8e:dd2d::/64	7
2001:db8:1b8f:b43f::/64	205
2001:db8:1b8f:d73a::/64	813
2001:db8:1b90:dc61::/64	750
2001:db8:1b91:8a6e::/64	180
2001:db8:1b91:b35f::/64	227
2001:db8:1b92:35a6::/64	428
2001:db8:1b92:3fba::/64	230
2001:db8:1b92:47bb::/64	793
2001:db8:1b93:6c2d::/64	297
2001:db8:1b93:c952::/64	271
2001:db8:1b94:edd::/64	610
2001:db8:1b94:17bc::/64	770
2001:db8:1b94:68c9::/64	889
2001:db8:1b95:58b5::/64	139
2001:db8:1b95:a2c2::/64	997
2001:db8:1b96:c582::/64	149
2001:db8:1b97:548c::/64	933
2001:db8:1b97:5dd0::/64	755
2001:db8:1b97:94a5::/64	264
2001:db8:1b98:4ee3::/64	278
2001:db8:1b98:8aa2::/64	480
2001:db8:1b99:96b2::/64	337
2001:db8:1b9a:2a6::/64	901
2001:db8:1b9a:b37::/64	728
2001:db8:1b9b:2d64::/64	472
2001:db8:1b9b:3cbb::/64	101
2001:db8:1b9b:4605::/64	586
2001:db8:1b9b:6784::/64	777
2001:db8:1b9b:ae04::/64	976
2001:db8:1b9b:bfde::/64	370
2001:db8:1b9c:8bc3::/64	813
2001:db8:1b9c:f8cf::/64	377
2001:db8:1b9c:fc63::/64	644
2001:db8:1b9e:4f58::/64	434
2001:db8:1ba1:ac0::/64	31
2001:db8:1ba1:712d::/64	652
2001:db8:1ba1:e6e5::/64	587
2001:db8:1ba2:226e::/64	108
2001:db8:1ba3:85c4::/64	739
2001:db8:1ba4:6584::/64	779
2001:db8:1ba4:d2b1::/64	543
2001:db8:1ba5:5686::/64	192
2001:db8:1ba5:6e2a::/64	638
2001:db8:1ba5:e5ca::/64	83
2001:db8:1ba5:e683::/64	226
2001:db8:1ba5:f956::/64	922
2001:db8:1ba6:2bde::/64	618
2001:db8:1ba6:3c6a::/64	384
2001:db8:1ba8:7417::/64	540
2001:db8:1ba8:ab18::/64	330
2001:db8:1ba8:ee59::/64	907
2001:db8:1ba9:357c::/64	603
2001:db8:1ba9:ad82::/64	159
2001:db8:1ba9:fc05::/64	954
2001:db8:1baa:2ac9::/64	828
2001:db8:1baa:6116::/64	145
2001:db8:1baa:f480::/64	678
2001:db8:1bab:2f7e::/64	67
2001:db8:1bab:7d92::/64	375
2001:db8:1bab:ae0f::/64	629
2001:db8:1bac:c02::/64	247
2001:db8:1bac:c20::/64	234
2001:db8:1bac:2d73::/64	87
2001:db8:1bac:c1a4::/64	840
2001:db8:1bac:c3f7::/64	133
2001:db8:1bac:e2c5::/64	565
2001:db8:1bad:9574::/64	726
2001:db8:1bae:1e43::/64	274
2001:db8:1bae:51ae::/64	568
2001:db8:1bae:a2a1::/64	853
2001:db8:1bae:a758::/64	416
2001:db8:1bae:b4c2::/64	982
2001:db8:1bae:e35b::/64	569
2001:db8:1baf:3f20::/64	321
2001:db8:1baf:877f::/64	94
2001:db8:1baf:8b0b::/64	778
2001:db8:1baf:a2f6::/64	261
2001:db8:1bb1:da0a::/64	611
2001:db8:1bb2:a2d::/64	351
2001:db8:1bb3:5fec::/64	87
2001:db8:1bb3:7a65::/64	747
2001:db8:1bb3:950b::/64	655
2001:db8:1bb3:9594::/64	361
2001:db8:1bb3:b14b::/64	519
2001:db8:1bb3:c32d::/64	869
2001:db8:1bb4:231::/64	852
2001:db8:1bb4:7014::/64	170
2001:db8:1bb4:7905::/64	9
2001:db8:1bb4:ba8a::/64	849
2001:db8:1bb5:33c0::/64	305
2001:db8:1bb5:8771::/64	624
2001:db8:1bb6:5b34::/64	603
2001:db8:1bb6:bf11::/64	503
2001:db8:1bb7:2a88::/64	788
2001:db8:1bb7:85ce::/64	551
2001:db8:1bb7:8c8f::/64	269
2001:db8:1bb7:fb81::/64	946
2001:db8:1bb8:797::/64	371
2001:db8:1bb8:b4d::/64	366
2001:db8:1bb8:c3a::/64	388
2001:db8:1bb8:4de0::/64	307
2001:db8:1bb9:4ad::/64	391
2001:db8:1bb9:5a0::/64	626
2001:db8:1bb9:9756::/64	609
2001:db8:1bba:2fe2::/64	625
2001:db8:1bba:66a5::/64	665
2001:db8:1bba:7ed0::/64	80
2001:db8:1bbb:26e::/64	658
2001:db8:1bbb:3a9c::/64	253
2001:db8:1bbb:42c3::/64	505
2001:db8:1bbb:8a1d::/64	246
2001:db8:1bbc:c3c7::/64	309
2001:db8:1bbd:d3d::/64	625
2001:db8:1bbd:5cad::/64	777
2001:db8:1bbd:6b04::/64	25
2001:db8:1bbe:5680::/64	377
2001:db8:1bbf:464::/64	752
2001:db8:1bbf:6ca::/64	36
2001:db8:1bbf:2aa1::/64	916
2001:db8:1bbf:f205::/64	223
2001:db8:1bc1:6f44::/64	116
2001:db8:1bc1:9dd5::/64	497
2001:db8:1bc1:cf03::/64	420
2001:db8:1bc2:4ca6::/64	111
2001:db8:1bc2:5e81::/64	373
2001:db8:1bc3:2de8::/64	629
2001:db8:1bc3:3d5a::/64	863
2001:db8:1bc3:4ccc::/64	509
2001:db8:1bc3:9a2b::/64	859
2001:db8:1bc3:dabc::/64	59
2001:db8:1bc3:ddd9::/64	993
2001:db8:1bc3:e725::/64	602
2001:db8:1bc4:6926::/64	793
2001:db8:1bc4:8afb::/64	75
2001:db8:1bc4:a53f::/64	107
2001:db8:1bc4:e77b::/64	474
2001:db8:1bc5:4b0::/64	403
2001:db8:1bc5:85f1::/64	653
2001:db8:1bc6:6fb0::/64	781
2001:db8:1bc6:76c2::/64	337
2001:db8:1bc7:3d3d::/64	265
2001:db8:1bc8:32c1::/64	318
2001:db8:1bc8:475a::/64	156
2001:db8:1bc8:5bb1::/64	839
2001:db8:1bc8:5f78::/64	251
2001:db8:1bc8:ae64::/64	130
2001:db8:1bc8:c056::/64	381
2001:db8:1bc8:c400::/64	990
2001:db8:1bc8:cd7d::/64	913
2001:db8:1bc9:2a60::/64	90
2001:db8:1bc9:2ebd::/64	179
2001:db8:1bc9:58b2::/64	912
2001:db8:1bc9:63df::/64	345
2001:db8:1bc9:657b::/64	554
2001:db8:1bca:15cc::/64	491
2001:db8:1bca:162d::/64	317
2001:db8:1bca:177e::/64	197
2001:db8:1bca:bcab::/64	928
2001:db8:1bcb:1afa::/64	510
2001:db8:1bcb:5424::/64	459
2001:db8:1bcc:4746::/64	705
2001:db8:1bcc:5909::/64	398
2001:db8:1bcc:8e15::/64	445
2001:db8:1bcc:c741::/64	503
2001:db8:1bcc:e20d::/64	924
2001:db8:1bcd:50f6::/64	493
2001:db8:1bcd:d91b::/64	782
2001:db8:1bce:16f7::/64	328
2001:db8:1bcf:c28d::/64	635
2001:db8:1bd0:537b::/64	951
2001:db8:1bd0:c36f::/64	125
2001:db8:1bd1:5496::/64	981
2001:db8:1bd1:6a66::/64	182
2001:db8:1bd1:de68::/64	24
2001:db8:1bd2:4d1e::/64	439
2001:db8:1bd2:8075::/64	928
2001:db8:1bd2:880b::/64	519
2001:db8:1bd2:962f::/64	73
2001:db8:1bd3:57c5::/64	21
2001:db8:1bd3:87f7::/64	420
2001:db8:1bd5:2be8::/64	736
2001:db8:1bd5:66f5::/64	945
2001:db8:1bd6:ebef::/64	678
2001:db8:1bd6:f286::/64	531
2001:db8:1bd8:48b8::/64	389
2001:db8:1bd8:a1ef::/64	205
2001:db8:1bd8:c7b9::/64	972
2001:db8:1bd8:d829::/64	279
2001:db8:1bd9:4565::/64	874
2001:db8:1bd9:4b6c::/64	689
2001:db8:1bd9:6190::/64	372
2001:db8:1bd9:8419::/64	12
2001:db8:1bd9:a1ee::/64	950
2001:db8:1bd9:a352::/64	517
2001:db8:1bda:245d::/64	614
2001:db8:1bda:408b::/64	325
2001:db8:1bda:85ba::/64	305
2001:db8:1bda:fc96::/64	289
2001:db8:1bdb:2d38::/64	811
2001:db8:1bdb:b29f::/64	901
2001:db8:1bdb:fad1::/64	175
2001:db8:1bdc:ce5::/64	44
2001:db8:1bdc:ed23::/64	982
2001:db8:1bdd:10ca::/64	340
2001:db8:1bdd:5a2b::/64	152
2001:db8:1bdd:72f6::/64	275
2001:db8:1bde:ff6::/64	984
2001:db8:1bde:707a::/64	224
2001:db8:1bdf:1d1::/64	891
2001:db8:1bdf:385f::/64	454
2001:db8:1bdf:96da::/64	788
2001:db8:1bdf:ee91::/64	808
2001:db8:1be0:5a8a::/64	623
2001:db8:1be2:60ef::/64	571
2001:db8:1be2:f70c::/64	430
2001:db8:1be3:f07::/64	822
2001:db8:1be3:1340::/64	512
2001:db8:1be3:36f3::/64	671
2001:db8:1be3:bd36::/64	229
2001:db8:1be3:e765::/64	113
2001:db8:1be3:fa7a::/64	413
2001:db8:1be4:19f5::/64	360
2001:db8:1be4:4028::/64	885
2001:db8:1be4:8506::/64	783
2001:db8:1be5:d33::/64	642
2001:db8:1be5:2a12::/64	776
2001:db8:1be5:3062::/64	898
2001:db8:1be5:3e7b::/64	897
2001:db8:1be6:4b75::/64	171
2001:db8:1be6:6d97::/64	235
2001:db8:1be6:8d1c::/64	232
2001:db8:1be7:a729::/64	775
2001:db8:1be7:d441::/64	227
2001:db8:1be8:2eeb::/64	478
2001:db8:1be9:cf3f::/64	121
2001:db8:1bea:824c::/64	54
2001:db8:1bea:e51f::/64	722
2001:db8:1beb:e436::/64	134
2001:db8:1bed:afac::/64	193
2001:db8:1bee:31de::/64	725
2001:db8:1bee:fcd1::/64	435
2001:db8:1bef:1cbe::/64	411
2001:db8:1bef:444c::/64	730
2001:db8:1bef:5179::/64	329
2001:db8:1bef:6ebc::/64	938
2001:db8:1bef:a9ee::/64	286
2001:db8:1bef:bb6d::/64	205
2001:db8:1bf0:6a1::/64	519
2001:db8:1bf0:39f8::/64	385
2001:db8:1bf0:4844::/64	128
2001:db8:1bf1:d20e::/64	967
2001:db8:1bf1:d630::/64	918
2001:db8:1bf1:f2de::/64	647
2001:db8:1bf2:eea::/64	623
2001:db8:1bf2:130f::/64	278
2001:db8:1bf2:dc47::/64	761
2001:db8:1bf3:58a6::/64	550
2001:db8:1bf3:8a7f::/64	482
2001:db8:1bf3:9518::/64	844
2001:db8:1bf3:b6b1::/64	505
2001:db8:1bf3:e952::/64	610
2001:db8:1bf5:1804::/64	830
2001:db8:1bf5:9bdc::/64	36
2001:db8:1bf5:ca2b::/64	39
2001:db8:1bf6:2fd3::/64	729
2001:db8:1bf6:d1e6::/64	792
2001:db8:1bf7:fe35::/64	249
2001:db8:1bf8:1717::/64	390
2001:db8:1bf9:c798::/64	412
2001:db8:1bf9:d733::/64	631
2001:db8:1bf9:e725::/64	256
2001:db8:1bfa:1913::/64	570
2001:db8:1bfa:4bda::/64	134
2001:db8:1bfa:b66f::/64	634
2001:db8:1bfb:6a05::/64	690
2001:db8:1bfb:7ca8::/64	235
2001:db8:1bfb:859b::/64	637
2001:db8:1bfb:92af::/64	196
2001:db8:1bfc:399c::/64	221
2001:db8:1bfd:a6b1::/64	38
2001:db8:1bfe:9dc2::/64	322
2001:db8:1bfe:b4e3::/64	782
2001:db8:1bff:4e72::/64	795
2001:db8:1bff:5ce8::/64	92
2001:db8:1bff:74e5::/64	878
2001:db8:1bff:b24d::/64	400
2001:db8:1c00:1621::/64	90
2001:db8:1c00:2549::/64	343
2001:db8:1c00:95f0::/64	19
2001:db8:1c00:bfcc::/64	888
2001:db8:1c02:33b7::/64	469
2001:db8:1c02:f449::/64	705
2001:db8:1c03:4e86::/64	203
2001:db8:1c03:db12::/64	88
2001:db8:1c04:3ff7::/64	560
2001:db8:1c04:e97a::/64	399
2001:db8:1c04:fe95::/64	691
2001:db8:1c05:3064::/64	232
2001:db8:1c05:4ea6::/64	664
2001:db8:1c05:7f8f::/64	584
2001:db8:1c05:f602::/64	337
2001:db8:1c06:1615::/64	18
2001:db8:1c06:1db7::/64	358
2001:db8:1c06:44f9::/64	580
2001:db8:1c07:34eb::/64	777
2001:db8:1c07:3857::/64	352
2001:db8:1c07:3986::/64	295
2001:db8:1c07:eaa1::/64	441
2001:db8:1c08:3234::/64	838
2001:db8:1c08:40c4::/64	144
2001:db8:1c08:66d9::/64	912
2001:db8:1c08:c64e::/64	69
2001:db8:1c08:e28b::/64	931
2001:db8:1c09:f85e::/64	235
2001:db8:1c0b:7768::/64	50
2001:db8:1c0c:3629::/64	433
2001:db8:1c0c:6243::/64	849
2001:db8:1c0c:82f1::/64	36
2001:db8:1c0c:9df6::/64	255
2001:db8:1c0c:ca62::/64	860
2001:db8:1c0c:d7a3::/64	454
2001:db8:1c0c:eeb3::/64	573
2001:db8:1c0d:2390::/64	236
2001:db8:1c0d:5c8c::/64	812
2001:db8:1c0d:9729::/64	334
2001:db8:1c0d:bf0e::/64	602
2001:db8:1c0d:f18b::/64	224
2001:db8:1c0d:f842::/64	79
2001:db8:1c0e:d5aa::/64	986
2001:db8:1c0f:3fcd::/64	643
2001:db8:1c0f:8f38::/64	723
2001:db8:1c10:d58::/64	761
2001:db8:1c10:dfab::/64	460
2001:db8:1c10:e0f2::/64	578
2001:db8:1c11:212f::/64	946
2001:db8:1c12:1b6c::/64	986
2001:db8:1c12:c7dc::/64	936
2001:db8:1c12:f816::/64	928
2001:db8:1c13:1fd1::/64	32
2001:db8:1c13:4d59::/64	828
2001:db8:1c13:c8d7::/64	699
2001:db8:1c15:fa5::/64	83
2001:db8:1c15:26f7::/64	661
2001:db8:1c15:3efb::/64	471
2001:db8:1c15:4920::/64	11
2001:db8:1c15:75ba::/64	687
2001:db8:1c15:7d7a::/64	83
2001:db8:1c15:9836::/64	684
2001:db8:1c15:a85a::/64	768
2001:db8:1c16:5ae2::/64	894
2001:db8:1c16:70a2::/64	134
2001:db8:1c16:9eb3::/64	433
2001:db8:1c16:a53d::/64	496
2001:db8:1c16:bf5a::/64	51
2001:db8:1c17:dad1::/64	348
2001:db8:1c17:de28::/64	967
2001:db8:1c17:e988::/64	992
2001:db8:1c18:f621::/64	342
2001:db8:1c19::/48	64
2001:db8:1c1a:791::/64	558
2001:db8:1c1a:1ea2::/64	295
2001:db8:1c1b:a12::/64	148
2001:db8:1c1b:1579::/64	637
2001:db8:1c1b:3562::/64	351
2001:db8:1c1b:8636::/64	128
2001:db8:1c1b:a65f::/64	405
2001:db8:1c1c:8f6b::/64	484
2001:db8:1c1d:74d8::/64	298
2001:db8:1c1d:a5d8::/64	697
2001:db8:1c1e:3539::/64	55
2001:db8:1c1e:79c7::/64	163
2001:db8:1c1e:a720::/64	767
2001:db8:1c1f:5fda::/64	86
2001:db8:1c1f:f2b6::/64	73
2001:db8:1c20:5121::/64	531
2001:db8:1c20:6483::/64	923
2001:db8:1c20:ecd6::/64	166
2001:db8:1c20:f312::/64	349
2001:db8:1c22:2f99::/64	902
2001:db8:1c23::/48	62
2001:db8:1c24:f273::/64	782
2001:db8:1c25:e9e4::/64	402
2001:db8:1c26:dc0::/64	963
2001:db8:1c26:1478::/64	877
2001:db8:1c26:4fd2::/64	655
2001:db8:1c26:59ff::/64	127
2001:db8:1c26:5fa4::/64	411
2001:db8:1c26:b7a0::/64	529
2001:db8:1c28:41c::/64	568
2001:db8:1c28:33a3::/64	611
2001:db8:1c28:39a0::/64	396
2001:db8:1c28:d032::/64	135
2001:db8:1c28:d692::/64	88
2001:db8:1c29:626a::/64	443
2001:db8:1c29:ca7d::/64	123
2001:db8:1c29:f5cd::/64	204
2001:db8:1c2a:67ef::/64	646
2001:db8:1c2a:7167::/64	337
2001:db8:1c2c:196a::/64	607
2001:db8:1c2c:5f07::/64	584
2001:db8:1c2d:93bc::/64	538
2001:db8:1c2d:e6c8::/64	934
2001:db8:1c2e:a94::/64	523
2001:db8:1c2e:313f::/64	536
2001:db8:1c2e:bcc7::/64	593
2001:db8:1c2f:83ea::/64	556
2001:db8:1c30:3a33::/64	803
2001:db8:1c30:858f::/64	301
2001:db8:1c30:bbb7::/64	227
2001:db8:1c30:d1d4::/64	1000
2001:db8:1c31:7cc2::/64	961
2001:db8:1c32:1be3::/64	921
2001:db8:1c32:deba::/64	901
2001:db8:1c33:247b::/64	686
2001:db8:1c33:c749::/64	900
2001:db8:1c34:37bb::/64	734
2001:db8:1c34:4b98::/64	314
2001:db8:1c36:270d::/64	877
2001:db8:1c36:2926::/64	327
2001:db8:1c36:3e61::/64	365
2001:db8:1c36:4a41::/64	169
2001:db8:1c36:7f7a::/64	483
2001:db8:1c36:aedc::/64	999
2001:db8:1c36:e30c::/64	856
2001:db8:1c36:e799::/64	883
2001:db8:1c37:82fc::/64	163
2001:db8:1c38:e15::/64	385
2001:db8:1c38:2196::/64	399
2001:db8:1c38:76ed::/64	392
2001:db8:1c3a:ffbb::/64	986
2001:db8:1c3b:70c4::/64	955
2001:db8:1c3b:b78a::/64	266
2001:db8:1c3b:c780::/64	219
2001:db8:1c3c:9278::/64	461
2001:db8:1c3d:8f6e::/64	971
2001:db8:1c3d:f9b1::/64	309
2001:db8:1c3e:dcf5::/64	269
2001:db8:1c3f:5275::/64	565
2001:db8:1c3f:98cf::/64	763
2001:db8:1c40:2791::/64	530
2001:db8:1c40:2e18::/64	840
2001:db8:1c40:5fcd::/64	623
2001:db8:1c40:8920::/64	795
2001:db8:1c40:e9fa::/64	681
2001:db8:1c41:e1e::/64	73
2001:db8:1c42:934a::/64	255
2001:db8:1c44:5912::/64	233
2001:db8:1c44:81bf::/64	43
2001:db8:1c45:9ccf::/64	603
2001:db8:1c45:feb1::/64	595
2001:db8:1c46:8ef8::/64	441
2001:db8:1c46:ac0b::/64	818
2001:db8:1c46:e79c::/64	782
2001:db8:1c47:cbc1::/64	752
2001:db8:1c48:28aa::/64	641
2001:db8:1c48:74f5::/64	671
2001:db8:1c48:d556::/64	737
2001:db8:1c48:d599::/64	13
2001:db8:1c48:f7d9::/64	914
2001:db8:1c49:3214::/64	806
2001:db8:1c4b:4a2f::/64	787
2001:db8:1c4b:b643::/64	985
2001:db8:1c4c:df0::/64	385
2001:db8:1c4c:75f9::/64	448
2001:db8:1c4d:43d2::/64	697
2001:db8:1c4d:55f2::/64	510
2001:db8:1c4d:83db::/64	318
2001:db8:1c4d:8cbc::/64	364
2001:db8:1c4d:af4a::/64	150
2001:db8:1c4e:21cd::/64	162
2001:db8:1c4e:bbff::/64	784
2001:db8:1c4e:d2a4::/64	227
2001:db8:1c4f:1ef8::/64	711
2001:db8:1c4f:69ce::/64	64
2001:db8:1c4f:984b::/64	199
2001:db8:1c4f:b7ce::/64	587
2001:db8:1c4f:c992::/64	394
2001:db8:1c50:4e07::/64	669
2001:db8:1c50:4f72::/64	788
2001:db8:1c50:7fcb::/64	268
2001:db8:1c50:dfa2::/64	631
2001:db8:1c50:f8f1::/64	960
2001:db8:1c51:4da::/64	141
2001:db8:1c51:2cf3::/64	527
2001:db8:1c51:8d28::/64	644
2001:db8:1c51:c83e::/64	63
2001:db8:1c52:e7c5::/64	95
2001:db8:1c53:54d5::/64	590
2001:db8:1c53:95ec::/64	450
2001:db8:1c54:1541::/64	854
2001:db8:1c54:171c::/64	666
2001:db8:1c55:4cb3::/64	447
2001:db8:1c55:e62b::/64	866
2001:db8:1c56:941::/64	812
2001:db8:1c56:499f::/64	559
2001:db8:1c56:7903::/64	149
2001:db8:1c56:aeec::/64	90
2001:db8:1c57:2a4b::/64	595
2001:db8:1c57:64b0::/64	915
2001:db8:1c57:d653::/64	256
2001:db8:1c58:511a::/64	689
2001:db8:1c58:c9ab::/64	391
2001:db8:1c59:21b0::/64	701
2001:db8:1c59:8b16::/64	308
2001:db8:1c59:b456::/64	476
2001:db8:1c5a:1279::/64	79
2001:db8:1c5a:4ca5::/64	73
2001:db8:1c5a:d29d::/64	257
2001:db8:1c5a:f789::/64	521
2001:db8:1c5b:3ebb::/64	38
2001:db8:1c5b:5abc::/64	700
2001:db8:1c5b:f9e5::/64	579
2001:db8:1c5c:7c61::/64	396
2001:db8:1c5c:7fff::/64	168
2001:db8:1c5c:8089::/64	200
2001:db8:1c5d:81bd::/64	650
2001:db8:1c5d:c79e::/64	139
2001:db8:1c5f:14e3::/64	562
2001:db8:1c5f:b579::/64	533
2001:db8:1c5f:c6ed::/64	143
2001:db8:1c60:6a8b::/64	670
2001:db8:1c60:849c::/64	355
2001:db8:1c61:47f6::/64	626
2001:db8:1c61:aae3::/64	76
2001:db8:1c62:779a::/64	159
2001:db8:1c62:a988::/64	440
2001:db8:1c62:f7ed::/64	93
2001:db8:1c63:6333::/64	69
2001:db8:1c64:18b9::/64	941
2001:db8:1c64:7b90::/64	249
2001:db8:1c64:9126::/64	269
2001:db8:1c65:aa97::/64	799
2001:db8:1c65:ad4d::/64	915
2001:db8:1c65:afeb::/64	859
2001:db8:1c65:d6c2::/64	796
2001:db8:1c66:b3aa::/64	482
2001:db8:1c66:f263::/64	178
2001:db8:1c67:7c6d::/64	8
2001:db8:1c68:3874::/64	752
2001:db8:1c68:55ca::/64	937
2001:db8:1c68:5fb1::/64	801
2001:db8:1c68:87ec::/64	647
2001:db8:1c69:6dce::/64	981
2001:db8:1c69:cd12::/64	131
2001:db8:1c6a:42d0::/64	933
2001:db8:1c6a:f391::/64	970
2001:db8:1c6c:1e01::/64	132
2001:db8:1c6c:51e1::/64	561
2001:db8:1c6c:ca90::/64	764
2001:db8:1c6c:facd::/64	162
2001:db8:1c6d:6832::/64	169
2001:db8:1c6e:9890::/64	585
2001:db8:1c6e:9ec3::/64	939
2001:db8:1c6e:b647::/64	732
2001:db8:1c6e:de60::/64	288
2001:db8:1c6e:edb3::/64	498
2001:db8:1c6e:efd9::/64	32
2001:db8:1c6f:4b32::/64	287
2001:db8:1c6f:9555::/64	3
2001:db8:1c6f:c709::/64	262
2001:db8:1c70::/48	25
2001:db8:1c71:8b0::/64	572
2001:db8:1c71:369e::/64	414
2001:db8:1c71:56d8::/64	871
2001:db8:1c71:8974::/64	911
2001:db8:1c71:8ded::/64	561
2001:db8:1c71:9b24::/64	415
2001:db8:1c71:dcb0::/64	605
2001:db8:1c72:b6f8::/64	447
2001:db8:1c72:c1d8::/64	437
2001:db8:1c72:ccf8::/64	643
2001:db8:1c74:2f18::/64	634
2001:db8:1c75:14df::/64	700
2001:db8:1c75:7e38::/64	947
2001:db8:1c75:add2::/64	858
2001:db8:1c76:309a::/64	398
2001:db8:1c76:b202::/64	273
2001:db8:1c77:3102::/64	415
2001:db8:1c77:8322::/64	986
2001:db8:1c78:c137::/64	215
2001:db8:1c79:c897::/64	923
2001:db8:1c79:e43b::/64	137
2001:db8:1c7a:17c4::/64	432
2001:db8:1c7b:41e4::/64	590
2001:db8:1c7b:7ded::/64	649
2001:db8:1c7b:9651::/64	579
2001:db8:1c7c:1709::/64	91
2001:db8:1c7c:a653::/64	792
2001:db8:1c7c:c7dc::/64	193
2001:db8:1c7d:4dce::/64	310
2001:db8:1c7d:5536::/64	20
2001:db8:1c7e:1977::/64	215
2001:db8:1c7e:2668::/64	166
2001:db8:1c7f:2115::/64	114
2001:db8:1c80:96c7::/64	25
2001:db8:1c80:9c98::/64	847
2001:db8:1c80:f9fc::/64	169
2001:db8:1c81:94f::/64	247
2001:db8:1c81:4389::/64	703
2001:db8:1c81:ac4e::/64	617
2001:db8:1c81:ce15::/64	843
2001:db8:1c81:d9bb::/64	29
2001:db8:1c82:be7a::/64	438
2001:db8:1c83:bedc::/64	889
2001:db8:1c84:6b4::/64	748
2001:db8:1c84:39b4::/64	186
2001:db8:1c84:ad65::/64	961
2001:db8:1c84:b9d4::/64	503
2001:db8:1c85:8f9c::/64	605
2001:db8:1c85:99da::/64	525
2001:db8:1c85:d45d::/64	538
2001:db8:1c86:8a10::/64	911
2001:db8:1c86:ae41::/64	954
2001:db8:1c87:31c6::/64	674
2001:db8:1c87:38c0::/64	70
2001:db8:1c88:22ab::/64	228
2001:db8:1c88:2354::/64	140
2001:db8:1c88:89e1::/64	815
2001:db8:1c89:486d::/64	53
2001:db8:1c89:5c61::/64	47
2001:db8:1c89:757a::/64	253
2001:db8:1c89:a425::/64	192
2001:db8:1c89:c2b4::/64	590
2001:db8:1c8a:a8df::/64	589
2001:db8:1c8b:8b17::/64	775
2001:db8:1c8b:dfdf::/64	243
2001:db8:1c8c:6e1b::/64	821
2001:db8:1c8d:b701::/64	810
2001:db8:1c8e:111a::/64	500
2001:db8:1c8e:ff2f::/64	39
2001:db8:1c8f:3af4::/64	587
2001:db8:1c8f:4193::/64	511
2001:db8:1c8f:493c::/64	62
2001:db8:1c8f:c0bf::/64	481
2001:db8:1c8f:e4a3::/64	765
2001:db8:1c90:6a59::/64	632
2001:db8:1c90:6f06::/64	214
2001:db8:1c90:e43f::/64	802
2001:db8:1c90:fc13::/64	350
2001:db8:1c91:39e1::/64	222
2001:db8:1c91:5d9d::/64	729
2001:db8:1c91:6d81::/64	357
2001:db8:1c91:6f29::/64	80
2001:db8:1c91:c393::/64	380
2001:db8:1c92:4c93::/64	443
2001:db8:1c92:6a7b::/64	566
2001:db8:1c92:d588::/64	987
2001:db8:1c93:e47c::/64	927
2001:db8:1c93:f48c::/64	438
2001:db8:1c94:ab5e::/64	191
2001:db8:1c94:ce0e::/64	667
2001:db8:1c94:dbca::/64	631
2001:db8:1c95:a0c9::/64	506
2001:db8:1c95:ed19::/64	296
2001:db8:1c96:7ece::/64	92
2001:db8:1c96:8d5c::/64	385
2001:db8:1c96:e8ae::/64	53
2001:db8:1c97:5b2::/64	617
2001:db8:1c97:5390::/64	57
2001:db8:1c97:d8fa::/64	629
2001:db8:1c98:b636::/64	39
2001:db8:1c99:7c7c::/64	470
2001:db8:1c99:c33d::/64	452
2001:db8:1c99:d66f::/64	53
2001:db8:1c99:fa13::/64	980
2001:db8:1c99:fa84::/64	233
2001:db8:1c9a:3b38::/64	849
2001:db8:1c9b:12cf::/64	753
2001:db8:1c9b:991c::/64	176
2001:db8:1c9c:5b28::/64	88
2001:db8:1c9c:d89f::/64	304
2001:db8:1c9d:bf9b::/64	814
2001:db8:1c9d:d478::/64	586
2001:db8:1c9d:d982::/64	963
2001:db8:1c9d:e943::/64	240
2001:db8:1c9d:f061::/64	504
2001:db8:1c9d:f693::/64	681
2001:db8:1c9e:18ed::/64	481
2001:db8:1c9e:a608::/64	110
2001:db8:1c9e:e08d::/64	235
2001:db8:1c9f:3c39::/64	852
2001:db8:1c9f:f0ef::/64	701
2001:db8:1c9f:fff3::/64	597
2001:db8:1ca0:6586::/64	472
2001:db8:1ca0:d369::/64	829
2001:db8:1ca1:6fe6::/64	34
2001:db8:1ca1:da3a::/64	313
2001:db8:1ca1:e03c::/64	320
2001:db8:1ca2:2f7b::/64	824
2001:db8:1ca2:5087::/64	507
2001:db8:1ca2:aa9a::/64	973
2001:db8:1ca3:2656::/64	560
2001:db8:1ca3:4019::/64	953
2001:db8:1ca3:7621::/64	245
2001:db8:1ca4:26bb::/64	320
2001:db8:1ca4:9640::/64	673
2001:db8:1ca4:bdb2::/64	223
2001:db8:1ca4:d12b::/64	339
2001:db8:1ca4:d8b2::/64	673
2001:db8:1ca5:36d2::/64	382
2001:db8:1ca5:8461::/64	398
2001:db8:1ca5:abc9::/64	680
2001:db8:1ca5:f11d::/64	487
2001:db8:1ca6:dbfe::/64	926
2001:db8:1ca7:2012::/64	481
2001:db8:1ca7:f4c6::/64	296
2001:db8:1ca8:256d::/64	339
2001:db8:1ca8:5e86::/64	462
2001:db8:1ca8:d7e2::/64	25
2001:db8:1ca9:b187::/64	425
2001:db8:1ca9:b88b::/64	604
2001:db8:1caa:8805::/64	427
2001:db8:1caa:a6a2::/64	267
2001:db8:1caa:f1f2::/64	713
2001:db8:1cab:2f89::/64	965
2001:db8:1cac:5b0d::/64	527
2001:db8:1cac:a8f6::/64	248
2001:db8:1cad:4a39::/64	340
2001:db8:1cad:8494::/64	207
2001:db8:1cad:9f21::/64	775
2001:db8:1cae:48e0::/64	628
2001:db8:1cae:b32a::/64	839
2001:db8:1cae:d2cd::/64	218
2001:db8:1caf:26b::/64	878
2001:db8:1caf:ca63::/64	757
2001:db8:1caf:f986::/64	132
2001:db8:1cb0:5ae7::/64	329
2001:db8:1cb0:6c5f::/64	390
2001:db8:1cb0:8f80::/64	594
2001:db8:1cb0:90a6::/64	115
2001:db8:1cb0:9f48::/64	661
2001:db8:1cb0:c761::/64	465
2001:db8:1cb1:71c1::/64	694
2001:db8:1cb1:b163::/64	628
2001:db8:1cb2:600c::/64	956
2001:db8:1cb2:7538::/64	576
2001:db8:1cb2:f4d0::/64	198
2001:db8:1cb3:3986::/64	256
2001:db8:1cb3:ccf3::/64	142
2001:db8:1cb3:fe18::/64	234
2001:db8:1cb4:da1::/64	636
2001:db8:1cb4:6423::/64	974
2001:db8:1cb5:5749::/64	753
2001:db8:1cb5:f018::/64	224
2001:db8:1cb7:5b21::/64	266
2001:db8:1cb7:5c84::/64	5
2001:db8:1cb7:80aa::/64	937
2001:db8:1cb8:36ec::/64	21
2001:db8:1cb8:49c3::/64	435
2001:db8:1cb8:db73::/64	221
2001:db8:1cb9:c53f::/64	908
2001:db8:1cbb:6134::/64	115
2001:db8:1cbb:d894::/64	600
2001:db8:1cbc:49c7::/64	300
2001:db8:1cbd:7ad0::/64	662
2001:db8:1cbe:4075::/64	792
2001:db8:1cbe:4c76::/64	331
2001:db8:1cbe:6ef3::/64	426
2001:db8:1cbe:ab8f::/64	840
2001:db8:1cbe:b4bb::/64	822
2001:db8:1cbe:d256::/64	473
2001:db8:1cc0:8d14::/64	712
2001:db8:1cc0:bcd5::/64	981
2001:db8:1cc0:f98b::/64	545
2001:db8:1cc1:1f30::/64	192
2001:db8:1cc1:564f::/64	688
2001:db8:1cc1:b572::/64	81
2001:db8:1cc1:d68a::/64	626
2001:db8:1cc2:4c31::/64	733
2001:db8:1cc2:4c3a::/64	530
2001:db8:1cc2:5d70::/64	958
2001:db8:1cc2:99f6::/64	20
2001:db8:1cc2:ad5b::/64	923
2001:db8:1cc2:f083::/64	126
2001:db8:1cc3:86e::/64	251
2001:db8:1cc3:432e::/64	888
2001:db8:1cc3:c59d::/64	992
2001:db8:1cc3:fd59::/64	154
2001:db8:1cc4:b359::/64	898
2001:db8:1cc4:ca1e::/64	207
2001:db8:1cc4:d932::/64	230
2001:db8:1cc5:64ad::/64	523
2001:db8:1cc5:73dd::/64	967
2001:db8:1cc5:80a9::/64	857
2001:db8:1cc6:95ce::/64	667
2001:db8:1cc6:aa96::/64	333
2001:db8:1cc6:e433::/64	357
2001:db8:1cc7:350e::/64	781
2001:db8:1cc7:383f::/64	166
2001:db8:1cc7:5048::/64	502
2001:db8:1cc7:7aed::/64	690
2001:db8:1cc7:ed27::/64	600
2001:db8:1cc8:1935::/64	161
2001:db8:1cc8:1c9b::/64	862
2001:db8:1cc8:26de::/64	717
2001:db8:1cc8:45a4::/64	823
2001:db8:1cc9:1332::/64	560
2001:db8:1cc9:42c9::/64	880
2001:db8:1cc9:5d04::/64	902
2001:db8:1cc9:aa7c::/64	746
2001:db8:1cca:502::/64	282
2001:db8:1cca:3a23::/64	612
2001:db8:1cca:46ca::/64	847
2001:db8:1cca:b987::/64	33
2001:db8:1cca:bf0b::/64	732
2001:db8:1cca:c1d4::/64	802
2001:db8:1ccb:cb6b::/64	881
2001:db8:1ccc:b195::/64	932
2001:db8:1ccd:3b16::/64	757
2001:db8:1ccd:3e9e::/64	758
2001:db8:1ccd:437c::/64	341
2001:db8:1ccd:65a4::/64	994
2001:db8:1cce:cbe6::/64	971
2001:db8:1ccf:16ef::/64	41
2001:db8:1ccf:2531::/64	62
2001:db8:1ccf:728f::/64	283
2001:db8:1cd0:e12::/64	676
2001:db8:1cd0:b29f::/64	109
2001:db8:1cd1:159a::/64	446
2001:db8:1cd1:174b::/64	306
2001:db8:1cd1:6412::/64	816
2001:db8:1cd2:9f0f::/64	755
2001:db8:1cd2:ffc8::/64	256
2001:db8:1cd3:1336::/64	944
2001:db8:1cd3:45be::/64	689
2001:db8:1cd3:81be::/64	204
2001:db8:1cd3:dc3e::/64	52
2001:db8:1cd3:fe2b::/64	870
2001:db8:1cd4:5419::/64	964
2001:db8:1cd4:76c0::/64	258
2001:db8:1cd4:8595::/64	550
2001:db8:1cd4:bc89::/64	21
2001:db8:1cd4:f1e6::/64	750
2001:db8:1cd5:667f::/64	699
2001:db8:1cd6:5a38::/64	35
2001:db8:1cd6:b4f3::/64	748
2001:db8:1cd7:5379::/64	107
2001:db8:1cd7:8bf7::/64	832
2001:db8:1cd7:ec08::/64	161
2001:db8:1cd8:9ae0::/64	750
2001:db8:1cd8:cc97::/64	435
2001:db8:1cd9:375c::/64	873
2001:db8:1cd9:94c0::/64	705
2001:db8:1cda:2920::/64	405
2001:db8:1cda:562d::/64	590
2001:db8:1cda:c3d5::/64	834
2001:db8:1cdc:2b56::/64	193
2001:db8:1cdc:4ab7::/64	139
2001:db8:1cdc:565c::/64	37
2001:db8:1cdc:9d1a::/64	4
2001:db8:1cdd:5bad::/64	67
2001:db8:1cdd:c763::/64	767
2001:db8:1cdd:c7d5::/64	291
2001:db8:1cde:b51::/64	84
2001:db8:1cde:8b71::/64	847
2001:db8:1cdf:3464::/64	866
2001:db8:1ce0:3770::/64	114
2001:db8:1ce0:a00e::/64	32
2001:db8:1ce0:cfda::/64	591
2001:db8:1ce0:e3f6::/64	545
2001:db8:1ce1:2501::/64	830
2001:db8:1ce1:eeac::/64	390
2001:db8:1ce1:fde1::/64	221
2001:db8:1ce2:7d03::/64	876
2001:db8:1ce3:316b::/64	427
2001:db8:1ce3:8863::/64	555
2001:db8:1ce3:be96::/64	623
2001:db8:1ce4:2a56::/64	612
2001:db8:1ce5:714c::/64	240
2001:db8:1ce6:aba::/64	270
2001:db8:1ce6:4bb4::/64	610
2001:db8:1ce6:8595::/64	481
2001:db8:1ce6:bbad::/64	289
2001:db8:1ce7:ebea::/64	282
2001:db8:1ce8:1f90::/64	636
2001:db8:1ce8:5e24::/64	302
2001:db8:1ce9:42cd::/64	748
2001:db8:1ce9:a021::/64	996
2001:db8:1ce9:b9f0::/64	296
2001:db8:1cea:c96::/64	689
2001:db8:1cea:a97c::/64	166
2001:db8:1cea:f299::/64	496
2001:db8:1ceb:5e0b::/64	655
2001:db8:1ceb:609a::/64	747
2001:db8:1ceb:a6d7::/64	379
2001:db8:1cec:22e3::/64	758
2001:db8:1cec:b6ae::/64	648
2001:db8:1ced:65db::/64	733
2001:db8:1cef:99cc::/64	712
2001:db8:1cef:d818::/64	257
2001:db8:1cf0:50ce::/64	160
2001:db8:1cf0:8e39::/64	361
2001:db8:1cf0:d9bf::/64	683
2001:db8:1cf1:2168::/64	896
2001:db8:1cf1:332e::/64	691
2001:db8:1cf1:6242::/64	766
2001:db8:1cf1:6616::/64	592
2001:db8:1cf1:701e::/64	742
2001:db8:1cf1:80d1::/64	19
2001:db8:1cf1:8fb1::/64	292
2001:db8:1cf1:e36a::/64	103
2001:db8:1cf2:6fed::/64	238
2001:db8:1cf2:da2d::/64	583
2001:db8:1cf3:3edc::/64	69
2001:db8:1cf3:798c::/64	430
2001:db8:1cf3:8c6f::/64	233
2001:db8:1cf4:e31c::/64	935
2001:db8:1cf5:11ae::/64	934
2001:db8:1cf5:e672::/64	26
2001:db8:1cf6:f215::/64	810
2001:db8:1cf7:48d8::/64	573
2001:db8:1cf7:4cc1::/64	941
2001:db8:1cf7:5f23::/64	220
2001:db8:1cf8:ade5::/64	40
2001:db8:1cf8:dd89::/64	474
2001:db8:1cf9:d86::/64	991
2001:db8:1cf9:f3da::/64	297
2001:db8:1cf9:fec2::/64	76
2001:db8:1cfa:67b5::/64	356
2001:db8:1cfa:77d6::/64	121
2001:db8:1cfa:a521::/64	902
2001:db8:1cfa:e739::/64	585
2001:db8:1cfb:5a4b::/64	994
2001:db8:1cfb:67fc::/64	842
2001:db8:1cfb:6b79::/64	314
2001:db8:1cfc:21b4::/64	90
2001:db8:1cfc:2bde::/64	93
2001:db8:1cfc:3b63::/64	899
2001:db8:1cfc:7648::/64	295
2001:db8:1cfd:3ded::/64	398
2001:db8:1cfd:47cf::/64	87
2001:db8:1cfd:d7e5::/64	567
2001:db8:1cfe:d50::/64	759
2001:db8:1cff:281d::/64	433
2001:db8:1cff:3c8a::/64	689
2001:db8:1cff:6883::/64	343
2001:db8:1cff:754c::/64	5
2001:db8:1cff:fdbd::/64	802
2001:db8:1d00:9c0b::/64	869
2001:db8:1d01:3bc3::/64	192
2001:db8:1d01:e951::/64	156
2001:db8:1d02:944d::/64	746
2001:db8:1d02:d35d::/64	439
2001:db8:1d03:51f8::/64	799
2001:db8:1d03:6f10::/64	766
2001:db8:1d04:5107::/64	891
2001:db8:1d04:7428::/64	144
2001:db8:1d04:d5b8::/64	615
2001:db8:1d04:f8a6::/64	887
2001:db8:1d06:aa10::/64	793
2001:db8:1d07:8a60::/64	242
2001:db8:1d08:4909::/64	677
2001:db8:1d08:5653::/64	760
2001:db8:1d08:bcc6::/64	480
2001:db8:1d09:1439::/64	311
2001:db8:1d09:8af9::/64	562
2001:db8:1d09:bb23::/64	854
2001:db8:1d09:cea2::/64	54
2001:db8:1d0a:ea29::/64	910
2001:db8:1d0b:f9da::/64	131
2001:db8:1d0c:8172::/64	513
2001:db8:1d0c:8766::/64	254
2001:db8:1d0d:4871::/64	500
2001:db8:1d0d:5384::/64	383
2001:db8:1d0d:699d::/64	87
2001:db8:1d0d:d05f::/64	250
2001:db8:1d0e:3507::/64	364
2001:db8:1d0e:b4b2::/64	999
2001:db8:1d0f:9a5e::/64	2
2001:db8:1d0f:c34b::/64	269
2001:db8:1d0f:d68e::/64	413
2001:db8:1d10:fb8::/64	639
2001:db8:1d10:d0fb::/64	873
2001:db8:1d11:2935::/64	780
2001:db8:1d11:525b::/64	722
2001:db8:1d11:caac::/64	129
2001:db8:1d12:4ac9::/64	411
2001:db8:1d13:3492::/64	378
2001:db8:1d13:976a::/64	837
2001:db8:1d14:2056::/64	932
2001:db8:1d14:5f1d::/64	625
2001:db8:1d14:84b5::/64	670
2001:db8:1d15:501b::/64	735
2001:db8:1d15:92e5::/64	516
2001:db8:1d15:e724::/64	900
2001:db8:1d16:5c4b::/64	109
2001:db8:1d16:8ccd::/64	118
2001:db8:1d16:e3e5::/64	544
2001:db8:1d16:fb2b::/64	895
2001:db8:1d17:1241::/64	839
2001:db8:1d17:9902::/64	533
2001:db8:1d17:f310::/64	828
2001:db8:1d18:7c48::/64	907
2001:db8:1d18:8a91::/64	996
2001:db8:1d18:d18e::/64	851
2001:db8:1d1a:2172::/64	978
2001:db8:1d1a:8217::/64	202
2001:db8:1d1a:add4::/64	755
2001:db8:1d1c:956b::/64	211
2001:db8:1d1c:97b0::/64	806
2001:db8:1d1c:a34e::/64	1
2001:db8:1d1d:743b::/64	776
2001:db8:1d1d:cff6::/64	150
2001:db8:1d1e:2022::/64	9
2001:db8:1d1e:89a9::/64	673
2001:db8:1d1f:e527::/64	672
2001:db8:1d21:5e7::/64	309
2001:db8:1d21:3679::/64	286
2001:db8:1d21:afd8::/64	144
2001:db8:1d21:e14a::/64	446
2001:db8:1d22:6931::/64	599
2001:db8:1d22:7a35::/64	20
2001:db8:1d22:e5f6::/64	801
2001:db8:1d23:887d::/64	813
2001:db8:1d23:f124::/64	959
2001:db8:1d24:478e::/64	277
2001:db8:1d25:98e7::/64	995
2001:db8:1d25:c1b3::/64	910
2001:db8:1d26:27ef::/64	87
2001:db8:1d26:a106::/64	18
2001:db8:1d27:99da::/64	958
2001:db8:1d28:8369::/64	962
2001:db8:1d2a:305e::/64	929
2001:db8:1d2a:836c::/64	716
2001:db8:1d2b:6814::/64	886
2001:db8:1d2c:22d8::/64	26
2001:db8:1d2c:2fa1::/64	416
2001:db8:1d2d:6951::/64	390
2001:db8:1d2d:76b3::/64	121
2001:db8:1d2d:7c4f::/64	29
2001:db8:1d2d:e692::/64	327
2001:db8:1d2e:9da6::/64	932
2001:db8:1d2f:a5e::/64	288
2001:db8:1d2f:aea3::/64	885
2001:db8:1d2f:bd16::/64	19
2001:db8:1d2f:f5af::/64	301
2001:db8:1d30:6b2::/64	383
2001:db8:1d31:279f::/64	723
2001:db8:1d31:a126::/64	178
2001:db8:1d31:a1ea::/64	258
2001:db8:1d31:cc57::/64	178
2001:db8:1d32:2cbc::/64	14
2001:db8:1d32:81ce::/64	769
2001:db8:1d32:a7a9::/64	820
2001:db8:1d32:b8fc::/64	266
2001:db8:1d32:c06e::/64	473
2001:db8:1d33:14b1::/64	868
2001:db8:1d34:1d88::/64	595
2001:db8:1d34:2f86::/64	802
2001:db8:1d35:1f34::/64	249
2001:db8:1d35:540f::/64	417
2001:db8:1d35:9683::/64	916
2001:db8:1d35:c975::/64	172
2001:db8:1d35:f512::/64	682
2001:db8:1d36:1e35::/64	26
2001:db8:1d36:4d79::/64	875
2001:db8:1d36:7130::/64	564
2001:db8:1d36:be82::/64	54
2001:db8:1d37:4fe3::/64	935
2001:db8:1d37:b8e9::/64	352
2001:db8:1d39:12e2::/64	243
2001:db8:1d39:912f::/64	674
2001:db8:1d39:9cbb::/64	612
2001:db8:1d39:c98f::/64	526
2001:db8:1d3a:870c::/64	57
2001:db8:1d3a:8bf0::/64	9
2001:db8:1d3a:ad71::/64	323
2001:db8:1d3a:b9c5::/64	208
2001:db8:1d3a:bd35::/64	555
2001:db8:1d3b:4342::/64	700
2001:db8:1d3b:4496::/64	416
2001:db8:1d3b:da9f::/64	99
2001:db8:1d3c:1e0::/64	419
2001:db8:1d3c:40f9::/64	207
2001:db8:1d3c:4fb1::/64	288
2001:db8:1d3c:f551::/64	189
2001:db8:1d3d:1877::/64	526
2001:db8:1d3d:a360::/64	595
2001:db8:1d3e:1847::/64	440
2001:db8:1d3f:a3b1::/64	733
2001:db8:1d3f:ee19::/64	429
2001:db8:1d40:5ac1::/64	988
2001:db8:1d40:63ab::/64	177
2001:db8:1d41:3359::/64	504
2001:db8:1d41:7cf8::/64	208
2001:db8:1d41:e382::/64	474
2001:db8:1d42:3da0::/64	630
2001:db8:1d42:400b::/64	837
2001:db8:1d42:bfde::/64	484
2001:db8:1d42:dc80::/64	728
2001:db8:1d42:fba1::/64	520
2001:db8:1d43:3b91::/64	602
2001:db8:1d43:50f9::/64	616
2001:db8:1d43:5ae4::/64	928
2001:db8:1d43:e657::/64	672
2001:db8:1d45:29ba::/64	832
2001:db8:1d46:61ae::/64	337
2001:db8:1d46:7f9a::/64	255
2001:db8:1d46:bed6::/64	427
2001:db8:1d47:59ce::/64	726
2001:db8:1d48:a7f4::/64	57
2001:db8:1d48:dcad::/64	498
2001:db8:1d49:89c2::/64	691
2001:db8:1d49:8f03::/64	579
2001:db8:1d49:8f60::/64	377
2001:db8:1d49:a3d8::/64	907
2001:db8:1d49:aeb5::/64	120
2001:db8:1d4b:9ba0::/64	166
2001:db8:1d4b:b1a5::/64	875
2001:db8:1d4c:1fe9::/64	783
2001:db8:1d4c:840e::/64	200
2001:db8:1d4d:1f73::/64	621
2001:db8:1d4d:52ce::/64	826
2001:db8:1d4d:5d84::/64	555
2001:db8:1d4d:67f5::/64	187
2001:db8:1d4d:8d0e::/64	361
2001:db8:1d4d:b2cf::/64	245
2001:db8:1d4d:bd54::/64	771
2001:db8:1d4d:ced2::/64	623
2001:db8:1d4e:3710::/64	145
2001:db8:1d4f:78::/64	193
2001:db8:1d50:eb7e::/64	339
2001:db8:1d51:5aa0::/64	476
2001:db8:1d52:3cce::/64	255
2001:db8:1d52:cc06::/64	325
2001:db8:1d53:5642::/64	363
2001:db8:1d53:6a30::/64	721
2001:db8:1d54:884d::/64	27
2001:db8:1d54:f1d4::/64	841
2001:db8:1d54:f869::/64	397
2001:db8:1d55:9187::/64	759
2001:db8:1d56:b7ef::/64	667
2001:db8:1d57:6611::/64	498
2001:db8:1d57:b8bd::/64	64
2001:db8:1d58:1846::/64	317
2001:db8:1d58:a269::/64	25
2001:db8:1d59:1fd3::/64	583
2001:db8:1d59:24da::/64	139
2001:db8:1d59:6227::/64	943
2001:db8:1d59:8606::/64	807
2001:db8:1d59:884c::/64	941
2001:db8:1d59:9cf6::/64	904
2001:db8:1d5a:19b::/64	590
2001:db8:1d5a:d665::/64	172
2001:db8:1d5b:5b0e::/64	922
2001:db8:1d5b:9bf0::/64	387
2001:db8:1d5c:741::/64	938
2001:db8:1d5c:4917::/64	11
2001:db8:1d5c:5096::/64	372
2001:db8:1d5c:6670::/64	552
2001:db8:1d5c:fabe::/64	75
2001:db8:1d5d:642a::/64	419
2001:db8:1d5e:694::/64	882
2001:db8:1d5e:438b::/64	714
2001:db8:1d5f:660f::/64	797
2001:db8:1d5f:7ab5::/64	294
2001:db8:1d5f:f868::/64	625
2001:db8:1d60:8e0::/64	966
2001:db8:1d60:2192::/64	956
2001:db8:1d60:ab17::/64	475
2001:db8:1d61:305::/64	411
2001:db8:1d61:19c9::/64	270
2001:db8:1d61:adb2::/64	991
2001:db8:1d62:619a::/64	711
2001:db8:1d62:8bab::/64	789
2001:db8:1d62:ffcc::/64	235
2001:db8:1d63:6e40::/64	287
2001:db8:1d63:c683::/64	942
2001:db8:1d63:d13d::/64	681
2001:db8:1d64:646::/64	634
2001:db8:1d64:a77::/64	325
2001:db8:1d64:19ca::/64	934
2001:db8:1d64:4677::/64	971
2001:db8:1d65:199a::/64	617
2001:db8:1d65:1cdb::/64	390
2001:db8:1d65:6053::/64	58
2001:db8:1d66:4182::/64	794
2001:db8:1d66:4665::/64	629
2001:db8:1d66:9775::/64	587
2001:db8:1d66:f341::/64	452
2001:db8:1d66:f522::/64	249
2001:db8:1d68:b3f::/64	781
2001:db8:1d69:4d39::/64	854
2001:db8:1d69:bc96::/64	520
2001:db8:1d69:db98::/64	374
2001:db8:1d6a:9419::/64	801
2001:db8:1d6a:e79d::/64	277
2001:db8:1d6a:f881::/64	470
2001:db8:1d6b:5ba4::/64	769
2001:db8:1d6b:8a7f::/64	999
2001:db8:1d6c:9171::/64	877
2001:db8:1d6d:8141::/64	586
2001:db8:1d6d:a776::/64	819
2001:db8:1d6e:e5c::/64	775
2001:db8:1d6e:6328::/64	577
2001:db8:1d6f:54e3::/64	943
2001:db8:1d6f:5c36::/64	527
2001:db8:1d70:3610::/64	993
2001:db8:1d70:b91e::/64	141
2001:db8:1d70:c62c::/64	115
2001:db8:1d70:e7d9::/64	350
2001:db8:1d71:3952::/64	2
2001:db8:1d71:556c::/64	447
2001:db8:1d72:7e41::/64	804
2001:db8:1d73:2bec::/64	423
2001:db8:1d73:70ae::/64	108
2001:db8:1d73:781c::/64	84
2001:db8:1d73:b71e::/64	566
2001:db8:1d74:a2a::/64	943
2001:db8:1d74:a7fe::/64	794
2001:db8:1d74:b27c::/64	650
2001:db8:1d75:4833::/64	250
2001:db8:1d75:e31d::/64	355
2001:db8:1d76:2176::/64	351
2001:db8:1d76:3e75::/64	593
2001:db8:1d76:5dd8::/64	10
2001:db8:1d76:65e5::/64	24
2001:db8:1d77:ee0::/64	809
2001:db8:1d77:11f6::/64	85
2001:db8:1d77:d8a0::/64	647
2001:db8:1d78:230e::/64	929
2001:db8:1d78:9e78::/64	147
2001:db8:1d79:937f::/64	178
2001:db8:1d79:c243::/64	667
2001:db8:1d79:d0a9::/64	638
2001:db8:1d79:f3c1::/64	703
2001:db8:1d7a:d6d1::/64	986
2001:db8:1d7b:f9a::/64	530
2001:db8:1d7b:caa0::/64	783
2001:db8:1d7b:d334::/64	246
2001:db8:1d7c:f5d1::/64	339
2001:db8:1d7d:4e2f::/64	618
2001:db8:1d7d:672c::/64	447
2001:db8:1d7d:faf2::/64	197
2001:db8:1d7e:155d::/64	448
2001:db8:1d7e:53d8::/64	856
2001:db8:1d7e:6d90::/64	320
2001:db8:1d7f:12a9::/64	446
2001:db8:1d7f:18cf::/64	197
2001:db8:1d7f:accb::/64	747
2001:db8:1d7f:b39c::/64	313
2001:db8:1d7f:e3e9::/64	1000
2001:db8:1d80:6410::/64	9
2001:db8:1d80:6ec8::/64	191
2001:db8:1d80:b1b2::/64	804
2001:db8:1d80:c0b0::/64	440
2001:db8:1d80:f66d::/64	652
2001:db8:1d81:c589::/64	311
2001:db8:1d83:6620::/64	67
2001:db8:1d84:37b::/64	799
2001:db8:1d84:fdbb::/64	399
2001:db8:1d86:78cc::/64	580
2001:db8:1d87:13bf::/64	173
2001:db8:1d87:392a::/64	181
2001:db8:1d87:4dd0::/64	293
2001:db8:1d87:8396::/64	430
2001:db8:1d88:c94b::/64	982
2001:db8:1d88:ef15::/64	358
2001:db8:1d89:8597::/64	72
2001:db8:1d89:85b5::/64	465
2001:db8:1d89:aa88::/64	773
2001:db8:1d89:dd7e::/64	91
2001:db8:1d8a:1c2b::/64	592
2001:db8:1d8b:296f::/64	381
2001:db8:1d8b:35cc::/64	116
2001:db8:1d8c:5a8::/64	588
2001:db8:1d8c:2ffb::/64	927
2001:db8:1d8c:b709::/64	943
2001:db8:1d8c:ecdd::/64	881
2001:db8:1d8d:fbe::/64	569
2001:db8:1d8d:4d39::/64	630
2001:db8:1d8d:c09c::/64	353
2001:db8:1d8d:d624::/64	514
2001:db8:1d8e:f92::/64	420
2001:db8:1d8e:37e6::/64	288
2001:db8:1d8e:82bf::/64	321
2001:db8:1d8f:d6ba::/64	341
2001:db8:1d90:6914::/64	443
2001:db8:1d90:84c3::/64	218
2001:db8:1d90:c5f4::/64	526
2001:db8:1d91:3966::/64	712
2001:db8:1d91:7603::/64	504
2001:db8:1d91:e265::/64	732
2001:db8:1d92:56f2::/64	779
2001:db8:1d92:57e7::/64	861
2001:db8:1d92:de3a::/64	602
2001:db8:1d92:e66a::/64	587
2001:db8:1d93:492f::/64	514
2001:db8:1d93:4a06::/64	676
2001:db8:1d93:833c::/64	499
2001:db8:1d93:b5f8::/64	446
2001:db8:1d94:6ba0::/64	811
2001:db8:1d94:ff8e::/64	722
2001:db8:1d95:7b4::/64	720
2001:db8:1d95:5c02::/64	305
2001:db8:1d95:6129::/64	421
2001:db8:1d95:c7de::/64	644
2001:db8:1d96:2217::/64	356
2001:db8:1d96:e241::/64	449
2001:db8:1d97:6c33::/64	64
2001:db8:1d98:2cde::/64	677
2001:db8:1d98:3e70::/64	584
2001:db8:1d98:7003::/64	367
2001:db8:1d98:725a::/64	667
2001:db8:1d99:84af::/64	168
2001:db8:1d99:8f6d::/64	416
2001:db8:1d99:fb18::/64	196
2001:db8:1d9a:111a::/64	885
2001:db8:1d9a:9460::/64	549
2001:db8:1d9a:df00::/64	714
2001:db8:1d9a:fecd::/64	853
2001:db8:1d9b:45fa::/64	98
2001:db8:1d9b:55c3::/64	517
2001:db8:1d9b:8c87::/64	579
2001:db8:1d9b:9cec::/64	723
2001:db8:1d9b:b816::/64	443
2001:db8:1d9b:f6c8::/64	498
2001:db8:1d9b:f746::/64	395
2001:db8:1d9d:9073::/64	909
2001:db8:1d9e:9985::/64	32
2001:db8:1d9f:a0af::/64	486
2001:db8:1d9f:a965::/64	251
2001:db8:1da0:5abd::/64	511
2001:db8:1da1:2ff0::/64	240
2001:db8:1da2:c998::/64	360
2001:db8:1da3:dd45::/64	859
2001:db8:1da4:7d64::/64	583
2001:db8:1da4:9780::/64	779
2001:db8:1da4:ba7f::/64	749
2001:db8:1da5:1f1b::/64	615
2001:db8:1da5:74cf::/64	412
2001:db8:1da5:e0da::/64	461
2001:db8:1da6:1f71::/64	755
2001:db8:1da6:388e::/64	560
2001:db8:1da6:b5b8::/64	315
2001:db8:1da6:ba7b::/64	18
2001:db8:1da6:e64c::/64	439
2001:db8:1da6:ea47::/64	735
2001:db8:1da7:3::/64	43
2001:db8:1da7:376a::/64	447
2001:db8:1da7:3f68::/64	577
2001:db8:1da7:95f2::/64	372
2001:db8:1da8:8e97::/64	597
2001:db8:1da9:df8e::/64	880
2001:db8:1daa:b52c::/64	227
2001:db8:1daa:b5e0::/64	682
2001:db8:1dab:388b::/64	306
2001:db8:1dab:3f06::/64	877
2001:db8:1dab:446e::/64	43
2001:db8:1dac:9de::/64	378
2001:db8:1dac:a09::/64	990
2001:db8:1dac:4486::/64	877
2001:db8:1dac:5b33::/64	525
2001:db8:1dac:dd64::/64	69
2001:db8:1dad:7eca::/64	557
2001:db8:1dae:5d1c::/64	813
2001:db8:1dae:de68::/64	313
2001:db8:1daf:31cc::/64	415
2001:db8:1db1:3276::/64	827
2001:db8:1db1:9c20::/64	524
2001:db8:1db2:2b5d::/64	558
2001:db8:1db2:95ab::/64	849
2001:db8:1db3:26d2::/64	515
2001:db8:1db3:a0a9::/64	605
2001:db8:1db3:f779::/64	426
2001:db8:1db3:f77c::/64	856
2001:db8:1db4:9f8f::/64	163
2001:db8:1db5:c93::/64	645
2001:db8:1db5:2adb::/64	570
2001:db8:1db5:9305::/64	576
2001:db8:1db5:c9e0::/64	11
2001:db8:1db5:d41b::/64	873
2001:db8:1db6:451e::/64	508
2001:db8:1db6:6d6f::/64	492
2001:db8:1db6:a4bf::/64	228
2001:db8:1db6:c9bc::/64	253
2001:db8:1db7:251f::/64	461
2001:db8:1db8:2917::/64	24
2001:db8:1db8:2ad3::/64	374
2001:db8:1dba:b07::/64	333
2001:db8:1dba:e2f6::/64	989
2001:db8:1dba:ff97::/64	449
2001:db8:1dbb:da::/64	898
2001:db8:1dbb:689::/64	170
2001:db8:1dbb:56d3::/64	458
2001:db8:1dbb:5954::/64	730
2001:db8:1dbb:ff7f::/64	424
2001:db8:1dbc:8dfa::/64	576
2001:db8:1dbc:9ed4::/64	167
2001:db8:1dbc:b33a::/64	351
2001:db8:1dbc:ce0f::/64	194
2001:db8:1dbc:e52b::/64	606
2001:db8:1dbd:2009::/64	309
2001:db8:1dbd:4980::/64	653
2001:db8:1dbd:6f13::/64	93
2001:db8:1dbd:7c10::/64	96
2001:db8:1dbd:8291::/64	388
2001:db8:1dbd:ee1d::/64	737
2001:db8:1dbe:1b6b::/64	15
2001:db8:1dbe:8c51::/64	260
2001:db8:1dbf:203d::/64	252
2001:db8:1dc0:bb68::/64	225
2001:db8:1dc0:ebb3::/64	745
2001:db8:1dc1:8de::/64	111
2001:db8:1dc1:9405::/64	318
2001:db8:1dc2:4356::/64	625
2001:db8:1dc2:904b::/64	206
2001:db8:1dc3:b31a::/64	772
2001:db8:1dc4:1868::/64	261
2001:db8:1dc4:3f04::/64	914
2001:db8:1dc4:e4af::/64	209
2001:db8:1dc5:df4e::/64	220
2001:db8:1dc6:378f::/64	726
2001:db8:1dc6:fe29::/64	405
2001:db8:1dc7:440a::/64	448
2001:db8:1dc7:51e1::/64	695
2001:db8:1dc8:4094::/64	539
2001:db8:1dc8:4ede::/64	428
2001:db8:1dc8:bbc4::/64	733
2001:db8:1dc8:e127::/64	938
2001:db8:1dc9:be7::/64	40
2001:db8:1dc9:3c70::/64	351
2001:db8:1dc9:7e24::/64	614
2001:db8:1dc9:d704::/64	660
2001:db8:1dc9:eca4::/64	76
2001:db8:1dcd:5a2c::/64	183
2001:db8:1dcd:fbcf::/64	497
2001:db8:1dce:6e9a::/64	474
2001:db8:1dcf:4311::/64	758
2001:db8:1dcf:bc35::/64	926
2001:db8:1dcf:cab6::/64	892
2001:db8:1dd0:8b60::/64	243
2001:db8:1dd0:ccd2::/64	165
2001:db8:1dd0:ef1b::/64	65
2001:db8:1dd1:c0f::/64	814
2001:db8:1dd2:cb36::/64	34
2001:db8:1dd4:21c5::/64	16
2001:db8:1dd4:6e9b::/64	777
2001:db8:1dd5:4405::/64	461
2001:db8:1dd6:669d::/64	975
2001:db8:1dd6:7be4::/64	386
2001:db8:1dd7:fff::/64	275
2001:db8:1dd7:225e::/64	955
2001:db8:1dd7:4bc1::/64	170
2001:db8:1dd7:9f7b::/64	792
2001:db8:1dd8:e565::/64	692
2001:db8:1dd9:69a6::/64	97
2001:db8:1dda:bc90::/64	990
2001:db8:1ddb:7a9b::/64	615
2001:db8:1ddb:8425::/64	480
2001:db8:1ddb:8ec0::/64	985
2001:db8:1ddb:a86a::/64	103
2001:db8:1ddc:f9e::/64	110
2001:db8:1ddc:4843::/64	166
2001:db8:1ddc:60cb::/64	39
2001:db8:1ddc:6683::/64	339
2001:db8:1ddc:aabd::/64	296
2001:db8:1ddd:2068::/64	424
2001:db8:1ddd:279c::/64	416
2001:db8:1ddd:66fe::/64	795
2001:db8:1ddd:9702::/64	316
2001:db8:1ddd:c223::/64	922
2001:db8:1dde:416a::/64	163
2001:db8:1ddf:6dc9::/64	747
2001:db8:1de0:214c::/64	626
2001:db8:1de0:3346::/64	384
2001:db8:1de0:8383::/64	387
2001:db8:1de0:c27d::/64	788
2001:db8:1de0:c489::/64	400
2001:db8:1de1:9d81::/64	939
2001:db8:1de2:1c1e::/64	123
2001:db8:1de2:b603::/64	492
2001:db8:1de2:eb57::/64	315
2001:db8:1de3:b651::/64	946
2001:db8:1de3:eeb8::/64	213
2001:db8:1de4:1002::/64	721
2001:db8:1de4:68e9::/64	361
2001:db8:1de5:3c7b::/64	787
2001:db8:1de5:dfc8::/64	3
2001:db8:1de6:51c5::/64	728
2001:db8:1de6:b053::/64	45
2001:db8:1de6:c48c::/64	609
2001:db8:1de7:cda1::/64	73
2001:db8:1de8:72f7::/64	409
2001:db8:1de8:b5b3::/64	100
2001:db8:1de8:b85a::/64	241
2001:db8:1de9:ae1a::/64	146
2001:db8:1dea:1570::/64	8
2001:db8:1dea:5bc3::/64	734
2001:db8:1dea:cc13::/64	832
2001:db8:1deb:424a::/64	268
2001:db8:1dec:10e3::/64	532
2001:db8:1dec:6348::/64	837
2001:db8:1dec:79c9::/64	819
2001:db8:1dec:7f79::/64	545
2001:db8:1dec:a081::/64	391
2001:db8:1dec:b76e::/64	585
2001:db8:1dec:fe54::/64	627
2001:db8:1ded:1976::/64	95
2001:db8:1ded:757e::/64	676
2001:db8:1dee:df3e::/64	835
2001:db8:1def:2a1f::/64	989
2001:db8:1def:3c3a::/64	16
2001:db8:1def:90f3::/64	812
2001:db8:1df0:8daa::/64	292
2001:db8:1df1:1b2e::/64	99
2001:db8:1df1:5aec::/64	686
2001:db8:1df1:b15e::/64	325
2001:db8:1df2:419::/64	548
2001:db8:1df2:3b13::/64	626
2001:db8:1df3:6daf::/64	3
2001:db8:1df3:8cb7::/64	324
2001:db8:1df4:c62d::/64	695
2001:db8:1df5:16f9::/64	453
2001:db8:1df5:5034::/64	240
2001:db8:1df5:5290::/64	672
2001:db8:1df6:4478::/64	387
2001:db8:1df7:1a42::/64	411
2001:db8:1df8:2462::/64	447
2001:db8:1df8:513a::/64	357
2001:db8:1df8:c4e1::/64	523
2001:db8:1df8:dff2::/64	427
2001:db8:1df9:4709::/64	887
2001:db8:1df9:4a5c::/64	326
2001:db8:1df9:5ab4::/64	751
2001:db8:1df9:8231::/64	968
2001:db8:1df9:d010::/64	937
2001:db8:1dfa:72d8::/64	974
2001:db8:1dfa:9762::/64	205
2001:db8:1dfa:acd6::/64	799
2001:db8:1dfa:cafc::/64	783
2001:db8:1dfa:d41f::/64	972
2001:db8:1dfc:656d::/64	765
2001:db8:1dfc:987b::/64	655
2001:db8:1dfd:37c7::/64	564
2001:db8:1dff:1677::/64	148
2001:db8:1dff:1b7d::/64	509
2001:db8:1dff:4fcd::/64	955
2001:db8:1dff:9a91::/64	871
2001:db8:1dff:af02::/64	60
2001:db8:1e00:1d5b::/64	417
2001:db8:1e00:2b51::/64	846
2001:db8:1e00:b260::/64	776
2001:db8:1e00:e479::/64	29
2001:db8:1e01:7842::/64	934
2001:db8:1e01:89d0::/64	369
2001:db8:1e01:b63b::/64	545
2001:db8:1e01:c2db::/64	265
2001:db8:1e01:f541::/64	302
2001:db8:1e02:ad78::/64	341
2001:db8:1e03:864::/64	195
2001:db8:1e03:2698::/64	890
2001:db8:1e03:31d6::/64	164
2001:db8:1e03:ef01::/64	532
2001:db8:1e04:efe::/64	882
2001:db8:1e04:3c2b::/64	86
2001:db8:1e06:c9d::/64	327
2001:db8:1e06:738c::/64	768
2001:db8:1e06:8bf7::/64	420
2001:db8:1e06:c36c::/64	102
2001:db8:1e07:b523::/64	860
2001:db8:1e08:4180::/64	594
2001:db8:1e08:bb37::/64	305
2001:db8:1e09:4b11::/64	312
2001:db8:1e09:5d94::/64	934
2001:db8:1e09:ec3e::/64	164
2001:db8:1e0a:afa::/64	792
2001:db8:1e0a:239b::/64	265
2001:db8:1e0a:5dba::/64	831
2001:db8:1e0a:7bdb::/64	107
2001:db8:1e0a:ddc1::/64	868
2001:db8:1e0a:f32c::/64	410
2001:db8:1e0a:f878::/64	217
2001:db8:1e0b:90c7::/64	311
2001:db8:1e0b:bb3d::/64	140
2001:db8:1e0c:b2f3::/64	679
2001:db8:1e0c:e55c::/64	103
2001:db8:1e0d:3d48::/64	365
2001:db8:1e0d:6ba2::/64	102
2001:db8:1e0d:dcaa::/64	280
2001:db8:1e0d:fb62::/64	363
2001:db8:1e0e:17ef::/64	943
2001:db8:1e0e:50c6::/64	483
2001:db8:1e0f:3e69::/64	486
2001:db8:1e0f:70e6::/64	397
2001:db8:1e0f:868c::/64	441
2001:db8:1e10:7c36::/64	951
2001:db8:1e11:616a::/64	672
2001:db8:1e12:5d96::/64	136
2001:db8:1e13:3bc5::/64	409
2001:db8:1e13:63e7::/64	138
2001:db8:1e14:216::/64	54
2001:db8:1e14:c1ef::/64	344
2001:db8:1e14:df9c::/64	390
2001:db8:1e14:f366::/64	886
2001:db8:1e15:b9c8::/64	167
2001:db8:1e15:ccf0::/64	364
2001:db8:1e15:fabd::/64	708
2001:db8:1e16:52e0::/64	514
2001:db8:1e16:bc72::/64	76
2001:db8:1e18:2f2::/64	925
2001:db8:1e18:117c::/64	16
2001:db8:1e18:35c6::/64	597
2001:db8:1e18:5ccc::/64	374
2001:db8:1e18:ef22::/64	997
2001:db8:1e1a:44ad::/64	505
2001:db8:1e1a:52af::/64	832
2001:db8:1e1a:6282::/64	671
2001:db8:1e1a:9f46::/64	377
2001:db8:1e1a:ac9c::/64	700
2001:db8:1e1a:def7::/64	474
2001:db8:1e1b:624e::/64	193
2001:db8:1e1b:8e65::/64	327
2001:db8:1e1b:b1ba::/64	159
2001:db8:1e1b:f555::/64	76
2001:db8:1e1c:9da0::/64	90
2001:db8:1e1c:d8c6::/64	125
2001:db8:1e1c:f4e0::/64	418
2001:db8:1e1d:19d::/64	4
2001:db8:1e1d:6f97::/64	693
2001:db8:1e1d:93c4::/64	480
2001:db8:1e1d:cb14::/64	798
2001:db8:1e1f:6dc3::/64	509
2001:db8:1e1f:ba9b::/64	748
2001:db8:1e20:1488::/64	372
2001:db8:1e20:c4c9::/64	291
2001:db8:1e20:fef0::/64	215
2001:db8:1e21:1523::/64	740
2001:db8:1e21:7eb5::/64	380
2001:db8:1e21:ce15::/64	746
2001:db8:1e22:2559::/64	315
2001:db8:1e22:9c45::/64	522
2001:db8:1e22:c205::/64	570
2001:db8:1e22:cf82::/64	689
2001:db8:1e23:7184::/64	338
2001:db8:1e24:5c0e::/64	640
2001:db8:1e24:d744::/64	237
2001:db8:1e24:dcb0::/64	648
2001:db8:1e25:b1fc::/64	310
2001:db8:1e25:d6ba::/64	357
2001:db8:1e26:2015::/64	60
2001:db8:1e26:33ff::/64	149
2001:db8:1e26:6478::/64	455
2001:db8:1e26:6e33::/64	836
2001:db8:1e26:9a97::/64	584
2001:db8:1e26:a636::/64	261
2001:db8:1e27:47d7::/64	133
2001:db8:1e27:836d::/64	2
2001:db8:1e27:c92d::/64	65
2001:db8:1e28:5d81::/64	528
2001:db8:1e28:e4a9::/64	884
2001:db8:1e2a:1a61::/64	572
2001:db8:1e2a:c454::/64	199
2001:db8:1e2c:81b::/64	840
2001:db8:1e2d:2a64::/64	180
2001:db8:1e2d:2b9c::/64	100
2001:db8:1e2d:98ce::/64	456
2001:db8:1e2d:fd4c::/64	728
2001:db8:1e2e:96d0::/64	382
2001:db8:1e2f:4c9f::/64	288
2001:db8:1e2f:71d8::/64	539
2001:db8:1e30:9b79::/64	554
2001:db8:1e31:10eb::/64	775
2001:db8:1e31:13cb::/64	766
2001:db8:1e31:e6d6::/64	237
2001:db8:1e32:6107::/64	489
2001:db8:1e33:2e6f::/64	103
2001:db8:1e33:3146::/64	419
2001:db8:1e33:7cfe::/64	472
2001:db8:1e33:fecf::/64	812
2001:db8:1e34:8bae::/64	298
2001:db8:1e34:c4f4::/64	549
2001:db8:1e36:caa0::/64	858
2001:db8:1e36:e3a3::/64	304
2001:db8:1e37:250::/64	556
2001:db8:1e37:9d47::/64	599
2001:db8:1e38:eefe::/64	579
2001:db8:1e39:c6cf::/64	34
2001:db8:1e39:f04e::/64	943
2001:db8:1e3a:2531::/64	775
2001:db8:1e3b:5256::/64	175
2001:db8:1e3b:80ca::/64	431
2001:db8:1e3c:5615::/64	730
2001:db8:1e3c:d018::/64	408
2001:db8:1e3e:482::/64	156
2001:db8:1e3e:43e4::/64	79
2001:db8:1e3f:7bb2::/64	602
2001:db8:1e40:e37::/64	458
2001:db8:1e40:a01e::/64	209
2001:db8:1e40:fe34::/64	368
2001:db8:1e41:29b5::/64	816
2001:db8:1e41:e2aa::/64	930
2001:db8:1e42:3dff::/64	664
2001:db8:1e42:4047::/64	851
2001:db8:1e43:cf5::/64	861
2001:db8:1e43:f958::/64	7
2001:db8:1e44:4aa::/64	16
2001:db8:1e44:481e::/64	881
2001:db8:1e44:551f::/64	339
2001:db8:1e44:a8e4::/64	474
2001:db8:1e44:c278::/64	852
2001:db8:1e44:c78a::/64	604
2001:db8:1e45:454f::/64	775
2001:db8:1e45:4b1d::/64	954
2001:db8:1e45:907c::/64	873
2001:db8:1e45:c738::/64	720
2001:db8:1e45:cbe5::/64	619
2001:db8:1e45:ecdf::/64	438
2001:db8:1e46:42e8::/64	698
2001:db8:1e47:30fd::/64	876
2001:db8:1e48:6138::/64	532
2001:db8:1e48:ccdc::/64	492
2001:db8:1e49:fb2f::/64	823
2001:db8:1e4a:4ec8::/64	440
2001:db8:1e4b:3b78::/64	204
2001:db8:1e4b:a050::/64	170
2001:db8:1e4c:c070::/64	19
2001:db8:1e4d:c91a::/64	819
2001:db8:1e4e:4301::/64	216
2001:db8:1e4e:5ae5::/64	309
2001:db8:1e4f:d38a::/64	355
2001:db8:1e4f:d99e::/64	740
2001:db8:1e50:70ae::/64	623
2001:db8:1e50:b7cb::/64	776
2001:db8:1e51:af3::/64	871
2001:db8:1e51:4d74::/64	729
2001:db8:1e51:a35f::/64	135
2001:db8:1e51:a842::/64	644
2001:db8:1e51:d403::/64	871
2001:db8:1e52:1b87::/64	749
2001:db8:1e52:2c98::/64	124
2001:db8:1e52:80e2::/64	545
2001:db8:1e52:c1c8::/64	359
2001:db8:1e52:fd12::/64	644
2001:db8:1e53:55c2::/64	859
2001:db8:1e54:83e9::/64	479
2001:db8:1e55:223::/64	724
2001:db8:1e55:372::/64	470
2001:db8:1e55:3abc::/64	952
2001:db8:1e55:5477::/64	87
2001:db8:1e55:6a99::/64	177
2001:db8:1e55:ed53::/64	558
2001:db8:1e56:9550::/64	525
2001:db8:1e57:5270::/64	454
2001:db8:1e59:5092::/64	629
2001:db8:1e59:dc3d::/64	657
2001:db8:1e5a:5eec::/64	47
2001:db8:1e5a:646d::/64	719
2001:db8:1e5a:6a2c::/64	651
2001:db8:1e5a:a5e6::/64	739
2001:db8:1e5a:b625::/64	275
2001:db8:1e5a:c703::/64	14
2001:db8:1e5b:ac39::/64	414
2001:db8:1e5b:dd5a::/64	959
2001:db8:1e5b:f253::/64	131
2001:db8:1e5c:361b::/64	552
2001:db8:1e5c:9f54::/64	610
2001:db8:1e5c:aacd::/64	39
2001:db8:1e5d:1b82::/64	9
2001:db8:1e5d:f87b::/64	703
2001:db8:1e5e:50cf::/64	809
2001:db8:1e5e:5d7f::/64	952
2001:db8:1e5e:cc76::/64	850
2001:db8:1e5f:f9dc::/64	449
2001:db8:1e60:7b5::/64	63
2001:db8:1e60:12b4::/64	256
2001:db8:1e60:3d19::/64	19
2001:db8:1e60:819c::/64	571
2001:db8:1e61:8a34::/64	713
2001:db8:1e61:d12a::/64	717
2001:db8:1e62:6e36::/64	182
2001:db8:1e62:9373::/64	616
2001:db8:1e63:3279::/64	859
2001:db8:1e63:860e::/64	845
2001:db8:1e63:bf99::/64	619
2001:db8:1e63:cb6e::/64	99
2001:db8:1e63:ea5f::/64	10
2001:db8:1e64:5f6::/64	219
2001:db8:1e64:11a0::/64	436
2001:db8:1e64:7f07::/64	171
2001:db8:1e64:8ff4::/64	396
2001:db8:1e64:93f5::/64	718
2001:db8:1e64:c67c::/64	79
2001:db8:1e64:d1f3::/64	33
2001:db8:1e64:d6af::/64	112
2001:db8:1e64:f208::/64	625
2001:db8:1e65:8ba::/64	28
2001:db8:1e65:2fd2::/64	485
2001:db8:1e65:8528::/64	624
2001:db8:1e65:b11b::/64	592
2001:db8:1e67:4605::/64	345
2001:db8:1e67:a1a4::/64	294
2001:db8:1e68:cb3d::/64	951
2001:db8:1e69:7369::/64	990
2001:db8:1e69:c31e::/64	709
2001:db8:1e6a:994::/64	663
2001:db8:1e6a:153d::/64	243
2001:db8:1e6a:51f4::/64	404
2001:db8:1e6a:8570::/64	689
2001:db8:1e6a:8903::/64	989
2001:db8:1e6c:e28::/64	109
2001:db8:1e6d:ed63::/64	491
2001:db8:1e6e:1ce0::/64	808
2001:db8:1e6f:1d1a::/64	715
2001:db8:1e6f:da10::/64	401
2001:db8:1e70:95c5::/64	138
2001:db8:1e70:cb88::/64	362
2001:db8:1e70:f7f9::/64	342
2001:db8:1e71:41af::/64	223
2001:db8:1e71:6d02::/64	718
2001:db8:1e71:e4ab::/64	227
2001:db8:1e72:e3f::/64	825
2001:db8:1e72:dee3::/64	526
2001:db8:1e72:ef1c::/64	958
2001:db8:1e73:c15b::/64	490
2001:db8:1e73:c79f::/64	426
2001:db8:1e75:324::/64	481
2001:db8:1e75:8740::/64	368
2001:db8:1e75:af18::/64	102
2001:db8:1e75:c1ee::/64	319
2001:db8:1e75:f701::/64	649
2001:db8:1e76:e7c3::/64	479
2001:db8:1e77:336a::/64	750
2001:db8:1e77:9e21::/64	571
2001:db8:1e78:11b::/64	92
2001:db8:1e78:17cc::/64	285
2001:db8:1e78:2fc7::/64	974
2001:db8:1e78:5d39::/64	840
2001:db8:1e78:8957::/64	442
2001:db8:1e78:f32c::/64	702
2001:db8:1e79:9375::/64	554
2001:db8:1e7a:5674::/64	691
2001:db8:1e7a:76bb::/64	542
2001:db8:1e7b:976b::/64	372
2001:db8:1e7b:e373::/64	683
2001:db8:1e7c:3200::/64	739
2001:db8:1e7c:35e3::/64	759
2001:db8:1e7c:68c5::/64	72
2001:db8:1e7e:8404::/64	398
2001:db8:1e7f:756c::/64	746
2001:db8:1e7f:7628::/64	334
2001:db8:1e7f:9754::/64	299
2001:db8:1e80:7a01::/64	457
2001:db8:1e80:88bd::/64	790
2001:db8:1e80:8b8f::/64	958
2001:db8:1e80:b710::/64	865
2001:db8:1e81:b5cb::/64	210
2001:db8:1e82:3170::/64	249
2001:db8:1e84:490e::/64	821
2001:db8:1e84:63aa::/64	455
2001:db8:1e84:76be::/64	739
2001:db8:1e85:3ee5::/64	117
2001:db8:1e86:1216::/64	432
2001:db8:1e86:1e47::/64	949
2001:db8:1e87:af4::/64	251
2001:db8:1e87:42b3::/64	714
2001:db8:1e88:1b7f::/64	206
2001:db8:1e88:b94b::/64	554
2001:db8:1e88:ea0d::/64	677
2001:db8:1e89:4f40::/64	491
2001:db8:1e89:6252::/64	960
2001:db8:1e89:9c3b::/64	579
2001:db8:1e89:d82e::/64	575
2001:db8:1e8a:4ae9::/64	173
2001:db8:1e8b:c24::/64	193
2001:db8:1e8b:5a2c::/64	971
2001:db8:1e8b:6754::/64	632
2001:db8:1e8d:1e7::/64	221
2001:db8:1e8d:35ba::/64	172
2001:db8:1e8d:e6ae::/64	868
2001:db8:1e8e:6393::/64	530
2001:db8:1e8f:3431::/64	82
2001:db8:1e8f:3a3d::/64	138
2001:db8:1e8f:5ac8::/64	290
2001:db8:1e8f:7f5a::/64	52
2001:db8:1e8f:add9::/64	108
2001:db8:1e8f:c7a1::/64	18
2001:db8:1e90:1986::/64	575
2001:db8:1e90:1ef7::/64	193
2001:db8:1e90:2657::/64	921
2001:db8:1e91:5199::/64	741
2001:db8:1e91:80aa::/64	479
2001:db8:1e91:f818::/64	474
2001:db8:1e92:493::/64	760
2001:db8:1e93:689::/64	732
2001:db8:1e93:6237::/64	510
2001:db8:1e93:dc26::/64	675
2001:db8:1e93:f1ea::/64	743
2001:db8:1e94:53f1::/64	656
2001:db8:1e94:e36c::/64	835
2001:db8:1e94:fc10::/64	807
2001:db8:1e95:a76::/64	33
2001:db8:1e95:13f8::/64	588
2001:db8:1e95:6582::/64	705
2001:db8:1e95:9cb4::/64	513
2001:db8:1e95:a004::/64	4
2001:db8:1e95:add3::/64	253
2001:db8:1e95:c2c9::/64	160
2001:db8:1e95:f9b8::/64	833
2001:db8:1e96:304::/64	737
2001:db8:1e96:5ad8::/64	775
2001:db8:1e96:5ca9::/64	283
2001:db8:1e96:6fae::/64	401
2001:db8:1e97:263a::/64	357
2001:db8:1e97:745e::/64	725
2001:db8:1e97:9e19::/64	363
2001:db8:1e97:f074::/64	650
2001:db8:1e97:f39f::/64	714
2001:db8:1e98:5614::/64	4
2001:db8:1e98:b433::/64	523
2001:db8:1e99:60df::/64	78
2001:db8:1e9a:3412::/64	479
2001:db8:1e9a:3964::/64	205
2001:db8:1e9b:f3bd::/64	783
2001:db8:1e9c:bf5::/64	185
2001:db8:1e9c:3380::/64	528
2001:db8:1e9c:9c16::/64	856
2001:db8:1e9c:bcd5::/64	195
2001:db8:1e9c:dd71::/64	457
2001:db8:1e9c:e027::/64	431
2001:db8:1e9d:20fb::/64	521
2001:db8:1e9d:9905::/64	555
2001:db8:1e9e:f5d0::/64	341
2001:db8:1e9f:c5f0::/64	228
2001:db8:1e9f:f0b5::/64	582
2001:db8:1e9f:f118::/64	338
2001:db8:1ea0:a074::/64	317
2001:db8:1ea1:2e83::/64	447
2001:db8:1ea1:8270::/64	3
2001:db8:1ea1:f28d::/64	6
2001:db8:1ea2:8cec::/64	190
2001:db8:1ea3:c08a::/64	98
2001:db8:1ea3:ca7f::/64	951
2001:db8:1ea4:299a::/64	337
2001:db8:1ea4:3314::/64	6
2001:db8:1ea4:89cf::/64	240
2001:db8:1ea4:b656::/64	426
2001:db8:1ea5:b220::/64	464
2001:db8:1ea7:24eb::/64	419
2001:db8:1ea7:b069::/64	627
2001:db8:1ea7:d195::/64	479
2001:db8:1ea7:e8fd::/64	738
2001:db8:1ea7:f6a3::/64	268
2001:db8:1ea8:9cb::/64	204
2001:db8:1ea8:8e5d::/64	667
2001:db8:1ea8:ea10::/64	374
2001:db8:1ea9:18c1::/64	41
2001:db8:1ea9:1fc0::/64	612
2001:db8:1eaa:12e6::/64	217
2001:db8:1eaa:d0f3::/64	960
2001:db8:1eaa:d9f8::/64	972
2001:db8:1eaa:f9af::/64	556
2001:db8:1eab:8ff0::/64	279
2001:db8:1ead:9a8::/64	268
2001:db8:1eae:577b::/64	472
2001:db8:1eaf:80fc::/64	197
2001:db8:1eaf:af9d::/64	764
2001:db8:1eaf:ec47::/64	926
2001:db8:1eaf:ee3e::/64	24
2001:db8:1eb0:da99::/64	592
2001:db8:1eb1:4838::/64	830
2001:db8:1eb1:4c02::/64	664
2001:db8:1eb2:20d1::/64	310
2001:db8:1eb2:488a::/64	581
2001:db8:1eb2:d0c5::/64	234
2001:db8:1eb2:e7e9::/64	867
2001:db8:1eb3:575::/64	968
2001:db8:1eb3:5751::/64	511
2001:db8:1eb3:64d1::/64	748
2001:db8:1eb3:aa2e::/64	343
2001:db8:1eb4:3d30::/64	180
2001:db8:1eb4:880f::/64	203
2001:db8:1eb5:c1a2::/64	338
2001:db8:1eb6:20a2::/64	331
2001:db8:1eb6:59d7::/64	870
2001:db8:1eb7:5e92::/64	516
2001:db8:1eb8:9114::/64	76
2001:db8:1eb8:ef3a::/64	131
2001:db8:1eb9:373::/64	984
2001:db8:1eb9:a517::/64	5
2001:db8:1eb9:d0c3::/64	191
2001:db8:1eba:86e2::/64	933
2001:db8:1ebb:5a8e::/64	449
2001:db8:1ebb:5c49::/64	924
2001:db8:1ebc:33d3::/64	271
2001:db8:1ebc:7509::/64	714
2001:db8:1ebc:c3e4::/64	93
2001:db8:1ebd:afb::/64	642
2001:db8:1ebd:968b::/64	744
2001:db8:1ec0:c79::/64	354
2001:db8:1ec0:74cd::/64	439
2001:db8:1ec0:7dc0::/64	494
2001:db8:1ec0:7f1d::/64	706
2001:db8:1ec0:d9f2::/64	669
2001:db8:1ec1:ce4::/64	338
2001:db8:1ec1:5ede::/64	590
2001:db8:1ec1:8013::/64	387
2001:db8:1ec1:9c42::/64	135
2001:db8:1ec2:dbc6::/64	885
2001:db8:1ec3:c3cc::/64	869
2001:db8:1ec3:c5c4::/64	811
2001:db8:1ec4:d4e8::/64	364
2001:db8:1ec6:494::/64	79
2001:db8:1ec7:d15::/64	185
2001:db8:1ec7:bbf1::/64	658
2001:db8:1ec8:2471::/64	440
2001:db8:1ec8:77b0::/64	940
2001:db8:1ec8:add2::/64	466
2001:db8:1ec8:ce2e::/64	420
2001:db8:1ec9:79a1::/64	50
2001:db8:1eca:1d30::/64	637
2001:db8:1eca:5f29::/64	7
2001:db8:1ecb:9acb::/64	698
2001:db8:1ecb:b277::/64	915
2001:db8:1ecb:e105::/64	961
2001:db8:1ecc:541::/64	123
2001:db8:1ecc:2d84::/64	546
2001:db8:1ecd:2e94::/64	1000
2001:db8:1ecd:7ea7::/64	212
2001:db8:1ecd:9155::/64	312
2001:db8:1ecd:d2e3::/64	944
2001:db8:1ecd:e627::/64	375
2001:db8:1ece:8bc0::/64	327
2001:db8:1ece:8df8::/64	341
2001:db8:1ece:b47a::/64	87
2001:db8:1ecf:826::/64	590
2001:db8:1ecf:1dfd::/64	661
2001:db8:1ecf:cab5::/64	773
2001:db8:1ed0:2655::/64	118
2001:db8:1ed0:5855::/64	743
2001:db8:1ed0:72bf::/64	230
2001:db8:1ed1:f605::/64	767
2001:db8:1ed2:313c::/64	995
2001:db8:1ed2:52e2::/64	468
2001:db8:1ed2:53fc::/64	894
2001:db8:1ed2:a238::/64	462
2001:db8:1ed3:4d15::/64	409
2001:db8:1ed3:6ba7::/64	108
2001:db8:1ed3:82fe::/64	515
2001:db8:1ed3:ae55::/64	413
2001:db8:1ed3:e166::/64	250
2001:db8:1ed4:f97e::/64	764
2001:db8:1ed5:6857::/64	578
2001:db8:1ed5:b50d::/64	275
2001:db8:1ed5:e673::/64	989
2001:db8:1ed6:94c4::/64	577
2001:db8:1ed6:cada::/64	364
2001:db8:1ed7:1838::/64	303
2001:db8:1ed7:2e49::/64	88
2001:db8:1ed7:e037::/64	279
2001:db8:1ed8:4f::/64	399
2001:db8:1ed8:9506::/64	910
2001:db8:1ed9:20a9::/64	965
2001:db8:1ed9:27d0::/64	23
2001:db8:1ed9:55e6::/64	829
2001:db8:1ed9:900f::/64	338
2001:db8:1ed9:e27a::/64	620
2001:db8:1eda:d784::/64	488
2001:db8:1eda:fcb3::/64	716
2001:db8:1edb:4e29::/64	655
2001:db8:1edb:fa62::/64	921
2001:db8:1edc:ca6::/64	593
2001:db8:1edc:dd9::/64	663
2001:db8:1edc:4252::/64	369
2001:db8:1edc:68c8::/64	425
2001:db8:1edd:1bb7::/64	861
2001:db8:1ede:8ab::/64	238
2001:db8:1ede:dd3c::/64	242
2001:db8:1ee0:29a7::/64	663
2001:db8:1ee0:38d1::/64	820
2001:db8:1ee0:4d11::/64	126
2001:db8:1ee0:5a33::/64	708
2001:db8:1ee0:d866::/64	805
2001:db8:1ee1:4ae5::/64	350
2001:db8:1ee1:8087::/64	235
2001:db8:1ee1:ca48::/64	745
2001:db8:1ee2:4004::/64	439
2001:db8:1ee2:7269::/64	166
2001:db8:1ee2:97e1::/64	913
2001:db8:1ee2:e315::/64	327
2001:db8:1ee3:33af::/64	764
2001:db8:1ee3:4783::/64	337
2001:db8:1ee3:8622::/64	875
2001:db8:1ee3:8ae8::/64	190
2001:db8:1ee3:9e3a::/64	412
2001:db8:1ee3:f413::/64	132
2001:db8:1ee3:fee7::/64	726
2001:db8:1ee4:4e8a::/64	117
2001:db8:1ee4:f907::/64	605
2001:db8:1ee5:1849::/64	951
2001:db8:1ee5:f567::/64	442
2001:db8:1ee5:f7cc::/64	304
2001:db8:1ee6:1f8d::/64	596
2001:db8:1ee6:617a::/64	318
2001:db8:1ee6:a720::/64	408
2001:db8:1ee7:253c::/64	852
2001:db8:1ee7:6ba1::/64	531
2001:db8:1ee7:d17f::/64	428
2001:db8:1ee8:c084::/64	124
2001:db8:1ee8:da70::/64	320
2001:db8:1ee8:e96e::/64	632
2001:db8:1ee9:515b::/64	923
2001:db8:1ee9:6336::/64	840
2001:db8:1ee9:c04e::/64	634
2001:db8:1ee9:e388::/64	978
2001:db8:1eea:90a5::/64	151
2001:db8:1eea:9f99::/64	513
2001:db8:1eeb:2272::/64	298
2001:db8:1eeb:377f::/64	263
2001:db8:1eeb:ca6f::/64	854
2001:db8:1eeb:fc07::/64	963
2001:db8:1eec:53ea::/64	969
2001:db8:1eec:c960::/64	957
2001:db8:1eec:e2ff::/64	486
2001:db8:1eec:f5f9::/64	935
2001:db8:1eed:2c08::/64	99
2001:db8:1eed:7d49::/64	995
2001:db8:1eee:7398::/64	68
2001:db8:1eee:a800::/64	146
2001:db8:1eee:b388::/64	200
2001:db8:1ef0:b5de::/64	41
2001:db8:1ef1:b2e::/64	281
2001:db8:1ef2:4853::/64	907
2001:db8:1ef2:7017::/64	346
2001:db8:1ef3:2b3f::/64	513
2001:db8:1ef3:4914::/64	328
2001:db8:1ef3:e470::/64	840
2001:db8:1ef3:e9dd::/64	860
2001:db8:1ef4:9ca::/64	133
2001:db8:1ef4:8fe9::/64	237
2001:db8:1ef4:bede::/64	357
2001:db8:1ef5:4b13::/64	123
2001:db8:1ef5:c858::/64	282
2001:db8:1ef6:5250::/64	899
2001:db8:1ef7:a8d::/64	565
2001:db8:1ef7:1aea::/64	940
2001:db8:1ef7:2f64::/64	805
2001:db8:1ef7:6c14::/64	182
2001:db8:1ef7:f7e6::/64	76
2001:db8:1ef8:2562::/64	646
2001:db8:1ef8:a040::/64	74
2001:db8:1ef8:d299::/64	254
2001:db8:1ef9:47::/64	909
2001:db8:1ef9:48f2::/64	121
2001:db8:1ef9:9cd3::/64	581
2001:db8:1ef9:a137::/64	867
2001:db8:1efa:477::/64	687
2001:db8:1efa:2969::/64	170
2001:db8:1efa:54d1::/64	618
2001:db8:1efa:80ee::/64	706
2001:db8:1efa:c0e7::/64	661
2001:db8:1efb:3ce::/64	144
2001:db8:1efb:1f94::/64	221
2001:db8:1efb:993c::/64	321
2001:db8:1efb:c2f2::/64	637
2001:db8:1efb:e951::/64	765
2001:db8:1efb:ebb6::/64	98
2001:db8:1efc:e7ce::/64	371
2001:db8:1efc:fc91::/64	277
2001:db8:1efd:4d1d::/64	955
2001:db8:1efd:7a8e::/64	285
2001:db8:1efd:d998::/64	404
2001:db8:1efe:192c::/64	827
2001:db8:1efe:3954::/64	672
2001:db8:1efe:40fb::/64	547
2001:db8:1efe:4ab0::/64	889
2001:db8:1efe:5068::/64	575
2001:db8:1efe:a3ea::/64	159
2001:db8:1efe:b166::/64	653
2001:db8:1eff:655d::/64	454
2001:db8:1eff:dec2::/64	253
2001:db8:1f00:7de::/64	805
2001:db8:1f00:34c8::/64	52
2001:db8:1f00:7a46::/64	172
2001:db8:1f00:842d::/64	500
2001:db8:1f00:cc27::/64	630
2001:db8:1f01:20fd::/64	401
2001:db8:1f01:2ac8::/64	874
2001:db8:1f01:39eb::/64	390
2001:db8:1f02:6892::/64	15
2001:db8:1f02:a521::/64	524
2001:db8:1f02:afbe::/64	751
2001:db8:1f04:428::/64	914
2001:db8:1f04:4efe::/64	919
2001:db8:1f04:5edb::/64	836
2001:db8:1f04:69e6::/64	332
2001:db8:1f04:f7cb::/64	621
2001:db8:1f05:252b::/64	547
2001:db8:1f05:5424::/64	436
2001:db8:1f06:75f5::/64	247
2001:db8:1f06:9b1c::/64	568
2001:db8:1f06:c403::/64	927
2001:db8:1f06:f870::/64	374
2001:db8:1f07:37bc::/64	124
2001:db8:1f07:6222::/64	572
2001:db8:1f07:af10::/64	422
2001:db8:1f08:853a::/64	232
2001:db8:1f08:f154::/64	844
2001:db8:1f08:ff8a::/64	982
2001:db8:1f09:d3eb::/64	814
2001:db8:1f0a:9133::/64	927
2001:db8:1f0a:e90c::/64	332
2001:db8:1f0b:3e52::/64	606
2001:db8:1f0c:2218::/64	792
2001:db8:1f0c:cad1::/64	788
2001:db8:1f0d:38db::/64	892
2001:db8:1f0e:2b::/64	763
2001:db8:1f0e:4e11::/64	69
2001:db8:1f0f:ab22::/64	326
2001:db8:1f0f:c04c::/64	368
2001:db8:1f10:9b21::/64	355
2001:db8:1f10:fb79::/64	806
2001:db8:1f11:5a9e::/64	312
2001:db8:1f11:9fb9::/64	848
2001:db8:1f11:bc4f::/64	629
2001:db8:1f11:c84a::/64	894
2001:db8:1f11:da0f::/64	289
2001:db8:1f12:a6af::/64	313
2001:db8:1f12:aff7::/64	855
2001:db8:1f13:f53b::/64	305
2001:db8:1f14:9c8a::/64	490
2001:db8:1f15:401c::/64	331
2001:db8:1f15:a53e::/64	505
2001:db8:1f15:dfae::/64	36
2001:db8:1f16:dc96::/64	975
2001:db8:1f17:4270::/64	247
2001:db8:1f18:6f03::/64	937
2001:db8:1f18:dd21::/64	776
2001:db8:1f18:dda2::/64	537
2001:db8:1f19:5ea9::/64	392
2001:db8:1f19:8c62::/64	479
2001:db8:1f1a:479f::/64	769
2001:db8:1f1a:c701::/64	156
2001:db8:1f1b:83e6::/64	666
2001:db8:1f1b:a664::/64	90
2001:db8:1f1b:b132::/64	593
2001:db8:1f1c:6a4::/64	34
2001:db8:1f1c:69fd::/64	20
2001:db8:1f1c:97bc::/64	526
2001:db8:1f1c:c76c::/64	873
2001:db8:1f1c:e71b::/64	682
2001:db8:1f1d:c62::/64	908
2001:db8:1f1d:15ac::/64	447
2001:db8:1f1d:91b0::/64	147
2001:db8:1f1d:f774::/64	8
2001:db8:1f1f:2e9d::/64	935
2001:db8:1f1f:b967::/64	853
2001:db8:1f20:4d09::/64	470
2001:db8:1f20:f8f4::/64	18
2001:db8:1f21:8eea::/64	55
2001:db8:1f21:f5f4::/64	314
2001:db8:1f22:a61::/64	731
2001:db8:1f23:d6f4::/64	100
2001:db8:1f23:e539::/64	838
2001:db8:1f24:8576::/64	800
2001:db8:1f24:aea1::/64	437
2001:db8:1f25:1044::/64	154
2001:db8:1f25:465a::/64	932
2001:db8:1f25:9222::/64	367
2001:db8:1f27:73e::/64	521
2001:db8:1f27:a60e::/64	79
2001:db8:1f29:a37e::/64	510
2001:db8:1f29:f1e0::/64	458
2001:db8:1f2a:2d51::/64	374
2001:db8:1f2a:44ae::/64	954
2001:db8:1f2a:cb2b::/64	235
2001:db8:1f2b:9bc6::/64	592
2001:db8:1f2b:d400::/64	659
2001:db8:1f2e:f0f::/64	739
2001:db8:1f2e:68ca::/64	540
2001:db8:1f2e:a206::/64	314
2001:db8:1f2e:f5c1::/64	574
2001:db8:1f2f:836d::/64	210
2001:db8:1f30:5cec::/64	50
2001:db8:1f30:928b::/64	560
2001:db8:1f31:f8d::/64	504
2001:db8:1f31:7197::/64	105
2001:db8:1f32:44fb::/64	350
2001:db8:1f32:ca62::/64	805
2001:db8:1f33:c485::/64	411
2001:db8:1f34:274c::/64	839
2001:db8:1f34:297e::/64	522
2001:db8:1f34:5db1::/64	411
2001:db8:1f35:ee8c::/64	925
2001:db8:1f36:c04a::/64	753
2001:db8:1f36:e94e::/64	707
2001:db8:1f37:9957::/64	42
2001:db8:1f37:b6ba::/64	221
2001:db8:1f37:e1c7::/64	810
2001:db8:1f38:1318::/64	645
2001:db8:1f38:2097::/64	75
2001:db8:1f38:6d82::/64	261
2001:db8:1f3a:45e2::/64	552
2001:db8:1f3a:63e5::/64	510
2001:db8:1f3c:93a::/64	302
2001:db8:1f3c:53e9::/64	411
2001:db8:1f3c:ec49::/64	8
2001:db8:1f3d:87e7::/64	991
2001:db8:1f3e:92::/64	505
2001:db8:1f3e:944e::/64	125
2001:db8:1f3f:2ec::/64	95
2001:db8:1f3f:575d::/64	881
2001:db8:1f40:16a4::/64	837
2001:db8:1f40:dc15::/64	899
2001:db8:1f41:bd18::/64	294
2001:db8:1f41:e5a0::/64	886
2001:db8:1f42:8297::/64	487
2001:db8:1f43:7e0c::/64	737
2001:db8:1f43:9551::/64	138
2001:db8:1f43:c3f8::/64	699
2001:db8:1f43:f80a::/64	311
2001:db8:1f44:d7e6::/64	499
2001:db8:1f45:b30f::/64	984
2001:db8:1f45:da19::/64	218
2001:db8:1f45:ed0e::/64	10
2001:db8:1f47:14c8::/64	439
2001:db8:1f47:24cd::/64	251
2001:db8:1f48:19c9::/64	976
2001:db8:1f48:71bd::/64	663
2001:db8:1f48:90d0::/64	18
2001:db8:1f48:9c97::/64	973
2001:db8:1f48:b62d::/64	823
2001:db8:1f49:a505::/64	653
2001:db8:1f49:bd4d::/64	809
2001:db8:1f4b:3548::/64	751
2001:db8:1f4b:55f9::/64	429
2001:db8:1f4c:3275::/64	802
2001:db8:1f4d:d62a::/64	781
2001:db8:1f4e:51ac::/64	455
2001:db8:1f4e:a723::/64	623
2001:db8:1f4e:ded2::/64	536
2001:db8:1f4f:255a::/64	861
2001:db8:1f4f:a934::/64	948
2001:db8:1f4f:c5b9::/64	316
2001:db8:1f51:2749::/64	995
2001:db8:1f51:9a8a::/64	200
2001:db8:1f52:598::/64	464
2001:db8:1f53:6d5::/64	572
2001:db8:1f53:3cb9::/64	100
2001:db8:1f54:171a::/64	326
2001:db8:1f54:9d3c::/64	49
2001:db8:1f55:f237::/64	401
2001:db8:1f56:72ae::/64	229
2001:db8:1f56:a71b::/64	154
2001:db8:1f56:cf61::/64	705
2001:db8:1f57:12bc::/64	435
2001:db8:1f58:72a::/64	167
2001:db8:1f58:78fb::/64	944
2001:db8:1f59:c634::/64	614
2001:db8:1f5a:6cbd::/64	372
2001:db8:1f5a:ef6b::/64	32
2001:db8:1f5b:21b4::/64	894
2001:db8:1f5b:e1a2::/64	158
2001:db8:1f5c:1bb7::/64	174
2001:db8:1f5c:6b99::/64	345
2001:db8:1f5c:836f::/64	779
2001:db8:1f5c:84d6::/64	688
2001:db8:1f5e:3bf::/64	781
2001:db8:1f5e:fbcb::/64	197
2001:db8:1f60:1a0e::/64	978
2001:db8:1f60:4ea4::/64	998
2001:db8:1f60:69b0::/64	676
2001:db8:1f60:725b::/64	22
2001:db8:1f63:2461::/64	794
2001:db8:1f64:bfeb::/64	516
2001:db8:1f65:cd28::/64	667
2001:db8:1f66:8ca8::/64	152
2001:db8:1f67:2109::/64	929
2001:db8:1f67:2c21::/64	180
2001:db8:1f67:9273::/64	842
2001:db8:1f67:a766::/64	412
2001:db8:1f68:51f1::/64	590
2001:db8:1f68:5ddd::/64	815
2001:db8:1f69:337f::/64	648
2001:db8:1f6a:2a37::/64	674
2001:db8:1f6b:da9::/64	836
2001:db8:1f6b:a7e8::/64	284
2001:db8:1f6c:af::/64	178
2001:db8:1f6d:999a::/64	933
2001:db8:1f6d:df18::/64	567
2001:db8:1f6e:1567::/64	555
2001:db8:1f6e:609d::/64	896
2001:db8:1f6f:5b8::/64	95
2001:db8:1f71:2a2f::/64	157
2001:db8:1f71:5894::/64	79
2001:db8:1f71:774f::/64	956
2001:db8:1f71:c303::/64	32
2001:db8:1f72:a5b::/64	937
2001:db8:1f72:2580::/64	193
2001:db8:1f72:b319::/64	789
2001:db8:1f72:de14::/64	962
2001:db8:1f73:5cd7::/64	960
2001:db8:1f73:efd2::/64	754
2001:db8:1f74:39ab::/64	542
2001:db8:1f74:7114::/64	928
2001:db8:1f75:ae5f::/64	772
2001:db8:1f75:becd::/64	182
2001:db8:1f75:fdfd::/64	66
2001:db8:1f76:3796::/64	684
2001:db8:1f76:b7a4::/64	893
2001:db8:1f76:fbde::/64	538
2001:db8:1f77:c62::/64	362
2001:db8:1f77:30a3::/64	639
2001:db8:1f78:7488::/64	589
2001:db8:1f78:f172::/64	359
2001:db8:1f79:803::/64	70
2001:db8:1f79:5b9e::/64	394
2001:db8:1f79:ca79::/64	701
2001:db8:1f7a:6629::/64	520
2001:db8:1f7b:48e8::/64	593
2001:db8:1f7b:83c1::/64	580
2001:db8:1f7b:9f8e::/64	663
2001:db8:1f7c:786::/64	569
2001:db8:1f7c:4a7b::/64	268
2001:db8:1f7c:7b68::/64	799
2001:db8:1f7d:645e::/64	324
2001:db8:1f7d:e02c::/64	23
2001:db8:1f7e:ff24::/64	194
2001:db8:1f7f:822b::/64	302
2001:db8:1f7f:84c0::/64	592
2001:db8:1f7f:f9d1::/64	100
2001:db8:1f80:7caf::/64	765
2001:db8:1f80:d343::/64	423
2001:db8:1f81:27e6::/64	555
2001:db8:1f82:1237::/64	968
2001:db8:1f83:1f67::/64	263
2001:db8:1f83:88f8::/64	47
2001:db8:1f83:e387::/64	384
2001:db8:1f84:2afb::/64	611
2001:db8:1f84:829e::/64	858
2001:db8:1f85:784::/64	268
2001:db8:1f85:2243::/64	401
2001:db8:1f85:8b86::/64	548
2001:db8:1f85:97ea::/64	578
2001:db8:1f85:abc3::/64	192
2001:db8:1f86:6acf::/64	650
2001:db8:1f86:abf2::/64	958
2001:db8:1f87:8604::/64	380
2001:db8:1f89:14fb::/64	185
2001:db8:1f89:605d::/64	270
2001:db8:1f89:7a95::/64	844
2001:db8:1f89:b020::/64	17
2001:db8:1f8a:214b::/64	836
2001:db8:1f8a:bb91::/64	287
2001:db8:1f8a:c0eb::/64	23
2001:db8:1f8b:2761::/64	200
2001:db8:1f8b:60c7::/64	290
2001:db8:1f8b:6904::/64	146
2001:db8:1f8b:cdc5::/64	971
2001:db8:1f8b:f6b7::/64	53
2001:db8:1f8c:f72::/64	439
2001:db8:1f8c:6762::/64	230
2001:db8:1f8c:9c3a::/64	94
2001:db8:1f8c:ca7a::/64	712
2001:db8:1f8d:b553::/64	835
2001:db8:1f8d:bf95::/64	970
2001:db8:1f8e:6520::/64	245
2001:db8:1f8e:898d::/64	664
2001:db8:1f8f:f70e::/64	921
2001:db8:1f90:3c2f::/64	563
2001:db8:1f90:a662::/64	491
2001:db8:1f90:d843::/64	394
2001:db8:1f91:3f1e::/64	367
2001:db8:1f91:c6dc::/64	519
2001:db8:1f92:6fd4::/64	686
2001:db8:1f92:8adf::/64	666
2001:db8:1f93:d5a::/64	981
2001:db8:1f96:50ce::/64	783
2001:db8:1f96:7421::/64	233
2001:db8:1f96:b64d::/64	51
2001:db8:1f96:f3ae::/64	884
2001:db8:1f97:1c56::/64	9
2001:db8:1f98:2572::/64	328
2001:db8:1f98:85e2::/64	155
2001:db8:1f99:bf87::/64	584
2001:db8:1f99:c794::/64	424
2001:db8:1f9a:2f2::/64	590
2001:db8:1f9a:f89c::/64	932
2001:db8:1f9b:1091::/64	890
2001:db8:1f9b:2c4f::/64	512
2001:db8:1f9b:2c95::/64	277
2001:db8:1f9b:4c00::/64	928
2001:db8:1f9b:783c::/64	30
2001:db8:1f9c:478::/64	176
2001:db8:1f9c:6edd::/64	589
2001:db8:1f9d:4e42::/64	1
2001:db8:1f9d:bcec::/64	89
2001:db8:1f9d:ee9d::/64	889
2001:db8:1f9d:f97d::/64	371
2001:db8:1f9e:35::/64	871
2001:db8:1f9e:6397::/64	735
2001:db8:1f9e:8881::/64	602
2001:db8:1f9e:8cbe::/64	815
2001:db8:1f9f:74da::/64	103
2001:db8:1f9f:a25e::/64	306
2001:db8:1fa0:f88a::/64	431
2001:db8:1fa1:4d60::/64	678
2001:db8:1fa2:633c::/64	502
2001:db8:1fa2:eb44::/64	95
2001:db8:1fa3:5bc::/64	482
2001:db8:1fa3:de8e::/64	641
2001:db8:1fa4:7646::/64	904
2001:db8:1fa5:7cc::/64	306
2001:db8:1fa5:89b9::/64	719
2001:db8:1fa5:fd7a::/64	832
2001:db8:1fa6:bca::/64	757
2001:db8:1fa6:2b5a::/64	602
2001:db8:1fa6:3a86::/64	161
2001:db8:1fa6:424b::/64	399
2001:db8:1fa7:4d27::/64	430
2001:db8:1fa7:7312::/64	887
2001:db8:1fa8:7f8c::/64	931
2001:db8:1fa9:c12::/64	990
2001:db8:1fa9:4824::/64	486
2001:db8:1fa9:70bc::/64	577
2001:db8:1fa9:7283::/64	376
2001:db8:1fa9:9bc5::/64	356
2001:db8:1fa9:9f76::/64	953
2001:db8:1faa:13bf::/64	948
2001:db8:1faa:8e4f::/64	52
2001:db8:1fab:172f::/64	751
2001:db8:1fab:6ab4::/64	255
2001:db8:1fab:815b::/64	911
2001:db8:1fac:b02c::/64	967
2001:db8:1fad:779c::/64	457
2001:db8:1fad:8015::/64	349
2001:db8:1fae:c70b::/64	616
2001:db8:1faf:53f::/64	489
2001:db8:1faf:3d5f::/64	354
2001:db8:1faf:e27a::/64	577
2001:db8:1fb0:e3ab::/64	290
2001:db8:1fb0:f8ec::/64	149
2001:db8:1fb1:b196::/64	680
2001:db8:1fb2:9f5f::/64	961
2001:db8:1fb4:511b::/64	422
2001:db8:1fb4:52a0::/64	735
2001:db8:1fb4:6db0::/64	879
2001:db8:1fb4:7012::/64	873
2001:db8:1fb4:768c::/64	857
2001:db8:1fb4:84bf::/64	686
2001:db8:1fb4:fc3f::/64	773
2001:db8:1fb5:23e9::/64	11
2001:db8:1fb5:be9c::/64	654
2001:db8:1fb6:806::/64	175
2001:db8:1fb6:57c6::/64	246
2001:db8:1fb6:b739::/64	817
2001:db8:1fb7:103b::/64	667
2001:db8:1fb7:7a49::/64	214
2001:db8:1fb7:9ef7::/64	358
2001:db8:1fb7:b0d8::/64	532
2001:db8:1fb7:fc97::/64	292
2001:db8:1fb8:dde4::/64	375
2001:db8:1fb9:3ee6::/64	285
2001:db8:1fb9:5858::/64	147
2001:db8:1fb9:e3f0::/64	491
2001:db8:1fba:dffa::/64	393
2001:db8:1fbb:ee8::/64	140
2001:db8:1fbb:69d8::/64	806
2001:db8:1fbc:5b9f::/64	745
2001:db8:1fbc:adff::/64	946
2001:db8:1fbc:b940::/64	622
2001:db8:1fbc:ef1d::/64	74
2001:db8:1fbd:9e36::/64	549
2001:db8:1fbe:4134::/64	970
2001:db8:1fbe:7aa1::/64	535
2001:db8:1fbe:b628::/64	918
2001:db8:1fbf:b572::/64	874
2001:db8:1fc1:42a0::/64	169
2001:db8:1fc3:816d::/64	10
2001:db8:1fc3:b324::/64	357
2001:db8:1fc3:f833::/64	490
2001:db8:1fc4:4739::/64	271
2001:db8:1fc4:ee79::/64	740
2001:db8:1fc5:2789::/64	716
2001:db8:1fc5:27be::/64	912
2001:db8:1fc5:338a::/64	171
2001:db8:1fc5:85d9::/64	856
2001:db8:1fc5:bdbf::/64	82
2001:db8:1fc5:f7a3::/64	972
2001:db8:1fc6:1d58::/64	361
2001:db8:1fc6:6147::/64	229
2001:db8:1fc7:8878::/64	220
2001:db8:1fc7:fba0::/64	526
2001:db8:1fc8:24e2::/64	372
2001:db8:1fc8:511b::/64	761
2001:db8:1fc8:7950::/64	491
2001:db8:1fc8:8379::/64	580
2001:db8:1fc9:f5::/64	219
2001:db8:1fc9:45ed::/64	459
2001:db8:1fc9:6106::/64	104
2001:db8:1fc9:8903::/64	511
2001:db8:1fc9:b96e::/64	681
2001:db8:1fc9:d378::/64	477
2001:db8:1fc9:db9f::/64	523
2001:db8:1fca:32de::/64	371
2001:db8:1fca:360d::/64	723
2001:db8:1fca:9dc1::/64	796
2001:db8:1fcb:4ccc::/64	594
2001:db8:1fcb:cfda::/64	552
2001:db8:1fcc:6ec6::/64	661
2001:db8:1fcc:77f6::/64	846
2001:db8:1fcd:dff3::/64	653
2001:db8:1fce:2734::/64	714
2001:db8:1fce:85e4::/64	12
2001:db8:1fcf:4b94::/64	63
2001:db8:1fcf:c217::/64	778
2001:db8:1fcf:cf68::/64	437
2001:db8:1fcf:f4ef::/64	423
2001:db8:1fd0:2d66::/64	290
2001:db8:1fd0:5142::/64	1
2001:db8:1fd0:b580::/64	868
2001:db8:1fd0:bffa::/64	762
2001:db8:1fd1:2ff5::/64	908
2001:db8:1fd1:416b::/64	957
2001:db8:1fd2:45d4::/64	954
2001:db8:1fd2:567b::/64	43
2001:db8:1fd3:1008::/64	687
2001:db8:1fd3:5ee6::/64	315
2001:db8:1fd3:7368::/64	414
2001:db8:1fd3:852f::/64	545
2001:db8:1fd4:41ad::/64	869
2001:db8:1fd4:ac7c::/64	388
2001:db8:1fd4:cce4::/64	363
2001:db8:1fd5:5a25::/64	933
2001:db8:1fd5:a1ac::/64	644
2001:db8:1fd7:1ac2::/64	209
2001:db8:1fd7:8b16::/64	940
2001:db8:1fd8:9dda::/64	717
2001:db8:1fd9:44c8::/64	478
2001:db8:1fda:2f43::/64	358
2001:db8:1fda:ade4::/64	743
2001:db8:1fda:fb8a::/64	705
2001:db8:1fdb:1692::/64	193
2001:db8:1fdb:7486::/64	813
2001:db8:1fdb:a8ad::/64	773
2001:db8:1fdc:4f5a::/64	647
2001:db8:1fdc:bb6b::/64	306
2001:db8:1fdd:625f::/64	879
2001:db8:1fdd:9cc4::/64	393
2001:db8:1fdd:fc2e::/64	254
2001:db8:1fde:e9aa::/64	272
2001:db8:1fde:f008::/64	614
2001:db8:1fdf:137a::/64	685
2001:db8:1fdf:8b5c::/64	461
2001:db8:1fe0:2fad::/64	332
2001:db8:1fe0:6e50::/64	746
2001:db8:1fe0:8158::/64	52
2001:db8:1fe0:bdff::/64	578
2001:db8:1fe1:7ff2::/64	337
2001:db8:1fe1:97ec::/64	652
2001:db8:1fe1:c8e7::/64	519
2001:db8:1fe3:206b::/64	255
2001:db8:1fe3:42de::/64	63
2001:db8:1fe3:8917::/64	492
2001:db8:1fe3:a44b::/64	103
2001:db8:1fe3:a9c1::/64	581
2001:db8:1fe4:7f41::/64	987
2001:db8:1fe4:87f4::/64	328
2001:db8:1fe5:f22e::/64	625
2001:db8:1fe6:3b6f::/64	96
2001:db8:1fe6:3c40::/64	262
2001:db8:1fe6:5aa9::/64	508
2001:db8:1fe6:5ca5::/64	763
2001:db8:1fe6:7c9c::/64	404
2001:db8:1fe6:9b6b::/64	974
2001:db8:1fe6:ebc8::/64	543
2001:db8:1fe6:ff29::/64	99
2001:db8:1fe8:12f8::/64	356
2001:db8:1fe8:7be3::/64	769
2001:db8:1fe8:7d9d::/64	777
2001:db8:1fe8:b4bf::/64	277
2001:db8:1fe9:c1a::/64	996
2001:db8:1fe9:275b::/64	312
2001:db8:1fe9:8775::/64	173
2001:db8:1fe9:8b0a::/64	851
2001:db8:1fe9:e3b4::/64	977
2001:db8:1fe9:e602::/64	784
2001:db8:1fea:22f9::/64	759
2001:db8:1fea:9cc7::/64	197
2001:db8:1fea:e4f4::/64	513
2001:db8:1feb:4fe8::/64	402
2001:db8:1fec:106f::/64	652
2001:db8:1fec:2bc1::/64	405
2001:db8:1fec:b811::/64	903
2001:db8:1fed:1b23::/64	711
2001:db8:1fed:46b7::/64	885
2001:db8:1fed:99ec::/64	139
2001:db8:1fee:964b::/64	878
2001:db8:1fef:7c7::/64	508
2001:db8:1fef:4228::/64	62
2001:db8:1fef:625b::/64	769
2001:db8:1fef:fdaa::/64	90
2001:db8:1ff0:eea::/64	438
2001:db8:1ff0:4d02::/64	396
2001:db8:1ff0:5e54::/64	865
2001:db8:1ff0:89f9::/64	34
2001:db8:1ff0:b935::/64	78
2001:db8:1ff0:d096::/64	765
2001:db8:1ff0:d0ae::/64	349
2001:db8:1ff1:f4cd::/64	46
2001:db8:1ff2::/48	84
2001:db8:1ff3:73ef::/64	395
2001:db8:1ff3:a7d1::/64	882
2001:db8:1ff3:c602::/64	354
2001:db8:1ff4:4978::/64	77
2001:db8:1ff5:e29c::/64	62
2001:db8:1ff6:6231::/64	116
2001:db8:1ff7:50e::/64	595
2001:db8:1ff7:4d98::/64	748
2001:db8:1ff7:a1f5::/64	181
2001:db8:1ff7:b845::/64	864
2001:db8:1ff7:d010::/64	5
2001:db8:1ff7:e3f9::/64	748
2001:db8:1ff8:847f::/64	71
2001:db8:1ff8:9a7f::/64	663
2001:db8:1ff8:b76d::/64	728
2001:db8:1ff8:d098::/64	692
2001:db8:1ffa:3dce::/64	704
2001:db8:1ffa:e4db::/64	154
2001:db8:1ffb:8b93::/64	813
2001:db8:1ffb:ad2b::/64	196
2001:db8:1ffc:e3b6::/64	992
2001:db8:1ffd:1787::/64	147
2001:db8:1ffd:90d0::/64	155
2001:db8:1ffd:caae::/64	165
2001:db8:1ffe:4196::/64	615
2001:db8:1ffe:a61c::/64	870
2001:db8:1ffe:b21a::/64	823
2001:db8:1fff:5e18::/64	554
2001:db8:1fff:98bc::/64	208
2001:db8:1fff:9eeb::/64	42
